iews/R2P7WLA3ETZS4X/ref=cm_cr_getr_d_rvw_ttl?ie=UTF8&ASIN=B08C2Q49MR,Patrick,"https://images-na.ssl-images-amazon.com/images/S/amazon-avatars-global/default._CR0,0,1024,1024_SX48_.png",US,https://www.amazon.com/gp/profile/amzn1.account.AFST6TFB2N5DODZUHUBJKU6TUMKA/ref=cm_cr_getr_d_gw_btm?ie=UTF8,,2024-06-07
B08L4XD1JB,Runs small!,"Thin fabric, runs very small. Ordered a large. They are 4inches smaller than other shirts that are the same size",Y,,"Size: Large | Color: 5 Pack Black, Dark Grey, Dark Blue, Light Grey, Green",1,1,,,,,https://www.amazon.com/gp/customer-reviews/R5PFBWA6EBC8U/ref=cm_cr_getr_d_rvw_ttl?ie=UTF8&ASIN=B08C2Q49MR,Amazon Customer,"https://images-na.ssl-images-amazon.com/images/S/amazon-avatars-global/default._CR0,0,1024,1024_SX48_.png",US,https://www.amazon.com/gp/profile/amzn1.account.AHRQMGYMWUVL5JVWGVQ7GQHHPVQA/ref=cm_cr_getr_d_gw_btm?ie=UTF8,,2024-06-05
B0BWQMXHMR,Ran big,The material comfortable and cool but ran big but I kept them to sleep in,Y,,"Size: 3X-Large | Color: 5 Pack Black, Black, Navy, Dark Grey, Light Grey",3,0,,,,,https://www.amazon.com/gp/customer-reviews/RUX0A0PPRFMIM/ref=cm_cr_getr_d_rvw_ttl?ie=UTF8&ASIN=B08C2Q49MR,Lisa R Davis,"https://images-na.ssl-images-amazon.com/images/S/amazon-avatars-global/default._CR0,0,1024,1024_SX48_.png",US,https://www.amazon.com/gp/profile/amzn1.account.AERFPHYVXVESNXEQL3PULDYDWX2A/ref=cm_cr_getr_d_gw_btm?ie=UTF8,,2024-06-03
B08JGB2NFB,Nice fit,Loose breathable fit.  Stitching is not good. Elasticity band already came loose on one pair. Pockets are deep. Value for money.,Y,,"Size: XX-Large | Color: 7 Pack Black, Dark Grey, Light Grey, Navy, Blue, Red, Dark Green",4,1,,,,,https://www.amazon.com/gp/customer-reviews/R1HFR316WUU87S/ref=cm_cr_getr_d_rvw_ttl?ie=UTF8&ASIN=B08C2Q49MR,Ashley Baures,"https://images-na.ssl-images-amazon.com/images/S/amazon-avatars-global/default._CR0,0,1024,1024_SX48_.png",US,https://www.amazon.com/gp/profile/amzn1.account.AGZB7X2JI4LONUOLSQ7SHUU6THPQ/ref=cm_cr_getr_d_gw_btm?ie=UTF8,,2024-06-03
B08PYK1G6H,.,No muy buena calidad y mucho brillo..,Y,,"Size: Large | Color: 5 Pack Black, Dark Grey, Dark Grey, Navy, Dark Green",2,0,,,,,https://www.amazon.com/gp/customer-reviews/R3PM15XA8VZOV6/ref=cm_cr_getr_d_rvw_ttl?ie=UTF8&ASIN=B08C2Q49MR,Maria garcia,"https://images-na.ssl-images-amazon.com/images/S/amazon-avatars-global/default._CR0,0,1024,1024_SX48_.png",US,https://www.amazon.com/gp/profile/amzn1.account.AHEENPBCLFRD5RVZ7J6R55I5SCGQ/ref=cm_cr_getr_d_gw_btm?ie=UTF8,,2024-06-02
B08JGC83PH,For the money this was a great choice!,For these for my son. Light weight but not cheap feeling. He loves them.,Y,,"Size: Large | Color: 7 Pack Black, Dark Grey, Light Grey, Navy, Blue, Red, Dark Green",4,0,,,,,https://www.amazon.com/gp/customer-reviews/R3NQCRVNEFIY2B/ref=cm_cr_getr_d_rvw_ttl?ie=UTF8&ASIN=B08C2Q49MR,Amazon Customer,"https://images-na.ssl-images-amazon.com/images/S/amazon-avatars-global/default._CR0,0,1024,1024_SX48_.png",US,https://www.amazon.com/gp/profile/amzn1.account.AGOTV352HF56NO6UDRNYOFKOK6BQ/ref=cm_cr_getr_d_gw_btm?ie=UTF8,,2024-06-02
B08JGBB9N1,good shorts,I like these shorts a lot. They're true to size and just as good as some of the more expensive name brand similar shorts. They are great for working out or for just wearing everyday. I like the color options and they seem to last a long time.,Y,,"Size: Large | Color: 5 Pack Black, Black, Navy, Dark Grey, Light Grey",4,0,,,,,https://www.amazon.com/gp/customer-reviews/R39NQ43NPMIAI6/ref=cm_cr_getr_d_rvw_ttl?ie=UTF8&ASIN=B08C2Q49MR,R. K.,"https://images-na.ssl-images-amazon.com/images/S/amazon-avatars-global/d87c52b7-5165-4e38-b8ce-0926e5cec5b4._CR87,0,225,225_SX48_.jpg",US,https://www.amazon.com/gp/profile/amzn1.account.AFKHWRKA5X275PJEP3TAJ5YOWO5Q/ref=cm_cr_getr_d_gw_btm?ie=UTF8,,2024-06-02
B08JGBB9N1,Very good quality,I liked the material and how its cold in the summer,Y,,"Size: Large | Color: 5 Pack Black, Black, Navy, Dark Grey, Light Grey",4,0,,,,,https://www.amazon.com/gp/customer-reviews/R1YH4B2MC6U2VP/ref=cm_cr_getr_d_rvw_ttl?ie=UTF8&ASIN=B08C2Q49MR,essam,"https://images-na.ssl-images-amazon.com/images/S/amazon-avatars-global/default._CR0,0,1024,1024_SX48_.png",US,https://www.amazon.com/gp/profile/amzn1.account.AGA2EX63XQHHKJL2SK2CDX2QAMRQ/ref=cm_cr_getr_d_gw_btm?ie=UTF8,,2024-06-02
B08JG3T2SY,Poor quality,After wearing them 2x seams came undone on multiple pair.  Right after return window closed too.  Besare,Y,,"Size: X-Large | Color: 5 Pack Black, Black, Navy, Dark Grey, Light Grey",1,1,,,,,https://www.amazon.com/gp/customer-reviews/R1TEHX9Z0TCTJS/ref=cm_cr_getr_d_rvw_ttl?ie=UTF8&ASIN=B08C2Q49MR,Judith Muschott,"https://images-na.ssl-images-amazon.com/images/S/amazon-avatars-global/default._CR0,0,1024,1024_SX48_.png",US,https://www.amazon.com/gp/profile/amzn1.account.AHYKY4QCAX2RGIA3JFDUKPUNLD4A/ref=cm_cr_getr_d_gw_btm?ie=UTF8,,2024-06-01
B08JGHDWNP,Just like Under Armor,Less expensive than UA.  Only diff is slightly smaller pockets,Y,,"Size: XX-Large | Color: 5 Pack Black, Black, Navy, Dark Grey, Light Grey",4,0,,,,,https://www.amazon.com/gp/customer-reviews/R3GYUZO97ODQC0/ref=cm_cr_getr_d_rvw_ttl?ie=UTF8&ASIN=B08C2Q49MR,Elizabeth LaShomb,"https://images-na.ssl-images-amazon.com/images/S/amazon-avatars-global/default._CR0,0,1024,1024_SX48_.png",US,https://www.amazon.com/gp/profile/amzn1.account.AHL5EVQODCJTALRNY2VKEFX7PUUQ/ref=cm_cr_getr_d_gw_btm?ie=UTF8,,2024-06-01
B08C28MML2,Good Product,"These are the perfect pair of lounge shorts as I’d call them. They are extremely comfortable and lightweight. I did take 1 star away due to how thin they are. So I wouldn’t wear them to the gym or out in public, though it’s the perfect thing to wear around the house on hot summer days.",Y,,"Size: X-Large | Color: 5 Pack Black, Navy, Blue, Dark Grey, Light Grey",4,3,,,,,https://www.amazon.com/gp/customer-reviews/R29HWUGT1330QO/ref=cm_cr_getr_d_rvw_ttl?ie=UTF8&ASIN=B08C2Q49MR,Daniel Williams,"https://images-na.ssl-images-amazon.com/images/S/amazon-avatars-global/default._CR0,0,1024,1024_SX48_.png",US,https://www.amazon.com/gp/profile/amzn1.account.AGJPYAJ6XAXPIRAAOD7PAMA55U5Q/ref=cm_cr_getr_d_gw_btm?ie=UTF8,,2024-06-01
B08JGBB9N1,Very thin and clingy,The length was good but they are very thin and clingy. If you don’t mind your bulge showing….,Y,,"Size: Large | Color: 5 Pack Black, Black, Navy, Dark Grey, Light Grey",2,0,,,,,https://www.amazon.com/gp/customer-reviews/R2H2XHYWGP2QEY/ref=cm_cr_getr_d_rvw_ttl?ie=UTF8&ASIN=B08C2Q49MR,christina,"https://images-na.ssl-images-amazon.com/images/S/amazon-avatars-global/default._CR0,0,1024,1024_SX48_.png",US,https://www.amazon.com/gp/profile/amzn1.account.AEQ7FY2U552U3DSIO4G5SAAEC7QA/ref=cm_cr_getr_d_gw_btm?ie=UTF8,,2024-05-31
B0BWQS38L3,Very small,Product is very small for a 3x,Y,,"Size: 3X-Large | Color: 2 Pack Black, Navy",2,0,,,,,https://www.amazon.com/gp/customer-reviews/RI1ZYTMEUTON1/ref=cm_cr_getr_d_rvw_ttl?ie=UTF8&ASIN=B08C2Q49MR,EARL BELL,"https://images-na.ssl-images-amazon.com/images/S/amazon-avatars-global/default._CR0,0,1024,1024_SX48_.png",US,https://www.amazon.com/gp/profile/amzn1.account.AE45B5ASLQ2DDARGKFBQI2DBWAYQ/ref=cm_cr_getr_d_gw_btm?ie=UTF8,,2024-05-31
B0BWQRRR3X,Is everything getting thinner?,Came in the correct size I wanted. These shorts are pretty thin though. If you don't mind showing what you got...they're a good choice.,Y,,"Size: 3X-Large | Color: 5 Pack Black, Navy, Blue, Dark Grey, Light Grey",4,0,,,,,https://www.amazon.com/gp/customer-reviews/R1D8ZPUUTKT1PY/ref=cm_cr_getr_d_rvw_ttl?ie=UTF8&ASIN=B08C2Q49MR,jai,"https://images-na.ssl-images-amazon.com/images/S/amazon-avatars-global/default._CR0,0,1024,1024_SX48_.png",US,https://www.amazon.com/gp/profile/amzn1.account.AEXCWGO42UZLLPTIH4V3PJMF4MRQ/ref=cm_cr_getr_d_gw_btm?ie=UTF8,,2024-05-31
B08JGC1D2G,Runs Small,"Medium too tight in the waist, Runs small.",Y,,"Size: Medium | Color: 5 Pack Black, Black, Navy, Dark Grey, Light Grey",1,1,,,,,https://www.amazon.com/gp/customer-reviews/R3M37S2HHY1SE0/ref=cm_cr_getr_d_rvw_ttl?ie=UTF8&ASIN=B08C2Q49MR,Joshua Bernadas,"https://images-na.ssl-images-amazon.com/images/S/amazon-avatars-global/default._CR0,0,1024,1024_SX48_.png",US,https://www.amazon.com/gp/profile/amzn1.account.AGNNLIIW7J6R7L66EZZHOLL5BTTQ/ref=cm_cr_getr_d_gw_btm?ie=UTF8,,2024-05-30
B08JGBB9N1,Bad quality,Super thin and see through. Can’t wear these out. Waste of $$. Your better off buying better quality shorts.,Y,,"Size: Large | Color: 5 Pack Black, Black, Navy, Dark Grey, Light Grey",1,1,,,,,https://www.amazon.com/gp/customer-reviews/R27M4140A40HEK/ref=cm_cr_getr_d_rvw_ttl?ie=UTF8&ASIN=B08C2Q49MR,Edgar,"https://images-na.ssl-images-amazon.com/images/S/amazon-avatars-global/default._CR0,0,1024,1024_SX48_.png",US,https://www.amazon.com/gp/profile/amzn1.account.AHD76PGEX6JNGMBT22M52XQP7VSQ/ref=cm_cr_getr_d_gw_btm?ie=UTF8,,2024-05-29
B08C21RGFD,Different fit to each shorts,"Each short in the 2 pack fits differently.  The black pair is the smaller of the 2 pairs.  The blue fits ok.  I have a pair of the 3xl in black that are slightly to big, so I decided to try the xxl and they were smaller than I wanted.  I will keep the xxls, but was disappointed in the sizing differences.",,,"Size: XX-Large | Color: 2 Pack Black, Navy",3,0,,,,,https://www.amazon.com/gp/customer-reviews/R2A5ZRJPVMVHXS/ref=cm_cr_getr_d_rvw_ttl?ie=UTF8&ASIN=B08C2Q49MR,Christopher D. Pequignot,"https://images-na.ssl-images-amazon.com/images/S/amazon-avatars-global/default._CR0,0,1024,1024_SX48_.png",US,https://www.amazon.com/gp/profile/amzn1.account.AFS4FXQD7DYLA5O6RRU2QSYZFM2Q/ref=cm_cr_getr_d_gw_btm?ie=UTF8,,2024-05-29
B0BWQMXHMR,Nice,I got these for my bf. They are a nice material and have good pockets.,Y,,"Size: 3X-Large | Color: 5 Pack Black, Black, Navy, Dark Grey, Light Grey",4,0,,,,,https://www.amazon.com/gp/customer-reviews/R1SJKDF2W18JSI/ref=cm_cr_getr_d_rvw_ttl?ie=UTF8&ASIN=B08C2Q49MR,Lovely,"https://images-na.ssl-images-amazon.com/images/S/amazon-avatars-global/3b269119-e676-4519-8057-429988bc70e6._CR0,0,375,375_SX48_.jpg",US,https://www.amazon.com/gp/profile/amzn1.account.AEL4LIPTPMKEOI6D47LZRZLIWGHA/ref=cm_cr_getr_d_gw_btm?ie=UTF8,,2024-05-29
B08JGBB9N1,Got them for lil bro,I didn’t like the quality but he said they were good,Y,,"Size: Large | Color: 5 Pack Black, Black, Navy, Dark Grey, Light Grey",4,0,,,,,https://www.amazon.com/gp/customer-reviews/R4KDWEG6E2FOZ/ref=cm_cr_getr_d_rvw_ttl?ie=UTF8&ASIN=B08C2Q49MR,Aroura,"https://images-na.ssl-images-amazon.com/images/S/amazon-avatars-global/default._CR0,0,1024,1024_SX48_.png",US,https://www.amazon.com/gp/profile/amzn1.account.AFCMA3LHYNVY2NIMG7WK2AAVKACA/ref=cm_cr_getr_d_gw_btm?ie=UTF8,,2024-05-26
B08C2GLSB4,Very uncomfortable...do no purchase these!,"Waist is very uncomfortable!. Too much elastic, rubs against your skin, fit very tight, very bad quality garment",Y,,"Size: X-Large | Color: 3 Pack Black, Navy, Light Grey",1,1,,,,,https://www.amazon.com/gp/customer-reviews/R1KNRSYOCFK55Z/ref=cm_cr_getr_d_rvw_ttl?ie=UTF8&ASIN=B08C2Q49MR,Kevin M. Dobson,"https://images-na.ssl-images-amazon.com/images/S/amazon-avatars-global/default._CR0,0,1024,1024_SX48_.png",US,https://www.amazon.com/gp/profile/amzn1.account.AH3IRIK2J3MEV7EHRFGEQEXARBSA/ref=cm_cr_getr_d_gw_btm?ie=UTF8,,2024-05-23
B08JGBB9N1,Thin and silky like women’s panties,"These are nothing like advertised. They are thin. Seams are not quality. I’m seeing the seller will not refund the product. Frankly, they should sell it. I’ll give to homeless folks for $30 spend in my part. But I recommend you DO NOT BUY this item. There are better. They are packaged better than they are made.",Y,,"Size: Large | Color: 5 Pack Black, Black, Navy, Dark Grey, Light Grey",1,1,,,,,https://www.amazon.com/gp/customer-reviews/R17YXS0FPQSC5F/ref=cm_cr_getr_d_rvw_ttl?ie=UTF8&ASIN=B08C2Q49MR,Jean M. Chalupsky,"https://images-na.ssl-images-amazon.com/images/S/amazon-avatars-global/default._CR0,0,1024,1024_SX48_.png",US,https://www.amazon.com/gp/profile/amzn1.account.AFDHAUIVUACDB5LZCZ7TZFNFHMLQ/ref=cm_cr_getr_d_gw_btm?ie=UTF8,,2024-05-23
B08C27277D,Meh,I'm size 32 and the medium was a bit too small for me. They are thin and made out of a single layer of fabric.,Y,,"Size: Medium | Color: 3 Pack Black, Black, Dark Grey",3,0,,,,,https://www.amazon.com/gp/customer-reviews/R13NX1AM7C76KU/ref=cm_cr_getr_d_rvw_ttl?ie=UTF8&ASIN=B08C2Q49MR,T. Tekelenburg,"https://images-na.ssl-images-amazon.com/images/S/amazon-avatars-global/default._CR0,0,1024,1024_SX48_.png",US,https://www.amazon.com/gp/profile/amzn1.account.AFIXE66UGEFM7LS73KYOJ4WW7NPQ/ref=cm_cr_getr_d_gw_btm?ie=UTF8,,2024-05-23
B08C2F2ZFN,Size is off,These fit  really tight in the waist. Order a size bigger.,Y,,"Size: Medium | Color: 3 Pack Black, Dark Grey, Blue",2,0,,,,,https://www.amazon.com/gp/customer-reviews/R1GYD6WEF4CNXM/ref=cm_cr_getr_d_rvw_ttl?ie=UTF8&ASIN=B08C2Q49MR,jason hundley,"https://images-na.ssl-images-amazon.com/images/S/amazon-avatars-global/3d23e170-afdc-4cf9-88f3-c05482bde07b._CR0,0,375,375_SX48_.jpg",US,https://www.amazon.com/gp/profile/amzn1.account.AHLKKPBUVQJPJBCQV5WUP6WXQ7KA/ref=cm_cr_getr_d_gw_btm?ie=UTF8,,2024-05-19
B08JG3T2SY,To thin,To thin,Y,,"Size: X-Large | Color: 5 Pack Black, Black, Navy, Dark Grey, Light Grey",2,0,,,,,https://www.amazon.com/gp/customer-reviews/R32F8RXS7V09BE/ref=cm_cr_getr_d_rvw_ttl?ie=UTF8&ASIN=B08C2Q49MR,Walt,"https://images-na.ssl-images-amazon.com/images/S/amazon-avatars-global/default._CR0,0,1024,1024_SX48_.png",US,https://www.amazon.com/gp/profile/amzn1.account.AFFTGOOZHZWXUIBZRR5A7DHGAKCQ/ref=cm_cr_getr_d_gw_btm?ie=UTF8,,2024-05-19
B08JG3T2SY,Good shorts,Not low quality and helps with comfort and keeping cool,Y,,"Size: X-Large | Color: 5 Pack Black, Black, Navy, Dark Grey, Light Grey",4,0,,,,,https://www.amazon.com/gp/customer-reviews/R2TP4XPQDAFXHY/ref=cm_cr_getr_d_rvw_ttl?ie=UTF8&ASIN=B08C2Q49MR,ramon,"https://images-na.ssl-images-amazon.com/images/S/amazon-avatars-global/default._CR0,0,1024,1024_SX48_.png",US,https://www.amazon.com/gp/profile/amzn1.account.AEHQEQ6BXVV3B62YGG5DXSKWIZNA/ref=cm_cr_getr_d_gw_btm?ie=UTF8,,2024-05-18
B08C291LRW,Slooooooww delivery!,"I ordered these knowing that Amazon told me I could have them early the next morning, or afternoon, or anytime tomorrow via Prime. Got them three days later. The shorts are fine, but the immediate need was missed",Y,,"Size: Large | Color: 5 Pack Black, Navy, Blue, Dark Grey, Light Grey",3,0,,,,,https://www.amazon.com/gp/customer-reviews/RFUAK1E1CB4DK/ref=cm_cr_getr_d_rvw_ttl?ie=UTF8&ASIN=B08C2Q49MR,John C.,"https://images-na.ssl-images-amazon.com/images/S/amazon-avatars-global/default._CR0,0,1024,1024_SX48_.png",US,https://www.amazon.com/gp/profile/amzn1.account.AEN7LQA5MW7EOSS6VHSSMDGS6JPQ/ref=cm_cr_getr_d_gw_btm?ie=UTF8,,2024-05-17
B08JGBB9N1,Bad buy,Not the material I wanted totally different look what I see promoted 👎🏾,Y,,"Size: Large | Color: 5 Pack Black, Black, Navy, Dark Grey, Light Grey",1,1,,,,,https://www.amazon.com/gp/customer-reviews/RL3TUN7BXP43/ref=cm_cr_getr_d_rvw_ttl?ie=UTF8&ASIN=B08C2Q49MR,Omar Coleman,"https://images-na.ssl-images-amazon.com/images/S/amazon-avatars-global/default._CR0,0,1024,1024_SX48_.png",US,https://www.amazon.com/gp/profile/amzn1.account.AGSEK5HI7JZDELCKHVQIFSEL7RQQ/ref=cm_cr_getr_d_gw_btm?ie=UTF8,,2024-05-16
B08C266BFB,They fit like small,I sent them back about 2 weeks ago.  I havent heard from you.???,Y,,"Size: Large | Color: 2 Pack Black, Navy",1,1,,,,,https://www.amazon.com/gp/customer-reviews/R3RTG5JJPHZFB7/ref=cm_cr_getr_d_rvw_ttl?ie=UTF8&ASIN=B08C2Q49MR,Joe Morgan,"https://images-na.ssl-images-amazon.com/images/S/amazon-avatars-global/default._CR0,0,1024,1024_SX48_.png",US,https://www.amazon.com/gp/profile/amzn1.account.AH2RWXS544M2EAIJ2AETUJDMGAPA/ref=cm_cr_getr_d_gw_btm?ie=UTF8,,2024-05-16
B08JGBB9N1,Very cheaply made. Not worth the money.,Very cheaply made. Not worth the money.,Y,,"Size: Large | Color: 5 Pack Black, Black, Navy, Dark Grey, Light Grey",1,1,,,,,https://www.amazon.com/gp/customer-reviews/R1PINF1CR452PS/ref=cm_cr_getr_d_rvw_ttl?ie=UTF8&ASIN=B08C2Q49MR,MrsYagerBomb,"https://images-na.ssl-images-amazon.com/images/S/amazon-avatars-global/2d1c75c3-7938-4170-a67e-aa4ca9b19479._CR0,27.0,279,279_SX48_.jpg",US,https://www.amazon.com/gp/profile/amzn1.account.AEOR3VUUYRWFUVOBNYUMBUZ2B7SQ/ref=cm_cr_getr_d_gw_btm?ie=UTF8,,2024-05-16
B08JGBB9N1,"Way to thin and poorly made, feels like a bad fit",I don’t think I’ll wear these as I tried them on. They’re extremely thin and some people said you can literally see right through them. I think of anything I use them to sleep at night the other issues that the fit and the way they constructed is weird it feels like they’re not really fitting on my waist properly and the Crotch area is really high up. It just feels weird. This is a bad cheap product. Do not buy this. This is one of those sketchy cheap things someone’s trying to make a Quick Buck off of.,Y,,"Size: Large | Color: 5 Pack Black, Black, Navy, Dark Grey, Light Grey",1,2,,,,,https://www.amazon.com/gp/customer-reviews/R1RO3E2QY3MSBK/ref=cm_cr_getr_d_rvw_ttl?ie=UTF8&ASIN=B08C2Q49MR,drake,"https://images-na.ssl-images-amazon.com/images/S/amazon-avatars-global/default._CR0,0,1024,1024_SX48_.png",US,https://www.amazon.com/gp/profile/amzn1.account.AFMXDCWO4ALW47YWBP7CP3LJYXMQ/ref=cm_cr_getr_d_gw_btm?ie=UTF8,,2024-05-15
B08JGHDWNP,Not bad for the price but.....,4 out of 5 paints have holes in the pockets . 😔,Y,,"Size: XX-Large | Color: 5 Pack Black, Black, Navy, Dark Grey, Light Grey",3,0,,,,,https://www.amazon.com/gp/customer-reviews/R1I5ZY25KMH34C/ref=cm_cr_getr_d_rvw_ttl?ie=UTF8&ASIN=B08C2Q49MR,Irma,"https://images-na.ssl-images-amazon.com/images/S/amazon-avatars-global/c13439f2-d61a-4868-9dda-6460150b73ff._CR0,66.0,720,720_SX48_.jpg",US,https://www.amazon.com/gp/profile/amzn1.account.AGXUQ7IUOPTSBXDH74TZIF3A2XFQ/ref=cm_cr_getr_d_gw_btm?ie=UTF8,,2024-05-14
B08JGL9H1X,Not bad for the price.,Comfortable for lifting and running.,Y,,"Size: X-Large | Color: 7 Pack Black, Dark Grey, Light Grey, Navy, Blue, Red, Dark Green",4,0,,,,,https://www.amazon.com/gp/customer-reviews/REKAAIN4VR355/ref=cm_cr_getr_d_rvw_ttl?ie=UTF8&ASIN=B08C2Q49MR,ART,"https://images-na.ssl-images-amazon.com/images/S/amazon-avatars-global/default._CR0,0,1024,1024_SX48_.png",US,https://www.amazon.com/gp/profile/amzn1.account.AF3V3VGYCOLJWUGIYEATRYV5TFHQ/ref=cm_cr_getr_d_gw_btm?ie=UTF8,,2024-05-14
B08JGL9H1X,Runs small,Size up when ordering.,Y,,"Size: X-Large | Color: 7 Pack Black, Dark Grey, Light Grey, Navy, Blue, Red, Dark Green",4,0,,,,,https://www.amazon.com/gp/customer-reviews/R1V14K2TUQVKOK/ref=cm_cr_getr_d_rvw_ttl?ie=UTF8&ASIN=B08C2Q49MR,James & Barbara McKee,"https://images-na.ssl-images-amazon.com/images/S/amazon-avatars-global/default._CR0,0,1024,1024_SX48_.png",US,https://www.amazon.com/gp/profile/amzn1.account.AGDI4UJPFKHOOVJWX54A5WXBKFOA/ref=cm_cr_getr_d_gw_btm?ie=UTF8,,2024-05-10
B0BWQR49L6,Really roomy and comfortable.,These pants fit really great as expected.,Y,,"Size: 3X-Large | Color: 3 Pack Black, Dark Grey, Blue",4,0,,,,,https://www.amazon.com/gp/customer-reviews/R2ELU8XGUR7QZV/ref=cm_cr_getr_d_rvw_ttl?ie=UTF8&ASIN=B08C2Q49MR,plg2020,"https://images-na.ssl-images-amazon.com/images/S/amazon-avatars-global/default._CR0,0,1024,1024_SX48_.png",US,https://www.amazon.com/gp/profile/amzn1.account.AGETUR3DY2JCW2COSZD6KH3M6RUA/ref=cm_cr_getr_d_gw_btm?ie=UTF8,,2024-05-09
B08JGL9H1X,La calidad de esta ropa no sirve es lo peor.,"La calidad de esta ropa no sirve, la conpre para un viaje, acabo de usarla por una única vez y ya comenzó a perder las costuras , es decir está rota. Es la ropa de más mala calidad q compré que después de un solo uso se comenzó a romper. Envío fotos de las otras para q vean el estado y no piensen que las usé más de una vez. Malísima cantidad del producto.",Y,,"Size: X-Large | Color: 7 Pack Black, Dark Grey, Light Grey, Navy, Blue, Red, Dark Green",1,1,2,"https://m.media-amazon.com/images/I/61YUbawRxTL._SY200.jpg
https://m.media-amazon.com/images/I/71ZdzTx5YKL._SY200.jpg",,,https://www.amazon.com/gp/customer-reviews/RSNC9FVGY8E4R/ref=cm_cr_getr_d_rvw_ttl?ie=UTF8&ASIN=B08C2Q49MR,Luis Barquero,"https://images-na.ssl-images-amazon.com/images/S/amazon-avatars-global/default._CR0,0,1024,1024_SX48_.png",US,https://www.amazon.com/gp/profile/amzn1.account.AF7QYXF666XOZNVYZKUYHFKCDH7A/ref=cm_cr_getr_d_gw_btm?ie=UTF8,,2024-05-06
B08JGC83PH,SMH,"Exact same thin shorts as CE shorts, including packaging",Y,,"Size: Large | Color: 7 Pack Black, Dark Grey, Light Grey, Navy, Blue, Red, Dark Green",2,1,,,,,https://www.amazon.com/gp/customer-reviews/R2YG6ZCP8X5JD6/ref=cm_cr_getr_d_rvw_ttl?ie=UTF8&ASIN=B08C2Q49MR,SMH,"https://images-na.ssl-images-amazon.com/images/S/amazon-avatars-global/default._CR0,0,1024,1024_SX48_.png",US,https://www.amazon.com/gp/profile/amzn1.account.AGGD3Q6GVFBNTWKWKM2KMCBFL25Q/ref=cm_cr_getr_d_gw_btm?ie=UTF8,,2024-05-06
B08JGBB9N1,Kinda like under armour shorts,"My fiance is weird about textures in clothing, he normally only likes American eagle super soft shirts and under armour basketball shorts. He seems to like these ones, and I plan on getting more.",Y,,"Size: Large | Color: 5 Pack Black, Black, Navy, Dark Grey, Light Grey",4,1,,,,,https://www.amazon.com/gp/customer-reviews/R3M07UQANEEOC2/ref=cm_cr_getr_d_rvw_ttl?ie=UTF8&ASIN=B08C2Q49MR,Kat,"https://images-na.ssl-images-amazon.com/images/S/amazon-avatars-global/default._CR0,0,1024,1024_SX48_.png",US,https://www.amazon.com/gp/profile/amzn1.account.AGEAC65ZDNGUNJC6SVWIVODTAEHQ/ref=cm_cr_getr_d_gw_btm?ie=UTF8,,2024-05-06
B08C2CMHYR,Shorts,I Like the fit and fabric.,Y,,"Size: Large | Color: 2 Pack Black, Dark Grey",4,0,,,,,https://www.amazon.com/gp/customer-reviews/R4CESS0P0HJGB/ref=cm_cr_getr_d_rvw_ttl?ie=UTF8&ASIN=B08C2Q49MR,Tracy Hoth,"https://images-na.ssl-images-amazon.com/images/S/amazon-avatars-global/default._CR0,0,1024,1024_SX48_.png",US,https://www.amazon.com/gp/profile/amzn1.account.AE4L77XEYYYU5KGAR567OQCQVO3Q/ref=cm_cr_getr_d_gw_btm?ie=UTF8,,2024-05-04
B08JG3T2SY,Cheap,You can literally see through the material. If you wear a pair of white underwear then everyone will know. Cheap and probably from china. Probably cost 3 bucks to make all 5 pairs.,Y,,"Size: X-Large | Color: 5 Pack Black, Black, Navy, Dark Grey, Light Grey",1,1,,,,,https://www.amazon.com/gp/customer-reviews/R2ICQAWE8A9NEW/ref=cm_cr_getr_d_rvw_ttl?ie=UTF8&ASIN=B08C2Q49MR,Madeline,"https://images-na.ssl-images-amazon.com/images/S/amazon-avatars-global/12167d4c-3b6b-4d07-a441-febb07bc19fe._CR0,0,500,500_SX48_.jpg",US,https://www.amazon.com/gp/profile/amzn1.account.AEFRJD6YABCW67IBTWEIV74RF5RA/ref=cm_cr_getr_d_gw_btm?ie=UTF8,,2024-05-03
B08JGC1D2G,Fit good,Only problem I had they didn't send all.. but once I returned what they sent I received the right amount,Y,,"Size: Medium | Color: 5 Pack Black, Black, Navy, Dark Grey, Light Grey",4,0,,,,,https://www.amazon.com/gp/customer-reviews/R66MVDHVXFLMK/ref=cm_cr_getr_d_rvw_ttl?ie=UTF8&ASIN=B08C2Q49MR,Htx,"https://images-na.ssl-images-amazon.com/images/S/amazon-avatars-global/default._CR0,0,1024,1024_SX48_.png",US,https://www.amazon.com/gp/profile/amzn1.account.AFFXAMVBHGS76AWXE3ETY7OMCVJA/ref=cm_cr_getr_d_gw_btm?ie=UTF8,,2024-05-03
B08JGC1D2G,Good value. They’re ok.,They are not super stylish but they are good for lounging around or working out.,Y,,"Size: Medium | Color: 5 Pack Black, Black, Navy, Dark Grey, Light Grey",4,0,,,,,https://www.amazon.com/gp/customer-reviews/R8OM69OOTQY5U/ref=cm_cr_getr_d_rvw_ttl?ie=UTF8&ASIN=B08C2Q49MR,Mike C,"https://images-na.ssl-images-amazon.com/images/S/amazon-avatars-global/default._CR0,0,1024,1024_SX48_.png",US,https://www.amazon.com/gp/profile/amzn1.account.AGI2WL576IKWZB3ZOBXMJYDP7YKA/ref=cm_cr_getr_d_gw_btm?ie=UTF8,,2024-05-03
B08C2Q49MR,Chinese 3XL NOT American,Way too small to be a 3xl short. Tight and uncomfortable.,,,,1,0,,,,,https://www.amazon.com/gp/customer-reviews/R1GML47GA5NTDU/ref=cm_cr_getr_d_rvw_ttl?ie=UTF8&ASIN=B08C2Q49MR,Oneofus,"https://images-na.ssl-images-amazon.com/images/S/amazon-avatars-global/default._CR0,0,1024,1024_SX48_.png",US,https://www.amazon.com/gp/profile/amzn1.account.AHYFYPEGGGKYH6ONNJ3NV6ELKJWA/ref=cm_cr_getr_d_gw_btm?ie=UTF8,,2024-05-02
B08JGBB9N1,Great if your build like a toddler.,I'd list a picture for this review but id prbly get banned from amazon. these things were way too tight in the crotch as per listed size. I recomend if your closer to the top size go one size bigger.,Y,,"Size: Large | Color: 5 Pack Black, Black, Navy, Dark Grey, Light Grey",3,1,,,,,https://www.amazon.com/gp/customer-reviews/RJ6GPAUW4V6UN/ref=cm_cr_getr_d_rvw_ttl?ie=UTF8&ASIN=B08C2Q49MR,Lambert Auto,"https://images-na.ssl-images-amazon.com/images/S/amazon-avatars-global/78eb243e-867c-4bba-bb10-539685761628._CR71,0,357,357_SX48_.jpg",US,https://www.amazon.com/gp/profile/amzn1.account.AE7FP2EQFUOUB5CMEIECXKKH4JVA/ref=cm_cr_getr_d_gw_btm?ie=UTF8,,2024-04-30
B08PYNVKW1,Only Four,Package contained only 4 pairs not the 5 as ordered.,Y,,"Size: XX-Large | Color: 5 Pack Black, Dark Grey, Dark Grey, Navy, Dark Green",1,1,,,,,https://www.amazon.com/gp/customer-reviews/R3S9Y31O4G1BCU/ref=cm_cr_getr_d_rvw_ttl?ie=UTF8&ASIN=B08C2Q49MR,chet70el,"https://images-na.ssl-images-amazon.com/images/S/amazon-avatars-global/default._CR0,0,1024,1024_SX48_.png",US,https://www.amazon.com/gp/profile/amzn1.account.AEKDT5RY5GZRR24BPMMOASWKITDQ/ref=cm_cr_getr_d_gw_btm?ie=UTF8,,2024-04-28
B08C25ZP5R,Don't waste your money,"Very thing cheap material. Fit is to small. Waste of money, go to Walmart, better quality.",Y,,"Size: XX-Large | Color: 2 Pack Black, Dark Grey",1,2,,,,,https://www.amazon.com/gp/customer-reviews/R24JB8IO8XVNX3/ref=cm_cr_getr_d_rvw_ttl?ie=UTF8&ASIN=B08C2Q49MR,Rachel Matulin,"https://images-na.ssl-images-amazon.com/images/S/amazon-avatars-global/default._CR0,0,1024,1024_SX48_.png",US,https://www.amazon.com/gp/profile/amzn1.account.AFAIHTWPG7RCU6NJGK4SZOOZFCYA/ref=cm_cr_getr_d_gw_btm?ie=UTF8,,2024-04-26
B08JGHDWNP,Size runs small,Bought these for a trip and didn’t get to try them on until a month later. Size is smaller than what I’d expect from a 2X. Amazon says return window closed  a few days ago.,Y,,"Size: XX-Large | Color: 5 Pack Black, Black, Navy, Dark Grey, Light Grey",1,1,,,,,https://www.amazon.com/gp/customer-reviews/RMB4LGWGCJ35C/ref=cm_cr_getr_d_rvw_ttl?ie=UTF8&ASIN=B08C2Q49MR,Art_B-Q,"https://images-na.ssl-images-amazon.com/images/S/amazon-avatars-global/default._CR0,0,1024,1024_SX48_.png",US,https://www.amazon.com/gp/profile/amzn1.account.AGLSVQHKI2FPPL2ZCJXMGERTUDQA/ref=cm_cr_getr_d_gw_btm?ie=UTF8,,2024-04-26
B08JGB2NFB,good for the money,good for the price.  order a size smaller than recommended. first order was at proper size and were WAY big order was returned and second order is the next size down and fit perfectly,Y,,"Size: XX-Large | Color: 7 Pack Black, Dark Grey, Light Grey, Navy, Blue, Red, Dark Green",4,0,,,,,https://www.amazon.com/gp/customer-reviews/R1BSCIA17G8QAC/ref=cm_cr_getr_d_rvw_ttl?ie=UTF8&ASIN=B08C2Q49MR,Ray,"https://images-na.ssl-images-amazon.com/images/S/amazon-avatars-global/default._CR0,0,1024,1024_SX48_.png",US,https://www.amazon.com/gp/profile/amzn1.account.AEVEGTVQWUYXUNKSSSTCF4OB2FKQ/ref=cm_cr_getr_d_gw_btm?ie=UTF8,,2024-04-26
B08JG3T2SY,"VERY low quality, threads coming out all over the place","Starting to heavily wear after little use/few washes. Very low quality, spend your money elsewhere to get something that will last longer.",Y,,"Size: X-Large | Color: 5 Pack Black, Black, Navy, Dark Grey, Light Grey",1,3,1,https://m.media-amazon.com/images/I/51Vk6yCm7rL._SY200.jpg,,,https://www.amazon.com/gp/customer-reviews/R25GGD65CS8UO6/ref=cm_cr_getr_d_rvw_ttl?ie=UTF8&ASIN=B08C2Q49MR,Taylor,"https://images-na.ssl-images-amazon.com/images/S/amazon-avatars-global/default._CR0,0,1024,1024_SX48_.png",US,https://www.amazon.com/gp/profile/amzn1.account.AGFPRGD2KAIGVB2YRCWRQR74C2RQ/ref=cm_cr_getr_d_gw_btm?ie=UTF8,,2024-04-24
B08C28MML2,"Item was not what I thought and wanted it to be, will return them .","Seamed extremely cheap material, scratchy and thin, Chinese !!!!!!!!",Y,,"Size: X-Large | Color: 5 Pack Black, Navy, Blue, Dark Grey, Light Grey",1,1,,,,,https://www.amazon.com/gp/customer-reviews/R3W3EEPA7H6GFL/ref=cm_cr_getr_d_rvw_ttl?ie=UTF8&ASIN=B08C2Q49MR,Larry Dabbs,"https://images-na.ssl-images-amazon.com/images/S/amazon-avatars-global/default._CR0,0,1024,1024_SX48_.png",US,https://www.amazon.com/gp/profile/amzn1.account.AHSURHGV6I4HSSECJ4KXMEJDADDQ/ref=cm_cr_getr_d_gw_btm?ie=UTF8,,2024-04-22
B08JG3T2SY,Like you're wearing nothing! Way too thin,Got these for my husband. He tried them on and we both realized he could never wear them comfortably outside of the house with how paper-thin they are. Not good quality. Returned right away.,Y,,"Size: X-Large | Color: 5 Pack Black, Black, Navy, Dark Grey, Light Grey",1,2,,,,,https://www.amazon.com/gp/customer-reviews/RJ0DI5ONDNTS/ref=cm_cr_getr_d_rvw_ttl?ie=UTF8&ASIN=B08C2Q49MR,MilaRoo,"https://images-na.ssl-images-amazon.com/images/S/amazon-avatars-global/default._CR0,0,1024,1024_SX48_.png",US,https://www.amazon.com/gp/profile/amzn1.account.AFQZSE5OJV5TMDSNOM56AUYTDTTA/ref=cm_cr_getr_d_gw_btm?ie=UTF8,,2024-04-22
B08JG3T2SY,Ripped off,Only received 3 pair and 1 pair had hole in pocket,Y,,"Size: X-Large | Color: 5 Pack Black, Black, Navy, Dark Grey, Light Grey",1,1,,,,,https://www.amazon.com/gp/customer-reviews/ROMJMK70TZLKK/ref=cm_cr_getr_d_rvw_ttl?ie=UTF8&ASIN=B08C2Q49MR,Richard V.,"https://images-na.ssl-images-amazon.com/images/S/amazon-avatars-global/default._CR0,0,1024,1024_SX48_.png",US,https://www.amazon.com/gp/profile/amzn1.account.AHM6KFI4IRYACT5WCUB3GAJHLIZQ/ref=cm_cr_getr_d_gw_btm?ie=UTF8,,2024-04-22
B08JGC1D2G,Do not buy,"Very cheap material, I end up returning it.",Y,,"Size: Medium | Color: 5 Pack Black, Black, Navy, Dark Grey, Light Grey",1,1,,,,,https://www.amazon.com/gp/customer-reviews/R37LKZRX8CVA11/ref=cm_cr_getr_d_rvw_ttl?ie=UTF8&ASIN=B08C2Q49MR,Levina Vue,"https://images-na.ssl-images-amazon.com/images/S/amazon-avatars-global/default._CR0,0,1024,1024_SX48_.png",US,https://www.amazon.com/gp/profile/amzn1.account.AECUFAN6MFXTTN5BTD4EVQ7UBHTQ/ref=cm_cr_getr_d_gw_btm?ie=UTF8,,2024-04-21
B08L4XF4J9,Definitely very see-through,"If you're out in bright sunlight, little will be left to the imagination. Might want to wear some color-coordinated underwear with these. I saw a few reviews that mentioned this, but most seemed to be glowing 5 star. They're very thin, rumply for synthetic fabric, these will rip if you catch anything on them, but they're definitely shorts at a rock bottom price.

You're unlikely to be arrested for not wearing pants.

I run at around 5am in the warmer months, so they'll work for me. And I guess the mid day runs in the winter will end up being cheap advertising.",Y,,"Size: XX-Large | Color: 5 Pack Black, Dark Grey, Dark Blue, Milddle Blue, Army Green",3,6,,,,,https://www.amazon.com/gp/customer-reviews/R3NMUGJQT8IRWC/ref=cm_cr_getr_d_rvw_ttl?ie=UTF8&ASIN=B08C2Q49MR,Tom Has A Pibble,"https://images-na.ssl-images-amazon.com/images/S/amazon-avatars-global/cf4b8304-e0a4-4a6c-866c-a7bc5b148e0a._CR9,0,480,480_SX48_.jpg",US,https://www.amazon.com/gp/profile/amzn1.account.AF4WKV3C5LIKK2IOHCFIVHKU6NAA/ref=cm_cr_getr_d_gw_btm?ie=UTF8,,2024-04-21
B0BWQMXHMR,Light weight and comfy,"Very light weight, good fit especially in the larger sizes, breathable.",Y,,"Size: 3X-Large | Color: 5 Pack Black, Black, Navy, Dark Grey, Light Grey",4,0,,,,,https://www.amazon.com/gp/customer-reviews/R37MVYBG9T8GEZ/ref=cm_cr_getr_d_rvw_ttl?ie=UTF8&ASIN=B08C2Q49MR,Derrick,"https://images-na.ssl-images-amazon.com/images/S/amazon-avatars-global/default._CR0,0,1024,1024_SX48_.png",US,https://www.amazon.com/gp/profile/amzn1.account.AHAJM4GYPROXAN5I6ZJ2ZVCEN3PQ/ref=cm_cr_getr_d_gw_btm?ie=UTF8,,2024-04-21
B08C29Y8YF,OK if you live in the northpole,"These are shiny, 100% polyester...  be prepared for that in a hot environment. Moisture wicking textile might not be as efficient, I mean its not textile its polyester.",Y,,"Size: X-Large | Color: 2 Pack Black, Navy",4,0,,,,,https://www.amazon.com/gp/customer-reviews/R2FM02OZPJP4VE/ref=cm_cr_getr_d_rvw_ttl?ie=UTF8&ASIN=B08C2Q49MR,GAZ RIVERA,"https://images-na.ssl-images-amazon.com/images/S/amazon-avatars-global/default._CR0,0,1024,1024_SX48_.png",US,https://www.amazon.com/gp/profile/amzn1.account.AG5XMLFKJBEZXJFCHPNUYOWJIGKA/ref=cm_cr_getr_d_gw_btm?ie=UTF8,,2024-04-21
B08JGBB9N1,Runs small,Tight fit not for sports,Y,,"Size: Large | Color: 5 Pack Black, Black, Navy, Dark Grey, Light Grey",1,1,,,,,https://www.amazon.com/gp/customer-reviews/R2ILBKRGD9YQ0U/ref=cm_cr_getr_d_rvw_ttl?ie=UTF8&ASIN=B08C2Q49MR,Jaime Shaner,"https://images-na.ssl-images-amazon.com/images/S/amazon-avatars-global/02154f88-1452-4c7a-afe6-ee4f89bb9ca9._CR0,0,500,500_SX48_.jpg",US,https://www.amazon.com/gp/profile/amzn1.account.AFBTYCJSTCS2LJ5SVLIMKHH37L3Q/ref=cm_cr_getr_d_gw_btm?ie=UTF8,,2024-04-19
B08JGBB9N1,Eh...,"They look cheap, they feel cheap but they were cheap to buy so I'd buy them again... maybe.",Y,,"Size: Large | Color: 5 Pack Black, Black, Navy, Dark Grey, Light Grey",4,0,,,,,https://www.amazon.com/gp/customer-reviews/R7EQOU14CWMV1/ref=cm_cr_getr_d_rvw_ttl?ie=UTF8&ASIN=B08C2Q49MR,carlos,"https://images-na.ssl-images-amazon.com/images/S/amazon-avatars-global/default._CR0,0,1024,1024_SX48_.png",US,https://www.amazon.com/gp/profile/amzn1.account.AFXQAJXYWDHHR4DOS4KPBEBHXEZA/ref=cm_cr_getr_d_gw_btm?ie=UTF8,,2024-04-19
B08L4X2BJX,Look Good,Fit well and look good. 4 stars only since have not put through wash cycle.,Y,,"Size: Large | Color: 5 Pack Black, Dark Grey, Dark Blue, Milddle Blue, Army Green",4,0,,,,,https://www.amazon.com/gp/customer-reviews/R1MPN01W9CPXW4/ref=cm_cr_getr_d_rvw_ttl?ie=UTF8&ASIN=B08C2Q49MR,Ginny Nichols,"https://images-na.ssl-images-amazon.com/images/S/amazon-avatars-global/default._CR0,0,1024,1024_SX48_.png",US,https://www.amazon.com/gp/profile/amzn1.account.AGTA6SE5G74CLTYVQ5EVVJXTNO5Q/ref=cm_cr_getr_d_gw_btm?ie=UTF8,,2024-04-18
B08L4X87BP,Product not as described.,Ordered 5 pack. Received only 4. Very disappointing.,Y,,"Size: Medium | Color: 5 Pack Black, Dark Grey, Dark Blue, Light Grey, Green",1,1,,,,,https://www.amazon.com/gp/customer-reviews/R34V2SGOBSF37N/ref=cm_cr_getr_d_rvw_ttl?ie=UTF8&ASIN=B08C2Q49MR,kish,"https://images-na.ssl-images-amazon.com/images/S/amazon-avatars-global/default._CR0,0,1024,1024_SX48_.png",US,https://www.amazon.com/gp/profile/amzn1.account.AFWLIJ4LBG5UBBVY3AXMD3S52HYA/ref=cm_cr_getr_d_gw_btm?ie=UTF8,,2024-04-17
B08L4XF4J9,Length,Too dam long,Y,,"Size: XX-Large | Color: 5 Pack Black, Dark Grey, Dark Blue, Milddle Blue, Army Green",2,0,,,,,https://www.amazon.com/gp/customer-reviews/R39ZOFXM7ALUCS/ref=cm_cr_getr_d_rvw_ttl?ie=UTF8&ASIN=B08C2Q49MR,Vallerie W. Babineaux,"https://images-na.ssl-images-amazon.com/images/S/amazon-avatars-global/default._CR0,0,1024,1024_SX48_.png",US,https://www.amazon.com/gp/profile/amzn1.account.AHRERKX7RVRCMRMZW44KPAHOZIKQ/ref=cm_cr_getr_d_gw_btm?ie=UTF8,,2024-04-14
B08JGC1D2G,Looks,Looks like under wear,Y,,"Size: Medium | Color: 5 Pack Black, Black, Navy, Dark Grey, Light Grey",3,0,,,,,https://www.amazon.com/gp/customer-reviews/RS42DW701LQPZ/ref=cm_cr_getr_d_rvw_ttl?ie=UTF8&ASIN=B08C2Q49MR,Jean Bathrick,"https://images-na.ssl-images-amazon.com/images/S/amazon-avatars-global/default._CR0,0,1024,1024_SX48_.png",US,https://www.amazon.com/gp/profile/amzn1.account.AEAYDYQ4AMPGLXTBUFPR3QACXGRQ/ref=cm_cr_getr_d_gw_btm?ie=UTF8,,2024-04-14
B08PYK1G6H,Great quality shorts for price,"Super comfy, lightweight shorts bought for my husband. He has complaints and would definitely recommend.",Y,,"Size: Large | Color: 5 Pack Black, Dark Grey, Dark Grey, Navy, Dark Green",4,0,,,,,https://www.amazon.com/gp/customer-reviews/R8UMPREDTHECI/ref=cm_cr_getr_d_rvw_ttl?ie=UTF8&ASIN=B08C2Q49MR,Gina Hyjek,"https://images-na.ssl-images-amazon.com/images/S/amazon-avatars-global/default._CR0,0,1024,1024_SX48_.png",US,https://www.amazon.com/gp/profile/amzn1.account.AHOSETEBZVIS4OMBMEAFP5ERZSDA/ref=cm_cr_getr_d_gw_btm?ie=UTF8,,2024-04-14
B08C2LZ7JK,Very light weight,Nice,Y,,"Size: XX-Large | Color: 5 Pack Black, Navy, Blue, Dark Grey, Light Grey",4,0,,,,,https://www.amazon.com/gp/customer-reviews/R3G00WRCT3948R/ref=cm_cr_getr_d_rvw_ttl?ie=UTF8&ASIN=B08C2Q49MR,Irene,"https://images-na.ssl-images-amazon.com/images/S/amazon-avatars-global/default._CR0,0,1024,1024_SX48_.png",US,https://www.amazon.com/gp/profile/amzn1.account.AGIVNERWRWYRU6PHCCLM3KPDSWRA/ref=cm_cr_getr_d_gw_btm?ie=UTF8,,2024-04-13
B08C2N3BNL,Meh,"They're thin, cheap, I mean they're just gymshorts so whatever, they're ok. But even at the low price point there are better options I have found",Y,,"Size: X-Large | Color: 2 Pack Navy, Light Grey",2,0,,,,,https://www.amazon.com/gp/customer-reviews/R2NILH0TYKCOEB/ref=cm_cr_getr_d_rvw_ttl?ie=UTF8&ASIN=B08C2Q49MR,JP,"https://images-na.ssl-images-amazon.com/images/S/amazon-avatars-global/default._CR0,0,1024,1024_SX48_.png",US,https://www.amazon.com/gp/profile/amzn1.account.AHFCNWJY4HFFCGBDQIV74K4BSRIQ/ref=cm_cr_getr_d_gw_btm?ie=UTF8,,2024-04-12
B08JG3T2SY,Missing shorts,Missing shorts,Y,,"Size: X-Large | Color: 5 Pack Black, Black, Navy, Dark Grey, Light Grey",1,2,,,,,https://www.amazon.com/gp/customer-reviews/R2ST55PGMNBIIL/ref=cm_cr_getr_d_rvw_ttl?ie=UTF8&ASIN=B08C2Q49MR,jpwestfall,"https://images-na.ssl-images-amazon.com/images/S/amazon-avatars-global/default._CR0,0,1024,1024_SX48_.png",US,https://www.amazon.com/gp/profile/amzn1.account.AEGDUCRAXAPN2FZUPHF2SFKF4HTQ/ref=cm_cr_getr_d_gw_btm?ie=UTF8,,2024-04-11
B08JGBB9N1,A step above disposable hospital scrubs,"These are see through, the material feels like the shorts were made out of fabric softener sheets. The sizes run really small. They are horrible. I bought two three packs and I’m returning both packs.",Y,,"Size: Large | Color: 5 Pack Black, Black, Navy, Dark Grey, Light Grey",1,4,,,,,https://www.amazon.com/gp/customer-reviews/R1XJJPESTHYO4S/ref=cm_cr_getr_d_rvw_ttl?ie=UTF8&ASIN=B08C2Q49MR,Cynthia Garner,"https://images-na.ssl-images-amazon.com/images/S/amazon-avatars-global/0454b9d1-9009-4f45-8be3-a7784b4f81b9._CR62,0,375,375_SX48_.jpg",US,https://www.amazon.com/gp/profile/amzn1.account.AFUH3BQ75RQF7ARQV3GAGV33CFOQ/ref=cm_cr_getr_d_gw_btm?ie=UTF8,,2024-04-11
B08C25ZP5R,Good shorts,Just what I needed. The size was as expected.,Y,,"Size: XX-Large | Color: 2 Pack Black, Dark Grey",4,0,,,,,https://www.amazon.com/gp/customer-reviews/R1DSXAR0GB238S/ref=cm_cr_getr_d_rvw_ttl?ie=UTF8&ASIN=B08C2Q49MR,Byron,"https://images-na.ssl-images-amazon.com/images/S/amazon-avatars-global/7b4043b7-9bca-4b64-87ac-6189130cd57d._CR9,0,481,481_SX48_.jpg",US,https://www.amazon.com/gp/profile/amzn1.account.AF6TSYY23QCRSK4XQ55BQY443QLA/ref=cm_cr_getr_d_gw_btm?ie=UTF8,,2024-04-11
B08C291LRW,Only received 4,I only received 4 out of 5 !! Not happy about that!,Y,,"Size: Large | Color: 5 Pack Black, Navy, Blue, Dark Grey, Light Grey",2,0,,,,,https://www.amazon.com/gp/customer-reviews/R7VE4NOE8V0Y9/ref=cm_cr_getr_d_rvw_ttl?ie=UTF8&ASIN=B08C2Q49MR,Erick,"https://images-na.ssl-images-amazon.com/images/S/amazon-avatars-global/default._CR0,0,1024,1024_SX48_.png",US,https://www.amazon.com/gp/profile/amzn1.account.AFACTKNAT2P3I4XGSZV5KHLF6NFQ/ref=cm_cr_getr_d_gw_btm?ie=UTF8,,2024-04-10
B08L4XDQWC,Awful,The material,Y,,"Size: X-Large | Color: 5 Pack Black, Dark Grey, Dark Blue, Light Grey, Green",1,1,,,,,https://www.amazon.com/gp/customer-reviews/R1BT5AU7LWU1Q2/ref=cm_cr_getr_d_rvw_ttl?ie=UTF8&ASIN=B08C2Q49MR,Shirley Lufcy,"https://images-na.ssl-images-amazon.com/images/S/amazon-avatars-global/default._CR0,0,1024,1024_SX48_.png",US,https://www.amazon.com/gp/profile/amzn1.account.AEK54LPAEHH62JBBVAVSW6P6MDXQ/ref=cm_cr_getr_d_gw_btm?ie=UTF8,,2024-04-09
B08JGC1D2G,I have not got my credit for the return on my credit card.,They were too small so I return on march 19 ups. Have not been given credit on my card.  I order a large and they are great.,Y,,"Size: Medium | Color: 5 Pack Black, Black, Navy, Dark Grey, Light Grey",1,2,,,,,https://www.amazon.com/gp/customer-reviews/R2PILWEZKA3G9O/ref=cm_cr_getr_d_rvw_ttl?ie=UTF8&ASIN=B08C2Q49MR,pat Kearney,"https://images-na.ssl-images-amazon.com/images/S/amazon-avatars-global/default._CR0,0,1024,1024_SX48_.png",US,https://www.amazon.com/gp/profile/amzn1.account.AEB6OFS6XRLWBY7GWN2VPDTEQY6Q/ref=cm_cr_getr_d_gw_btm?ie=UTF8,,2024-04-03
B08JGHDWNP,work out shorts,"nice to work out in lounge around in comfort nice fit with pockets even ,,,would buy from again",Y,,"Size: XX-Large | Color: 5 Pack Black, Black, Navy, Dark Grey, Light Grey",4,0,,,,,https://www.amazon.com/gp/customer-reviews/RUYPP33QRHM0V/ref=cm_cr_getr_d_rvw_ttl?ie=UTF8&ASIN=B08C2Q49MR,mach69,"https://images-na.ssl-images-amazon.com/images/S/amazon-avatars-global/default._CR0,0,1024,1024_SX48_.png",US,https://www.amazon.com/gp/profile/amzn1.account.AEBAGGZE6TVUPSANWWF2PJMN5ABA/ref=cm_cr_getr_d_gw_btm?ie=UTF8,,2024-04-02
B08C2N3BNL,Fits well,Fits well and comfortable,Y,,"Size: X-Large | Color: 2 Pack Navy, Light Grey",4,0,,,,,https://www.amazon.com/gp/customer-reviews/R1ONN62XKES52Z/ref=cm_cr_getr_d_rvw_ttl?ie=UTF8&ASIN=B08C2Q49MR,Maurice Mitchell,"https://images-na.ssl-images-amazon.com/images/S/amazon-avatars-global/default._CR0,0,1024,1024_SX48_.png",US,https://www.amazon.com/gp/profile/amzn1.account.AFEBUOXXGTH6RSSSOE7YNY56FDAQ/ref=cm_cr_getr_d_gw_btm?ie=UTF8,,2024-03-30
B08JG3T2SY,For to size,"They came as advertised, fit just fine. They have lasted though weekly washes and gym workouts. So far so good",Y,,"Size: X-Large | Color: 5 Pack Black, Black, Navy, Dark Grey, Light Grey",4,3,,,,,https://www.amazon.com/gp/customer-reviews/R139WNEC0M4Z7W/ref=cm_cr_getr_d_rvw_ttl?ie=UTF8&ASIN=B08C2Q49MR,Tyler M.,"https://images-na.ssl-images-amazon.com/images/S/amazon-avatars-global/default._CR0,0,1024,1024_SX48_.png",US,https://www.amazon.com/gp/profile/amzn1.account.AF7Y6R5D563GSHYMQS3FGPJBMFOA/ref=cm_cr_getr_d_gw_btm?ie=UTF8,,2024-03-26
B08JGHDWNP,fits like a thong,"I'm 6'4"", 250, athletic build.  Fabric fine, pockets deep enough, elastic and waist fine, length fine.  Could have been a 5 star . . . . . .  but (pun intended) . . . . . it rides up my crack like a thong.  Rise is cut wrong and not enough room in seat.  I do have a healthy booty, but still, uncomfortable and not cool.",,,"Size: XX-Large | Color: 5 Pack Black, Black, Navy, Dark Grey, Light Grey",2,0,,,,,https://www.amazon.com/gp/customer-reviews/R1PBDNZLWHGZHY/ref=cm_cr_getr_d_rvw_ttl?ie=UTF8&ASIN=B08C2Q49MR,Troy D. Anderson,"https://images-na.ssl-images-amazon.com/images/S/amazon-avatars-global/default._CR0,0,1024,1024_SX48_.png",US,https://www.amazon.com/gp/profile/amzn1.account.AFSU5KXZ6FU2EERADQSF34WC2IMQ/ref=cm_cr_getr_d_gw_btm?ie=UTF8,,2024-03-25
B0BWQR8WXY,Fair to OK,quality ok for the price,Y,,Size: 3X-Large | Color: Black,3,0,,,,,https://www.amazon.com/gp/customer-reviews/R1CZYB2Q4S75JD/ref=cm_cr_getr_d_rvw_ttl?ie=UTF8&ASIN=B08C2Q49MR,Joe mauro,"https://images-na.ssl-images-amazon.com/images/S/amazon-avatars-global/default._CR0,0,1024,1024_SX48_.png",US,https://www.amazon.com/gp/profile/amzn1.account.AEMCQFJOBXGWPEK67ORHISRTQLZQ/ref=cm_cr_getr_d_gw_btm?ie=UTF8,,2024-03-21
B08JGBB9N1,The waist band comes unraveled and they go in the garbage,"My initial impression was good, but after a month or so, the waist band unraveled, the pocket fell off (LOL!) and that pair went in the garbage. The others will not be far behind. As the all will unravel eventually and I will have learned my lesson.",Y,,"Size: Large | Color: 5 Pack Black, Black, Navy, Dark Grey, Light Grey",2,0,,,,,https://www.amazon.com/gp/customer-reviews/R1SCW05AYJP43O/ref=cm_cr_getr_d_rvw_ttl?ie=UTF8&ASIN=B08C2Q49MR,Reece,"https://images-na.ssl-images-amazon.com/images/S/amazon-avatars-global/default._CR0,0,1024,1024_SX48_.png",US,https://www.amazon.com/gp/profile/amzn1.account.AEPBQH2VE3QRKBOVMJ6MM4UYVBGQ/ref=cm_cr_getr_d_gw_btm?ie=UTF8,,2024-03-19
B08JG3T2SY,Thin,Okay for setting around the house,Y,,"Size: X-Large | Color: 5 Pack Black, Black, Navy, Dark Grey, Light Grey",3,1,,,,,https://www.amazon.com/gp/customer-reviews/R736SKRW8M31H/ref=cm_cr_getr_d_rvw_ttl?ie=UTF8&ASIN=B08C2Q49MR,Younker Dave,"https://images-na.ssl-images-amazon.com/images/S/amazon-avatars-global/default._CR0,0,1024,1024_SX48_.png",US,https://www.amazon.com/gp/profile/amzn1.account.AE3BOXLJ2GB4NTSGA3HAVZFBFFDA/ref=cm_cr_getr_d_gw_btm?ie=UTF8,,2024-03-18
B0BWQSDNZH,Good quality & comfort.,"These shorts are nice. The fabric & stitching are good quality.
Runs LARGE.",Y,,"Size: 3X-Large | Color: 2 Pack Navy, Light Grey",4,1,,,,,https://www.amazon.com/gp/customer-reviews/R1O1AT5ENXWVRR/ref=cm_cr_getr_d_rvw_ttl?ie=UTF8&ASIN=B08C2Q49MR,Deborah,"https://images-na.ssl-images-amazon.com/images/S/amazon-avatars-global/default._CR0,0,1024,1024_SX48_.png",US,https://www.amazon.com/gp/profile/amzn1.account.AF6TFRUOLXXJXWVKUVFDQONQPSHQ/ref=cm_cr_getr_d_gw_btm?ie=UTF8,,2024-03-18
B0BWQMXHMR,Short crotch length,The short crotch makes these at home shorts.,Y,,"Size: 3X-Large | Color: 5 Pack Black, Black, Navy, Dark Grey, Light Grey",2,0,,,,,https://www.amazon.com/gp/customer-reviews/RR81BBKT52JGA/ref=cm_cr_getr_d_rvw_ttl?ie=UTF8&ASIN=B08C2Q49MR,AE,"https://images-na.ssl-images-amazon.com/images/S/amazon-avatars-global/default._CR0,0,1024,1024_SX48_.png",US,https://www.amazon.com/gp/profile/amzn1.account.AHY7OSEXZHOWPICJTDQ73ZIWIYNQ/ref=cm_cr_getr_d_gw_btm?ie=UTF8,,2024-03-17
B08JGHDWNP,Seem was not fully stitched,As seen in the photo the middle seem was not fully stiched for about 2 or 3 inches. Unfortunately i can't wear shorts that have a hole right on the back,Y,,"Size: XX-Large | Color: 5 Pack Black, Black, Navy, Dark Grey, Light Grey",1,3,1,https://m.media-amazon.com/images/I/81vLPeDmMEL._SY200.jpg,,,https://www.amazon.com/gp/customer-reviews/R2HD5IP9O76T1J/ref=cm_cr_getr_d_rvw_ttl?ie=UTF8&ASIN=B08C2Q49MR,Big Boy Jesus,"https://images-na.ssl-images-amazon.com/images/S/amazon-avatars-global/default._CR0,0,1024,1024_SX48_.png",US,https://www.amazon.com/gp/profile/amzn1.account.AG5IPL6JSWTJK5WRVZ3QWRJPOTXQ/ref=cm_cr_getr_d_gw_btm?ie=UTF8,,2024-03-16
B08C2K4XKR,Athletic shorts,"They are good quality but, they run on the small side.",Y,,"Size: XX-Large | Color: 3 Pack Black, Black, Dark Grey",4,0,,,,,https://www.amazon.com/gp/customer-reviews/R3HLN7WCBU50NH/ref=cm_cr_getr_d_rvw_ttl?ie=UTF8&ASIN=B08C2Q49MR,Desk chair,"https://images-na.ssl-images-amazon.com/images/S/amazon-avatars-global/default._CR0,0,1024,1024_SX48_.png",US,https://www.amazon.com/gp/profile/amzn1.account.AGMNPFNPHPXERBDYOEUBEPHRD2WQ/ref=cm_cr_getr_d_gw_btm?ie=UTF8,,2024-03-13
B08C24YSMP,Thin,Material is very thin and see through. Will not purchase again.,Y,,"Size: Large | Color: 3 Pack Black, Navy, Light Grey",2,0,,,,,https://www.amazon.com/gp/customer-reviews/R2G7LB24PAU7CO/ref=cm_cr_getr_d_rvw_ttl?ie=UTF8&ASIN=B08C2Q49MR,Matt Tuttle,"https://images-na.ssl-images-amazon.com/images/S/amazon-avatars-global/default._CR0,0,1024,1024_SX48_.png",US,https://www.amazon.com/gp/profile/amzn1.account.AHXMDEL4YNWUCVHVPIH4EZWFTBBA/ref=cm_cr_getr_d_gw_btm?ie=UTF8,,2024-03-11
B0BWQSDNZ6,"Material is So Thin, It Only Has ONE SIDE!!",These are thinner than women's silk undies.  You can read a newspaper through them.  Absolutely pure trash.,Y,,"Size: 3X-Large | Color: 7 Pack Black, Dark Grey, Light Grey, Navy, Blue, Red, Dark Green",1,1,,,,,https://www.amazon.com/gp/customer-reviews/R1NHPKN57PJTTP/ref=cm_cr_getr_d_rvw_ttl?ie=UTF8&ASIN=B08C2Q49MR,CCWS,"https://images-na.ssl-images-amazon.com/images/S/amazon-avatars-global/default._CR0,0,1024,1024_SX48_.png",US,https://www.amazon.com/gp/profile/amzn1.account.AEFJ3Q5XWITDH5Z6VSG7OZ2EYNSA/ref=cm_cr_getr_d_gw_btm?ie=UTF8,,2024-03-09
B08L4X87BP,Comfortable,Cool and comfortable and a good fit. I certainly would purchase it again.,Y,,"Size: Medium | Color: 5 Pack Black, Dark Grey, Dark Blue, Light Grey, Green",4,0,,,,,https://www.amazon.com/gp/customer-reviews/R1H300PY0509YE/ref=cm_cr_getr_d_rvw_ttl?ie=UTF8&ASIN=B08C2Q49MR,M.A.,"https://images-na.ssl-images-amazon.com/images/S/amazon-avatars-global/default._CR0,0,1024,1024_SX48_.png",US,https://www.amazon.com/gp/profile/amzn1.account.AGTQKDNCDSU2JWT77TMPN3GRWQLQ/ref=cm_cr_getr_d_gw_btm?ie=UTF8,,2024-03-07
B08JG3T2SY,Good,Good,Y,,"Size: X-Large | Color: 5 Pack Black, Black, Navy, Dark Grey, Light Grey",3,0,,,,,https://www.amazon.com/gp/customer-reviews/R6OOQA8DD8U14/ref=cm_cr_getr_d_rvw_ttl?ie=UTF8&ASIN=B08C2Q49MR,Good,"https://images-na.ssl-images-amazon.com/images/S/amazon-avatars-global/default._CR0,0,1024,1024_SX48_.png",US,https://www.amazon.com/gp/profile/amzn1.account.AH57567UQKWPNHRLAQC5Z45YUWWQ/ref=cm_cr_getr_d_gw_btm?ie=UTF8,,2024-03-03
B08JGB2NFB,They are thin,"They aren’t for me but if they were, I would’ve returned them because they are way too thin. My husband doesn’t seem to care though.",Y,,"Size: XX-Large | Color: 7 Pack Black, Dark Grey, Light Grey, Navy, Blue, Red, Dark Green",1,1,,,,,https://www.amazon.com/gp/customer-reviews/R270Q41XE1ZHKQ/ref=cm_cr_getr_d_rvw_ttl?ie=UTF8&ASIN=B08C2Q49MR,bns1277,"https://images-na.ssl-images-amazon.com/images/S/amazon-avatars-global/default._CR0,0,1024,1024_SX48_.png",US,https://www.amazon.com/gp/profile/amzn1.account.AHZGP2LM2APDYXIGQQVCQ65MFG5Q/ref=cm_cr_getr_d_gw_btm?ie=UTF8,,2024-02-28
B08JGC1D2G,Went well..,Shorts showed up on time and the order was correct...,Y,,"Size: Medium | Color: 5 Pack Black, Black, Navy, Dark Grey, Light Grey",4,1,,,,,https://www.amazon.com/gp/customer-reviews/R27C33A2UAT61G/ref=cm_cr_getr_d_rvw_ttl?ie=UTF8&ASIN=B08C2Q49MR,"Drew,","https://images-na.ssl-images-amazon.com/images/S/amazon-avatars-global/default._CR0,0,1024,1024_SX48_.png",US,https://www.amazon.com/gp/profile/amzn1.account.AEMJ5ZV3OQ7NVQOAR7D2FWDU4SFQ/ref=cm_cr_getr_d_gw_btm?ie=UTF8,,2024-02-20
B08C255VF8,Size not accurate,"Size chart way off.
Received my product at least 2 sizes too large.
Unable to go out to ship them back in time.
Wasted money.
Not happy.",Y,,"Size: XX-Large | Color: 2 Pack Navy, Light Grey",1,2,,,,,https://www.amazon.com/gp/customer-reviews/R9NNTQ5VAQQPD/ref=cm_cr_getr_d_rvw_ttl?ie=UTF8&ASIN=B08C2Q49MR,Medic T,"https://images-na.ssl-images-amazon.com/images/S/amazon-avatars-global/default._CR0,0,1024,1024_SX48_.png",US,https://www.amazon.com/gp/profile/amzn1.account.AG4DD3XA6WDM6QTWJTIS6STTNZPQ/ref=cm_cr_getr_d_gw_btm?ie=UTF8,,2024-02-19
B08C28MML2,Size is not in mens,Bought the men’s medium the first time around and they didnt fit my 12 year old. They barely fit my 10 year old. Had to buy XL just so they fit.,Y,,"Size: X-Large | Color: 5 Pack Black, Navy, Blue, Dark Grey, Light Grey",2,0,,,,,https://www.amazon.com/gp/customer-reviews/R3ENAJ7TNT4UTG/ref=cm_cr_getr_d_rvw_ttl?ie=UTF8&ASIN=B08C2Q49MR,virgil g thompson,"https://images-na.ssl-images-amazon.com/images/S/amazon-avatars-global/default._CR0,0,1024,1024_SX48_.png",US,https://www.amazon.com/gp/profile/amzn1.account.AFZH4QLELY2YKYZ3SSJCH4NDWTPQ/ref=cm_cr_getr_d_gw_btm?ie=UTF8,,2024-02-10
B08JGBB9N1,Super thin,"I ordered these for my husband, who refused to even try them on due to the poor quality and thinness of the shorts.  They are very thin.  IF he kept them, they would only be suitable for wearing at home and not in public. Very. Thin.",Y,,"Size: Large | Color: 5 Pack Black, Black, Navy, Dark Grey, Light Grey",2,0,,,,,https://www.amazon.com/gp/customer-reviews/R21YT5UI91EQSL/ref=cm_cr_getr_d_rvw_ttl?ie=UTF8&ASIN=B08C2Q49MR,kpalm,"https://images-na.ssl-images-amazon.com/images/S/amazon-avatars-global/default._CR0,0,1024,1024_SX48_.png",US,https://www.amazon.com/gp/profile/amzn1.account.AFOKLIUMCWYQNPBEGCJQCJ5KQ4KQ/ref=cm_cr_getr_d_gw_btm?ie=UTF8,,2024-02-10
B08JG3T2SY,Husband liked tuem,Husband liked them,Y,,"Size: X-Large | Color: 5 Pack Black, Black, Navy, Dark Grey, Light Grey",4,0,,,,,https://www.amazon.com/gp/customer-reviews/R196UH8VSCW5ZP/ref=cm_cr_getr_d_rvw_ttl?ie=UTF8&ASIN=B08C2Q49MR,boosbabygirlk,"https://images-na.ssl-images-amazon.com/images/S/amazon-avatars-global/a1dda9c2-30f6-4e1f-a58c-5cefc5da9f2a._CR62,0,375,375_SX48_.jpg",US,https://www.amazon.com/gp/profile/amzn1.account.AEYGQZRY3QLB4EGB6YXQZX3F5C2A/ref=cm_cr_getr_d_gw_btm?ie=UTF8,,2024-02-09
B08JGBB9N1,Runs small so size up,"These definitely run at least a size or two small. I ordered large, which is what my son usually wears now, and they fit more like a medium. The waistband is pretty tight and they actually look about the same size as a pair of medium Reebok shorts we have. He may even grow out of them before summer is over. I would’ve liked them to be a bit bigger or more relaxed in the waist without having to go up a size. It’s too late for me to return them so I’ll probably just order an XL or 2XL and give these to my husband to wear instead.
Other than sizing they are soft and comfortable and seem to be constructed well. The price is very reasonable, especially when you buy more pairs, and the color variety & options are great. Blue shorts pictured are the medium Reebok’s with the exact same size waistband.",Y,,"Size: Large | Color: 5 Pack Black, Black, Navy, Dark Grey, Light Grey",3,15,1,https://m.media-amazon.com/images/I/81GAbKgj9TL._SY200.jpg,,,https://www.amazon.com/gp/customer-reviews/R2QCQS8RA8Z4FO/ref=cm_cr_getr_d_rvw_ttl?ie=UTF8&ASIN=B08C2Q49MR,Kristina,"https://images-na.ssl-images-amazon.com/images/S/amazon-avatars-global/2b28ff12-8a3e-49ec-928a-a9c0c4b3ecb5._CR0,1.0,331,331_SX48_.jpg",US,https://www.amazon.com/gp/profile/amzn1.account.AGGLWPPVEYPUYVDVXWNRACAQIPAA/ref=cm_cr_getr_d_gw_btm?ie=UTF8,,2024-02-08
B08JGBB9N1,Sent back,Bought for someone else and  they were  too large,Y,,"Size: Large | Color: 5 Pack Black, Black, Navy, Dark Grey, Light Grey",4,0,,,,,https://www.amazon.com/gp/customer-reviews/R2L7N2GASDAU3S/ref=cm_cr_getr_d_rvw_ttl?ie=UTF8&ASIN=B08C2Q49MR,"Pat Stanford, Award-winning Author & Poet","https://images-na.ssl-images-amazon.com/images/S/amazon-avatars-global/e0a1d3fa-572f-4374-b9bb-fd3273e9c5f5._CR0,0,500,500_SX48_.jpg",US,https://www.amazon.com/gp/profile/amzn1.account.AHUA3OW4JEKW23X765W2GW3O2SNA/ref=cm_cr_getr_d_gw_btm?ie=UTF8,,2024-02-08
B08C2RJZW5,Perfect!,"Great shorts, easy to care for and feel nice and soft.",Y,,"Size: Medium | Color: 2 Pack Black, Dark Grey",4,0,,,,,https://www.amazon.com/gp/customer-reviews/R36DM83ZX45RVM/ref=cm_cr_getr_d_rvw_ttl?ie=UTF8&ASIN=B08C2Q49MR,Amazon Customer,"https://images-na.ssl-images-amazon.com/images/S/amazon-avatars-global/default._CR0,0,1024,1024_SX48_.png",US,https://www.amazon.com/gp/profile/amzn1.account.AHROIK4STW7E6D6N6XYFJU6DMNOA/ref=cm_cr_getr_d_gw_btm?ie=UTF8,,2024-02-01
B08PYQRD1Y,Good buy for price,Good buy but gentlemen be aware they are very revealing.,Y,,"Size: X-Large | Color: 5 Pack Black, Dark Grey, Dark Grey, Navy, Dark Green",4,0,,,,,https://www.amazon.com/gp/customer-reviews/R1V5L4P9QG8QJD/ref=cm_cr_getr_d_rvw_ttl?ie=UTF8&ASIN=B08C2Q49MR,Oscar,"https://images-na.ssl-images-amazon.com/images/S/amazon-avatars-global/default._CR0,0,1024,1024_SX48_.png",US,https://www.amazon.com/gp/profile/amzn1.account.AGUYVEG7JACF3Q6VUNX7LKQMEWPQ/ref=cm_cr_getr_d_gw_btm?ie=UTF8,,2024-01-31
B08JGBB9N1,Shorts,Gift exactly as described,Y,,"Size: Large | Color: 5 Pack Black, Black, Navy, Dark Grey, Light Grey",4,0,,,,,https://www.amazon.com/gp/customer-reviews/R1GUK7NMJF1PLT/ref=cm_cr_getr_d_rvw_ttl?ie=UTF8&ASIN=B08C2Q49MR,Amazon Customer,"https://images-na.ssl-images-amazon.com/images/S/amazon-avatars-global/default._CR0,0,1024,1024_SX48_.png",US,https://www.amazon.com/gp/profile/amzn1.account.AFA6HDTZXKMHFZUCYCBJN5FKHX3Q/ref=cm_cr_getr_d_gw_btm?ie=UTF8,,2024-01-27
B08JG3T2SY,Very thin,These are good shorts just very thin for my taste .. they are shorter than what I expected them to be but they are good for the price .. I don’t recommend them for the gym,Y,,"Size: X-Large | Color: 5 Pack Black, Black, Navy, Dark Grey, Light Grey",3,2,,,,,https://www.amazon.com/gp/customer-reviews/R2WU6HOW1CPGOQ/ref=cm_cr_getr_d_rvw_ttl?ie=UTF8&ASIN=B08C2Q49MR,Ana Guevara,"https://images-na.ssl-images-amazon.com/images/S/amazon-avatars-global/default._CR0,0,1024,1024_SX48_.png",US,https://www.amazon.com/gp/profile/amzn1.account.AEDZKH2ATLP4QMZNTXF5PE6TPALA/ref=cm_cr_getr_d_gw_btm?ie=UTF8,,2024-01-25
B08C2K4XKR,La seriedad en la entrega del pedido,Me gusto porque esta bien detallado la mercadería y la entrega fue exacta,Y,,"Size: XX-Large | Color: 3 Pack Black, Black, Dark Grey",4,0,,,,,https://www.amazon.com/gp/customer-reviews/RAL4ZE4TQ5RWY/ref=cm_cr_getr_d_rvw_ttl?ie=UTF8&ASIN=B08C2Q49MR,JEFERSON RONQUILLO CASTRO,"https://images-na.ssl-images-amazon.com/images/S/amazon-avatars-global/default._CR0,0,1024,1024_SX48_.png",US,https://www.amazon.com/gp/profile/amzn1.account.AFLB2KXMBJZFURZKIUADTNXX3TBQ/ref=cm_cr_getr_d_gw_btm?ie=UTF8,,2024-01-23
B08C27277D,A little sheer,Bought for my boyfriend he loves them grey ones are a tad sheer,Y,,"Size: Medium | Color: 3 Pack Black, Black, Dark Grey",4,0,,,,,https://www.amazon.com/gp/customer-reviews/RH6VLDSA26R4B/ref=cm_cr_getr_d_rvw_ttl?ie=UTF8&ASIN=B08C2Q49MR,Monica,"https://images-na.ssl-images-amazon.com/images/S/amazon-avatars-global/default._CR0,0,1024,1024_SX48_.png",US,https://www.amazon.com/gp/profile/amzn1.account.AFIATOC4SNWRYQ4M3N4ELDWET4RA/ref=cm_cr_getr_d_gw_btm?ie=UTF8,,2024-01-22
B08JG3T2SY,"Son cómodos y frescos, buen material.","Lo uso en el diario, en verano donde vivo hace mucho calor.",Y,,"Size: X-Large | Color: 5 Pack Black, Black, Navy, Dark Grey, Light Grey",4,0,,,,,https://www.amazon.com/gp/customer-reviews/R25PVSX3RN11P1/ref=cm_cr_getr_d_rvw_ttl?ie=UTF8&ASIN=B08C2Q49MR,Estuardo Jaime Chimpen,"https://images-na.ssl-images-amazon.com/images/S/amazon-avatars-global/default._CR0,0,1024,1024_SX48_.png",US,https://www.amazon.com/gp/profile/amzn1.account.AHQUUEJAVNPWK6ZJYMQ4GI47YOVQ/ref=cm_cr_getr_d_gw_btm?ie=UTF8,,2024-01-20
B08JGB2NFB,"Muy buenas, pero muy brillantes","Son muy buenas, la talla es correcta, es cómoda, in embargo su tela es mucho más brillante que lo que muestran las fotos, y no es tan bueno que sea tan brillante",Y,,"Size: XX-Large | Color: 7 Pack Black, Dark Grey, Light Grey, Navy, Blue, Red, Dark Green",4,0,,,,,https://www.amazon.com/gp/customer-reviews/RJC86NPU19MID/ref=cm_cr_getr_d_rvw_ttl?ie=UTF8&ASIN=B08C2Q49MR,Diego,"https://images-na.ssl-images-amazon.com/images/S/amazon-avatars-global/default._CR0,0,1024,1024_SX48_.png",US,https://www.amazon.com/gp/profile/amzn1.account.AEWYLMD2TLHOBK5DTOYMBUK2EZXQ/ref=cm_cr_getr_d_gw_btm?ie=UTF8,,2024-01-20
B08JGC1D2G,not long enough,Just a warning these are not basketball length shorts,Y,,"Size: Medium | Color: 5 Pack Black, Black, Navy, Dark Grey, Light Grey",3,0,,,,,https://www.amazon.com/gp/customer-reviews/R2HY4D4XYELTEC/ref=cm_cr_getr_d_rvw_ttl?ie=UTF8&ASIN=B08C2Q49MR,Kenneth Heffnerr,"https://images-na.ssl-images-amazon.com/images/S/amazon-avatars-global/default._CR0,0,1024,1024_SX48_.png",US,https://www.amazon.com/gp/profile/amzn1.account.AGSBNX6KDR6VBRZIQYJADJY5VHQA/ref=cm_cr_getr_d_gw_btm?ie=UTF8,,2024-01-14
B0BWQRYSCL,-Funky Material,Fits great nice airy material a little tight when sitting !,Y,,"Size: 3X-Large | Color: 5 Pack Black, Dark Grey, Dark Grey, Navy, Dark Green",3,0,,,,,https://www.amazon.com/gp/customer-reviews/R2BHWJV73G6UV1/ref=cm_cr_getr_d_rvw_ttl?ie=UTF8&ASIN=B08C2Q49MR,patrick faux,"https://images-na.ssl-images-amazon.com/images/S/amazon-avatars-global/default._CR0,0,1024,1024_SX48_.png",US,https://www.amazon.com/gp/profile/amzn1.account.AFAISDIUW5QZO3HTZE7NTD5U454Q/ref=cm_cr_getr_d_gw_btm?ie=UTF8,,2024-01-12
B08PYQRD1Y,Poor quality!!!,"Very cheap fabric -thin!
Poorly made: pockets ripped out after one washing.",Y,,"Size: X-Large | Color: 5 Pack Black, Dark Grey, Dark Grey, Navy, Dark Green",2,0,,,,,https://www.amazon.com/gp/customer-reviews/R3GLVK9WDAOVMA/ref=cm_cr_getr_d_rvw_ttl?ie=UTF8&ASIN=B08C2Q49MR,208vjd,"https://images-na.ssl-images-amazon.com/images/S/amazon-avatars-global/63445fc1-794b-4518-8736-f092092d92fb._CR0,26.0,281,281_SX48_.jpg",US,https://www.amazon.com/gp/profile/amzn1.account.AH63DUJEY6KQC7JSMUAOIP526PRQ/ref=cm_cr_getr_d_gw_btm?ie=UTF8,,2024-01-03
B08L4X87BP,The shorts are a little more flimsy that I thought they would be.,These shorts are more flimsy than I was expecting although for seven dollars each I suppose they’re not bad. I would say they’re a little more than underwear. Not sure I would buy them again.,Y,,"Size: Medium | Color: 5 Pack Black, Dark Grey, Dark Blue, Light Grey, Green",3,1,,,,,https://www.amazon.com/gp/customer-reviews/R23519MEODNHMG/ref=cm_cr_getr_d_rvw_ttl?ie=UTF8&ASIN=B08C2Q49MR,JWHow,"https://images-na.ssl-images-amazon.com/images/S/amazon-avatars-global/default._CR0,0,1024,1024_SX48_.png",US,https://www.amazon.com/gp/profile/amzn1.account.AEBUG6KJISM7LDUB2V4WX2XJK7BQ/ref=cm_cr_getr_d_gw_btm?ie=UTF8,,2023-12-30
B08C266BFB,Comfi but...,Pretty tight and hardly any difference  between LG and XLG,Y,,"Size: Large | Color: 2 Pack Black, Navy",3,1,,,,,https://www.amazon.com/gp/customer-reviews/R136AP3P6YR711/ref=cm_cr_getr_d_rvw_ttl?ie=UTF8&ASIN=B08C2Q49MR,Jeff,"https://images-na.ssl-images-amazon.com/images/S/amazon-avatars-global/default._CR0,0,1024,1024_SX48_.png",US,https://www.amazon.com/gp/profile/amzn1.account.AF7QSAMCFKKLQQP4DHPUHY3QGFUA/ref=cm_cr_getr_d_gw_btm?ie=UTF8,,2023-12-21
B08JG8DNVQ,Poor quality,"These shorts have a nice fit and look to them, but the quality is rather poor.
The stitching leaves a lot to be desired and the waist string is about to fall apart after less than uses.",,,"Size: Small | Color: 5 Pack Black, Black, Navy, Dark Grey, Light Grey",2,0,,,,,https://www.amazon.com/gp/customer-reviews/R1WCZXADVUJYZE/ref=cm_cr_getr_d_rvw_ttl?ie=UTF8&ASIN=B08C2Q49MR,LarsAnna,"https://images-na.ssl-images-amazon.com/images/S/amazon-avatars-global/961fbf24-20e8-4078-97d7-c94a0706d7b9._CR85,0,329,329_SX48_.jpg",US,https://www.amazon.com/gp/profile/amzn1.account.AHSZ54HMB6UZMFELTWURHQ22FGJQ/ref=cm_cr_getr_d_gw_btm?ie=UTF8,,2023-12-20
B08JGBB9N1,Thin material,They are comfortable but would not recommend for much besides lounge wear in private. The material is incredibly thin. A certain appendage is easily visible as an outline while standing and sitting for makes. This is worsened when working out and the material absorbs sweat.,Y,,"Size: Large | Color: 5 Pack Black, Black, Navy, Dark Grey, Light Grey",2,0,,,,,https://www.amazon.com/gp/customer-reviews/R1Y835FNGDSBWL/ref=cm_cr_getr_d_rvw_ttl?ie=UTF8&ASIN=B08C2Q49MR,Amazon Customer,"https://images-na.ssl-images-amazon.com/images/S/amazon-avatars-global/default._CR0,0,1024,1024_SX48_.png",US,https://www.amazon.com/gp/profile/amzn1.account.AHU6BABX6H24BJ43PVI775L73M3A/ref=cm_cr_getr_d_gw_btm?ie=UTF8,,2023-12-13
B08C2F2ZFN,Fell apart after one wash,"Don't buy these. All 3 pairs had loose stitching after one wash. Very cheap, not worth it.",Y,,"Size: Medium | Color: 3 Pack Black, Dark Grey, Blue",1,1,,,,,https://www.amazon.com/gp/customer-reviews/R3DGAGQFQHVB5A/ref=cm_cr_getr_d_rvw_ttl?ie=UTF8&ASIN=B08C2Q49MR,Happy Mama,"https://images-na.ssl-images-amazon.com/images/S/amazon-avatars-global/default._CR0,0,1024,1024_SX48_.png",US,https://www.amazon.com/gp/profile/amzn1.account.AEQLFLPJ6HDBBFNTCUY6RNFR3E3A/ref=cm_cr_getr_d_gw_btm?ie=UTF8,,2023-12-12
B08L4X6T2V,Too small,They run small,Y,,"Size: X-Large | Color: 5 Pack Black, Dark Grey, Dark Blue, Milddle Blue, Army Green",1,1,,,,,https://www.amazon.com/gp/customer-reviews/R1QML5V0DFFELB/ref=cm_cr_getr_d_rvw_ttl?ie=UTF8&ASIN=B08C2Q49MR,Stitch,"https://images-na.ssl-images-amazon.com/images/S/amazon-avatars-global/default._CR0,0,1024,1024_SX48_.png",US,https://www.amazon.com/gp/profile/amzn1.account.AGKUEEGBSNHGYN3J7QOCGQPM2GBQ/ref=cm_cr_getr_d_gw_btm?ie=UTF8,,2023-12-11
B08C28MML2,Not the best but good for the house,These are fine. Not great but fine if you are using to hang around the house. Kind of thin and only 2 pockets.  They are also very shiny.,Y,,"Size: X-Large | Color: 5 Pack Black, Navy, Blue, Dark Grey, Light Grey",3,1,,,,,https://www.amazon.com/gp/customer-reviews/R33XU5UG5JM1UP/ref=cm_cr_getr_d_rvw_ttl?ie=UTF8&ASIN=B08C2Q49MR,Fatty McDonut,"https://images-na.ssl-images-amazon.com/images/S/amazon-avatars-global/0ecbbda9-de56-47c4-b2bb-eeb188376ed7._CR0,0,500,500_SX48_.jpg",US,https://www.amazon.com/gp/profile/amzn1.account.AFEDWJTREDYPDM5SJ3E5FDN7IEBA/ref=cm_cr_getr_d_gw_btm?ie=UTF8,,2023-12-07
B08C291LRW,Small for size,Didn’t fit me so I gave them to my son,Y,,"Size: Large | Color: 5 Pack Black, Navy, Blue, Dark Grey, Light Grey",2,0,,,,,https://www.amazon.com/gp/customer-reviews/R3BFCN8GF5OLMZ/ref=cm_cr_getr_d_rvw_ttl?ie=UTF8&ASIN=B08C2Q49MR,Bobby,"https://images-na.ssl-images-amazon.com/images/S/amazon-avatars-global/default._CR0,0,1024,1024_SX48_.png",US,https://www.amazon.com/gp/profile/amzn1.account.AGI5IXHQAXIX7Q3Y6UZGYJZPTHXA/ref=cm_cr_getr_d_gw_btm?ie=UTF8,,2023-12-06
B08C24KLXH,Quality is horrible,This is the most inaccurate advertisement ever DO NOT BUY. Super thin huge short comes in a pack from SHEIN or like Temu it’s horrible again DO NOT BUY RETURNING IMMEDIATELY,Y,,"Size: XX-Large | Color: 3 Pack Black, Navy, Light Grey",1,2,,,,,https://www.amazon.com/gp/customer-reviews/R11LF6XLPQMG6X/ref=cm_cr_getr_d_rvw_ttl?ie=UTF8&ASIN=B08C2Q49MR,Charvae B Essix,"https://images-na.ssl-images-amazon.com/images/S/amazon-avatars-global/default._CR0,0,1024,1024_SX48_.png",US,https://www.amazon.com/gp/profile/amzn1.account.AHWH4XM65F726OG5K4B6PRCWQULA/ref=cm_cr_getr_d_gw_btm?ie=UTF8,,2023-12-02
B08JGC1D2G,Very thin material,Material too thin. Would only work layered over bicycle shorts in public or just to sleep in,Y,,"Size: Medium | Color: 5 Pack Black, Black, Navy, Dark Grey, Light Grey",2,0,,,,,https://www.amazon.com/gp/customer-reviews/R3TMW2UHFO4E0Q/ref=cm_cr_getr_d_rvw_ttl?ie=UTF8&ASIN=B08C2Q49MR,Janet R Geisler,"https://images-na.ssl-images-amazon.com/images/S/amazon-avatars-global/default._CR0,0,1024,1024_SX48_.png",US,https://www.amazon.com/gp/profile/amzn1.account.AGN4P7KSCDBYS2TZGFSHVUNAHXMQ/ref=cm_cr_getr_d_gw_btm?ie=UTF8,,2023-12-02
B08C24YSMP,Too short too sheer,Very short and I’m only 5’10”. Very thin sheet material,Y,,"Size: Large | Color: 3 Pack Black, Navy, Light Grey",2,0,,,,,https://www.amazon.com/gp/customer-reviews/R3VYZCKWIM9IVO/ref=cm_cr_getr_d_rvw_ttl?ie=UTF8&ASIN=B08C2Q49MR,Mr & Mrs,"https://images-na.ssl-images-amazon.com/images/S/amazon-avatars-global/default._CR0,0,1024,1024_SX48_.png",US,https://www.amazon.com/gp/profile/amzn1.account.AFZLOHIFH44PUBUAMECAXEO6FNIQ/ref=cm_cr_getr_d_gw_btm?ie=UTF8,,2023-11-30
B08JGB2NFB,They are see-through,Literally unrolled one and you can see right through them.,Y,,"Size: XX-Large | Color: 7 Pack Black, Dark Grey, Light Grey, Navy, Blue, Red, Dark Green",1,1,,,,,https://www.amazon.com/gp/customer-reviews/R21EDZ1JX4P21E/ref=cm_cr_getr_d_rvw_ttl?ie=UTF8&ASIN=B08C2Q49MR,Tina Kieu,"https://images-na.ssl-images-amazon.com/images/S/amazon-avatars-global/default._CR0,0,1024,1024_SX48_.png",US,https://www.amazon.com/gp/profile/amzn1.account.AEMM4GNCTIKHAU76EGYML3XNEI2A/ref=cm_cr_getr_d_gw_btm?ie=UTF8,,2023-11-28
B08JGBB9N1,Thin,Extremely thin. Feels like you’re wearing toilet paper.,Y,,"Size: Large | Color: 5 Pack Black, Black, Navy, Dark Grey, Light Grey",1,1,,,,,https://www.amazon.com/gp/customer-reviews/R193KKAVOLP4YP/ref=cm_cr_getr_d_rvw_ttl?ie=UTF8&ASIN=B08C2Q49MR,Amazon Customer,"https://images-na.ssl-images-amazon.com/images/S/amazon-avatars-global/default._CR0,0,1024,1024_SX48_.png",US,https://www.amazon.com/gp/profile/amzn1.account.AHASOZJ2RDGCGLDYJM5OHUBMPCPA/ref=cm_cr_getr_d_gw_btm?ie=UTF8,,2023-11-27
B08JGBB9N1,Poor assembly,"The shorts look nice on arrival, but the stitching starts falling apart on the first use. I thought the first pair was a fluke, but it happened with three different shorts. Disappointing.",Y,,"Size: Large | Color: 5 Pack Black, Black, Navy, Dark Grey, Light Grey",1,2,,,,,https://www.amazon.com/gp/customer-reviews/R2DQTYMNSM9GJX/ref=cm_cr_getr_d_rvw_ttl?ie=UTF8&ASIN=B08C2Q49MR,Charles Dorner,"https://images-na.ssl-images-amazon.com/images/S/amazon-avatars-global/223bcf3a-29ed-4060-8ba2-5f3d6ec1eb01._CR0,0,2320,2320_SX48_.jpg",US,https://www.amazon.com/gp/profile/amzn1.account.AHGCNO27KKKWCJDSSBBUOHOISW5A/ref=cm_cr_getr_d_gw_btm?ie=UTF8,,2023-11-22
B08C2LZ7JK,Buyer beware,These run small. 3 of mine are already coming apart (less than a month of wear). Pockets are barely big enough to get my hands in them and not very deep. My keys keep falling out when i drive and jog. Only thing good is the price.,Y,,"Size: XX-Large | Color: 5 Pack Black, Navy, Blue, Dark Grey, Light Grey",2,1,,,,,https://www.amazon.com/gp/customer-reviews/RBFS5AC3KL0N0/ref=cm_cr_getr_d_rvw_ttl?ie=UTF8&ASIN=B08C2Q49MR,R.O.,"https://images-na.ssl-images-amazon.com/images/S/amazon-avatars-global/default._CR0,0,1024,1024_SX48_.png",US,https://www.amazon.com/gp/profile/amzn1.account.AERI25BHZGXRAJSXJ3IAT7FKAP7Q/ref=cm_cr_getr_d_gw_btm?ie=UTF8,,2023-11-15
B0BWQRYSCL,Very thin,"Sizing runs small, . Material very thin. I will use these around the house, yard work, washing the truck, not so much for errands, gym, or sports.",Y,,"Size: 3X-Large | Color: 5 Pack Black, Dark Grey, Dark Grey, Navy, Dark Green",3,0,,,,,https://www.amazon.com/gp/customer-reviews/R3VHFY2JG6GMW8/ref=cm_cr_getr_d_rvw_ttl?ie=UTF8&ASIN=B08C2Q49MR,Mike Charlie,"https://images-na.ssl-images-amazon.com/images/S/amazon-avatars-global/default._CR0,0,1024,1024_SX48_.png",US,https://www.amazon.com/gp/profile/amzn1.account.AFYEWG74QMHAKQIJMZ2H7BZC6RJQ/ref=cm_cr_getr_d_gw_btm?ie=UTF8,,2023-10-28
B08C27277D,Super thin and too short,"The shorts are too thin. If you are looking for ultra lightweight almost see-through shorts, then these are for you.",Y,,"Size: Medium | Color: 3 Pack Black, Black, Dark Grey",2,0,,,,,https://www.amazon.com/gp/customer-reviews/R1QVWQWE4D98WI/ref=cm_cr_getr_d_rvw_ttl?ie=UTF8&ASIN=B08C2Q49MR,lucidInc,"https://images-na.ssl-images-amazon.com/images/S/amazon-avatars-global/default._CR0,0,1024,1024_SX48_.png",US,https://www.amazon.com/gp/profile/amzn1.account.AE6SZUPCRKY7E7LMCGX6CYIT6YNA/ref=cm_cr_getr_d_gw_btm?ie=UTF8,,2023-10-25
B08PYNVKW1,They are ok,Just ok..,Y,,"Size: XX-Large | Color: 5 Pack Black, Dark Grey, Dark Grey, Navy, Dark Green",3,0,,,,,https://www.amazon.com/gp/customer-reviews/R2MXUB7VHWPP22/ref=cm_cr_getr_d_rvw_ttl?ie=UTF8&ASIN=B08C2Q49MR,redant751,"https://images-na.ssl-images-amazon.com/images/S/amazon-avatars-global/b22f8bc3-f4b4-4048-add4-91e70856f21f._CR0,0,100,100_UX110_.png",US,https://www.amazon.com/gp/profile/amzn1.account.AFWLDVVAC4B5QWOJYQRJGBKER6NA/ref=cm_cr_getr_d_gw_btm?ie=UTF8,,2023-10-25
B08JGC1D2G,Too thin,Anyone can see your junk when wearing these in any color.,Y,,"Size: Medium | Color: 5 Pack Black, Black, Navy, Dark Grey, Light Grey",2,0,,,,,https://www.amazon.com/gp/customer-reviews/R3V9YGF0DBI07X/ref=cm_cr_getr_d_rvw_ttl?ie=UTF8&ASIN=B08C2Q49MR,Jim,"https://images-na.ssl-images-amazon.com/images/S/amazon-avatars-global/default._CR0,0,1024,1024_SX48_.png",US,https://www.amazon.com/gp/profile/amzn1.account.AGOZUNBJNUH7Y33NQQ2CBNBG3X7A/ref=cm_cr_getr_d_gw_btm?ie=UTF8,,2023-10-21
B08C28MML2,very thin fabric,"Much more thin than I anticipated. otherwise, comfy",Y,,"Size: X-Large | Color: 5 Pack Black, Navy, Blue, Dark Grey, Light Grey",3,0,,,,,https://www.amazon.com/gp/customer-reviews/R1V2WO1UW35E1N/ref=cm_cr_getr_d_rvw_ttl?ie=UTF8&ASIN=B08C2Q49MR,Kathy,"https://images-na.ssl-images-amazon.com/images/S/amazon-avatars-global/default._CR0,0,1024,1024_SX48_.png",US,https://www.amazon.com/gp/profile/amzn1.account.AGP2VJQKETMDBSMYLBLUYYGLIDTQ/ref=cm_cr_getr_d_gw_btm?ie=UTF8,,2023-10-21
B0BWQSDNZ6,Smaller than advertised.,Not a true 3X.,Y,,"Size: 3X-Large | Color: 7 Pack Black, Dark Grey, Light Grey, Navy, Blue, Red, Dark Green",2,0,,,,,https://www.amazon.com/gp/customer-reviews/R3MFGVVGXJHVO7/ref=cm_cr_getr_d_rvw_ttl?ie=UTF8&ASIN=B08C2Q49MR,Brian Evers McGee,"https://images-na.ssl-images-amazon.com/images/S/amazon-avatars-global/default._CR0,0,1024,1024_SX48_.png",US,https://www.amazon.com/gp/profile/amzn1.account.AEPVQ4TGJ7AVWYS2HZA2EKYNZTZA/ref=cm_cr_getr_d_gw_btm?ie=UTF8,,2023-10-20
B0BWQMXHMR,Soft and silky feeling but thin,Mid shorts,Y,,"Size: 3X-Large | Color: 5 Pack Black, Black, Navy, Dark Grey, Light Grey",3,0,,,,,https://www.amazon.com/gp/customer-reviews/R1VA4J877XGSPK/ref=cm_cr_getr_d_rvw_ttl?ie=UTF8&ASIN=B08C2Q49MR,Aubriana Neilsen,"https://images-na.ssl-images-amazon.com/images/S/amazon-avatars-global/default._CR0,0,1024,1024_SX48_.png",US,https://www.amazon.com/gp/profile/amzn1.account.AHS5H5HU75FIOGEPQPABN2CJXDWQ/ref=cm_cr_getr_d_gw_btm?ie=UTF8,,2023-10-20
B0BWQRRR3X,Go a Size Up from what you normally get!,"The shorts are nice, but I was looking for something that went to the knees. I like longer shorts. I thought these would be it based on the photos but they aren't. I should say though I am not your average sized human, I am 6ft 8in tall. If you're well endowed, you won't leave much to the imagination in these. So careful where you wear them! Great for lounging around the house though. Love them!",Y,,"Size: 3X-Large | Color: 5 Pack Black, Navy, Blue, Dark Grey, Light Grey",3,1,,,,,https://www.amazon.com/gp/customer-reviews/R2I42EX9JT7UEO/ref=cm_cr_getr_d_rvw_ttl?ie=UTF8&ASIN=B08C2Q49MR,Chris C.,"https://images-na.ssl-images-amazon.com/images/S/amazon-avatars-global/default._CR0,0,1024,1024_SX48_.png",US,https://www.amazon.com/gp/profile/amzn1.account.AHAFPAPNJEICLS6BJOER3RAPHMFA/ref=cm_cr_getr_d_gw_btm?ie=UTF8,,2023-10-17
B08L4X623C,Much better stuff out there.,"The colors you're seeing aren't what you're getting. Cheap and does the job, but leaves much wanted.",Y,,"Size: Medium | Color: 5 Pack Black, Dark Grey, Dark Blue, Milddle Blue, Army Green",3,0,,,,,https://www.amazon.com/gp/customer-reviews/R15U4UXNBKY7VK/ref=cm_cr_getr_d_rvw_ttl?ie=UTF8&ASIN=B08C2Q49MR,David,"https://images-na.ssl-images-amazon.com/images/S/amazon-avatars-global/default._CR0,0,1024,1024_SX48_.png",US,https://www.amazon.com/gp/profile/amzn1.account.AF2EJ5QGZTRKY27UTQ7EQTLFORDA/ref=cm_cr_getr_d_gw_btm?ie=UTF8,,2023-10-14
B08JGBB9N1,"Uncomfortable, cheap material",I'd suggest spending the extra little bit to get something you'll actually be comfortable in. Ended up swapping these out from AND1 shorts.,Y,,"Size: Large | Color: 5 Pack Black, Black, Navy, Dark Grey, Light Grey",2,1,,,,,https://www.amazon.com/gp/customer-reviews/RMKE3Q87REHHE/ref=cm_cr_getr_d_rvw_ttl?ie=UTF8&ASIN=B08C2Q49MR,Zachary F.,"https://images-na.ssl-images-amazon.com/images/S/amazon-avatars-global/default._CR0,0,1024,1024_SX48_.png",US,https://www.amazon.com/gp/profile/amzn1.account.AG45SIAPAZJPLCTM7QFB7TC56OAQ/ref=cm_cr_getr_d_gw_btm?ie=UTF8,,2023-10-13
B08L4XD1JB,Not deep pockets,"I initially ordered a set of colors our this same collection and they were perfect, good quality with deep pockets, so decided to order another set of different colors and guess what even they are the same collection /group/list they are not deep pocket and that is how I lost my wallet yesterday.",Y,,"Size: Large | Color: 5 Pack Black, Dark Grey, Dark Blue, Light Grey, Green",1,2,,,,,https://www.amazon.com/gp/customer-reviews/R2LN052AG8QMVB/ref=cm_cr_getr_d_rvw_ttl?ie=UTF8&ASIN=B08C2Q49MR,Gilber,"https://images-na.ssl-images-amazon.com/images/S/amazon-avatars-global/default._CR0,0,1024,1024_SX48_.png",US,https://www.amazon.com/gp/profile/amzn1.account.AE4ITFY7CSSV7SFFCFZJ3P3AILPA/ref=cm_cr_getr_d_gw_btm?ie=UTF8,,2023-10-12
B08C28MML2,COMPLETELY SEE THROUGH,I bought these shorts for my son for wrestling season workouts.  They are COMPLETELY SEE THROUGH.  They are so thin.  Do not buy.,Y,,"Size: X-Large | Color: 5 Pack Black, Navy, Blue, Dark Grey, Light Grey",1,1,,,,,https://www.amazon.com/gp/customer-reviews/R1LMHVO9QKNKD6/ref=cm_cr_getr_d_rvw_ttl?ie=UTF8&ASIN=B08C2Q49MR,K b,"https://images-na.ssl-images-amazon.com/images/S/amazon-avatars-global/default._CR0,0,1024,1024_SX48_.png",US,https://www.amazon.com/gp/profile/amzn1.account.AE4G4CB76R52RNEDQQT6QOKLKZNA/ref=cm_cr_getr_d_gw_btm?ie=UTF8,,2023-10-05
B08PYQRD1Y,Disappointed,Not impressed with the quality of product,Y,,"Size: X-Large | Color: 5 Pack Black, Dark Grey, Dark Grey, Navy, Dark Green",2,0,,,,,https://www.amazon.com/gp/customer-reviews/R9EPUOCS28WGS/ref=cm_cr_getr_d_rvw_ttl?ie=UTF8&ASIN=B08C2Q49MR,Paul Donahue,"https://images-na.ssl-images-amazon.com/images/S/amazon-avatars-global/default._CR0,0,1024,1024_SX48_.png",US,https://www.amazon.com/gp/profile/amzn1.account.AGVZUFQYP3JLZVOAQXDMANHJ6ZMA/ref=cm_cr_getr_d_gw_btm?ie=UTF8,,2023-10-01
B08JGC1D2G,Poor quality,"I received these shorts and sent them back the same day. One leg on one pair, the one leg was 2” inches shorter than the other leg.
Another pair the back of the shorts was much longer on the backside than the front.",Y,,"Size: Medium | Color: 5 Pack Black, Black, Navy, Dark Grey, Light Grey",3,1,,,,,https://www.amazon.com/gp/customer-reviews/R1G1K1G2B7WKVN/ref=cm_cr_getr_d_rvw_ttl?ie=UTF8&ASIN=B08C2Q49MR,Idesign,"https://images-na.ssl-images-amazon.com/images/S/amazon-avatars-global/default._CR0,0,1024,1024_SX48_.png",US,https://www.amazon.com/gp/profile/amzn1.account.AGDNPTIPAFIFPM3AHKVZY547SVYQ/ref=cm_cr_getr_d_gw_btm?ie=UTF8,,2023-09-30
B08C29X77C,Not to true size,"Not slim,legs are very wide, can not wear without wearing compression shorts under these",Y,,"Size: Small | Color: 2 Pack Black, Dark Grey",2,0,,,,,https://www.amazon.com/gp/customer-reviews/R3REW6UIAFAHNG/ref=cm_cr_getr_d_rvw_ttl?ie=UTF8&ASIN=B08C2Q49MR,Keith,"https://images-na.ssl-images-amazon.com/images/S/amazon-avatars-global/default._CR0,0,1024,1024_SX48_.png",US,https://www.amazon.com/gp/profile/amzn1.account.AENEXXVPX7TAUUIZCBWTBHMOCSOQ/ref=cm_cr_getr_d_gw_btm?ie=UTF8,,2023-09-23
B08C2N55W8,Not too good,They got holes in the pockets very quickly.  Some raveling after washed only once..,Y,,"Size: X-Large | Color: 3 Pack Black, Dark Grey, Blue",2,0,,,,,https://www.amazon.com/gp/customer-reviews/R1N2KHC2KZGLOR/ref=cm_cr_getr_d_rvw_ttl?ie=UTF8&ASIN=B08C2Q49MR,Sandi Bratcher,"https://images-na.ssl-images-amazon.com/images/S/amazon-avatars-global/default._CR0,0,1024,1024_SX48_.png",US,https://www.amazon.com/gp/profile/amzn1.account.AGV4OLACLLT7C3HCTHT42X3YFW7A/ref=cm_cr_getr_d_gw_btm?ie=UTF8,,2023-09-20
B0BWQSDNZ6,DO NOT BUY NOT WORTH YOUR MONEY,These shorts are not worth your money for one there to tight and the material are easy torn,Y,,"Size: 3X-Large | Color: 7 Pack Black, Dark Grey, Light Grey, Navy, Blue, Red, Dark Green",1,1,,,,,https://www.amazon.com/gp/customer-reviews/R2363KP4LHJNE9/ref=cm_cr_getr_d_rvw_ttl?ie=UTF8&ASIN=B08C2Q49MR,Michael crawell,"https://images-na.ssl-images-amazon.com/images/S/amazon-avatars-global/default._CR0,0,1024,1024_SX48_.png",US,https://www.amazon.com/gp/profile/amzn1.account.AEH2RQTTLBJME4MQCTOOXMJS2A2Q/ref=cm_cr_getr_d_gw_btm?ie=UTF8,,2023-09-19
B08L4XD1JB,Too small,Followed the size chart and they’re way too small. Very thin fabric.,Y,,"Size: Large | Color: 5 Pack Black, Dark Grey, Dark Blue, Light Grey, Green",2,0,,,,,https://www.amazon.com/gp/customer-reviews/R1TTRO1E2F6E8H/ref=cm_cr_getr_d_rvw_ttl?ie=UTF8&ASIN=B08C2Q49MR,mary,"https://images-na.ssl-images-amazon.com/images/S/amazon-avatars-global/default._CR0,0,1024,1024_SX48_.png",US,https://www.amazon.com/gp/profile/amzn1.account.AHDYBG7V3VR7P3ASBSUI6XIHRESQ/ref=cm_cr_getr_d_gw_btm?ie=UTF8,,2023-09-19
B08C28MML2,Lightweight,These are decent shirts for my husband. My only concern is how they will wear longevity wise as they are very lightweight. Sizing is a little small for an XL.,Y,,"Size: X-Large | Color: 5 Pack Black, Navy, Blue, Dark Grey, Light Grey",3,0,,,,,https://www.amazon.com/gp/customer-reviews/R1C5QTXYK2SOE1/ref=cm_cr_getr_d_rvw_ttl?ie=UTF8&ASIN=B08C2Q49MR,Kristine K.,"https://images-na.ssl-images-amazon.com/images/S/amazon-avatars-global/default._CR0,0,1024,1024_SX48_.png",US,https://www.amazon.com/gp/profile/amzn1.account.AGNTIZZWI4SGCW4PLIONIRE7KHYQ/ref=cm_cr_getr_d_gw_btm?ie=UTF8,,2023-09-15
B08JG3T2SY,They run small,They run small. I am a large (38 waist) and these are not tight but snug,Y,,"Size: X-Large | Color: 5 Pack Black, Black, Navy, Dark Grey, Light Grey",3,0,,,,,https://www.amazon.com/gp/customer-reviews/R1EO4FYR499VJY/ref=cm_cr_getr_d_rvw_ttl?ie=UTF8&ASIN=B08C2Q49MR,aisha davis,"https://images-na.ssl-images-amazon.com/images/S/amazon-avatars-global/default._CR0,0,1024,1024_SX48_.png",US,https://www.amazon.com/gp/profile/amzn1.account.AGBP5OFBPJS4CQWJHN5NMLEA4I5Q/ref=cm_cr_getr_d_gw_btm?ie=UTF8,,2023-09-15
B08JGBB9N1,Disgusting and stink,I’ve worn three pairs of them over the last month and even after washing them several times they stink. I still have poly blend shorts that I’ve had for years and they don’t smell like this.,Y,,"Size: Large | Color: 5 Pack Black, Black, Navy, Dark Grey, Light Grey",1,1,,,,,https://www.amazon.com/gp/customer-reviews/R14NWYFOQD48OU/ref=cm_cr_getr_d_rvw_ttl?ie=UTF8&ASIN=B08C2Q49MR,Old Greg,"https://images-na.ssl-images-amazon.com/images/S/amazon-avatars-global/default._CR0,0,1024,1024_SX48_.png",US,https://www.amazon.com/gp/profile/amzn1.account.AGFUPGI45JY3MCQVGYQ6VW4P7YAQ/ref=cm_cr_getr_d_gw_btm?ie=UTF8,,2023-09-14
B0BWQMXHMR,Ran a little short,Good quality but runs a little small. Buy a size up from what you need.,Y,,"Size: 3X-Large | Color: 5 Pack Black, Black, Navy, Dark Grey, Light Grey",3,0,,,,,https://www.amazon.com/gp/customer-reviews/R2RU8PZRJ8DEJW/ref=cm_cr_getr_d_rvw_ttl?ie=UTF8&ASIN=B08C2Q49MR,Tony Stark,"https://images-na.ssl-images-amazon.com/images/S/amazon-avatars-global/default._CR0,0,1024,1024_SX48_.png",US,https://www.amazon.com/gp/profile/amzn1.account.AF4ET6SKUUORJ2COLLW6UTO6G62A/ref=cm_cr_getr_d_gw_btm?ie=UTF8,,2023-09-08
B08C291LRW,Not long,Not anymore long than shorts iv got before. Well made but add said long Wrong!!,,,"Size: Large | Color: 5 Pack Black, Navy, Blue, Dark Grey, Light Grey",3,0,,,,,https://www.amazon.com/gp/customer-reviews/R1OVCXK7PIQSMA/ref=cm_cr_getr_d_rvw_ttl?ie=UTF8&ASIN=B08C2Q49MR,gb,"https://images-na.ssl-images-amazon.com/images/S/amazon-avatars-global/default._CR0,0,1024,1024_SX48_.png",US,https://www.amazon.com/gp/profile/amzn1.account.AGAAZR2TVSHGIOUIKSZM5BWA7AKQ/ref=cm_cr_getr_d_gw_btm?ie=UTF8,,2023-09-06
B08JG3T2SY,Good value,Not the highest quality but passable,Y,,"Size: X-Large | Color: 5 Pack Black, Black, Navy, Dark Grey, Light Grey",3,0,,,,,https://www.amazon.com/gp/customer-reviews/R3N0PW4NXVZVZP/ref=cm_cr_getr_d_rvw_ttl?ie=UTF8&ASIN=B08C2Q49MR,MotoTim,"https://images-na.ssl-images-amazon.com/images/S/amazon-avatars-global/default._CR0,0,1024,1024_SX48_.png",US,https://www.amazon.com/gp/profile/amzn1.account.AEMRTSELSLDRXUO4DZ7OLWAYPOWQ/ref=cm_cr_getr_d_gw_btm?ie=UTF8,,2023-09-03
B08JGHDWNP,Size is too small. Do not believe the sizes in the description,Do not believe the size information in the ad. It's too small.,,,"Size: XX-Large | Color: 5 Pack Black, Black, Navy, Dark Grey, Light Grey",1,0,,,,,https://www.amazon.com/gp/customer-reviews/R3Q5YV420QYZWK/ref=cm_cr_getr_d_rvw_ttl?ie=UTF8&ASIN=B08C2Q49MR,Jason,"https://images-na.ssl-images-amazon.com/images/S/amazon-avatars-global/default._CR0,0,1024,1024_SX48_.png",US,https://www.amazon.com/gp/profile/amzn1.account.AHL4CUD4NFYJMGWLZUEKXRKG2KDQ/ref=cm_cr_getr_d_gw_btm?ie=UTF8,,2023-09-01
B08JG3T2SY,Wrong fabric—my bad!,"Thought I was ordering cotton; seems I didn’t read the details. I hate the rayon feel of these shorts, but it’s hardly the fault of the manufacturers.",Y,,"Size: X-Large | Color: 5 Pack Black, Black, Navy, Dark Grey, Light Grey",3,0,,,,,https://www.amazon.com/gp/customer-reviews/RZNLLW38WE87A/ref=cm_cr_getr_d_rvw_ttl?ie=UTF8&ASIN=B08C2Q49MR,B. L. Tapley,"https://images-na.ssl-images-amazon.com/images/S/amazon-avatars-global/default._CR0,0,1024,1024_SX48_.png",US,https://www.amazon.com/gp/profile/amzn1.account.AHNSDWD7CAZCG3FLV4AEXLLYNCKQ/ref=cm_cr_getr_d_gw_btm?ie=UTF8,,2023-09-01
B08JGC1D2G,Fits on the Small Size,I purchased a 42-44 set of shorts. I wear a 44 waist normally. The shorts were incredibly tight and unwearable for me. If I were to reorder these shorts I would order one size larger for a better fit. My concern is that the shorts might then be a hair too large.,Y,,"Size: Medium | Color: 5 Pack Black, Black, Navy, Dark Grey, Light Grey",3,0,,,,,https://www.amazon.com/gp/customer-reviews/R2OMWIN4SEMT4V/ref=cm_cr_getr_d_rvw_ttl?ie=UTF8&ASIN=B08C2Q49MR,Michael B,"https://images-na.ssl-images-amazon.com/images/S/amazon-avatars-global/default._CR0,0,1024,1024_SX48_.png",US,https://www.amazon.com/gp/profile/amzn1.account.AHRLO3VJJB73PR2FQCGY2QHSMABQ/ref=cm_cr_getr_d_gw_btm?ie=UTF8,,2023-09-01
B08JGL9H1X,Ok for the price,"The are very thin, you can see thru the fabric.",Y,,"Size: X-Large | Color: 7 Pack Black, Dark Grey, Light Grey, Navy, Blue, Red, Dark Green",3,0,,,,,https://www.amazon.com/gp/customer-reviews/R3E2H7TU4DS4RU/ref=cm_cr_getr_d_rvw_ttl?ie=UTF8&ASIN=B08C2Q49MR,Deshanda R Goss,"https://images-na.ssl-images-amazon.com/images/S/amazon-avatars-global/default._CR0,0,1024,1024_SX48_.png",US,https://www.amazon.com/gp/profile/amzn1.account.AHDCL7DPWT7ZMPHYI4ORPCUUPZLA/ref=cm_cr_getr_d_gw_btm?ie=UTF8,,2023-08-30
B08JGBB9N1,Poor quality,Purchased these to lounge around the house in and the seems are tearing. I’ve only had them several months. I would not recommend buying them.,Y,,"Size: Large | Color: 5 Pack Black, Black, Navy, Dark Grey, Light Grey",1,1,,,,,https://www.amazon.com/gp/customer-reviews/R14DSM87VH3PDA/ref=cm_cr_getr_d_rvw_ttl?ie=UTF8&ASIN=B08C2Q49MR,Kayla,"https://images-na.ssl-images-amazon.com/images/S/amazon-avatars-global/default._CR0,0,1024,1024_SX48_.png",US,https://www.amazon.com/gp/profile/amzn1.account.AEDL44SVAPBOCSJIAAJFRRS5DBDQ/ref=cm_cr_getr_d_gw_btm?ie=UTF8,,2023-08-28
B08JGBB9N1,Sheer,These shorts are see through.,Y,,"Size: Large | Color: 5 Pack Black, Black, Navy, Dark Grey, Light Grey",2,0,,,,,https://www.amazon.com/gp/customer-reviews/R3KC6LGOLZ63WK/ref=cm_cr_getr_d_rvw_ttl?ie=UTF8&ASIN=B08C2Q49MR,Me and Mom,"https://images-na.ssl-images-amazon.com/images/S/amazon-avatars-global/default._CR0,0,1024,1024_SX48_.png",US,https://www.amazon.com/gp/profile/amzn1.account.AHYPFVIGFFDRX6VELAXAEEPJOU5A/ref=cm_cr_getr_d_gw_btm?ie=UTF8,,2023-08-28
B08C2HBGDC,Elastic is too tight,"I like everything about these shorts except the waist band is heavy duty and too tight, to the point of being uncomfortable.  Other than that the shorts fit fine",Y,,"Size: Medium | Color: 2 Pack Black, Navy",2,0,,,,,https://www.amazon.com/gp/customer-reviews/R3TVBM6TW0SCJ4/ref=cm_cr_getr_d_rvw_ttl?ie=UTF8&ASIN=B08C2Q49MR,D. Peters,"https://images-na.ssl-images-amazon.com/images/S/amazon-avatars-global/default._CR0,0,1024,1024_SX48_.png",US,https://www.amazon.com/gp/profile/amzn1.account.AE7UNZRKQPUHVCSTFPQOM4CKH73A/ref=cm_cr_getr_d_gw_btm?ie=UTF8,,2023-08-25
B08JGC1D2G,"Tight, maybe size up?",I got this for my partner who is skinny. The waist band is surprisingly too tight for comfort. It’s decently long but I’m afraid that going up a size or two may make it too long for what I want. It’s a shame since the material looks and feels cool.,Y,,"Size: Medium | Color: 5 Pack Black, Black, Navy, Dark Grey, Light Grey",3,0,,,,,https://www.amazon.com/gp/customer-reviews/RECT5J4R9DC8H/ref=cm_cr_getr_d_rvw_ttl?ie=UTF8&ASIN=B08C2Q49MR,Nancy,"https://images-na.ssl-images-amazon.com/images/S/amazon-avatars-global/default._CR0,0,1024,1024_SX48_.png",US,https://www.amazon.com/gp/profile/amzn1.account.AEHOTIADUHZ6CMAYWFPFVWSWLP4Q/ref=cm_cr_getr_d_gw_btm?ie=UTF8,,2023-08-24
B08C2CW11V,Too thin,The material in these shorts is way too thin. It reminds me of ultralight nylon running shorts or women's lingerie. Not what I was looking for to workout in. These might me okay for running but the legs may be too long for that. I could not return these because Amazon delivers them in an ordinary zip lock bag. No box; no outer shipping envelope.,Y,,"Size: X-Large | Color: 2 Pack Black, Dark Grey",1,2,,,,,https://www.amazon.com/gp/customer-reviews/R1EICWGWAM7SY2/ref=cm_cr_getr_d_rvw_ttl?ie=UTF8&ASIN=B08C2Q49MR,Amazon Shopper,"https://images-na.ssl-images-amazon.com/images/S/amazon-avatars-global/9131970d-f064-4069-9df8-6da4c0cc9647._CR0,0,300,300_SX48_.jpg",US,https://www.amazon.com/gp/profile/amzn1.account.AE42FRP7LNLHHPGDRUGOE6TD5EUA/ref=cm_cr_getr_d_gw_btm?ie=UTF8,,2023-08-22
B08C2BQ8H6,Thin/see through,Thin/see through. You can see the color underwear through them.,Y,,Size: XX-Large | Color: Black,2,0,,,,,https://www.amazon.com/gp/customer-reviews/R1E9W9DAKKAFLF/ref=cm_cr_getr_d_rvw_ttl?ie=UTF8&ASIN=B08C2Q49MR,AMRICE,"https://images-na.ssl-images-amazon.com/images/S/amazon-avatars-global/default._CR0,0,1024,1024_SX48_.png",US,https://www.amazon.com/gp/profile/amzn1.account.AH65LNCBIRQ3YGPYMAWMEW3AZDYA/ref=cm_cr_getr_d_gw_btm?ie=UTF8,,2023-08-22
B0BWQSQ79K,they are ok as aspected,They ar that what I wanted. nice and simple shorts,Y,,"Size: 3X-Large | Color: 3 Pack Black, Black, Dark Grey",3,0,,,,,https://www.amazon.com/gp/customer-reviews/RMHMKAZOCSRM1/ref=cm_cr_getr_d_rvw_ttl?ie=UTF8&ASIN=B08C2Q49MR,Robert,"https://images-na.ssl-images-amazon.com/images/S/amazon-avatars-global/default._CR0,0,1024,1024_SX48_.png",US,https://www.amazon.com/gp/profile/amzn1.account.AEWBB5AUOOHSB5Q6I3K6MT3JLOUA/ref=cm_cr_getr_d_gw_btm?ie=UTF8,,2023-08-22
B08C28MML2,Good enough. Not great.,"They run small. The pockets are sewn and located in such a fashion that access is annoyingly difficult, but not an insurmountable obstacle.",Y,,"Size: X-Large | Color: 5 Pack Black, Navy, Blue, Dark Grey, Light Grey",3,0,,,,,https://www.amazon.com/gp/customer-reviews/R1ZEIJ93AY2XBR/ref=cm_cr_getr_d_rvw_ttl?ie=UTF8&ASIN=B08C2Q49MR,Jen DeBouver,"https://images-na.ssl-images-amazon.com/images/S/amazon-avatars-global/default._CR0,0,1024,1024_SX48_.png",US,https://www.amazon.com/gp/profile/amzn1.account.AERNNRXUTTYTJFVAEF5CZ63GUGEA/ref=cm_cr_getr_d_gw_btm?ie=UTF8,,2023-08-20
B08C291LRW,Run extremely small,"Ordered mediums as that what I wear in almost everything. 32-34. Ordered so many even Amazon suggests my sizes.
Very tight. Returned and just figured this company runs small
Got the Large instead this time.
Not any better at all, feel just like the medium and even longer in the leg.
Should have returned these too but I assumed they would fit and waited too long.
Never again.",Y,,"Size: Large | Color: 5 Pack Black, Navy, Blue, Dark Grey, Light Grey",1,1,,,,,https://www.amazon.com/gp/customer-reviews/R2J0UM4Z0U1B18/ref=cm_cr_getr_d_rvw_ttl?ie=UTF8&ASIN=B08C2Q49MR,Sev,"https://images-na.ssl-images-amazon.com/images/S/amazon-avatars-global/a826d960-91b6-4e29-a018-d410f9a8f26d._CR62,0,375,375_SX48_.jpg",US,https://www.amazon.com/gp/profile/amzn1.account.AFKT2OU6UAQN5ZTJV3UGICUN5SFA/ref=cm_cr_getr_d_gw_btm?ie=UTF8,,2023-08-16
B08JG8DNVQ,Missing advertised quantity,Only 4 pairs of shorts were shipped instead of the advertised 5 pairs.,Y,,"Size: Small | Color: 5 Pack Black, Black, Navy, Dark Grey, Light Grey",2,0,,,,,https://www.amazon.com/gp/customer-reviews/R2GOB99BQ5NEY6/ref=cm_cr_getr_d_rvw_ttl?ie=UTF8&ASIN=B08C2Q49MR,Jennifer B Conley,"https://images-na.ssl-images-amazon.com/images/S/amazon-avatars-global/default._CR0,0,1024,1024_SX48_.png",US,https://www.amazon.com/gp/profile/amzn1.account.AE6A55UH2Z6WE22QZP7EF42JVFJA/ref=cm_cr_getr_d_gw_btm?ie=UTF8,,2023-08-16
B08C2HBGDC,not great quality,very thin material,Y,,"Size: Medium | Color: 2 Pack Black, Navy",3,0,,,,,https://www.amazon.com/gp/customer-reviews/RIRSU9D7JTE5A/ref=cm_cr_getr_d_rvw_ttl?ie=UTF8&ASIN=B08C2Q49MR,Suzanne M Cannini,"https://images-na.ssl-images-amazon.com/images/S/amazon-avatars-global/default._CR0,0,1024,1024_SX48_.png",US,https://www.amazon.com/gp/profile/amzn1.account.AEYGRZEBTFRA45R26WWV5BWO4JIA/ref=cm_cr_getr_d_gw_btm?ie=UTF8,,2023-08-16
B08JGBB9N1,"They run small, must buy one size larger",Quality is cheap and the run small. I returned mine.,Y,,"Size: Large | Color: 5 Pack Black, Black, Navy, Dark Grey, Light Grey",2,0,,,,,https://www.amazon.com/gp/customer-reviews/R2XD0CXG2WJSBM/ref=cm_cr_getr_d_rvw_ttl?ie=UTF8&ASIN=B08C2Q49MR,Juan Cota,"https://images-na.ssl-images-amazon.com/images/S/amazon-avatars-global/82b881ea-e06a-4ae2-8832-3cffb4702e15._CR0,0,1284,1284_SX48_.jpg",US,https://www.amazon.com/gp/profile/amzn1.account.AEDHOOBBONWXXKZM5NJHODZS6KEA/ref=cm_cr_getr_d_gw_btm?ie=UTF8,,2023-08-15
B08C2J7TMW,Not comfortable,"Despite their claims, the shorts' quality was underwhelming, with the material feeling cheap and lacking durability. The elastic waistband's fit was inconsistent, often causing discomfort and riding up during physical activities. The promised quick-dry feature proved inadequate, as the shorts retained moisture and remained damp after workouts. The pockets were shallow and insecure, causing items to fall out easily. Overall, these athletic shorts failed to deliver on their promises of comfort, functionality, and quality, making them a substandard choice for anyone seeking reliable activewear.",Y,,"Size: Small | Color: 3 Pack Black, Navy, Light Grey",1,2,,,,,https://www.amazon.com/gp/customer-reviews/R2QH1P34B3ZFMR/ref=cm_cr_getr_d_rvw_ttl?ie=UTF8&ASIN=B08C2Q49MR,Eric,"https://images-na.ssl-images-amazon.com/images/S/amazon-avatars-global/default._CR0,0,1024,1024_SX48_.png",US,https://www.amazon.com/gp/profile/amzn1.account.AGRJBVH2MDAKQ62XYESQXCJIAKRQ/ref=cm_cr_getr_d_gw_btm?ie=UTF8,,2023-08-14
B08JG3T2SY,Good around the house shorts,"Good exercise shorts. I’m a reasonably fit 61 years old. About 210lb, typically wearing 38 waist pants because there is never enough butt room, or rise in todays styles. If there were, 36 waist would be perfect. Anyway I tell you all this to be clear on sizing. I bought XL as per the chart provided. They fit okay, for exercise, around the house. I like the thicker waist band and additional tie. They could have a little more butt and thigh room. Maybe I should’ve got 2XL?  The pockets are fairly deep, but I’d never go out in public with these. That’s not really what these are for. They dont have that basketball style material thickness.  It’s basically that new stretchy wick T-Shirt material.  For the price not bad. Wear em for PJ’s in summer, mowing the lawn, or that ocassional workout session.",Y,,"Size: X-Large | Color: 5 Pack Black, Black, Navy, Dark Grey, Light Grey",3,1,,,,,https://www.amazon.com/gp/customer-reviews/R2XKZJFL4TEQBP/ref=cm_cr_getr_d_rvw_ttl?ie=UTF8&ASIN=B08C2Q49MR,B. Penza,"https://images-na.ssl-images-amazon.com/images/S/amazon-avatars-global/default._CR0,0,1024,1024_SX48_.png",US,https://www.amazon.com/gp/profile/amzn1.account.AGFJZLPYXR6EZCN7UGYPV775PWKQ/ref=cm_cr_getr_d_gw_btm?ie=UTF8,,2023-08-14
B08JG3T2SY,Thin material,They fit well but the material is super thin.,Y,,"Size: X-Large | Color: 5 Pack Black, Black, Navy, Dark Grey, Light Grey",3,0,,,,,https://www.amazon.com/gp/customer-reviews/R2XTKZEFKMQ3A8/ref=cm_cr_getr_d_rvw_ttl?ie=UTF8&ASIN=B08C2Q49MR,Amazon Customer,"https://images-na.ssl-images-amazon.com/images/S/amazon-avatars-global/default._CR0,0,1024,1024_SX48_.png",US,https://www.amazon.com/gp/profile/amzn1.account.AGKVJ5Q4VOQ7IJUVFDO3L4C6VU2Q/ref=cm_cr_getr_d_gw_btm?ie=UTF8,,2023-08-13
B08C24KLXH,You get what you pay for,Cheap quality but was expected. Good for hanging around the house,Y,,"Size: XX-Large | Color: 3 Pack Black, Navy, Light Grey",3,0,,,,,https://www.amazon.com/gp/customer-reviews/R2KKKOE5SH3NNM/ref=cm_cr_getr_d_rvw_ttl?ie=UTF8&ASIN=B08C2Q49MR,Amanda,"https://images-na.ssl-images-amazon.com/images/S/amazon-avatars-global/default._CR0,0,1024,1024_SX48_.png",US,https://www.amazon.com/gp/profile/amzn1.account.AEKV5M3G6ZVX6K3ZJM5N2HYONVQA/ref=cm_cr_getr_d_gw_btm?ie=UTF8,,2023-08-12
B08PYK1G6H,"some good, some bad","2 of the shorts came apart at the back, not at all too small, just the material came apart, others are still perfect and very comfortable",Y,,"Size: Large | Color: 5 Pack Black, Dark Grey, Dark Grey, Navy, Dark Green",2,0,,,,,https://www.amazon.com/gp/customer-reviews/R3OVMLEM31RQY2/ref=cm_cr_getr_d_rvw_ttl?ie=UTF8&ASIN=B08C2Q49MR,Swerve,"https://images-na.ssl-images-amazon.com/images/S/amazon-avatars-global/default._CR0,0,1024,1024_SX48_.png",US,https://www.amazon.com/gp/profile/amzn1.account.AGALI3S5HKIKLQB4Z2MZBIOJAMQA/ref=cm_cr_getr_d_gw_btm?ie=UTF8,,2023-08-09
B0BWQSHN5S,Disappointed,"Was looking for cotton material like a t-shirt, but got jersey type material",Y,,"Size: 3X-Large | Color: 3 Pack Black, Navy, Light Grey",2,0,,,,,https://www.amazon.com/gp/customer-reviews/R32NO4R7O7G79G/ref=cm_cr_getr_d_rvw_ttl?ie=UTF8&ASIN=B08C2Q49MR,jose saenz,"https://images-na.ssl-images-amazon.com/images/S/amazon-avatars-global/default._CR0,0,1024,1024_SX48_.png",US,https://www.amazon.com/gp/profile/amzn1.account.AG3YFKYJRXSJI577SNK7DDJEOZSA/ref=cm_cr_getr_d_gw_btm?ie=UTF8,,2023-08-08
B08JGBB9N1,"Smell toxic, fall apart",The chemical smell made me scared to try them on without washing. After washing them they ended up being much smaller than average sizing. They still smell terrible. The waist stitching has loose strings. They don’t fit. Elastic is tight. Waste of money. Regret buying.,Y,,"Size: Large | Color: 5 Pack Black, Black, Navy, Dark Grey, Light Grey",1,1,,,,,https://www.amazon.com/gp/customer-reviews/R2AHJ1H1SGC7X3/ref=cm_cr_getr_d_rvw_ttl?ie=UTF8&ASIN=B08C2Q49MR,Melinda Cangas,"https://images-na.ssl-images-amazon.com/images/S/amazon-avatars-global/beb2b8e4-d727-492d-97d5-ed9d0ab0e3b0._CR0,0,375,375_SX48_.jpg",US,https://www.amazon.com/gp/profile/amzn1.account.AFWRTBZJF56Q3UKHQZSIJTMJQRJA/ref=cm_cr_getr_d_gw_btm?ie=UTF8,,2023-08-07
B08C266BFB,Fine for the money,"Run a bit small and feels awkward, kind of like when you put your shirt on backwards.

For the price it’s fine.",Y,,"Size: Large | Color: 2 Pack Black, Navy",3,0,,,,,https://www.amazon.com/gp/customer-reviews/RJKP30TTI510I/ref=cm_cr_getr_d_rvw_ttl?ie=UTF8&ASIN=B08C2Q49MR,E. Bostrom,"https://images-na.ssl-images-amazon.com/images/S/amazon-avatars-global/default._CR0,0,1024,1024_SX48_.png",US,https://www.amazon.com/gp/profile/amzn1.account.AG3ANJTDPYMD6SYKLIV3NMNZG4GA/ref=cm_cr_getr_d_gw_btm?ie=UTF8,,2023-08-05
B08PYNVKW1,"Feel nice and light, but already falling apart",After the first wash the seams are already coming apart.,Y,,"Size: XX-Large | Color: 5 Pack Black, Dark Grey, Dark Grey, Navy, Dark Green",3,1,1,https://m.media-amazon.com/images/I/91XYJI4tdKL._SY200.jpg,,,https://www.amazon.com/gp/customer-reviews/R27AOVHBFUAFO7/ref=cm_cr_getr_d_rvw_ttl?ie=UTF8&ASIN=B08C2Q49MR,Kennedy,"https://images-na.ssl-images-amazon.com/images/S/amazon-avatars-global/default._CR0,0,1024,1024_SX48_.png",US,https://www.amazon.com/gp/profile/amzn1.account.AHXDBFOXBXYBRWTMHJBKTLSJFG6A/ref=cm_cr_getr_d_gw_btm?ie=UTF8,,2023-08-04
B08C2K4XKR,Value product,"Crude construction, just the basic short.",Y,,"Size: XX-Large | Color: 3 Pack Black, Black, Dark Grey",3,0,,,,,https://www.amazon.com/gp/customer-reviews/R2HML3FY8K5EID/ref=cm_cr_getr_d_rvw_ttl?ie=UTF8&ASIN=B08C2Q49MR,Jim & Bev Webster,"https://images-na.ssl-images-amazon.com/images/S/amazon-avatars-global/default._CR0,0,1024,1024_SX48_.png",US,https://www.amazon.com/gp/profile/amzn1.account.AFJ4IYD2753Y2HZTJ7VQM4BBS4SA/ref=cm_cr_getr_d_gw_btm?ie=UTF8,,2023-08-02
B08PYNVKW1,Ripped along seam.,Brand new and 1 pair had a tear in the seam.,Y,,"Size: XX-Large | Color: 5 Pack Black, Dark Grey, Dark Grey, Navy, Dark Green",1,1,,,,,https://www.amazon.com/gp/customer-reviews/R7DHJSG9FGYY4/ref=cm_cr_getr_d_rvw_ttl?ie=UTF8&ASIN=B08C2Q49MR,Danny leal,"https://images-na.ssl-images-amazon.com/images/S/amazon-avatars-global/default._CR0,0,1024,1024_SX48_.png",US,https://www.amazon.com/gp/profile/amzn1.account.AEKON7MV7OMC5TZTQL3JXRPGAVKA/ref=cm_cr_getr_d_gw_btm?ie=UTF8,,2023-08-01
B08PYK1G6H,Bad experience,"Three of five short are bad, with a big hole on the pockets.",Y,,"Size: Large | Color: 5 Pack Black, Dark Grey, Dark Grey, Navy, Dark Green",1,3,2,"https://m.media-amazon.com/images/I/71QrHAwYwoL._SY200.jpg
https://m.media-amazon.com/images/I/81T0QDPCLUL._SY200.jpg",,,https://www.amazon.com/gp/customer-reviews/RAYM6CYOF6B93/ref=cm_cr_getr_d_rvw_ttl?ie=UTF8&ASIN=B08C2Q49MR,sebastian velez,"https://images-na.ssl-images-amazon.com/images/S/amazon-avatars-global/default._CR0,0,1024,1024_SX48_.png",US,https://www.amazon.com/gp/profile/amzn1.account.AHXKL7BCLYP7S6PH4TAGQ6ZT2A7Q/ref=cm_cr_getr_d_gw_btm?ie=UTF8,,2023-07-28
B08JGHDWNP,Cheap,Very thin material,Y,,"Size: XX-Large | Color: 5 Pack Black, Black, Navy, Dark Grey, Light Grey",1,0,,,,,https://www.amazon.com/gp/customer-reviews/R1NNGXP2AMZHNX/ref=cm_cr_getr_d_rvw_ttl?ie=UTF8&ASIN=B08C2Q49MR,Danny Perry,"https://images-na.ssl-images-amazon.com/images/S/amazon-avatars-global/default._CR0,0,1024,1024_SX48_.png",US,https://www.amazon.com/gp/profile/amzn1.account.AEYXI2GPWKR2YE6TC2PM7PAFFSEQ/ref=cm_cr_getr_d_gw_btm?ie=UTF8,,2023-07-27
B08JGBB9N1,Elastic Waist Band,The waist band not so great the seam hurts after wearing.,Y,,"Size: Large | Color: 5 Pack Black, Black, Navy, Dark Grey, Light Grey",1,1,,,,,https://www.amazon.com/gp/customer-reviews/RIF0QSUF2B5QT/ref=cm_cr_getr_d_rvw_ttl?ie=UTF8&ASIN=B08C2Q49MR,LM,"https://images-na.ssl-images-amazon.com/images/S/amazon-avatars-global/default._CR0,0,1024,1024_SX48_.png",US,https://www.amazon.com/gp/profile/amzn1.account.AE5AU5AVDLDBWV4SRVHEPZOJ63KA/ref=cm_cr_getr_d_gw_btm?ie=UTF8,,2023-07-25
B08JGHDWNP,Not worth the price,"So sheer they are see-through, waist band elastic will not lay flat.",Y,,"Size: XX-Large | Color: 5 Pack Black, Black, Navy, Dark Grey, Light Grey",1,2,,,,,https://www.amazon.com/gp/customer-reviews/R2GBP60OECGB36/ref=cm_cr_getr_d_rvw_ttl?ie=UTF8&ASIN=B08C2Q49MR,hilton ham,"https://images-na.ssl-images-amazon.com/images/S/amazon-avatars-global/default._CR0,0,1024,1024_SX48_.png",US,https://www.amazon.com/gp/profile/amzn1.account.AFT2M55PUORCIDXHYUVPJCAYY4FA/ref=cm_cr_getr_d_gw_btm?ie=UTF8,,2023-07-22
B08C28MML2,Poor quality,The shorts will last about 15 washes before they start to fall apart.,Y,,"Size: X-Large | Color: 5 Pack Black, Navy, Blue, Dark Grey, Light Grey",1,1,,,,,https://www.amazon.com/gp/customer-reviews/RFG1TFUD2GBDF/ref=cm_cr_getr_d_rvw_ttl?ie=UTF8&ASIN=B08C2Q49MR,Erik,"https://images-na.ssl-images-amazon.com/images/S/amazon-avatars-global/default._CR0,0,1024,1024_SX48_.png",US,https://www.amazon.com/gp/profile/amzn1.account.AGK5357572CST7ULIYYBKMTLYHCA/ref=cm_cr_getr_d_gw_btm?ie=UTF8,,2023-07-21
B08JGC1D2G,Good variety pack,The only problem I have with these I have to constantly readjust myself to not show so much,Y,,"Size: Medium | Color: 5 Pack Black, Black, Navy, Dark Grey, Light Grey",3,0,,,,,https://www.amazon.com/gp/customer-reviews/RUV9GFX28AV1U/ref=cm_cr_getr_d_rvw_ttl?ie=UTF8&ASIN=B08C2Q49MR,Sarah Marquez,"https://images-na.ssl-images-amazon.com/images/S/amazon-avatars-global/default._CR0,0,1024,1024_SX48_.png",US,https://www.amazon.com/gp/profile/amzn1.account.AG6QHIKHIVB2CINPIQIBO7GUMDAA/ref=cm_cr_getr_d_gw_btm?ie=UTF8,,2023-07-20
B08C2G8DN5,Length,Well made but too long. shorts….,Y,,Size: X-Large | Color: Black,3,0,,,,,https://www.amazon.com/gp/customer-reviews/R310H91CBSSSAJ/ref=cm_cr_getr_d_rvw_ttl?ie=UTF8&ASIN=B08C2Q49MR,Steven Meisner,"https://images-na.ssl-images-amazon.com/images/S/amazon-avatars-global/default._CR0,0,1024,1024_SX48_.png",US,https://www.amazon.com/gp/profile/amzn1.account.AG54NHH6UTJCF66A5CTB27R3Z23Q/ref=cm_cr_getr_d_gw_btm?ie=UTF8,,2023-07-20
B08JGJ93CK,Material snagging,Shorts showing snag like material coming out. Two pair already not useable.,Y,,"Size: Medium | Color: 7 Pack Black, Dark Grey, Light Grey, Navy, Blue, Red, Dark Green",1,1,,,,,https://www.amazon.com/gp/customer-reviews/RMOIVG79E93BA/ref=cm_cr_getr_d_rvw_ttl?ie=UTF8&ASIN=B08C2Q49MR,John Larsen,"https://images-na.ssl-images-amazon.com/images/S/amazon-avatars-global/default._CR0,0,1024,1024_SX48_.png",US,https://www.amazon.com/gp/profile/amzn1.account.AF4BVTCTM5FWN67F7MXV5F4FGJVA/ref=cm_cr_getr_d_gw_btm?ie=UTF8,,2023-07-19
B08JGBB9N1,The waistband falls apart as soon as the first wash,"When I spend $35 for 5 pairs of shorts, I would like for them to last longer than 2 months.  The first pair started unraveling  in the waistband after the first wash (in late May.)  Another pair started unraveling a few washes later.  My 5 pack of shorts is now essentially 2 months old and 3 pairs have all had the same problem with the waistband unraveling. I will not buy these again. You should look elsewhere.",Y,,"Size: Large | Color: 5 Pack Black, Black, Navy, Dark Grey, Light Grey",1,8,1,https://m.media-amazon.com/images/I/81z5JEbxg8L._SY200.jpg,,,https://www.amazon.com/gp/customer-reviews/R15U39WAAT6LK1/ref=cm_cr_getr_d_rvw_ttl?ie=UTF8&ASIN=B08C2Q49MR,Luke,"https://images-na.ssl-images-amazon.com/images/S/amazon-avatars-global/default._CR0,0,1024,1024_SX48_.png",US,https://www.amazon.com/gp/profile/amzn1.account.AFTYW34NAYFHH5UZMLUGGVEJZYBQ/ref=cm_cr_getr_d_gw_btm?ie=UTF8,,2023-07-19
B08JGBB9N1,Very thin fabric/ runs a little small,I can't wear them outside the house because they tend to show off your crotch.,Y,,"Size: Large | Color: 5 Pack Black, Black, Navy, Dark Grey, Light Grey",2,0,,,,,https://www.amazon.com/gp/customer-reviews/R3SDL84O60M133/ref=cm_cr_getr_d_rvw_ttl?ie=UTF8&ASIN=B08C2Q49MR,Vincent Hardy,"https://images-na.ssl-images-amazon.com/images/S/amazon-avatars-global/default._CR0,0,1024,1024_SX48_.png",US,https://www.amazon.com/gp/profile/amzn1.account.AFA7BRTCTTXVEYBZEQWFIZLVU5TQ/ref=cm_cr_getr_d_gw_btm?ie=UTF8,,2023-07-16
B08JGC1D2G,Comfortable,Tight in waist.,Y,,"Size: Medium | Color: 5 Pack Black, Black, Navy, Dark Grey, Light Grey",3,0,,,,,https://www.amazon.com/gp/customer-reviews/R39OC3G7GE46UU/ref=cm_cr_getr_d_rvw_ttl?ie=UTF8&ASIN=B08C2Q49MR,CarolF,"https://images-na.ssl-images-amazon.com/images/S/amazon-avatars-global/default._CR0,0,1024,1024_SX48_.png",US,https://www.amazon.com/gp/profile/amzn1.account.AG5EWUWX6PIGDWHZNDZ6JFDVCTEQ/ref=cm_cr_getr_d_gw_btm?ie=UTF8,,2023-07-16
B0BWQRYSCL,The product description is inaccurate.,"I ordered this product thinking that there would be five pair of shorts included, however, only one pair was included in the bundle for the price.  Make sure to check rto ensure that you are getting the correct quantity of product.",Y,,"Size: 3X-Large | Color: 5 Pack Black, Dark Grey, Dark Grey, Navy, Dark Green",1,1,,,,,https://www.amazon.com/gp/customer-reviews/RVDMAUG122A2P/ref=cm_cr_getr_d_rvw_ttl?ie=UTF8&ASIN=B08C2Q49MR,Paul Kappes,"https://images-na.ssl-images-amazon.com/images/S/amazon-avatars-global/default._CR0,0,1024,1024_SX48_.png",US,https://www.amazon.com/gp/profile/amzn1.account.AED74DMWYJKPJ5ESPBKW7FPRCZ3A/ref=cm_cr_getr_d_gw_btm?ie=UTF8,,2023-07-14
B08C266BFB,The quality is really cheap,I used it for the first time and the pockets got turned. It’s very cheap quality. The material is 100% synthetic which feels very hot during summers.,Y,,"Size: Large | Color: 2 Pack Black, Navy",1,2,,,,,https://www.amazon.com/gp/customer-reviews/R1HB5WQXMM9ARH/ref=cm_cr_getr_d_rvw_ttl?ie=UTF8&ASIN=B08C2Q49MR,Meg,"https://images-na.ssl-images-amazon.com/images/S/amazon-avatars-global/default._CR0,0,1024,1024_SX48_.png",US,https://www.amazon.com/gp/profile/amzn1.account.AFQG4FXNH3AVO3GW7W3AQXX3HIEQ/ref=cm_cr_getr_d_gw_btm?ie=UTF8,,2023-07-12
B0BWQR49L6,buyer beware !,wore once to hav coffee,Y,,"Size: 3X-Large | Color: 3 Pack Black, Dark Grey, Blue",1,3,1,https://m.media-amazon.com/images/I/415w9q0nXsL._SY200.jpg,,,https://www.amazon.com/gp/customer-reviews/RG195IX88B4X3/ref=cm_cr_getr_d_rvw_ttl?ie=UTF8&ASIN=B08C2Q49MR,hannibul,"https://images-na.ssl-images-amazon.com/images/S/amazon-avatars-global/default._CR0,0,1024,1024_SX48_.png",US,https://www.amazon.com/gp/profile/amzn1.account.AFC75DHMMKPYF53K4HTNOABUMQUQ/ref=cm_cr_getr_d_gw_btm?ie=UTF8,,2023-07-12
B08C24YSMP,Cheap,All 3 pair are tearing away from the seam. Only lasted 3 months.,Y,,"Size: Large | Color: 3 Pack Black, Navy, Light Grey",1,3,1,https://m.media-amazon.com/images/I/91FUp20m1FL._SY200.jpg,,,https://www.amazon.com/gp/customer-reviews/R11YFQ7AM7Q03G/ref=cm_cr_getr_d_rvw_ttl?ie=UTF8&ASIN=B08C2Q49MR,jeff haase,"https://images-na.ssl-images-amazon.com/images/S/amazon-avatars-global/default._CR0,0,1024,1024_SX48_.png",US,https://www.amazon.com/gp/profile/amzn1.account.AHOZL6CGGFHA437QO4FFTY45G65A/ref=cm_cr_getr_d_gw_btm?ie=UTF8,,2023-07-11
B08JGBB9N1,tight,tight,Y,,"Size: Large | Color: 5 Pack Black, Black, Navy, Dark Grey, Light Grey",1,0,,,,,https://www.amazon.com/gp/customer-reviews/R1JNRIY7K41Y71/ref=cm_cr_getr_d_rvw_ttl?ie=UTF8&ASIN=B08C2Q49MR,Fari,"https://images-na.ssl-images-amazon.com/images/S/amazon-avatars-global/default._CR0,0,1024,1024_SX48_.png",US,https://www.amazon.com/gp/profile/amzn1.account.AHKDAUEWFLND77ULN5CONWE72JTQ/ref=cm_cr_getr_d_gw_btm?ie=UTF8,,2023-07-10
B08JGBB9N1,pretty cheap material,material is super thin and pretty cheap feeling but will work for wearing around house. get what you pay for,Y,,"Size: Large | Color: 5 Pack Black, Black, Navy, Dark Grey, Light Grey",2,0,,,,,https://www.amazon.com/gp/customer-reviews/R2ZRGZ1MKIMWW/ref=cm_cr_getr_d_rvw_ttl?ie=UTF8&ASIN=B08C2Q49MR,:)),"https://images-na.ssl-images-amazon.com/images/S/amazon-avatars-global/default._CR0,0,1024,1024_SX48_.png",US,https://www.amazon.com/gp/profile/amzn1.account.AEES6UZSQPNL6J6BGMW5WQKNICFA/ref=cm_cr_getr_d_gw_btm?ie=UTF8,,2023-07-10
B08C29Y8YF,Ok for price I guess,Very thin and run small. I’d suggest going up a size. Slightly short for taller guys. My husband is 6’2 and they were pretty short,Y,,"Size: X-Large | Color: 2 Pack Black, Navy",2,0,,,,,https://www.amazon.com/gp/customer-reviews/R29S9PPS2BY473/ref=cm_cr_getr_d_rvw_ttl?ie=UTF8&ASIN=B08C2Q49MR,Paige,"https://images-na.ssl-images-amazon.com/images/S/amazon-avatars-global/default._CR0,0,1024,1024_SX48_.png",US,https://www.amazon.com/gp/profile/amzn1.account.AFX56D5EF7CM2W526EH4HQB3R4CQ/ref=cm_cr_getr_d_gw_btm?ie=UTF8,,2023-07-08
B08C26G4J6,"Already ripping after just one wash, AVOID","Extremely disappointed in the quality or lackthereof. After just one wash they started to come undone. Thankfully this was during the return period, so I am returning these for a full refund. Gonna wait for Prime Day and buy the Amazon branded shorts again, those are still going strong after four years and a lot of washes!

Avoid this brand.",Y,,"Size: X-Large | Color: 3 Pack Black, Black, Dark Grey",1,4,2,"https://m.media-amazon.com/images/I/71O-FY6kRIL._SY200.jpg
https://m.media-amazon.com/images/I/71m-7JzRUTL._SY200.jpg",,,https://www.amazon.com/gp/customer-reviews/R1KUMHR43M28X1/ref=cm_cr_getr_d_rvw_ttl?ie=UTF8&ASIN=B08C2Q49MR,Michael J. Gandara,"https://images-na.ssl-images-amazon.com/images/S/amazon-avatars-global/default._CR0,0,1024,1024_SX48_.png",US,https://www.amazon.com/gp/profile/amzn1.account.AHILNAINPA4S5ASYJDMIQKAR73HA/ref=cm_cr_getr_d_gw_btm?ie=UTF8,,2023-07-07
B08PYQRD1Y,Seams aren't great,Two pair lost the seams in two washes.,Y,,"Size: X-Large | Color: 5 Pack Black, Dark Grey, Dark Grey, Navy, Dark Green",2,0,,,,,https://www.amazon.com/gp/customer-reviews/R24WFGN852XZ55/ref=cm_cr_getr_d_rvw_ttl?ie=UTF8&ASIN=B08C2Q49MR,Rachael kepner,"https://images-na.ssl-images-amazon.com/images/S/amazon-avatars-global/default._CR0,0,1024,1024_SX48_.png",US,https://www.amazon.com/gp/profile/amzn1.account.AFZIQ6GMIVY35W2TYPAUFF62NOKQ/ref=cm_cr_getr_d_gw_btm?ie=UTF8,,2023-07-02
B08C2LZ7JK,Like wearing silk underwear in public.,Eliminate two pockets and add a fly and you have comfortable underwear. These shorts are too shear to wear in public but sexy in the bedroom.,,,"Size: XX-Large | Color: 5 Pack Black, Navy, Blue, Dark Grey, Light Grey",1,0,,,,,https://www.amazon.com/gp/customer-reviews/R38MNMBEKNZ95C/ref=cm_cr_getr_d_rvw_ttl?ie=UTF8&ASIN=B08C2Q49MR,Amazon Customer,"https://images-na.ssl-images-amazon.com/images/S/amazon-avatars-global/default._CR0,0,1024,1024_SX48_.png",US,https://www.amazon.com/gp/profile/amzn1.account.AFPZWYNJSPP7XKJKEOBTSY63CQ2Q/ref=cm_cr_getr_d_gw_btm?ie=UTF8,,2023-06-30
B08JGHDWNP,Smells like cigarettes when washed,"I have no clue how, but these smell terrible, even when washed. They smell similar to cigarette smoke, it even spreads to my other clothes. Other than the horrible scent, they were nice. Unfortunately I have to throw them out because I cannot stand the aroma. Washing other clothes separately does not have the issue, so do not buy these if the smell of smoke bugs you.",Y,,"Size: XX-Large | Color: 5 Pack Black, Black, Navy, Dark Grey, Light Grey",1,1,,,,,https://www.amazon.com/gp/customer-reviews/R1IHXZVR2EG35Y/ref=cm_cr_getr_d_rvw_ttl?ie=UTF8&ASIN=B08C2Q49MR,Amazon Customer,"https://images-na.ssl-images-amazon.com/images/S/amazon-avatars-global/default._CR0,0,1024,1024_SX48_.png",US,https://www.amazon.com/gp/profile/amzn1.account.AGJ3OFGV4LZGVLGW5HTASTBRPGXQ/ref=cm_cr_getr_d_gw_btm?ie=UTF8,,2023-06-30
B08JGC83PH,Poor quality,These are seconds or vlemd,Y,,"Size: Large | Color: 7 Pack Black, Dark Grey, Light Grey, Navy, Blue, Red, Dark Green",2,0,,,,,https://www.amazon.com/gp/customer-reviews/R3MX2ZGQCJK5TV/ref=cm_cr_getr_d_rvw_ttl?ie=UTF8&ASIN=B08C2Q49MR,Steve stewart,"https://images-na.ssl-images-amazon.com/images/S/amazon-avatars-global/default._CR0,0,1024,1024_SX48_.png",US,https://www.amazon.com/gp/profile/amzn1.account.AF2RLEPMWPIEQVLEOJ5KPXLP2ADA/ref=cm_cr_getr_d_gw_btm?ie=UTF8,,2023-06-29
B0BWQSHN5S,Size concern,Order 3xl but too tight,Y,,"Size: 3X-Large | Color: 3 Pack Black, Navy, Light Grey",3,0,,,,,https://www.amazon.com/gp/customer-reviews/R2NCTT3UNL38D8/ref=cm_cr_getr_d_rvw_ttl?ie=UTF8&ASIN=B08C2Q49MR,B Sillen,"https://images-na.ssl-images-amazon.com/images/S/amazon-avatars-global/default._CR0,0,1024,1024_SX48_.png",US,https://www.amazon.com/gp/profile/amzn1.account.AHS3Q342SUSAU3IH6NHF7SQBQLLA/ref=cm_cr_getr_d_gw_btm?ie=UTF8,,2023-06-27
B08L4X6T2V,Shorts,I bought these for my father who is disabled. The quality is good but the colors are NOT what I ordered. I ordered the darker colors to allow dignity for him in certain situations.,,,"Size: X-Large | Color: 5 Pack Black, Dark Grey, Dark Blue, Milddle Blue, Army Green",3,3,2,"https://m.media-amazon.com/images/I/51vrhThojgL._SY200.jpg
https://m.media-amazon.com/images/I/71qvHD1IJaL._SY200.jpg",,,https://www.amazon.com/gp/customer-reviews/RFV5IREIGQXML/ref=cm_cr_getr_d_rvw_ttl?ie=UTF8&ASIN=B08C2Q49MR,AJ,"https://images-na.ssl-images-amazon.com/images/S/amazon-avatars-global/default._CR0,0,1024,1024_SX48_.png",US,https://www.amazon.com/gp/profile/amzn1.account.AH2MIL5SR42WG57SGFVDUBMOQZQA/ref=cm_cr_getr_d_gw_btm?ie=UTF8,,2023-06-22
B08C28MML2,Comfortable but poorly made,"I liked these when I first got them, very comfortable and lightweight, and they fit nicely.  However most of them are losing large amounts of thread, even on the first wear before they were washed once.  I'll be really surprised if any of them last even until the end of summer before falling completely apart.",Y,,"Size: X-Large | Color: 5 Pack Black, Navy, Blue, Dark Grey, Light Grey",2,0,,,,,https://www.amazon.com/gp/customer-reviews/R2MTSPGQEB3OVS/ref=cm_cr_getr_d_rvw_ttl?ie=UTF8&ASIN=B08C2Q49MR,Brad V.,"https://images-na.ssl-images-amazon.com/images/S/amazon-avatars-global/default._CR0,0,1024,1024_SX48_.png",US,https://www.amazon.com/gp/profile/amzn1.account.AGUVHMFT2G2ZIA3EECBCMUVRXPXQ/ref=cm_cr_getr_d_gw_btm?ie=UTF8,,2023-06-20
B08JGL9H1X,Super thin,My son is not pleased with how thin the fabric is. Complains that they are too floppy in the cut for such thin fabric. Would not repurchase.,Y,,"Size: X-Large | Color: 7 Pack Black, Dark Grey, Light Grey, Navy, Blue, Red, Dark Green",3,0,,,,,https://www.amazon.com/gp/customer-reviews/RH6Y28TY0TDKM/ref=cm_cr_getr_d_rvw_ttl?ie=UTF8&ASIN=B08C2Q49MR,D H.,"https://images-na.ssl-images-amazon.com/images/S/amazon-avatars-global/default._CR0,0,1024,1024_SX48_.png",US,https://www.amazon.com/gp/profile/amzn1.account.AETH65DT2MKAD7XFES5CP4VACX6Q/ref=cm_cr_getr_d_gw_btm?ie=UTF8,,2023-06-15
B08L4XF4J9,Too clingy for modesty,"Take it all in, ladies. These shorts hide nothing!",Y,,"Size: XX-Large | Color: 5 Pack Black, Dark Grey, Dark Blue, Milddle Blue, Army Green",3,0,,,,,https://www.amazon.com/gp/customer-reviews/R1AQNTSI1NA713/ref=cm_cr_getr_d_rvw_ttl?ie=UTF8&ASIN=B08C2Q49MR,Ineffable jeff,"https://images-na.ssl-images-amazon.com/images/S/amazon-avatars-global/default._CR0,0,1024,1024_SX48_.png",US,https://www.amazon.com/gp/profile/amzn1.account.AG7IVBMMSOQBF4KMXU5E6R4Q5JMQ/ref=cm_cr_getr_d_gw_btm?ie=UTF8,,2023-06-14
B08C28MML2,Don’t trust the sizes,Ordered small shorts but they might as well have been large. You get what you pay for.,Y,,"Size: X-Large | Color: 5 Pack Black, Navy, Blue, Dark Grey, Light Grey",1,1,,,,,https://www.amazon.com/gp/customer-reviews/R2OBYH3DYO0ZLD/ref=cm_cr_getr_d_rvw_ttl?ie=UTF8&ASIN=B08C2Q49MR,Amazon Customer,"https://images-na.ssl-images-amazon.com/images/S/amazon-avatars-global/default._CR0,0,1024,1024_SX48_.png",US,https://www.amazon.com/gp/profile/amzn1.account.AE57FS42G3I6GRQZMLTQFND3RRUA/ref=cm_cr_getr_d_gw_btm?ie=UTF8,,2023-06-11
B08JGC1D2G,They fit like a dress,These shorts drop like 3-4 inches below the bottom of the knee. Maybe that's your thing.,Y,,"Size: Medium | Color: 5 Pack Black, Black, Navy, Dark Grey, Light Grey",1,2,,,,,https://www.amazon.com/gp/customer-reviews/R1LE26XWC7EAU7/ref=cm_cr_getr_d_rvw_ttl?ie=UTF8&ASIN=B08C2Q49MR,B,"https://images-na.ssl-images-amazon.com/images/S/amazon-avatars-global/default._CR0,0,1024,1024_SX48_.png",US,https://www.amazon.com/gp/profile/amzn1.account.AGXQM5SDHG6SK3G6CLOMIQG4RJ4Q/ref=cm_cr_getr_d_gw_btm?ie=UTF8,,2023-06-10
B08JG3T2SY,Not great,They are decent- but they run small and started to unravel in the first wash,Y,,"Size: X-Large | Color: 5 Pack Black, Black, Navy, Dark Grey, Light Grey",2,0,,,,,https://www.amazon.com/gp/customer-reviews/R278NEOS6R68W7/ref=cm_cr_getr_d_rvw_ttl?ie=UTF8&ASIN=B08C2Q49MR,Miss Chris,"https://images-na.ssl-images-amazon.com/images/S/amazon-avatars-global/a89d5b94-21a5-4237-beff-568193e30acf._CR0,0,375,375_SX48_.jpg",US,https://www.amazon.com/gp/profile/amzn1.account.AH5PYF3OTBRXTDKJLPFDUUMEMFIQ/ref=cm_cr_getr_d_gw_btm?ie=UTF8,,2023-06-10
B08C24KLXH,Wrinkles,Fabric is all polyester so they came really wrinkled so I washed then dried on air after using fabric softener. Now to see how they do after wearing them!,,,"Size: XX-Large | Color: 3 Pack Black, Navy, Light Grey",3,0,,,,,https://www.amazon.com/gp/customer-reviews/R1TUTDCJJCJQNX/ref=cm_cr_getr_d_rvw_ttl?ie=UTF8&ASIN=B08C2Q49MR,Angela P.,"https://images-na.ssl-images-amazon.com/images/S/amazon-avatars-global/default._CR0,0,1024,1024_SX48_.png",US,https://www.amazon.com/gp/profile/amzn1.account.AH45LJN6WACJNK4CQIJKOPS6DY7Q/ref=cm_cr_getr_d_gw_btm?ie=UTF8,,2023-06-08
B08JGL9H1X,After one week the Hem is coming out.,After just one week the threads are already coming out of the hem! Made in China!,Y,,"Size: X-Large | Color: 7 Pack Black, Dark Grey, Light Grey, Navy, Blue, Red, Dark Green",1,2,,,,,https://www.amazon.com/gp/customer-reviews/R2DQB698J21CTV/ref=cm_cr_getr_d_rvw_ttl?ie=UTF8&ASIN=B08C2Q49MR,Steve,"https://images-na.ssl-images-amazon.com/images/S/amazon-avatars-global/bc8cf9d2-65b6-409d-9c2f-ab636f1619a2._CR0,0,613,613_SX48_.jpg",US,https://www.amazon.com/gp/profile/amzn1.account.AGN7WNZ5BGEOJTDGPNQ53BODYXRA/ref=cm_cr_getr_d_gw_btm?ie=UTF8,,2023-06-07
B08JG3T2SY,Missing 1 pair,There was only 4 pairs not 5,Y,,"Size: X-Large | Color: 5 Pack Black, Black, Navy, Dark Grey, Light Grey",1,1,,,,,https://www.amazon.com/gp/customer-reviews/R2X2MVO311AUH3/ref=cm_cr_getr_d_rvw_ttl?ie=UTF8&ASIN=B08C2Q49MR,Maria munoz,"https://images-na.ssl-images-amazon.com/images/S/amazon-avatars-global/default._CR0,0,1024,1024_SX48_.png",US,https://www.amazon.com/gp/profile/amzn1.account.AGKDQMVTO2Z2LCWCMR46H6KI36CQ/ref=cm_cr_getr_d_gw_btm?ie=UTF8,,2023-06-04
B08C24YSMP,Value for money. But,Thin and in seam length not as per description.  Not sure how long it will last,Y,,"Size: Large | Color: 3 Pack Black, Navy, Light Grey",3,0,,,,,https://www.amazon.com/gp/customer-reviews/R3O1IQMMKFP63F/ref=cm_cr_getr_d_rvw_ttl?ie=UTF8&ASIN=B08C2Q49MR,ManP20,"https://images-na.ssl-images-amazon.com/images/S/amazon-avatars-global/default._CR0,0,1024,1024_SX48_.png",US,https://www.amazon.com/gp/profile/amzn1.account.AF2A42HFOS26JOAWSY45AMS64CQA/ref=cm_cr_getr_d_gw_btm?ie=UTF8,,2023-06-03
B0BWQSDNZ6,Very poor quality,It is very poor quality I would not recommend it to anybody. I threw it in the trash.,Y,,"Size: 3X-Large | Color: 7 Pack Black, Dark Grey, Light Grey, Navy, Blue, Red, Dark Green",1,2,,,,,https://www.amazon.com/gp/customer-reviews/R2L1TMLFWJ807P/ref=cm_cr_getr_d_rvw_ttl?ie=UTF8&ASIN=B08C2Q49MR,Abba,"https://images-na.ssl-images-amazon.com/images/S/amazon-avatars-global/default._CR0,0,1024,1024_SX48_.png",US,https://www.amazon.com/gp/profile/amzn1.account.AHHEAJAETW2WV4GUA4EBGEG6YGCA/ref=cm_cr_getr_d_gw_btm?ie=UTF8,,2023-06-02
B08JGBB9N1,SUPER thin!,These are super thin shorts!  Not at all what I was hoping to get. The only reason I'm giving it 2 stars is because of the shipping.,Y,,"Size: Large | Color: 5 Pack Black, Black, Navy, Dark Grey, Light Grey",2,0,,,,,https://www.amazon.com/gp/customer-reviews/R2XIB1ZE4XFEHE/ref=cm_cr_getr_d_rvw_ttl?ie=UTF8&ASIN=B08C2Q49MR,TattdMama402,"https://images-na.ssl-images-amazon.com/images/S/amazon-avatars-global/6234aa12-1c16-4a67-9ba9-d2894cccc49d._CR0,0,443,443_SX48_.jpg",US,https://www.amazon.com/gp/profile/amzn1.account.AH7REONYYHNRNKOOYMEOA7NLKIOQ/ref=cm_cr_getr_d_gw_btm?ie=UTF8,,2023-05-26
B08JG8DNVQ,It's all China JUNK!,Lightweight flimsy material,Y,,"Size: Small | Color: 5 Pack Black, Black, Navy, Dark Grey, Light Grey",2,1,,,,,https://www.amazon.com/gp/customer-reviews/R38962KUDG4T4F/ref=cm_cr_getr_d_rvw_ttl?ie=UTF8&ASIN=B08C2Q49MR,Robert Brutout,"https://images-na.ssl-images-amazon.com/images/S/amazon-avatars-global/default._CR0,0,1024,1024_SX48_.png",US,https://www.amazon.com/gp/profile/amzn1.account.AGLDKAE3PMG4WNDGRZYH3KR3RXRA/ref=cm_cr_getr_d_gw_btm?ie=UTF8,,2023-05-25
B08C2K4XKR,Poorly sewn seams.,Purchased 3 pairs. Have worn two and the back seam is seperating.,Y,,"Size: XX-Large | Color: 3 Pack Black, Black, Dark Grey",1,2,,,,,https://www.amazon.com/gp/customer-reviews/RSBE5YWFM5DT2/ref=cm_cr_getr_d_rvw_ttl?ie=UTF8&ASIN=B08C2Q49MR,Helen Kaufman,"https://images-na.ssl-images-amazon.com/images/S/amazon-avatars-global/default._CR0,0,1024,1024_SX48_.png",US,https://www.amazon.com/gp/profile/amzn1.account.AGDEZX5KFZHWOCEJ4BPWXE2NEEEA/ref=cm_cr_getr_d_gw_btm?ie=UTF8,,2023-05-23
B08JGC1D2G,Quality Control!,Order five pack. A pair came with stain on rear and a pair came pocket not sown.,Y,,"Size: Medium | Color: 5 Pack Black, Black, Navy, Dark Grey, Light Grey",3,1,,,,,https://www.amazon.com/gp/customer-reviews/R3N9HQXGQJY0ER/ref=cm_cr_getr_d_rvw_ttl?ie=UTF8&ASIN=B08C2Q49MR,R...,"https://images-na.ssl-images-amazon.com/images/S/amazon-avatars-global/default._CR0,0,1024,1024_SX48_.png",US,https://www.amazon.com/gp/profile/amzn1.account.AEA2EATYXURZ6TQBYLTCYHR3YPKQ/ref=cm_cr_getr_d_gw_btm?ie=UTF8,,2023-05-22
B08L4X2BJX,Athletic Shorts,"Wanted shorts that didn’t have small pockets and would have room for my phone without falling out each time I sat down. These shorts check those boxes.

As others stated, the phone bounces all over in my pocket while I’m walking and is a bit awkward. I usually keep my hand on the phone so it’s not constantly smacking against my leg.",Y,,"Size: Large | Color: 5 Pack Black, Dark Grey, Dark Blue, Milddle Blue, Army Green",2,1,,,,,https://www.amazon.com/gp/customer-reviews/R2Y80TE987UGKL/ref=cm_cr_getr_d_rvw_ttl?ie=UTF8&ASIN=B08C2Q49MR,Daytona 675R,"https://images-na.ssl-images-amazon.com/images/S/amazon-avatars-global/default._CR0,0,1024,1024_SX48_.png",US,https://www.amazon.com/gp/profile/amzn1.account.AERIAGOROEXEFFHJHYWNODPRWMTQ/ref=cm_cr_getr_d_gw_btm?ie=UTF8,,2023-05-21
B08JG3T2SY,Cheap looking but comfortable,Good for home. Not in public. Cheap looking but comfortable.,Y,,"Size: X-Large | Color: 5 Pack Black, Black, Navy, Dark Grey, Light Grey",3,2,,,,,https://www.amazon.com/gp/customer-reviews/RAHU4FMO2WGHI/ref=cm_cr_getr_d_rvw_ttl?ie=UTF8&ASIN=B08C2Q49MR,Jeanine F.,"https://images-na.ssl-images-amazon.com/images/S/amazon-avatars-global/default._CR0,0,1024,1024_SX48_.png",US,https://www.amazon.com/gp/profile/amzn1.account.AFZB3B2HWUTRIYCULYL4GWONOXEQ/ref=cm_cr_getr_d_gw_btm?ie=UTF8,,2023-05-21
B08C24YSMP,Very cheaply made.,The length of the shorts were nice but they were cheaply made. The fabric is very see through. I wouldn’t recommend these shorts to anybody.,Y,,"Size: Large | Color: 3 Pack Black, Navy, Light Grey",2,1,,,,,https://www.amazon.com/gp/customer-reviews/R12W7FBXFWDWB3/ref=cm_cr_getr_d_rvw_ttl?ie=UTF8&ASIN=B08C2Q49MR,Ally,"https://images-na.ssl-images-amazon.com/images/S/amazon-avatars-global/default._CR0,0,1024,1024_SX48_.png",US,https://www.amazon.com/gp/profile/amzn1.account.AEFPMEVP2V4VQSMFCCIYAN53IX4Q/ref=cm_cr_getr_d_gw_btm?ie=UTF8,,2023-05-20
B08C28MML2,Good quality for money,They served the purpose,Y,,"Size: X-Large | Color: 5 Pack Black, Navy, Blue, Dark Grey, Light Grey",3,1,,,,,https://www.amazon.com/gp/customer-reviews/R2WCSIJR4TCRKF/ref=cm_cr_getr_d_rvw_ttl?ie=UTF8&ASIN=B08C2Q49MR,Rick Eder,"https://images-na.ssl-images-amazon.com/images/S/amazon-avatars-global/default._CR0,0,1024,1024_SX48_.png",US,https://www.amazon.com/gp/profile/amzn1.account.AGXR6BLEELKG5NS4JFIBANTILL2A/ref=cm_cr_getr_d_gw_btm?ie=UTF8,,2023-05-18
B08C2QLNKV,Extremely cheaply made,"I guess you get what you pay for. Very poor fitting and uncomfortable. It’s like it didn’t even have a person in mind when it was making it as far as contouring, more like, just fitting the general shape of what shorts would look like on paper",Y,,"Size: Large | Color: 3 Pack Black, Black, Dark Grey",2,0,,,,,https://www.amazon.com/gp/customer-reviews/RE45MSKQ7XNEN/ref=cm_cr_getr_d_rvw_ttl?ie=UTF8&ASIN=B08C2Q49MR,Randy Calhoon,"https://images-na.ssl-images-amazon.com/images/S/amazon-avatars-global/default._CR0,0,1024,1024_SX48_.png",US,https://www.amazon.com/gp/profile/amzn1.account.AGFIGXCSFFH3Y4GYEZTCA5Z55FSQ/ref=cm_cr_getr_d_gw_btm?ie=UTF8,,2023-05-17
B08JGC1D2G,Poor Quality Control - 20% aren't wearable,Quality control is seriously lacking. You will not get 5 wearable pairs from this order.,Y,,"Size: Medium | Color: 5 Pack Black, Black, Navy, Dark Grey, Light Grey",2,4,1,https://m.media-amazon.com/images/I/81B9eLlSZOL._SY200.jpg,,,https://www.amazon.com/gp/customer-reviews/R2Y0F5REQTSFG9/ref=cm_cr_getr_d_rvw_ttl?ie=UTF8&ASIN=B08C2Q49MR,Michael,"https://images-na.ssl-images-amazon.com/images/S/amazon-avatars-global/default._CR0,0,1024,1024_SX48_.png",US,https://www.amazon.com/gp/profile/amzn1.account.AF3XCGVHLGHNXNNEVOUGPFVBFGTA/ref=cm_cr_getr_d_gw_btm?ie=UTF8,,2023-05-09
B08JG3T2SY,Good quality short but the legs are much shorter than I like,"Was planning to wear these during my vacation but they are way too short to do so...wanted to return these but that seems like too much of a hassle..Ill probably just use these as shorts to sleep in...leaving on a positive note, these do look good.",Y,,"Size: X-Large | Color: 5 Pack Black, Black, Navy, Dark Grey, Light Grey",2,0,,,,,https://www.amazon.com/gp/customer-reviews/RZH3S7E39YPDV/ref=cm_cr_getr_d_rvw_ttl?ie=UTF8&ASIN=B08C2Q49MR,Itsyaboi1992,"https://images-na.ssl-images-amazon.com/images/S/amazon-avatars-global/3b9645a9-4db2-4aef-8b34-cc51e3be11d8._CR0,26.0,280,280_SX48_.jpg",US,https://www.amazon.com/gp/profile/amzn1.account.AGVSFHYACHEEL75FJNY4I4WQBXJA/ref=cm_cr_getr_d_gw_btm?ie=UTF8,,2023-05-06
B08C28MML2,Missing product,Just received and missing the black shorts.,Y,,"Size: X-Large | Color: 5 Pack Black, Navy, Blue, Dark Grey, Light Grey",3,0,,,,,https://www.amazon.com/gp/customer-reviews/R3F36RR0IEOJM/ref=cm_cr_getr_d_rvw_ttl?ie=UTF8&ASIN=B08C2Q49MR,Steve Castillo,"https://images-na.ssl-images-amazon.com/images/S/amazon-avatars-global/default._CR0,0,1024,1024_SX48_.png",US,https://www.amazon.com/gp/profile/amzn1.account.AHTEOK6ZF4XH6UFNZAJWL3MB4N2Q/ref=cm_cr_getr_d_gw_btm?ie=UTF8,,2023-05-06
B08JGBB9N1,Ok value,"Fit well, comfortable - but second pair, one of the pockets wasn't sewn shut at the bottom.  Kinda disappointing.",Y,,"Size: Large | Color: 5 Pack Black, Black, Navy, Dark Grey, Light Grey",3,0,,,,,https://www.amazon.com/gp/customer-reviews/RUKYNWY2Z45D7/ref=cm_cr_getr_d_rvw_ttl?ie=UTF8&ASIN=B08C2Q49MR,Amazon Customer,"https://images-na.ssl-images-amazon.com/images/S/amazon-avatars-global/default._CR0,0,1024,1024_SX48_.png",US,https://www.amazon.com/gp/profile/amzn1.account.AEGSC65KLPQBSXG3IIG5SH7FYFFA/ref=cm_cr_getr_d_gw_btm?ie=UTF8,,2023-05-05
B08JG3T2SY,Run's small,"Gave as a gift, they kept them but run small wish I'd bought up a size.",Y,,"Size: X-Large | Color: 5 Pack Black, Black, Navy, Dark Grey, Light Grey",3,1,,,,,https://www.amazon.com/gp/customer-reviews/R22P3JB75BH2D/ref=cm_cr_getr_d_rvw_ttl?ie=UTF8&ASIN=B08C2Q49MR,Carol,"https://images-na.ssl-images-amazon.com/images/S/amazon-avatars-global/default._CR0,0,1024,1024_SX48_.png",US,https://www.amazon.com/gp/profile/amzn1.account.AF5NPIQJ3E37QFGZBGXUDDZXIF6Q/ref=cm_cr_getr_d_gw_btm?ie=UTF8,,2023-05-04
B08C28MML2,Nice shorts but some are better than others,"I bought these for my husband because he had ankle surgery and needed something easy to get on and off. The shorts are nice however, the black ones have started to fall apart at the seam in the back.",Y,,"Size: X-Large | Color: 5 Pack Black, Navy, Blue, Dark Grey, Light Grey",3,4,1,https://m.media-amazon.com/images/I/61E3HZM7LpL._SY200.jpg,,,https://www.amazon.com/gp/customer-reviews/R3QKLH7VBH5T3H/ref=cm_cr_getr_d_rvw_ttl?ie=UTF8&ASIN=B08C2Q49MR,Debbie M.,"https://images-na.ssl-images-amazon.com/images/S/amazon-avatars-global/default._CR0,0,1024,1024_SX48_.png",US,https://www.amazon.com/gp/profile/amzn1.account.AFG52LNZFR23UV5IN7ID7NKLCGNQ/ref=cm_cr_getr_d_gw_btm?ie=UTF8,,2023-04-29
B08JGBB9N1,Thin material,Very thin material,Y,,"Size: Large | Color: 5 Pack Black, Black, Navy, Dark Grey, Light Grey",2,0,,,,,https://www.amazon.com/gp/customer-reviews/R2W1EHRQ4L5OL3/ref=cm_cr_getr_d_rvw_ttl?ie=UTF8&ASIN=B08C2Q49MR,Amazon Customer,"https://images-na.ssl-images-amazon.com/images/S/amazon-avatars-global/default._CR0,0,1024,1024_SX48_.png",US,https://www.amazon.com/gp/profile/amzn1.account.AG4RUSVPXXHCXJFCCHZ7KWDJPZAQ/ref=cm_cr_getr_d_gw_btm?ie=UTF8,,2023-04-27
B08JGC83PH,Style and proper fit,They were way too big for a size large and not at all what I thought they were gonna be the end same was 12 to 14 inches long and came way below the knee not my style at all but thanks,Y,,"Size: Large | Color: 7 Pack Black, Dark Grey, Light Grey, Navy, Blue, Red, Dark Green",3,0,,,,,https://www.amazon.com/gp/customer-reviews/R16KU23956AJHY/ref=cm_cr_getr_d_rvw_ttl?ie=UTF8&ASIN=B08C2Q49MR,Amazon Customer,"https://images-na.ssl-images-amazon.com/images/S/amazon-avatars-global/default._CR0,0,1024,1024_SX48_.png",US,https://www.amazon.com/gp/profile/amzn1.account.AEM2KHK4YRGGDN7P62PXRZ2ZYI3A/ref=cm_cr_getr_d_gw_btm?ie=UTF8,,2023-04-26
B08C2QLNKV,Poor quality,"One of the three pairs has already split along a seam - I think it was laundered once or twice. Colors Imreceived didn’t match up with what the site showed. Disappointed. Wouldn’t purchase again.

NOT RECOMMENDED",Y,,"Size: Large | Color: 3 Pack Black, Black, Dark Grey",2,0,,,,,https://www.amazon.com/gp/customer-reviews/R12DWG6PU9HS4A/ref=cm_cr_getr_d_rvw_ttl?ie=UTF8&ASIN=B08C2Q49MR,Chris is Reston,"https://images-na.ssl-images-amazon.com/images/S/amazon-avatars-global/default._CR0,0,1024,1024_SX48_.png",US,https://www.amazon.com/gp/profile/amzn1.account.AEDUF7OM3CD4C5D5NWLI6BBVIYYQ/ref=cm_cr_getr_d_gw_btm?ie=UTF8,,2023-04-21
B08JGC83PH,Me gusta,"La comodidad, es excelente",Y,,"Size: Large | Color: 7 Pack Black, Dark Grey, Light Grey, Navy, Blue, Red, Dark Green",2,0,,,,,https://www.amazon.com/gp/customer-reviews/RNTVQ8KTJJRSV/ref=cm_cr_getr_d_rvw_ttl?ie=UTF8&ASIN=B08C2Q49MR,Ramón Alexis Lazala,"https://images-na.ssl-images-amazon.com/images/S/amazon-avatars-global/default._CR0,0,1024,1024_SX48_.png",US,https://www.amazon.com/gp/profile/amzn1.account.AGMSRTQ6THRJOUC4V5X6SQESTYPA/ref=cm_cr_getr_d_gw_btm?ie=UTF8,,2023-04-20
B0BWQMXHMR,Sizing is not great,"Quality of the shorts is fine for the price, however, the sizing is off. They are at least one size smaller than what I had ordered.",Y,,"Size: 3X-Large | Color: 5 Pack Black, Black, Navy, Dark Grey, Light Grey",2,0,,,,,https://www.amazon.com/gp/customer-reviews/R1IV1CDZBMK1YC/ref=cm_cr_getr_d_rvw_ttl?ie=UTF8&ASIN=B08C2Q49MR,Lynch,"https://images-na.ssl-images-amazon.com/images/S/amazon-avatars-global/default._CR0,0,1024,1024_SX48_.png",US,https://www.amazon.com/gp/profile/amzn1.account.AFK3GLRGBWPCMXPTZCBXGNIZK2XQ/ref=cm_cr_getr_d_gw_btm?ie=UTF8,,2023-04-17
B08C2LZ7JK,To long.,These shorts were very baggie and,Y,,"Size: XX-Large | Color: 5 Pack Black, Navy, Blue, Dark Grey, Light Grey",2,0,,,,,https://www.amazon.com/gp/customer-reviews/R3SYIJFJ2VM71K/ref=cm_cr_getr_d_rvw_ttl?ie=UTF8&ASIN=B08C2Q49MR,BarbNY,"https://images-na.ssl-images-amazon.com/images/S/amazon-avatars-global/default._CR0,0,1024,1024_SX48_.png",US,https://www.amazon.com/gp/profile/amzn1.account.AGGKDINA3AXNRRWVIDKCPT4LK5ZQ/ref=cm_cr_getr_d_gw_btm?ie=UTF8,,2023-04-14
B08JGC1D2G,"A little tight, bit comfortable","These run fairly tight for an adult medium. They do stretch, but start more of a HS kid size and then stretch",Y,,"Size: Medium | Color: 5 Pack Black, Black, Navy, Dark Grey, Light Grey",3,0,,,,,https://www.amazon.com/gp/customer-reviews/R2JPY6ILZ62EY/ref=cm_cr_getr_d_rvw_ttl?ie=UTF8&ASIN=B08C2Q49MR,Amazon Customer,"https://images-na.ssl-images-amazon.com/images/S/amazon-avatars-global/default._CR0,0,1024,1024_SX48_.png",US,https://www.amazon.com/gp/profile/amzn1.account.AGFIMEZHBY7B2ZIGD2RUTIGUDPRA/ref=cm_cr_getr_d_gw_btm?ie=UTF8,,2023-04-13
B08L4XD1JB,poor quality,"fit nice, great feel of material.  BUT after just one washing 3 of the 5 pair I got had strings and seams beginning to unravel already",Y,,"Size: Large | Color: 5 Pack Black, Dark Grey, Dark Blue, Light Grey, Green",2,0,,,,,https://www.amazon.com/gp/customer-reviews/R3S1VITX4CPR9V/ref=cm_cr_getr_d_rvw_ttl?ie=UTF8&ASIN=B08C2Q49MR,DENNIS WYLIE,"https://images-na.ssl-images-amazon.com/images/S/amazon-avatars-global/default._CR0,0,1024,1024_SX48_.png",US,https://www.amazon.com/gp/profile/amzn1.account.AFIMJLMVFSLCKR2GTJMPZI33Y46Q/ref=cm_cr_getr_d_gw_btm?ie=UTF8,,2023-04-02
B08PYNVKW1,Not for curvy women,"I wanted to find some men's style basketball shorts. I'm a plus sized woman (US 18) with curvy hips, and the 2x disappeared into my front and backside. Disappointed since I'm usually a 2x in women's sizes so I thought for sure a 2x in men's would be big enough. They are a very soft and comfortable material, though.",Y,,"Size: XX-Large | Color: 5 Pack Black, Dark Grey, Dark Grey, Navy, Dark Green",3,0,,,,,https://www.amazon.com/gp/customer-reviews/RR90NBALH8J5V/ref=cm_cr_getr_d_rvw_ttl?ie=UTF8&ASIN=B08C2Q49MR,Lisa Lisa,"https://images-na.ssl-images-amazon.com/images/S/amazon-avatars-global/5f89774e-b9d3-41d5-8b16-6c4f02ea5125._CR0,0,422,422_SX48_.jpg",US,https://www.amazon.com/gp/profile/amzn1.account.AG6Z6WHWKELTSBH72QOKTIPEGFCA/ref=cm_cr_getr_d_gw_btm?ie=UTF8,,2023-03-06
B08JG3T2SY,Wish they were more durable,"We were going to FL for vacation and I bought this multipack shorts for my husband. They fit great, but I wish they were more durable. After one summer the threads in the waistband started to unravel.",Y,,"Size: X-Large | Color: 5 Pack Black, Black, Navy, Dark Grey, Light Grey",3,1,,,,,https://www.amazon.com/gp/customer-reviews/R34IEKUXW52K69/ref=cm_cr_getr_d_rvw_ttl?ie=UTF8&ASIN=B08C2Q49MR,Linda C.,"https://images-na.ssl-images-amazon.com/images/S/amazon-avatars-global/default._CR0,0,1024,1024_SX48_.png",US,https://www.amazon.com/gp/profile/amzn1.account.AGBI5VO3BUVBTBXHOAOA6VPAKSNA/ref=cm_cr_getr_d_gw_btm?ie=UTF8,,2023-03-05
B08JGBB9N1,Not the best,"The material is very thin. Nice for it to allow air flow but man, does everyone have to see my bulge so EASY even while wearing underwear?

They kinda skimped on the material and it is a little shorter in length. Just FYI.",Y,,"Size: Large | Color: 5 Pack Black, Black, Navy, Dark Grey, Light Grey",2,1,,,,,https://www.amazon.com/gp/customer-reviews/R27JK8IHJZ9GNM/ref=cm_cr_getr_d_rvw_ttl?ie=UTF8&ASIN=B08C2Q49MR,Alex,"https://images-na.ssl-images-amazon.com/images/S/amazon-avatars-global/default._CR0,0,1024,1024_SX48_.png",US,https://www.amazon.com/gp/profile/amzn1.account.AHY4EIQYWDG765QQYARCXYTYA7UA/ref=cm_cr_getr_d_gw_btm?ie=UTF8,,2023-03-03
B08JGBB9N1,Inseam not 5",As other reviews have stated these shorts run much longer than the description.  I'm 6'2" and these went well beyond my knees.,Y,,"Size: Large | Color: 5 Pack Black, Black, Navy, Dark Grey, Light Grey",2,0,,,,,https://www.amazon.com/gp/customer-reviews/R11I1Y6I11OTVO/ref=cm_cr_getr_d_rvw_ttl?ie=UTF8&ASIN=B08C2Q49MR,Chris West,"https://images-na.ssl-images-amazon.com/images/S/amazon-avatars-global/default._CR0,0,1024,1024_SX48_.png",US,https://www.amazon.com/gp/profile/amzn1.account.AFBPHXMOQVVMMCZV4EITV2CNSRTA/ref=cm_cr_getr_d_gw_btm?ie=UTF8,,2023-02-27
B08JGBB9N1,THIN MATERIAL!,"Very very very thin material! If you're wearing compression garments underneath these would be ideal. If you're looking to wear them around the house, you'll need underwear. These are too thin to wear as everyday wear for my hubby. Very very thin material.",Y,,"Size: Large | Color: 5 Pack Black, Black, Navy, Dark Grey, Light Grey",2,1,,,,,https://www.amazon.com/gp/customer-reviews/R2LH3CUVE53H1O/ref=cm_cr_getr_d_rvw_ttl?ie=UTF8&ASIN=B08C2Q49MR,Mensa Dropout,"https://images-na.ssl-images-amazon.com/images/S/amazon-avatars-global/3ae62382-07b5-4b8c-afd3-3ec87bb4fa70._CR0,0,375,375_SX48_.jpg",US,https://www.amazon.com/gp/profile/amzn1.account.AEOAXYWIP3MPCM343FMDABZQXMOA/ref=cm_cr_getr_d_gw_btm?ie=UTF8,,2023-02-23
B08L4WXHBB,Running small,Running small,Y,,"Size: XX-Large | Color: 5 Pack Black, Dark Grey, Dark Blue, Light Grey, Green",2,0,,,,,https://www.amazon.com/gp/customer-reviews/R3JBOXBY1QAQSI/ref=cm_cr_getr_d_rvw_ttl?ie=UTF8&ASIN=B08C2Q49MR,Nataliia,"https://images-na.ssl-images-amazon.com/images/S/amazon-avatars-global/ce8b4737-9095-4811-aa43-8aae93fea7ea._CR0,0,375,375_SX48_.jpg",US,https://www.amazon.com/gp/profile/amzn1.account.AFULGYF3ETENKAIGRSF5KG5P32SA/ref=cm_cr_getr_d_gw_btm?ie=UTF8,,2023-02-17
B08JG3T2SY,Pretty thin,"These are only one layer of a pretty thin fabric you can see through. They will last a few months, thata about it. But hey...they do the job",Y,,"Size: X-Large | Color: 5 Pack Black, Black, Navy, Dark Grey, Light Grey",3,1,,,,,https://www.amazon.com/gp/customer-reviews/R2Q3AASOVT3K0Z/ref=cm_cr_getr_d_rvw_ttl?ie=UTF8&ASIN=B08C2Q49MR,Lindsey Cook,"https://images-na.ssl-images-amazon.com/images/S/amazon-avatars-global/default._CR0,0,1024,1024_SX48_.png",US,https://www.amazon.com/gp/profile/amzn1.account.AGGCZAS6IDAW2AAW354VOCAEAKEQ/ref=cm_cr_getr_d_gw_btm?ie=UTF8,,2023-02-01
B08C2G8DN5,Good for working out.,"Not that comfortable in my opinion, didn't like the fit of them so I just use them to workout sometimes ,pretty good for that .",Y,,Size: X-Large | Color: Black,2,0,,,,,https://www.amazon.com/gp/customer-reviews/R3O5T8J0OYS126/ref=cm_cr_getr_d_rvw_ttl?ie=UTF8&ASIN=B08C2Q49MR,Tony,"https://images-na.ssl-images-amazon.com/images/S/amazon-avatars-global/default._CR0,0,1024,1024_SX48_.png",US,https://www.amazon.com/gp/profile/amzn1.account.AGSHCRIPSX2BF5DU5FOH6OHZ34XA/ref=cm_cr_getr_d_gw_btm?ie=UTF8,,2023-01-30
B08C2CW11V,"Material is shiny, looks cheap","It will be ok for around the house but will not wear them to the golf course.  It originally said a package of 3-2 black and 1 gray, only came with one of each. kind of misleading.",Y,,"Size: X-Large | Color: 2 Pack Black, Dark Grey",2,0,,,,,https://www.amazon.com/gp/customer-reviews/R1QOMPIWKQ3AZT/ref=cm_cr_getr_d_rvw_ttl?ie=UTF8&ASIN=B08C2Q49MR,Pat Cleveland,"https://images-na.ssl-images-amazon.com/images/S/amazon-avatars-global/default._CR0,0,1024,1024_SX48_.png",US,https://www.amazon.com/gp/profile/amzn1.account.AFWSR7XZPQESXS5X4PR5L5BCZS7A/ref=cm_cr_getr_d_gw_btm?ie=UTF8,,2023-01-12
B08JG3T2SY,Didn't fit as well as expected.,They were tighter then other shorts I have bought that are the same size.,Y,,"Size: X-Large | Color: 5 Pack Black, Black, Navy, Dark Grey, Light Grey",3,0,,,,,https://www.amazon.com/gp/customer-reviews/R2UZNCGXC668KS/ref=cm_cr_getr_d_rvw_ttl?ie=UTF8&ASIN=B08C2Q49MR,Gene S,"https://images-na.ssl-images-amazon.com/images/S/amazon-avatars-global/default._CR0,0,1024,1024_SX48_.png",US,https://www.amazon.com/gp/profile/amzn1.account.AETD5CWS64H63OZHSPH42HGJIP7A/ref=cm_cr_getr_d_gw_btm?ie=UTF8,,2022-12-07
B08C2CMHYR,Cheap,"Very, very cheap material",Y,,"Size: Large | Color: 2 Pack Black, Dark Grey",2,0,,,,,https://www.amazon.com/gp/customer-reviews/R3320SRP83ZM39/ref=cm_cr_getr_d_rvw_ttl?ie=UTF8&ASIN=B08C2Q49MR,Renee Rogers,"https://images-na.ssl-images-amazon.com/images/S/amazon-avatars-global/default._CR0,0,1024,1024_SX48_.png",US,https://www.amazon.com/gp/profile/amzn1.account.AGEDVH3YTZXYQXPNDWHWHYU5TDTA/ref=cm_cr_getr_d_gw_btm?ie=UTF8,,2022-11-29
B08C2GLSB4,Just cheap shorts,Theyre not bad but nothing fancy.,Y,,"Size: X-Large | Color: 3 Pack Black, Navy, Light Grey",2,0,,,,,https://www.amazon.com/gp/customer-reviews/R1KC4CUCJF8SLO/ref=cm_cr_getr_d_rvw_ttl?ie=UTF8&ASIN=B08C2Q49MR,matt,"https://images-na.ssl-images-amazon.com/images/S/amazon-avatars-global/default._CR0,0,1024,1024_SX48_.png",US,https://www.amazon.com/gp/profile/amzn1.account.AFOKC5A3EKGZLRAYBTU3Y5IUVO5Q/ref=cm_cr_getr_d_gw_btm?ie=UTF8,,2022-10-02
B08JGBB9N1,Fits too small,Waist band way too small. Usually wear a medium but ordered a large for looser fit. They’re tighter than any of my other medium shorts.,Y,,"Size: Large | Color: 5 Pack Black, Black, Navy, Dark Grey, Light Grey",2,0,,,,,https://www.amazon.com/gp/customer-reviews/R6UXKT42JXTU6/ref=cm_cr_getr_d_rvw_ttl?ie=UTF8&ASIN=B08C2Q49MR,Longhorns2112,"https://images-na.ssl-images-amazon.com/images/S/amazon-avatars-global/ea7c696f-7d4d-4b52-82ca-dbe5e5b627a4._CR0,0,574,574_SX48_.jpg",US,https://www.amazon.com/gp/profile/amzn1.account.AH6D2D54CNZNDXC2KZ2FCKSAJYAA/ref=cm_cr_getr_d_gw_btm?ie=UTF8,,2022-09-18
B08JGHDWNP,Size up,I ordered a 2xl in these shorts and they definitely fit more like an xlarge.,Y,,"Size: XX-Large | Color: 5 Pack Black, Black, Navy, Dark Grey, Light Grey",2,0,,,,,https://www.amazon.com/gp/customer-reviews/R2DUJP4OO95I7O/ref=cm_cr_getr_d_rvw_ttl?ie=UTF8&ASIN=B08C2Q49MR,Amazon Customer,"https://images-na.ssl-images-amazon.com/images/S/amazon-avatars-global/default._CR0,0,1024,1024_SX48_.png",US,https://www.amazon.com/gp/profile/amzn1.account.AHCQ5S2C5NKG7CWJBGVRJARQ6RDA/ref=cm_cr_getr_d_gw_btm?ie=UTF8,,2022-09-04
B08JGB2NFB,Little Too Small,I will never going to buy any more of clothes online because I have not tried it before I buy it,Y,,"Size: XX-Large | Color: 7 Pack Black, Dark Grey, Light Grey, Navy, Blue, Red, Dark Green",2,0,,,,,https://www.amazon.com/gp/customer-reviews/R17UJE7X4TN4IM/ref=cm_cr_getr_d_rvw_ttl?ie=UTF8&ASIN=B08C2Q49MR,Kevin,"https://images-na.ssl-images-amazon.com/images/S/amazon-avatars-global/default._CR0,0,1024,1024_SX48_.png",US,https://www.amazon.com/gp/profile/amzn1.account.AGZFGKLV3HPHBZOFHJUV5SBDOKSA/ref=cm_cr_getr_d_gw_btm?ie=UTF8,,2022-08-13
B08L4X6T2V,Cheaply made,"Not what I expected. Shorts were cheaply made, not true to size.",Y,,"Size: X-Large | Color: 5 Pack Black, Dark Grey, Dark Blue, Milddle Blue, Army Green",2,0,,,,,https://www.amazon.com/gp/customer-reviews/R1DGFZA592I4O2/ref=cm_cr_getr_d_rvw_ttl?ie=UTF8&ASIN=B08C2Q49MR,Jacquelyn Martin,"https://images-na.ssl-images-amazon.com/images/S/amazon-avatars-global/default._CR0,0,1024,1024_SX48_.png",US,https://www.amazon.com/gp/profile/amzn1.account.AFBODPWH4HQNNEXRAITG4YFRVYTQ/ref=cm_cr_getr_d_gw_btm?ie=UTF8,,2022-08-05
B08JGHDWNP,Very thin and somewhat see through material.,Fit is average. Fabric is quite thin and somewhat see through.,Y,,"Size: XX-Large | Color: 5 Pack Black, Black, Navy, Dark Grey, Light Grey",2,1,,,,,https://www.amazon.com/gp/customer-reviews/RVWN7EKM1EBII/ref=cm_cr_getr_d_rvw_ttl?ie=UTF8&ASIN=B08C2Q49MR,G,"https://images-na.ssl-images-amazon.com/images/S/amazon-avatars-global/default._CR0,0,1024,1024_SX48_.png",US,https://www.amazon.com/gp/profile/amzn1.account.AEBVBZ4XJ5AMSAQLD4FW35AXV6OQ/ref=cm_cr_getr_d_gw_btm?ie=UTF8,,2022-08-04
B08JG3T2SY,Runs and holes at the seams after only 5 wears…,I thought these shorts would be good but just after the return deadline (30 days) one of the pairs showed runs from the seams across the shorts and had holes at the seams like the stitches had fallen out. I will not buy replacements but will use the rest of the pack til they also fall apart.,Y,,"Size: X-Large | Color: 5 Pack Black, Black, Navy, Dark Grey, Light Grey",2,0,,,,,https://www.amazon.com/gp/customer-reviews/R1B6RO3HGLRE9D/ref=cm_cr_getr_d_rvw_ttl?ie=UTF8&ASIN=B08C2Q49MR,Heather,"https://images-na.ssl-images-amazon.com/images/S/amazon-avatars-global/default._CR0,0,1024,1024_SX48_.png",US,https://www.amazon.com/gp/profile/amzn1.account.AEDFHJNYO2SLK442KALX52IZWDCA/ref=cm_cr_getr_d_gw_btm?ie=UTF8,,2022-07-14
B08L4XF4J9,Smaller then expected,Small fit,Y,,"Size: XX-Large | Color: 5 Pack Black, Dark Grey, Dark Blue, Milddle Blue, Army Green",2,0,,,,,https://www.amazon.com/gp/customer-reviews/R1XN5246IX6K31/ref=cm_cr_getr_d_rvw_ttl?ie=UTF8&ASIN=B08C2Q49MR,Daniel Kelley,"https://images-na.ssl-images-amazon.com/images/S/amazon-avatars-global/default._CR0,0,1024,1024_SX48_.png",US,https://www.amazon.com/gp/profile/amzn1.account.AFCJIRUTKDFUUPKGXHDANHWHDZUQ/ref=cm_cr_getr_d_gw_btm?ie=UTF8,,2022-07-13
B08C291LRW,Way too small in the waist,"I normally wear a medium, but like my athletic shorts to be a bit baggy in the waist for wearing around the house. So I ordered a large (which is normally baggy on me) and these felt closer to a Small or Small-Medium in the waist. Another reviewer said you should order ~1.5x sizes up which is probably a good idea.",Y,,"Size: Large | Color: 5 Pack Black, Navy, Blue, Dark Grey, Light Grey",2,0,,,,,https://www.amazon.com/gp/customer-reviews/RXNJY3Q1GRCXP/ref=cm_cr_getr_d_rvw_ttl?ie=UTF8&ASIN=B08C2Q49MR,clz8225,"https://images-na.ssl-images-amazon.com/images/S/amazon-avatars-global/default._CR0,0,1024,1024_SX48_.png",US,https://www.amazon.com/gp/profile/amzn1.account.AGCKKIXQKUXY7YWTBTNX3GYRSK3A/ref=cm_cr_getr_d_gw_btm?ie=UTF8,,2022-07-01
B08C2R9GWC,Thin- not comfy,"Not comfy
Ride up between legs",Y,,"Size: Medium | Color: 3 Pack Black, Navy, Light Grey",2,0,,,,,https://www.amazon.com/gp/customer-reviews/R1U18D86QGFLY2/ref=cm_cr_getr_d_rvw_ttl?ie=UTF8&ASIN=B08C2Q49MR,KathleenRodrigue,"https://images-na.ssl-images-amazon.com/images/S/amazon-avatars-global/default._CR0,0,1024,1024_SX48_.png",US,https://www.amazon.com/gp/profile/amzn1.account.AHFELTELHOW5UBIB5LFMYOII2DFA/ref=cm_cr_getr_d_gw_btm?ie=UTF8,,2022-06-19
B08JG8DNVQ,Good material but bad quality,There’s a hole after one time used as sleep wear. Not recommended unless they can fix the quality.,Y,,"Size: Small | Color: 5 Pack Black, Black, Navy, Dark Grey, Light Grey",2,2,1,https://m.media-amazon.com/images/I/61JjXRd6dvL._SY200.jpg,,,https://www.amazon.com/gp/customer-reviews/RQCJ6WYIVI89/ref=cm_cr_getr_d_rvw_ttl?ie=UTF8&ASIN=B08C2Q49MR,Lin,"https://images-na.ssl-images-amazon.com/images/S/amazon-avatars-global/default._CR0,0,1024,1024_SX48_.png",US,https://www.amazon.com/gp/profile/amzn1.account.AE34J5LU7IAFHDIQAVCEHU6FWQOA/ref=cm_cr_getr_d_gw_btm?ie=UTF8,,2022-06-11
B08C2Q49MR,Runs small,"Runs too small.  My son wears large typically, however had to reorder XL to replace what seemed like a medium.
I'd guess sizing is 1.5 sizes smaller than indicated.  Also, for around home wear, unless you want to show off your package in public.",Y,,,2,0,,,,,https://www.amazon.com/gp/customer-reviews/R1MKVU5VJAKE6H/ref=cm_cr_getr_d_rvw_ttl?ie=UTF8&ASIN=B08C2Q49MR,Elizabeth Ruczynski-Salada,"https://images-na.ssl-images-amazon.com/images/S/amazon-avatars-global/default._CR0,0,1024,1024_SX48_.png",US,https://www.amazon.com/gp/profile/amzn1.account.AF7HQVWW3G4JNBJYIKSZB7IHUKKQ/ref=cm_cr_getr_d_gw_btm?ie=UTF8,,2022-06-06
B08C26G4J6,bad,no drawstrings t all and the pockets on one pair were only about 4 inched deep,Y,,"Size: X-Large | Color: 3 Pack Black, Black, Dark Grey",2,0,,,,,https://www.amazon.com/gp/customer-reviews/RVFO0WB5VD2XX/ref=cm_cr_getr_d_rvw_ttl?ie=UTF8&ASIN=B08C2Q49MR,Hal Ritchie,"https://images-na.ssl-images-amazon.com/images/S/amazon-avatars-global/default._CR0,0,1024,1024_SX48_.png",US,https://www.amazon.com/gp/profile/amzn1.account.AFL5PS4H4QOXUOKXYPKND4QLEABQ/ref=cm_cr_getr_d_gw_btm?ie=UTF8,,2022-05-15
B08JGHDWNP,Thin and short! More like bike shorts for woman,Thin and short! More like bike shorts for woman,Y,,"Size: XX-Large | Color: 5 Pack Black, Black, Navy, Dark Grey, Light Grey",2,0,,,,,https://www.amazon.com/gp/customer-reviews/RCYL6WF4JPQBW/ref=cm_cr_getr_d_rvw_ttl?ie=UTF8&ASIN=B08C2Q49MR,EB. Robins,"https://images-na.ssl-images-amazon.com/images/S/amazon-avatars-global/0eeda956-be4a-460c-9c46-dc1b72f6c01d._CR0,0,375,375_SX48_.jpg",US,https://www.amazon.com/gp/profile/amzn1.account.AFGUEB6JLU5OO2R37UEHWNZ3R44Q/ref=cm_cr_getr_d_gw_btm?ie=UTF8,,2022-05-11
B08C291LRW,Very thin & No mesh,"Size matters is not the only issue here.
The Large at best is a petite Medium
Material is so thin that when in the light of day it's see through like a veil on a lampshade! Lastly the elastic waistband is very taught.",Y,,"Size: Large | Color: 5 Pack Black, Navy, Blue, Dark Grey, Light Grey",2,0,,,,,https://www.amazon.com/gp/customer-reviews/R28FIURT3PT083/ref=cm_cr_getr_d_rvw_ttl?ie=UTF8&ASIN=B08C2Q49MR,MommaOFsix,"https://images-na.ssl-images-amazon.com/images/S/amazon-avatars-global/default._CR0,0,1024,1024_SX48_.png",US,https://www.amazon.com/gp/profile/amzn1.account.AHPG4MM6VVKQ2ZVOOXF2WSNXVWZA/ref=cm_cr_getr_d_gw_btm?ie=UTF8,,2021-12-22
B08C2J2XKD,"Thin material, stitching comes off","Out of the 5 pairs of shorts I ordered, one of them had a torn pocket out of the gate.  I informed the seller and they sent me two replacements.

The replacements were fine, but unfortunately, another pocket developed a hole a few seconds after I put a set of keys inside (a set of 7 keys, not heavy at all).  Now I have thrown away two of the shorts, and I don't put anything into the pockets when I work out in these shorts, which are highly inconvenient.

I have other Nike shorts that I've used for years without these problems.

I do NOT recommend these shorts.",Y,,"Size: Medium | Color: 5 Pack Black, Navy, Blue, Dark Grey, Light Grey",2,1,,,,,https://www.amazon.com/gp/customer-reviews/R3K8KF5RT9V4J7/ref=cm_cr_getr_d_rvw_ttl?ie=UTF8&ASIN=B08C2Q49MR,David@TX,"https://images-na.ssl-images-amazon.com/images/S/amazon-avatars-global/default._CR0,0,1024,1024_SX48_.png",US,https://www.amazon.com/gp/profile/amzn1.account.AHV53AGKMLFHJBIMPILFOKFBEGBQ/ref=cm_cr_getr_d_gw_btm?ie=UTF8,,2021-11-20
B08C2K4XKR,Was supposed to have 3 pair only had 2,Missing a pair of shorts,Y,,"Size: XX-Large | Color: 3 Pack Black, Black, Dark Grey",2,0,,,,,https://www.amazon.com/gp/customer-reviews/R3B8WEW8PU7653/ref=cm_cr_getr_d_rvw_ttl?ie=UTF8&ASIN=B08C2Q49MR,Chris,"https://images-na.ssl-images-amazon.com/images/S/amazon-avatars-global/default._CR0,0,1024,1024_SX48_.png",US,https://www.amazon.com/gp/profile/amzn1.account.AFDEDEH7JVMD6UQ3MAOSWMDAW42Q/ref=cm_cr_getr_d_gw_btm?ie=UTF8,,2021-10-31
B01AK7Y12A,Small pockets,Cheap and extremely small pockets. Don’t waste your time with these shorts,Y,,Special Size: Standard | Size: Medium | Color: Black C Logo,1,0,,,,,https://www.amazon.com/gp/customer-reviews/RXINBS7W1VFCA/ref=cm_cr_getr_d_rvw_ttl?ie=UTF8&ASIN=B0C3W8MHZF,Chris Sand,"https://images-na.ssl-images-amazon.com/images/S/amazon-avatars-global/default._CR0,0,1024,1024_SX48_.png",US,https://www.amazon.com/gp/profile/amzn1.account.AFBPVNEZPQPW4B4ITKKSV3CK4IVA/ref=cm_cr_getr_d_gw_btm?ie=UTF8,,2024-11-12
B01AK7XBYY,runs big,thinner material than I expected,Y,,Special Size: Standard | Size: Large | Color: Team Maroon C Logo,4,0,,,,,https://www.amazon.com/gp/customer-reviews/R2M5VJXQLPXY2P/ref=cm_cr_getr_d_rvw_ttl?ie=UTF8&ASIN=B0C3W8MHZF,Amazon Customer,"https://images-na.ssl-images-amazon.com/images/S/amazon-avatars-global/default._CR0,0,1024,1024_SX48_.png",US,https://www.amazon.com/gp/profile/amzn1.account.AEZFRNO4NSKFMTAJ7MPHMZKV3ZOQ/ref=cm_cr_getr_d_gw_btm?ie=UTF8,,2024-11-12
B0BRQZ2ZLP,Sports Shorts,"We’ll-sewn, great fit, very comfortable.",Y,,Special Size: Big & Tall | Size: Large Tall | Color: Black C Logo,5,0,,,,,https://www.amazon.com/gp/customer-reviews/R3G85MSX22HGMH/ref=cm_cr_getr_d_rvw_ttl?ie=UTF8&ASIN=B0C3W8MHZF,mofuncarl,"https://images-na.ssl-images-amazon.com/images/S/amazon-avatars-global/default._CR0,0,1024,1024_SX48_.png",US,https://www.amazon.com/gp/profile/amzn1.account.AEF6QSOOZY3VQ5N3DFVKI56QDKQA/ref=cm_cr_getr_d_gw_btm?ie=UTF8,,2024-11-11
B0CJSPBWV2,Nice,Cool,Y,,Special Size: Standard | Size: Small | Color: Black Reflective C,5,0,,,,,https://www.amazon.com/gp/customer-reviews/RM2ETBZW5A5Y4/ref=cm_cr_getr_d_rvw_ttl?ie=UTF8&ASIN=B0C3W8MHZF,James,"https://images-na.ssl-images-amazon.com/images/S/amazon-avatars-global/c80615fb-f9af-464a-92ed-beb3953524fa._CR0,0,375,375_SX48_.jpg",US,https://www.amazon.com/gp/profile/amzn1.account.AFNIOP3GS7BU47LUDFCXQJOHS3KQ/ref=cm_cr_getr_d_gw_btm?ie=UTF8,,2024-11-11
B0BRQXXZQK,Very thin- cheaply made,Thin. Cheaply made. I wouldn't suggest these.  I threw them away.,Y,,Special Size: Big & Tall | Size: X-Large Tall | Color: Black C Logo,1,0,,,,,https://www.amazon.com/gp/customer-reviews/R123DKO28VQ6VT/ref=cm_cr_getr_d_rvw_ttl?ie=UTF8&ASIN=B0C3W8MHZF,Alisa,"https://images-na.ssl-images-amazon.com/images/S/amazon-avatars-global/27a347a0-6d4f-4c15-b20b-37e9ba8792dc._CR62,0,375,375_SX48_.jpg",US,https://www.amazon.com/gp/profile/amzn1.account.AHFA56562UPWIIONOTYO4KJRM4HQ/ref=cm_cr_getr_d_gw_btm?ie=UTF8,,2024-11-10
B01AK7Y102,Shallow girl pockets,"nice light weight breathable material but the pockets are really shallow your phone will fall out at the gym for sure,",Y,,Special Size: Standard | Size: X-Large | Color: Black C Logo,3,0,,,,,https://www.amazon.com/gp/customer-reviews/R252IR2U5PV5QU/ref=cm_cr_getr_d_rvw_ttl?ie=UTF8&ASIN=B0C3W8MHZF,S,"https://images-na.ssl-images-amazon.com/images/S/amazon-avatars-global/default._CR0,0,1024,1024_SX48_.png",US,https://www.amazon.com/gp/profile/amzn1.account.AG4R4SF3F4UMG2V3WDLECUZYKXLQ/ref=cm_cr_getr_d_gw_btm?ie=UTF8,,2024-11-10
B00KUL0W1G,"Nice, but.. pockets...","I bought a pair for my husband and planned to buy several more if he liked them as the price was great, but the pockets are not deep at all. He says the quality and the feel of the shorts are great, but the pocket depth is too small.",Y,,Special Size: Standard | Size: Large | Color: Black C Logo,3,0,,,,,https://www.amazon.com/gp/customer-reviews/R159YOFOFPNY6X/ref=cm_cr_getr_d_rvw_ttl?ie=UTF8&ASIN=B0C3W8MHZF,Brandi Forster,"https://images-na.ssl-images-amazon.com/images/S/amazon-avatars-global/default._CR0,0,1024,1024_SX48_.png",US,https://www.amazon.com/gp/profile/amzn1.account.AEJFHEBHQ44GDWCTPSCKYIBA5NFQ/ref=cm_cr_getr_d_gw_btm?ie=UTF8,,2024-11-09
B0BRQZHY8T,Seam on inner right leg is coming apart .,After 1 day of wearing the seam is coming apart . Being 6ft 4in tall it’s hard to find shorts that are long enough that’s the reason I’m not returning. Review is not a complaint but rather maybe the company I bought them from could improve the inspection from customer service before there shipped.,Y,,Special Size: Big & Tall | Size: Large Tall | Color: Granite Heather C Logo,2,0,1,https://m.media-amazon.com/images/I/81Wx5ludCHL._SY200.jpg,,,https://www.amazon.com/gp/customer-reviews/R1OS3T64XTY259/ref=cm_cr_getr_d_rvw_ttl?ie=UTF8&ASIN=B0C3W8MHZF,jim hackett,"https://images-na.ssl-images-amazon.com/images/S/amazon-avatars-global/default._CR0,0,1024,1024_SX48_.png",US,https://www.amazon.com/gp/profile/amzn1.account.AGC2HETTHWSKQW73CMWD43O6GK5A/ref=cm_cr_getr_d_gw_btm?ie=UTF8,,2024-11-08
B01AK7XXLU,Pocket depth varies on different color optioins.,"I don't understand why the pockets in mens clothing are so shallow these days.

I bought a pair of Granite Heather C Logo and hoped for the best. Turned out that I could actually put my phone in the pocket and not expect it to fall out when sitting down. Fantastic! So I bought the same pair of shorts in navy blue. The pockets are half as deep. Sit down at the gym on a piece of equipment and... plop! Your phone hits the floor.",Y,,Special Size: Standard | Size: Medium | Color: Granite Heather C Logo,2,0,,,,,https://www.amazon.com/gp/customer-reviews/R3LCASGYTI8BDS/ref=cm_cr_getr_d_rvw_ttl?ie=UTF8&ASIN=B0C3W8MHZF,I Don't Comment Often,"https://images-na.ssl-images-amazon.com/images/S/amazon-avatars-global/default._CR0,0,1024,1024_SX48_.png",US,https://www.amazon.com/gp/profile/amzn1.account.AHFPF6TLTM3DLHRIN7HMQG4UC7EQ/ref=cm_cr_getr_d_gw_btm?ie=UTF8,,2024-11-08
B00KUL0W1G,Comfortable with very small pockets,Comfortable with very small pockets. The phone falls out.,Y,,Special Size: Standard | Size: Large | Color: Black C Logo,3,0,,,,,https://www.amazon.com/gp/customer-reviews/R1S9W5J4BV5YWB/ref=cm_cr_getr_d_rvw_ttl?ie=UTF8&ASIN=B0C3W8MHZF,Ziv,"https://images-na.ssl-images-amazon.com/images/S/amazon-avatars-global/default._CR0,0,1024,1024_SX48_.png",US,https://www.amazon.com/gp/profile/amzn1.account.AG2CGV4EM6QQMMZHLJ36IQLPBSXA/ref=cm_cr_getr_d_gw_btm?ie=UTF8,,2024-11-08
B0C3W8MHZF,Comfy,"Not the shorts I typically wear, but since I was on vacation and totally forgot to pack my shorts, I had to make a quick order.

Received the shorts next day. they are quite comfy and are much lighter than expected. Pockets could be a little deeper, but they do well with loose change. with the depth of the pockets, I do have to maintain my phone in may hands, while sitting, but walking around I have not issues.

The shorts are very breathable, which I like, especially when I am vacationing in the south where it is quite humid.

Overall I like the shorts and definitely will purchase again, when needed.",,,,5,0,,,,,https://www.amazon.com/gp/customer-reviews/R3CEFXOWQMZ4DN/ref=cm_cr_getr_d_rvw_ttl?ie=UTF8&ASIN=B0C3W8MHZF,Amazon Customer,"https://images-na.ssl-images-amazon.com/images/S/amazon-avatars-global/default._CR0,0,1024,1024_SX48_.png",US,https://www.amazon.com/gp/profile/amzn1.account.AH3MHCK5G3RFN4MRI3BSATSJ3DGQ/ref=cm_cr_getr_d_gw_btm?ie=UTF8,,2024-11-04
B01AK7ZJYY,Shorts,Great bit and quality great price,Y,,Special Size: Standard | Size: XX-Large | Color: Navy C Logo,5,0,,,,,https://www.amazon.com/gp/customer-reviews/R3LGYOUBEXH8SP/ref=cm_cr_getr_d_rvw_ttl?ie=UTF8&ASIN=B0C3W8MHZF,Bobby Gunter,"https://images-na.ssl-images-amazon.com/images/S/amazon-avatars-global/97b38814-b733-486b-b997-0f95a31bbf6a._CR55,0,389,389_SX48_.jpg",US,https://www.amazon.com/gp/profile/amzn1.account.AEBH7VZUTJBS6DAC4AOACMNYFMDQ/ref=cm_cr_getr_d_gw_btm?ie=UTF8,,2024-11-03
B01AK7Y12A,Comfortable,These shorts are comfortable and soft. They have a nice slightly above the knee fit and look great.,Y,,Special Size: Standard | Size: Medium | Color: Black C Logo,5,0,,,,,https://www.amazon.com/gp/customer-reviews/R2D3STT8M6ROW2/ref=cm_cr_getr_d_rvw_ttl?ie=UTF8&ASIN=B0C3W8MHZF,Micah,"https://images-na.ssl-images-amazon.com/images/S/amazon-avatars-global/default._CR0,0,1024,1024_SX48_.png",US,https://www.amazon.com/gp/profile/amzn1.account.AFXVHNVNICHPXRAQVQOOSGXBFU5A/ref=cm_cr_getr_d_gw_btm?ie=UTF8,,2024-11-03
B01AK7Y102,my son loves these shorts,"I had to buy him more as he wears them with everything, super comfortable.",Y,,Special Size: Standard | Size: X-Large | Color: Black C Logo,5,0,,,,,https://www.amazon.com/gp/customer-reviews/R3R3UFAQ2NH57P/ref=cm_cr_getr_d_rvw_ttl?ie=UTF8&ASIN=B0C3W8MHZF,buying4fun,"https://images-na.ssl-images-amazon.com/images/S/amazon-avatars-global/default._CR0,0,1024,1024_SX48_.png",US,https://www.amazon.com/gp/profile/amzn1.account.AEP7RFDIIQ237JTD2PF4SU3IR3NA/ref=cm_cr_getr_d_gw_btm?ie=UTF8,,2024-11-03
B01AK7Z2AU,OK,"Fit is a little slimmer than other brands.
Pockets are not very deep, will not fit my mobile phone.",Y,,Special Size: Standard | Size: X-Large | Color: Oxford Gray C Logo,3,0,,,,,https://www.amazon.com/gp/customer-reviews/RPS4M4OCBT4F3/ref=cm_cr_getr_d_rvw_ttl?ie=UTF8&ASIN=B0C3W8MHZF,RG,"https://images-na.ssl-images-amazon.com/images/S/amazon-avatars-global/default._CR0,0,1024,1024_SX48_.png",US,https://www.amazon.com/gp/profile/amzn1.account.AGITNKQYTLYAHW4SJ5FMWYLWPL4A/ref=cm_cr_getr_d_gw_btm?ie=UTF8,,2024-10-30
B00KUL0W1G,Nice material for hot weather,My husband loves how light these shorts are. They look just like the picture.  Durable lightweight material.,Y,,Special Size: Standard | Size: Large | Color: Black C Logo,5,0,,,,,https://www.amazon.com/gp/customer-reviews/RZ9P4OA4TEFVP/ref=cm_cr_getr_d_rvw_ttl?ie=UTF8&ASIN=B0C3W8MHZF,Kristen,"https://images-na.ssl-images-amazon.com/images/S/amazon-avatars-global/default._CR0,0,1024,1024_SX48_.png",US,https://www.amazon.com/gp/profile/amzn1.account.AGTHVLYIOFABKPY7KWLQRLWDAPKA/ref=cm_cr_getr_d_gw_btm?ie=UTF8,,2024-10-30
B0CJSKTS4Y,High Quality,High Quality at a great price. Highly recommended,Y,,Special Size: Standard | Size: Large | Color: Navy Reflective C,5,0,,,,,https://www.amazon.com/gp/customer-reviews/R352XDOJNK4JWC/ref=cm_cr_getr_d_rvw_ttl?ie=UTF8&ASIN=B0C3W8MHZF,SVEGroup,"https://images-na.ssl-images-amazon.com/images/S/amazon-avatars-global/14d1a030-9faf-4795-b4b8-776f6c14a271._CR0,0,375,375_SX48_.jpg",US,https://www.amazon.com/gp/profile/amzn1.account.AHVTMERYB7FH5LCXELFA4IVPVNWQ/ref=cm_cr_getr_d_gw_btm?ie=UTF8,,2024-10-28
B0CJSJWJXP,Excelente,Productos de 1era calidad,Y,,Special Size: Standard | Size: Medium | Color: Soft Suede/Nimbus Green Reflective C,5,0,,,,,https://www.amazon.com/gp/customer-reviews/R2SSO1UIH8VJG6/ref=cm_cr_getr_d_rvw_ttl?ie=UTF8&ASIN=B0C3W8MHZF,Gustavo Garcia,"https://images-na.ssl-images-amazon.com/images/S/amazon-avatars-global/default._CR0,0,1024,1024_SX48_.png",US,https://www.amazon.com/gp/profile/amzn1.account.AHAIZBZEJRG6NO3MQHXEIF4NY7JA/ref=cm_cr_getr_d_gw_btm?ie=UTF8,,2024-10-26
B01M8J3J4G,Fits as advertised,"Super comfortable, good quality, and I love the color. The shorts are fine for lounging around, but also for working out or playing sports.",Y,,Special Size: Standard | Size: Medium | Color: Team Dark Green C Logo,5,0,,,,,https://www.amazon.com/gp/customer-reviews/R34MDKJMK3GKS8/ref=cm_cr_getr_d_rvw_ttl?ie=UTF8&ASIN=B0C3W8MHZF,Ash Whitehead,"https://images-na.ssl-images-amazon.com/images/S/amazon-avatars-global/79b51054-051e-4001-bab6-c9a66347e057._CR0,0,500,500_SX48_.jpg",US,https://www.amazon.com/gp/profile/amzn1.account.AGHIOHHDOL5VEKV4X7CPOGYPXKEA/ref=cm_cr_getr_d_gw_btm?ie=UTF8,,2024-10-26
B0BNJRZSXQ,Great for the price,I paid $11.99 and wear these to the gym every day. Best shorts ever. Lightweight  for sure.🏈,Y,,Special Size: Big & Tall | Size: 3X-Large Big | Color: Navy C Logo,5,1,,,,,https://www.amazon.com/gp/customer-reviews/R3AA8BW2AQXB6Y/ref=cm_cr_getr_d_rvw_ttl?ie=UTF8&ASIN=B0C3W8MHZF,David J. Kish,"https://images-na.ssl-images-amazon.com/images/S/amazon-avatars-global/9fec679a-7f09-443c-9bec-6f3b5c3c54a3._CR0,0,479,479_SX48_.jpg",US,https://www.amazon.com/gp/profile/amzn1.account.AHIJIAFBPLLLSQVJGX5FY5XZJFUA/ref=cm_cr_getr_d_gw_btm?ie=UTF8,,2024-10-26
B01AK7XJS2,Love them,Great color and fit,Y,,Special Size: Standard | Size: Medium | Color: Oxford Gray C Logo,5,0,,,,,https://www.amazon.com/gp/customer-reviews/R3A9886D0ZTN9Y/ref=cm_cr_getr_d_rvw_ttl?ie=UTF8&ASIN=B0C3W8MHZF,Richard Zavracky,"https://images-na.ssl-images-amazon.com/images/S/amazon-avatars-global/default._CR0,0,1024,1024_SX48_.png",US,https://www.amazon.com/gp/profile/amzn1.account.AG2ZHDPYZCTERH3K32KQCY3UZEPA/ref=cm_cr_getr_d_gw_btm?ie=UTF8,,2024-10-24
B0BNJRZSXQ,Great fit and quality,"I’m really glad that this brand has “stayed the course” and continues to make quality affordable athlete wear
These are perfectly sized with a wide elastic waistband to accommodate any weight fluctuations I was glad because I was very fat and because of recent health issues I’m starting to lose weight so these shorts should work",Y,,Special Size: Big & Tall | Size: 3X-Large Big | Color: Navy C Logo,5,0,,,,,https://www.amazon.com/gp/customer-reviews/R3PNZSU4VJALJN/ref=cm_cr_getr_d_rvw_ttl?ie=UTF8&ASIN=B0C3W8MHZF,Michael,"https://images-na.ssl-images-amazon.com/images/S/amazon-avatars-global/c05fa765-3c02-4016-882b-74e40735dcbd._CR0,26.0,281,281_SX48_.jpg",US,https://www.amazon.com/gp/profile/amzn1.account.AGAERTHUIPE7HJIZHEQWFZSXQ5YQ/ref=cm_cr_getr_d_gw_btm?ie=UTF8,,2024-10-16
B00KUL0W1G,Just What My Husband Wanted,"Amazon saved me the headache of running around from store to store trying to find my husbands favorite shorts again. I had already looked at two of the neighborhood retailers because I happened to be there, but no luck. I hate having to run from place to place to only be disappointed. Now I am happy and so is my hubby. These shorts are my husband's favorite for a reason. Thanks Amazon and thank you Champion.",Y,,Special Size: Standard | Size: Large | Color: Black C Logo,5,0,,,,,https://www.amazon.com/gp/customer-reviews/R37ZFS4D5OFKLQ/ref=cm_cr_getr_d_rvw_ttl?ie=UTF8&ASIN=B0C3W8MHZF,Kerry,"https://images-na.ssl-images-amazon.com/images/S/amazon-avatars-global/default._CR0,0,1024,1024_SX48_.png",US,https://www.amazon.com/gp/profile/amzn1.account.AGFDS2C67EWXWLGDFDWOP2UE3ZUA/ref=cm_cr_getr_d_gw_btm?ie=UTF8,,2024-10-13
B01AK7Z1ZG,Bought several pairs! My sons favorite,I bought one pair for my son just in case they didn't turn out to be something he would like. He loved them so much he wanted 5 more pair in some of the other colors! We have 3 huskies and they have been pet friendly and wash and wear nicely with no wrinkles.,Y,,Special Size: Standard | Size: Medium | Color: Navy C Logo,5,0,,,,,https://www.amazon.com/gp/customer-reviews/R2A8EC0BDB8L3M/ref=cm_cr_getr_d_rvw_ttl?ie=UTF8&ASIN=B0C3W8MHZF,Tammy McQuitty,"https://images-na.ssl-images-amazon.com/images/S/amazon-avatars-global/default._CR0,0,1024,1024_SX48_.png",US,https://www.amazon.com/gp/profile/amzn1.account.AHRYDFBVIUIWQH3U4WUDFYMTEI6A/ref=cm_cr_getr_d_gw_btm?ie=UTF8,,2024-10-13
B01AK7Y102,The Pockets are Too Darn Small,"The size and design of these pockets deem them totally useless. Not only are they shallow, but the outside tops of the pockets are almost flush with the bottom. Yes, they are comfortable and fit well, but if you take a quick jaunt out to the store, well let's just say I hope you're not too attached to your wallet, phone, and keys. They're not even useful for carrying things from one room to the next inside the house.",Y,,Special Size: Standard | Size: X-Large | Color: Black C Logo,2,0,,,,,https://www.amazon.com/gp/customer-reviews/R21GXXVPJZ9J2/ref=cm_cr_getr_d_rvw_ttl?ie=UTF8&ASIN=B0C3W8MHZF,Ernie UMass,"https://images-na.ssl-images-amazon.com/images/S/amazon-avatars-global/default._CR0,0,1024,1024_SX48_.png",US,https://www.amazon.com/gp/profile/amzn1.account.AE6HZPYI5VQLCS425INNRBDBJAMQ/ref=cm_cr_getr_d_gw_btm?ie=UTF8,,2024-10-12
B01AK7XQQC,Very Pleased,"Nice shorts, especially for just hanging around the house. They were on sale and a good value.",Y,,Special Size: Standard | Size: X-Large | Color: Granite Heather C Logo,5,0,,,,,https://www.amazon.com/gp/customer-reviews/R2XLT0EGBRB7IL/ref=cm_cr_getr_d_rvw_ttl?ie=UTF8&ASIN=B0C3W8MHZF,CPO,"https://images-na.ssl-images-amazon.com/images/S/amazon-avatars-global/default._CR0,0,1024,1024_SX48_.png",US,https://www.amazon.com/gp/profile/amzn1.account.AGTWHNN22H46WPIJEODFD37EJ4LQ/ref=cm_cr_getr_d_gw_btm?ie=UTF8,,2024-10-10
B01AK7XXLU,6 months- threads coming out,"I've had these a year and still wear them to the gym weekly. There's not much to scrape on between the bathroom and the workout room, but you would think I walked through a couple rose bushes based on the threads coming out in various (non-stiched) places. Great feel, comfortable, not sustainable.",Y,,Special Size: Standard | Size: Medium | Color: Granite Heather C Logo,2,0,,,,,https://www.amazon.com/gp/customer-reviews/R3HNZMHSQ89LT6/ref=cm_cr_getr_d_rvw_ttl?ie=UTF8&ASIN=B0C3W8MHZF,Andrew Kucel,"https://images-na.ssl-images-amazon.com/images/S/amazon-avatars-global/default._CR0,0,1024,1024_SX48_.png",US,https://www.amazon.com/gp/profile/amzn1.account.AGMMZFFCV7Q7RIK637JDOZYRMZDA/ref=cm_cr_getr_d_gw_btm?ie=UTF8,,2024-10-08
B00KUL0W1G,Worth the money.,My husband has worn these for months now and they still are like new,Y,,Special Size: Standard | Size: Large | Color: Black C Logo,5,0,,,,,https://www.amazon.com/gp/customer-reviews/RC1SAS2AQ4HBJ/ref=cm_cr_getr_d_rvw_ttl?ie=UTF8&ASIN=B0C3W8MHZF,Macy s,"https://images-na.ssl-images-amazon.com/images/S/amazon-avatars-global/default._CR0,0,1024,1024_SX48_.png",US,https://www.amazon.com/gp/profile/amzn1.account.AFXK7UP456IRJJ7ZYSOWEH7LBJMA/ref=cm_cr_getr_d_gw_btm?ie=UTF8,,2024-10-08
B00KUL0W1G,Pockets are too shallow,Nice shorts except for the pockets.  iPhone sticks out when in the pocket.,Y,,Special Size: Standard | Size: Large | Color: Black C Logo,2,0,,,,,https://www.amazon.com/gp/customer-reviews/R2FSGXI0WHJHOQ/ref=cm_cr_getr_d_rvw_ttl?ie=UTF8&ASIN=B0C3W8MHZF,Zach otto,"https://images-na.ssl-images-amazon.com/images/S/amazon-avatars-global/default._CR0,0,1024,1024_SX48_.png",US,https://www.amazon.com/gp/profile/amzn1.account.AEYC3BHK4D7THBF5Q65WWRY65E4A/ref=cm_cr_getr_d_gw_btm?ie=UTF8,,2024-10-05
B01AK7XQQC,Is what it is,Just regular shorts. Stretched out and became loose fitting very quickly,Y,,Special Size: Standard | Size: X-Large | Color: Granite Heather C Logo,3,0,,,,,https://www.amazon.com/gp/customer-reviews/R2TL63AXTH6WWW/ref=cm_cr_getr_d_rvw_ttl?ie=UTF8&ASIN=B0C3W8MHZF,Thomas Adamson,"https://images-na.ssl-images-amazon.com/images/S/amazon-avatars-global/84a39279-56c5-465a-a81d-9167784afd65._CR0,0,675,675_SX48_.jpg",US,https://www.amazon.com/gp/profile/amzn1.account.AGFKT72VXOZ52ZAADYJRP23NBIDQ/ref=cm_cr_getr_d_gw_btm?ie=UTF8,,2024-10-05
B0CJSYKQF9,YOU GET WHAT YOU PAY FOR,"As the title says nothing wrong with the shorts, exactly what I was looking for. These shorts are very light, great for just kicking it around the house or hot weather.",Y,,Special Size: Standard | Size: Medium | Color: Navy Reflective C,4,0,,,,,https://www.amazon.com/gp/customer-reviews/REOO21CZGGYJK/ref=cm_cr_getr_d_rvw_ttl?ie=UTF8&ASIN=B0C3W8MHZF,Mario Diego Jr.,"https://images-na.ssl-images-amazon.com/images/S/amazon-avatars-global/default._CR0,0,1024,1024_SX48_.png",US,https://www.amazon.com/gp/profile/amzn1.account.AFG5DOX2IZFY7FS2XSD4EXNOFOZQ/ref=cm_cr_getr_d_gw_btm?ie=UTF8,,2024-10-04
B01AK7Y12A,Do you want to lose things out of your pockets?,"Then these are the shorts for you? Stuff in your pockets? Not with this shorts! You will lose anything you put in these shallow, tiny, itty bitty pockets. Keys? Not any more! Couple of dollars? Someone else's lucky day! Smart phone? More like broken screen! You are welcome! Everyone hates pockets that work like pockets and hold things! These bad boys spit out what ever you put in the pockets with the small amount of walking, jostling or even sitting! Whatever you want to lose, put in these pockets and it will quickly be a memory.

Serisouly, buy a different pair of sport shorts. The pockets are nutty bad.",Y,,Special Size: Standard | Size: Medium | Color: Black C Logo,2,0,,,,,https://www.amazon.com/gp/customer-reviews/R3LAXB08WEP9FQ/ref=cm_cr_getr_d_rvw_ttl?ie=UTF8&ASIN=B0C3W8MHZF,Thomas Boland,"https://images-na.ssl-images-amazon.com/images/S/amazon-avatars-global/default._CR0,0,1024,1024_SX48_.png",US,https://www.amazon.com/gp/profile/amzn1.account.AHUDCZBOZ6W2J2TFOXL45UXK2BFA/ref=cm_cr_getr_d_gw_btm?ie=UTF8,,2024-10-03
B00KUL0W1G,OK,"Shorts are very comfortable and have worked OK, but the pockets are way too shallow. Every time I sit down stuff falls out of my pocket. Especially my iPhone.",Y,,Special Size: Standard | Size: Large | Color: Black C Logo,3,1,,,,,https://www.amazon.com/gp/customer-reviews/R3QEZ5BRBCN9JQ/ref=cm_cr_getr_d_rvw_ttl?ie=UTF8&ASIN=B0C3W8MHZF,Matthew Kogler,"https://images-na.ssl-images-amazon.com/images/S/amazon-avatars-global/default._CR0,0,1024,1024_SX48_.png",US,https://www.amazon.com/gp/profile/amzn1.account.AEGWWXACTZE6VQMDNXHF4SRXSRWA/ref=cm_cr_getr_d_gw_btm?ie=UTF8,,2024-09-27
B01AK7Y12A,Great for the price,"Comfortable, fits well, doesn’t absorb moisture easily. Good for workouts and pickleball",Y,,Special Size: Standard | Size: Medium | Color: Black C Logo,4,0,,,,,https://www.amazon.com/gp/customer-reviews/R2P3ZPIPSQ6V33/ref=cm_cr_getr_d_rvw_ttl?ie=UTF8&ASIN=B0C3W8MHZF,j m.,"https://images-na.ssl-images-amazon.com/images/S/amazon-avatars-global/default._CR0,0,1024,1024_SX48_.png",US,https://www.amazon.com/gp/profile/amzn1.account.AGPI6SM3H5SBLL6G2GHYNKJ3VXMA/ref=cm_cr_getr_d_gw_btm?ie=UTF8,,2024-09-23
B01AK7Y12A,Comfortable.,Comfortable. My husband loves them.,Y,,Special Size: Standard | Size: Medium | Color: Black C Logo,5,0,,,,,https://www.amazon.com/gp/customer-reviews/R2XSTSD9L66C0/ref=cm_cr_getr_d_rvw_ttl?ie=UTF8&ASIN=B0C3W8MHZF,Kristin,"https://images-na.ssl-images-amazon.com/images/S/amazon-avatars-global/default._CR0,0,1024,1024_SX48_.png",US,https://www.amazon.com/gp/profile/amzn1.account.AFVUYHNWS6ACFZN5QN3DBEXXVDEQ/ref=cm_cr_getr_d_gw_btm?ie=UTF8,,2024-09-22
B01AK7YF80,As described,Fit well. Perfect length.,Y,,Special Size: Standard | Size: Small | Color: Granite Heather C Logo,5,0,,,,,https://www.amazon.com/gp/customer-reviews/R1W971PO52J16C/ref=cm_cr_getr_d_rvw_ttl?ie=UTF8&ASIN=B0C3W8MHZF,Chris,"https://images-na.ssl-images-amazon.com/images/S/amazon-avatars-global/121ac21d-fd66-4dc1-95d4-0bcfab7c8961._CR84,0,332,332_SX48_.jpg",US,https://www.amazon.com/gp/profile/amzn1.account.AHG5RNNBN4YRV6WEGRSY2RWJD5YQ/ref=cm_cr_getr_d_gw_btm?ie=UTF8,,2024-09-20
B01AK7Z1ZG,Poor quality.,Have had less than a month and already the seams in both the legs and pockets are torn.,Y,,Special Size: Standard | Size: Medium | Color: Navy C Logo,1,1,,,,,https://www.amazon.com/gp/customer-reviews/R287MDVLTDIBRA/ref=cm_cr_getr_d_rvw_ttl?ie=UTF8&ASIN=B0C3W8MHZF,Nancy W.,"https://images-na.ssl-images-amazon.com/images/S/amazon-avatars-global/default._CR0,0,1024,1024_SX48_.png",US,https://www.amazon.com/gp/profile/amzn1.account.AGGILUW4TWLIXDOTA666M5UU2C2A/ref=cm_cr_getr_d_gw_btm?ie=UTF8,,2024-09-18
B00KUL0W1G,Great Feel,I liked them very much great quality,Y,,Special Size: Standard | Size: Large | Color: Black C Logo,5,0,,,,,https://www.amazon.com/gp/customer-reviews/R1UJ72JNO1QX42/ref=cm_cr_getr_d_rvw_ttl?ie=UTF8&ASIN=B0C3W8MHZF,Great product easy transaction went very smoothly,"https://images-na.ssl-images-amazon.com/images/S/amazon-avatars-global/default._CR0,0,1024,1024_SX48_.png",US,https://www.amazon.com/gp/profile/amzn1.account.AGTTRZWDE7FZJAK3IKH67EMP4GHQ/ref=cm_cr_getr_d_gw_btm?ie=UTF8,,2024-09-18
B0BNJRZSXQ,Shorts,Nice quality fitting shorts,Y,,Special Size: Big & Tall | Size: 3X-Large Big | Color: Navy C Logo,5,0,,,,,https://www.amazon.com/gp/customer-reviews/R914K8WBGW6MY/ref=cm_cr_getr_d_rvw_ttl?ie=UTF8&ASIN=B0C3W8MHZF,Jeffrey W.,"https://images-na.ssl-images-amazon.com/images/S/amazon-avatars-global/default._CR0,0,1024,1024_SX48_.png",US,https://www.amazon.com/gp/profile/amzn1.account.AFLWQIQ3JNPII3UNV34G3XT73U5A/ref=cm_cr_getr_d_gw_btm?ie=UTF8,,2024-09-16
B01AK7XXLU,"Meh, shorts nothing special, probably won't last all that long","I bought three pairs in different colors for my gym workouts. They do the job for the price, but they don't feel all that well made (because they probably aren't). I'll look elsewhere next time, but as long as they hold up I'll keep wearing them.",Y,,Special Size: Standard | Size: Medium | Color: Granite Heather C Logo,3,1,,,,,https://www.amazon.com/gp/customer-reviews/R1AE0AYMDYIPA5/ref=cm_cr_getr_d_rvw_ttl?ie=UTF8&ASIN=B0C3W8MHZF,PersonWhoBuysThingsOccasionally,"https://images-na.ssl-images-amazon.com/images/S/amazon-avatars-global/d4ba71a9-e6e6-49fc-baaf-4a02ab5017fa._CR0,0,500,500_SX48_.jpg",US,https://www.amazon.com/gp/profile/amzn1.account.AFYHPKCZCE7K36AWM5NC2EJ2XCEQ/ref=cm_cr_getr_d_gw_btm?ie=UTF8,,2024-09-15
B01AK7XIN8,Cute shorts,They color is nice. They fit my son perfectly and they are a good length.,Y,,Special Size: Standard | Size: Large | Color: Granite Heather C Logo,5,0,,,,,https://www.amazon.com/gp/customer-reviews/R28TWR58QXRUE8/ref=cm_cr_getr_d_rvw_ttl?ie=UTF8&ASIN=B0C3W8MHZF,Leticia,"https://images-na.ssl-images-amazon.com/images/S/amazon-avatars-global/default._CR0,0,1024,1024_SX48_.png",US,https://www.amazon.com/gp/profile/amzn1.account.AG3CSJS72NUYWZOCTNPWP7E3HT7A/ref=cm_cr_getr_d_gw_btm?ie=UTF8,,2024-09-13
B0CJT631XP,Size as expected,Good product for wearing about home and sturdy materials,Y,,Special Size: Standard | Size: X-Large | Color: Steel Blue Ink/Plaster Blue Reflective C,4,0,,,,,https://www.amazon.com/gp/customer-reviews/R1C1VNN8U8BZEQ/ref=cm_cr_getr_d_rvw_ttl?ie=UTF8&ASIN=B0C3W8MHZF,JC,"https://images-na.ssl-images-amazon.com/images/S/amazon-avatars-global/default._CR0,0,1024,1024_SX48_.png",US,https://www.amazon.com/gp/profile/amzn1.account.AHUY4S6ZQGGAMSCFW5JEQ6VLMFFQ/ref=cm_cr_getr_d_gw_btm?ie=UTF8,,2024-09-11
B01AK7Y102,"Son now jogging with grandson, needed these","With a grandson starting cross country, and his dad (my son) having a history of running cross country, my son has committed to doing some jogging again.  I thought new clothes might boost him to follow through!",Y,,Special Size: Standard | Size: X-Large | Color: Black C Logo,5,0,,,,,https://www.amazon.com/gp/customer-reviews/R24G77C7YB6NNT/ref=cm_cr_getr_d_rvw_ttl?ie=UTF8&ASIN=B0C3W8MHZF,Timmelmik,"https://images-na.ssl-images-amazon.com/images/S/amazon-avatars-global/default._CR0,0,1024,1024_SX48_.png",US,https://www.amazon.com/gp/profile/amzn1.account.AGUMLFM5CSQGUJTYP7WZM2TOFACQ/ref=cm_cr_getr_d_gw_btm?ie=UTF8,,2024-09-11
B01AK7XIN8,Fit well,"These fit well, washed well. My son thinks they're comfortable.",Y,,Special Size: Standard | Size: Large | Color: Granite Heather C Logo,5,0,,,,,https://www.amazon.com/gp/customer-reviews/R1N3PFTZ9K6DYO/ref=cm_cr_getr_d_rvw_ttl?ie=UTF8&ASIN=B0C3W8MHZF,S,"https://images-na.ssl-images-amazon.com/images/S/amazon-avatars-global/default._CR0,0,1024,1024_SX48_.png",US,https://www.amazon.com/gp/profile/amzn1.account.AEYSPCISAMAIM32LWTQ5YIGLU2DA/ref=cm_cr_getr_d_gw_btm?ie=UTF8,,2024-09-10
B01AK7XJS2,Good,Pockets can't hold much but the short is light and comfortable.,Y,,Special Size: Standard | Size: Medium | Color: Oxford Gray C Logo,5,0,,,,,https://www.amazon.com/gp/customer-reviews/R1YZC3PGU57INK/ref=cm_cr_getr_d_rvw_ttl?ie=UTF8&ASIN=B0C3W8MHZF,TswjFwm Vwj,"https://images-na.ssl-images-amazon.com/images/S/amazon-avatars-global/default._CR0,0,1024,1024_SX48_.png",US,https://www.amazon.com/gp/profile/amzn1.account.AEJNKDT5Y5RKOSL5UONP3HUGCG7A/ref=cm_cr_getr_d_gw_btm?ie=UTF8,,2024-09-09
B00KUL0W1G,Pockets have shrunk to the point of uselessness.,"I've bought this pair of shorts 3 times in the last 2 years. In the most recent purchase, the pockets are now a fraction of the size they once were. They are small enough that I don't trust them to hold anything while exercising, which makes them near-useless to me. Very annoying.",Y,,Special Size: Standard | Size: Large | Color: Black C Logo,2,0,,,,,https://www.amazon.com/gp/customer-reviews/RBZIWP3RMFL61/ref=cm_cr_getr_d_rvw_ttl?ie=UTF8&ASIN=B0C3W8MHZF,A cranky doctor,"https://images-na.ssl-images-amazon.com/images/S/amazon-avatars-global/default._CR0,0,1024,1024_SX48_.png",US,https://www.amazon.com/gp/profile/amzn1.account.AFH6K4KXHEWY6HCFDXUM6VPJHRRA/ref=cm_cr_getr_d_gw_btm?ie=UTF8,,2024-09-06
B01AK7Z1ZG,Perfect,Perfect,Y,,Special Size: Standard | Size: Medium | Color: Navy C Logo,4,0,,,,,https://www.amazon.com/gp/customer-reviews/R1IBKUFAE1Z6WR/ref=cm_cr_getr_d_rvw_ttl?ie=UTF8&ASIN=B0C3W8MHZF,Jonah,"https://images-na.ssl-images-amazon.com/images/S/amazon-avatars-global/default._CR0,0,1024,1024_SX48_.png",US,https://www.amazon.com/gp/profile/amzn1.account.AFMBW5SCLAJPJQKAB2BF4ACP5UZA/ref=cm_cr_getr_d_gw_btm?ie=UTF8,,2024-09-06
B00KUL0W1G,Great,Awesome no complainants,Y,,Special Size: Standard | Size: Large | Color: Black C Logo,5,0,,,,,https://www.amazon.com/gp/customer-reviews/R3WPDDA6HKAVV/ref=cm_cr_getr_d_rvw_ttl?ie=UTF8&ASIN=B0C3W8MHZF,Great quality.,"https://images-na.ssl-images-amazon.com/images/S/amazon-avatars-global/default._CR0,0,1024,1024_SX48_.png",US,https://www.amazon.com/gp/profile/amzn1.account.AH2QR7CWWSZAAF4GTQLTJZQG3YUA/ref=cm_cr_getr_d_gw_btm?ie=UTF8,,2024-09-06
B01AK7Z1ZG,Perfect length,"I had old shorts that were ripped and it was time to buy new ones. This one was on sale. The quality is very good, perfect length as well. The other 2 I bought in store are pretty short. This one fits the bill perfectly. My only regret is that I should've bought a few more.",Y,,Special Size: Standard | Size: Medium | Color: Navy C Logo,5,0,,,,,https://www.amazon.com/gp/customer-reviews/R3KWD2EPLXPSLG/ref=cm_cr_getr_d_rvw_ttl?ie=UTF8&ASIN=B0C3W8MHZF,kgman,"https://images-na.ssl-images-amazon.com/images/S/amazon-avatars-global/default._CR0,0,1024,1024_SX48_.png",US,https://www.amazon.com/gp/profile/amzn1.account.AFJRUMWUH2FWA7QTJDAMX22W657A/ref=cm_cr_getr_d_gw_btm?ie=UTF8,,2024-09-06
B01AK7Y12A,Not good quality,"drawstring fell out in under a month, can't wear now.",Y,,Special Size: Standard | Size: Medium | Color: Black C Logo,1,0,,,,,https://www.amazon.com/gp/customer-reviews/R3EUHTLWWQGCJ0/ref=cm_cr_getr_d_rvw_ttl?ie=UTF8&ASIN=B0C3W8MHZF,Michael Saucier,"https://images-na.ssl-images-amazon.com/images/S/amazon-avatars-global/default._CR0,0,1024,1024_SX48_.png",US,https://www.amazon.com/gp/profile/amzn1.account.AFO7XAWCWM35HBKIW7UZFSBQTHPQ/ref=cm_cr_getr_d_gw_btm?ie=UTF8,,2024-09-05
B0D183NWB3,Short Timer,"Nice fabric, proper cut and fit.  Lots of nice colors. Like pockets and drawstring waist. Good air circulation.  Can't give 5 stars without knowing durability.",Y,,Special Size: Standard | Size: Medium | Color: Fresh Green Leaf C Logo,4,0,,,,,https://www.amazon.com/gp/customer-reviews/R3FKD2DVAF3R5U/ref=cm_cr_getr_d_rvw_ttl?ie=UTF8&ASIN=B0C3W8MHZF,Michael,"https://images-na.ssl-images-amazon.com/images/S/amazon-avatars-global/default._CR0,0,1024,1024_SX48_.png",US,https://www.amazon.com/gp/profile/amzn1.account.AFDPV36SNMQCKYSHS554I3FQCYVA/ref=cm_cr_getr_d_gw_btm?ie=UTF8,,2024-09-05
B00KUL0W1G,Hubby loves,Bought these for my Husband who is 6’2” and athletic build. He loves them. He says they’re breezy and good quality material and loves the pockets of course. Length skims his knees and he has a 32” inseam.  Super comfy and durable!,Y,,Special Size: Standard | Size: Large | Color: Black C Logo,5,2,,,,,https://www.amazon.com/gp/customer-reviews/R3S08JINKAR05V/ref=cm_cr_getr_d_rvw_ttl?ie=UTF8&ASIN=B0C3W8MHZF,Kate,"https://images-na.ssl-images-amazon.com/images/S/amazon-avatars-global/default._CR0,0,1024,1024_SX48_.png",US,https://www.amazon.com/gp/profile/amzn1.account.AGOMACS4QHUQI7DEW2OCCC5OTRAA/ref=cm_cr_getr_d_gw_btm?ie=UTF8,,2024-09-05
B0BRQY3K8S,Great fit and great price,"These were a super sale at $11. They fit perfect without feeling constricted at the waist like other elastic banded shorts. I ordered 3xlt and they go to just above my knees. They are both very cool and comfortable as the material is on the thinner side. They also hang nicely without looking baggy.  The pockets are adequate. Not really deep but they hold essentials. As a 6' 6"" 300lb guy, its hard to find clothes/shorts that not only fit but are wearable, look good,  and are comfortable. These are by far the best shorts I've come across.",Y,,Special Size: Big & Tall | Size: 3X-Large Tall | Color: Navy C Logo,5,3,,,,,https://www.amazon.com/gp/customer-reviews/RY6P8W74XRIKL/ref=cm_cr_getr_d_rvw_ttl?ie=UTF8&ASIN=B0C3W8MHZF,Peter Barnard,"https://images-na.ssl-images-amazon.com/images/S/amazon-avatars-global/default._CR0,0,1024,1024_SX48_.png",US,https://www.amazon.com/gp/profile/amzn1.account.AHJ62DSO6B7RJWVUVGYZJ4I5VDJA/ref=cm_cr_getr_d_gw_btm?ie=UTF8,,2024-09-04
B0BNJV5D5R,well made,Comfortable and well made. Bought a couple of these.,Y,,Special Size: Big & Tall | Size: XX-Large Big | Color: Navy C Logo,5,0,,,,,https://www.amazon.com/gp/customer-reviews/RH385QZ0106AN/ref=cm_cr_getr_d_rvw_ttl?ie=UTF8&ASIN=B0C3W8MHZF,odin,"https://images-na.ssl-images-amazon.com/images/S/amazon-avatars-global/default._CR0,0,1024,1024_SX48_.png",US,https://www.amazon.com/gp/profile/amzn1.account.AH2S56NMTHXQSSIBLEARJNQQ2REQ/ref=cm_cr_getr_d_gw_btm?ie=UTF8,,2024-09-04
B01AK7ZJYY,Good price,Good price. I needed some navy blue shorts. Worn a couple times. No problems.,Y,,Special Size: Standard | Size: XX-Large | Color: Navy C Logo,5,0,,,,,https://www.amazon.com/gp/customer-reviews/R3QQCHGHSSEVPV/ref=cm_cr_getr_d_rvw_ttl?ie=UTF8&ASIN=B0C3W8MHZF,Jason,"https://images-na.ssl-images-amazon.com/images/S/amazon-avatars-global/0e7541ce-7b45-4259-8b1e-1be843294bb5._CR0,0,375,375_SX48_.jpg",US,https://www.amazon.com/gp/profile/amzn1.account.AHKEEAWTOIIEBOUHRL3JUJ5P6GKQ/ref=cm_cr_getr_d_gw_btm?ie=UTF8,,2024-09-03
B01AK7ZGN8,Good shorts but terrible quality control,"These are good lightweight workout shorts but they have spotty quality control.  I bought three pairs in differrent colors: gray, black and navy blue

The gray pair is great, with two full sized, normal, deep pockets.

The pockets on the blue pair are tiny., however.  They are so small that i cant even fit my hand in them.  A cell phone or wallet falls right out.  Obviously, a manufacturing defect that makes the pockets useless.

The most fun is the black pair.  On that one, the right pocket is the normal, deep size, likt the grat pair.  But the left pocket is tiny, like the blue pair.  Again, an obvious manufacturing defect

Because of this poor quality control, I would not buy another pair of these and can't recommend them.",Y,,Special Size: Standard | Size: X-Large | Color: Navy C Logo,1,1,,,,,https://www.amazon.com/gp/customer-reviews/R942VTBUMUOAY/ref=cm_cr_getr_d_rvw_ttl?ie=UTF8&ASIN=B0C3W8MHZF,Pcow,"https://images-na.ssl-images-amazon.com/images/S/amazon-avatars-global/default._CR0,0,1024,1024_SX48_.png",US,https://www.amazon.com/gp/profile/amzn1.account.AHTQQIQONBBXF7WSHWJE32HRH2AQ/ref=cm_cr_getr_d_gw_btm?ie=UTF8,,2024-09-02
B01AK7Y102,It’s a roulette wheel as what your getting,Shorts appear to be all the same except for obvious style differences. But when received you’ll get different  fit and finishes. Pockets might be smaller shallower and waist sizes maybe different. I’ve returned 2 and kept 2. I’m done. I think the ones i kept were made in Vietnam. They had the best pockets and fit I expected. I returned the China made ones.,Y,,Special Size: Standard | Size: X-Large | Color: Black C Logo,2,0,,,,,https://www.amazon.com/gp/customer-reviews/R4YTNY2EGBT2S/ref=cm_cr_getr_d_rvw_ttl?ie=UTF8&ASIN=B0C3W8MHZF,Wil Ko,"https://images-na.ssl-images-amazon.com/images/S/amazon-avatars-global/27f7d919-4a0b-42cd-938d-92a147cb2460._CR0,0,497,497_SX48_.jpg",US,https://www.amazon.com/gp/profile/amzn1.account.AHHRW2A2F6MHZYH3F5YNV7YWGQQQ/ref=cm_cr_getr_d_gw_btm?ie=UTF8,,2024-08-31
B00KUL0W1G,Too roomy,"Too roomy, baggy",Y,,Special Size: Standard | Size: Large | Color: Black C Logo,1,0,,,,,https://www.amazon.com/gp/customer-reviews/R1PKFG0ZBXB257/ref=cm_cr_getr_d_rvw_ttl?ie=UTF8&ASIN=B0C3W8MHZF,bam,"https://images-na.ssl-images-amazon.com/images/S/amazon-avatars-global/default._CR0,0,1024,1024_SX48_.png",US,https://www.amazon.com/gp/profile/amzn1.account.AFIDBJ6O4EHMFSMW7JXVMOFLL75A/ref=cm_cr_getr_d_gw_btm?ie=UTF8,,2024-08-30
B0CJSM512X,Comfort,"I like how it suits me, very comfy",Y,,Special Size: Standard | Size: Large | Color: Black Reflective C,5,0,1,https://m.media-amazon.com/images/I/71uYet1V5ZL._SY200.jpg,,,https://www.amazon.com/gp/customer-reviews/R36M400NT2WE6S/ref=cm_cr_getr_d_rvw_ttl?ie=UTF8&ASIN=B0C3W8MHZF,Jorge,"https://images-na.ssl-images-amazon.com/images/S/amazon-avatars-global/default._CR0,0,1024,1024_SX48_.png",US,https://www.amazon.com/gp/profile/amzn1.account.AHM4U3Y2INDFTLODALYRZEKSJYRA/ref=cm_cr_getr_d_gw_btm?ie=UTF8,,2024-08-30
B01AK7Y102,Changed the depth of pockets..,I have 3 other of these shorts but the last 2 that I just ordered the pocket depth is 1/2 the depth and keys & wallet fell out...,Y,,Special Size: Standard | Size: X-Large | Color: Black C Logo,1,1,,,,,https://www.amazon.com/gp/customer-reviews/R2BMOTI0PFQTG7/ref=cm_cr_getr_d_rvw_ttl?ie=UTF8&ASIN=B0C3W8MHZF,FatFish,"https://images-na.ssl-images-amazon.com/images/S/amazon-avatars-global/default._CR0,0,1024,1024_SX48_.png",US,https://www.amazon.com/gp/profile/amzn1.account.AGNWQOCFEVFGPHR7OW7VA4TWTFHA/ref=cm_cr_getr_d_gw_btm?ie=UTF8,,2024-08-29
B0BRQZHY8T,Awesome,Great fit and feel. Excellent price.,Y,,Special Size: Big & Tall | Size: Large Tall | Color: Granite Heather C Logo,5,0,,,,,https://www.amazon.com/gp/customer-reviews/RQGH4FAH939MV/ref=cm_cr_getr_d_rvw_ttl?ie=UTF8&ASIN=B0C3W8MHZF,Kevin Crosby,"https://images-na.ssl-images-amazon.com/images/S/amazon-avatars-global/8b87313c-0cd9-4c7f-ae6c-ceccc6d1363f._CR0,0,375,375_SX48_.jpg",US,https://www.amazon.com/gp/profile/amzn1.account.AGBLYTW72NVAU36UP7URRVPAIQ3Q/ref=cm_cr_getr_d_gw_btm?ie=UTF8,,2024-08-29
B01AK7ZK7A,Champion Shorts Review,"These aren’t favorite shorts. They didn’t shrink much after being washed so the size is very accurate. The pockets are great and hold all of my things. They look very nice, and are not see through at all. They aren’t thick, which means the temperature is almost always nice. The durability is pretty good as i’ve washed them several times and they have not been ripped.",Y,,Special Size: Standard | Size: Large | Color: Navy C Logo,5,1,,,,,https://www.amazon.com/gp/customer-reviews/RV9XW7N7EYAKW/ref=cm_cr_getr_d_rvw_ttl?ie=UTF8&ASIN=B0C3W8MHZF,ayman,"https://images-na.ssl-images-amazon.com/images/S/amazon-avatars-global/default._CR0,0,1024,1024_SX48_.png",US,https://www.amazon.com/gp/profile/amzn1.account.AEDA5OP7JIPOVFD3OLLPN47UEEPA/ref=cm_cr_getr_d_gw_btm?ie=UTF8,,2024-08-29
B01AK7XXLU,Poor Quality Stitching,"Opened it, and put it on (didn't even throw into the wash first), and while at the gym, noticed a bit of a breeze. Turned out there was a rather large hole right in the crack of these shorts, due to a number of seems being undone straight out of the package. Disappointing quality control from a supposedly reputable brand.",Y,,Special Size: Standard | Size: Medium | Color: Granite Heather C Logo,1,1,,,,,https://www.amazon.com/gp/customer-reviews/R17PT1CICEOT43/ref=cm_cr_getr_d_rvw_ttl?ie=UTF8&ASIN=B0C3W8MHZF,Patrick Fan,"https://images-na.ssl-images-amazon.com/images/S/amazon-avatars-global/default._CR0,0,1024,1024_SX48_.png",US,https://www.amazon.com/gp/profile/amzn1.account.AF7RISZUE7QZQG6QP443N25QB44A/ref=cm_cr_getr_d_gw_btm?ie=UTF8,,2024-08-28
B01AK7Y12A,Fell apart after 3 months,Seam in crotch ripped after 3 months. Starting to fall apart at the pocket seams as well. Pretty cheaply made.,Y,,Special Size: Standard | Size: Medium | Color: Black C Logo,2,0,,,,,https://www.amazon.com/gp/customer-reviews/R27K9XMALPLNP7/ref=cm_cr_getr_d_rvw_ttl?ie=UTF8&ASIN=B0C3W8MHZF,Jon,"https://images-na.ssl-images-amazon.com/images/S/amazon-avatars-global/default._CR0,0,1024,1024_SX48_.png",US,https://www.amazon.com/gp/profile/amzn1.account.AFRFIUIJAEHRWSD45GS3ER33XGGA/ref=cm_cr_getr_d_gw_btm?ie=UTF8,,2024-08-28
B01AK7YIZ0,Average,"Material snags very easy, not mesh material like typical basketball shorts. Fit is true to size",Y,,Special Size: Standard | Size: XX-Large | Color: Team Red Scarlet C Logo,3,0,,,,,https://www.amazon.com/gp/customer-reviews/R2PNOBQIIY4X3N/ref=cm_cr_getr_d_rvw_ttl?ie=UTF8&ASIN=B0C3W8MHZF,Vivian209,"https://images-na.ssl-images-amazon.com/images/S/amazon-avatars-global/5d567e54-d774-4f55-b8a3-4c9e84551410._CR0,41.0,250,250_SX48_.jpg",US,https://www.amazon.com/gp/profile/amzn1.account.AE2FKPJAIQHRZJLTVKI3RIJJFUAA/ref=cm_cr_getr_d_gw_btm?ie=UTF8,,2024-08-28
B01AK7YNTQ,"Comfortable, but sizing is WAY off","I've used these shorts before, and they're comfy, but I have no idea what rulers they're using! This pair says it will fit someone 44-46"" around.  It stretches, at the very max, to 37"". I wear a 2X in these shorts, even though I am normally in the low-to-mid 30s for jeans.",Y,,Special Size: Standard | Size: XX-Large | Color: Surf the Web C Logo,3,1,1,https://m.media-amazon.com/images/I/81lhs2N7cdL._SY200.jpg,,,https://www.amazon.com/gp/customer-reviews/R14V681LZ4WUO0/ref=cm_cr_getr_d_rvw_ttl?ie=UTF8&ASIN=B0C3W8MHZF,Dev,"https://images-na.ssl-images-amazon.com/images/S/amazon-avatars-global/default._CR0,0,1024,1024_SX48_.png",US,https://www.amazon.com/gp/profile/amzn1.account.AEM7T6ZSQLWWSXOUB352WOM5VFIA/ref=cm_cr_getr_d_gw_btm?ie=UTF8,,2024-08-28
B0CJSM512X,Comfortable,"Great for lounging or fitness. They look and feel good. they are not too thick and not transparent.
good for hot weather.",Y,,Special Size: Standard | Size: Large | Color: Black Reflective C,4,0,,,,,https://www.amazon.com/gp/customer-reviews/R2U874OSEXN6MS/ref=cm_cr_getr_d_rvw_ttl?ie=UTF8&ASIN=B0C3W8MHZF,Veronica,"https://images-na.ssl-images-amazon.com/images/S/amazon-avatars-global/415b8778-a651-4432-8050-32b6423a6ec5._CR0,0,500,500_SX48_.jpg",US,https://www.amazon.com/gp/profile/amzn1.account.AGN5B3DW2JPIDWQMNDDJZL6IHASQ/ref=cm_cr_getr_d_gw_btm?ie=UTF8,,2024-08-28
B01M8J3J4G,Good buy,"Fits well, color isn't like the picture but I still liked it. Good materials, pockets are deep. For the price I'd recommend.",Y,,Special Size: Standard | Size: Medium | Color: Team Dark Green C Logo,5,0,,,,,https://www.amazon.com/gp/customer-reviews/R2M8IIGZ9NPRHW/ref=cm_cr_getr_d_rvw_ttl?ie=UTF8&ASIN=B0C3W8MHZF,Jhoan Sebastian Tangarife Moreno,"https://images-na.ssl-images-amazon.com/images/S/amazon-avatars-global/default._CR0,0,1024,1024_SX48_.png",US,https://www.amazon.com/gp/profile/amzn1.account.AF2T542ICRIA62W7WKE75G7YVHNQ/ref=cm_cr_getr_d_gw_btm?ie=UTF8,,2024-08-28
B0BNJPY67J,looks good,fits well,Y,,Special Size: Big & Tall | Size: 4X-Large Big | Color: Black C Logo,5,0,,,,,https://www.amazon.com/gp/customer-reviews/R1PR74XY7O5C3A/ref=cm_cr_getr_d_rvw_ttl?ie=UTF8&ASIN=B0C3W8MHZF,Anthony Zinni,"https://images-na.ssl-images-amazon.com/images/S/amazon-avatars-global/default._CR0,0,1024,1024_SX48_.png",US,https://www.amazon.com/gp/profile/amzn1.account.AFLNCFJRWO6BK2K5SEKR4AY4U5WA/ref=cm_cr_getr_d_gw_btm?ie=UTF8,,2024-08-28
B01AK7XJS2,It’s good,These shorts are very comfortable and come in different colors. The only thing that I would consider an issue would be the length. I wish they’re a little shorter.,Y,,Special Size: Standard | Size: Medium | Color: Oxford Gray C Logo,4,0,,,,,https://www.amazon.com/gp/customer-reviews/R2BPTH23HZQKZY/ref=cm_cr_getr_d_rvw_ttl?ie=UTF8&ASIN=B0C3W8MHZF,Emela Jaku,"https://images-na.ssl-images-amazon.com/images/S/amazon-avatars-global/default._CR0,0,1024,1024_SX48_.png",US,https://www.amazon.com/gp/profile/amzn1.account.AFNFFBHP7U3XWTAREC7EFAUV353Q/ref=cm_cr_getr_d_gw_btm?ie=UTF8,,2024-08-27
B0BNJR41GR,Comfy,Fits perfectly 👌,Y,,Special Size: Big & Tall | Size: XX-Large Big | Color: Oxford Gray C Logo,5,0,,,,,https://www.amazon.com/gp/customer-reviews/RX5FX587FA0SW/ref=cm_cr_getr_d_rvw_ttl?ie=UTF8&ASIN=B0C3W8MHZF,eric scott,"https://images-na.ssl-images-amazon.com/images/S/amazon-avatars-global/default._CR0,0,1024,1024_SX48_.png",US,https://www.amazon.com/gp/profile/amzn1.account.AF6EDTS562UBNZ6C64YPMI4VPQOQ/ref=cm_cr_getr_d_gw_btm?ie=UTF8,,2024-08-27
B012JZ187M,nice,"nice and comfartable, highly recommended",Y,,Special Size: Standard | Size: Small | Color: Black C Logo,5,0,,,,,https://www.amazon.com/gp/customer-reviews/RLVD0JCVFMJYP/ref=cm_cr_getr_d_rvw_ttl?ie=UTF8&ASIN=B0C3W8MHZF,Nurettin Caner Saltan,"https://images-na.ssl-images-amazon.com/images/S/amazon-avatars-global/default._CR0,0,1024,1024_SX48_.png",US,https://www.amazon.com/gp/profile/amzn1.account.AFH2NIAWMJ2WWZINCMUW2DAPO7EQ/ref=cm_cr_getr_d_gw_btm?ie=UTF8,,2024-08-26
B01AK7Y12A,Best comfy shorts EVER!,Good quality. Comfortable fit. True to size.,Y,,Special Size: Standard | Size: Medium | Color: Black C Logo,5,0,,,,,https://www.amazon.com/gp/customer-reviews/R10LYD0JO03IRQ/ref=cm_cr_getr_d_rvw_ttl?ie=UTF8&ASIN=B0C3W8MHZF,A. Cameron,"https://images-na.ssl-images-amazon.com/images/S/amazon-avatars-global/default._CR0,0,1024,1024_SX48_.png",US,https://www.amazon.com/gp/profile/amzn1.account.AHC2H376Y2P3MIQL4564UNARNLBA/ref=cm_cr_getr_d_gw_btm?ie=UTF8,,2024-08-22
B01AK7YV1Q,Awful snagged and only refunding half of money,Getting refunded $8 less than I paid. TH is that,Y,,Special Size: Standard | Size: Small | Color: Navy C Logo,1,0,,,,,https://www.amazon.com/gp/customer-reviews/RZWHV0S2J116D/ref=cm_cr_getr_d_rvw_ttl?ie=UTF8&ASIN=B0C3W8MHZF,Bobbi R,"https://images-na.ssl-images-amazon.com/images/S/amazon-avatars-global/default._CR0,0,1024,1024_SX48_.png",US,https://www.amazon.com/gp/profile/amzn1.account.AGHPUOLNJJQU4BTQ7BO4XV4TYQCQ/ref=cm_cr_getr_d_gw_btm?ie=UTF8,,2024-08-21
B01AK7XUGS,Breathable,Nice and loose to get loose,Y,,Special Size: Standard | Size: XX-Large | Color: Black C Logo,5,0,,,,,https://www.amazon.com/gp/customer-reviews/REOXR5PXSF6T0/ref=cm_cr_getr_d_rvw_ttl?ie=UTF8&ASIN=B0C3W8MHZF,Jesus casas,"https://images-na.ssl-images-amazon.com/images/S/amazon-avatars-global/default._CR0,0,1024,1024_SX48_.png",US,https://www.amazon.com/gp/profile/amzn1.account.AF2P5BDG4SHD7D33U5RGOVBEQDGQ/ref=cm_cr_getr_d_gw_btm?ie=UTF8,,2024-08-21
B01AK7Y102,Ok,"These shorts are a good length, but the pockets were a bit shallow. Deeper pockets would give it a higher rating.",Y,,Special Size: Standard | Size: X-Large | Color: Black C Logo,3,1,,,,,https://www.amazon.com/gp/customer-reviews/R2IQX7PCGCO1TO/ref=cm_cr_getr_d_rvw_ttl?ie=UTF8&ASIN=B0C3W8MHZF,K. G.,"https://images-na.ssl-images-amazon.com/images/S/amazon-avatars-global/default._CR0,0,1024,1024_SX48_.png",US,https://www.amazon.com/gp/profile/amzn1.account.AFGDPPCYWPJ6JWSO7XOHVNYX445Q/ref=cm_cr_getr_d_gw_btm?ie=UTF8,,2024-08-18
B012JZ187M,Thin Cool Material,Comfortable and lightweight,Y,,Special Size: Standard | Size: Small | Color: Black C Logo,5,0,,,,,https://www.amazon.com/gp/customer-reviews/R1USA2DHI9WZPS/ref=cm_cr_getr_d_rvw_ttl?ie=UTF8&ASIN=B0C3W8MHZF,makeup_organizer,"https://images-na.ssl-images-amazon.com/images/S/amazon-avatars-global/b036c507-04d6-4cae-a30a-7914750282be._CR0,26.0,281,281_SX48_.jpg",US,https://www.amazon.com/gp/profile/amzn1.account.AE6C63V3NJUM3TNWUEJDDZUAVYYA/ref=cm_cr_getr_d_gw_btm?ie=UTF8,,2024-08-17
B01AK7Y102,Very comfortable,Will buy again! 👍👍,Y,,Special Size: Standard | Size: X-Large | Color: Black C Logo,5,0,,,,,https://www.amazon.com/gp/customer-reviews/R3OP3LFXXZO3M7/ref=cm_cr_getr_d_rvw_ttl?ie=UTF8&ASIN=B0C3W8MHZF,urfparts,"https://images-na.ssl-images-amazon.com/images/S/amazon-avatars-global/default._CR0,0,1024,1024_SX48_.png",US,https://www.amazon.com/gp/profile/amzn1.account.AEGTP5XOHVVZTTEGCKPZTOC3LM2A/ref=cm_cr_getr_d_gw_btm?ie=UTF8,,2024-08-15
B00KUL0W1G,Comfy,"Very comfy, light weight, sized well, I am a repeat customer 5x’s over",Y,,Special Size: Standard | Size: Large | Color: Black C Logo,5,0,,,,,https://www.amazon.com/gp/customer-reviews/R1EESU83FBCSY/ref=cm_cr_getr_d_rvw_ttl?ie=UTF8&ASIN=B0C3W8MHZF,Me,"https://images-na.ssl-images-amazon.com/images/S/amazon-avatars-global/default._CR0,0,1024,1024_SX48_.png",US,https://www.amazon.com/gp/profile/amzn1.account.AFMTICYZLEKIIJAFS3BF7MVKYFBA/ref=cm_cr_getr_d_gw_btm?ie=UTF8,,2024-08-15
B00KUL0W1G,Super Soft!,"I bought these to wear for working out or when I'm at work since I wear black bottoms, but I end up wearing them to sleep because they're so soft! I sleep hot as well, and no complaints in that department either.",Y,,Special Size: Standard | Size: Large | Color: Black C Logo,5,0,,,,,https://www.amazon.com/gp/customer-reviews/R2IAYNRDQ142XB/ref=cm_cr_getr_d_rvw_ttl?ie=UTF8&ASIN=B0C3W8MHZF,Sydney C.,"https://images-na.ssl-images-amazon.com/images/S/amazon-avatars-global/f32e5411-2fff-40f1-8c5f-949f076221eb._CR0,26.0,281,281_SX48_.jpg",US,https://www.amazon.com/gp/profile/amzn1.account.AHD3SZLH4WRJTAVZ4URHUSFYJDVA/ref=cm_cr_getr_d_gw_btm?ie=UTF8,,2024-08-13
B01AK7XUGS,You get what you pay for,"Wore one time and there’s snags, pulls and pills. Pure garbage.",Y,,Special Size: Standard | Size: XX-Large | Color: Black C Logo,1,0,1,https://m.media-amazon.com/images/I/71XwF4t7nSL._SY200.jpg,,,https://www.amazon.com/gp/customer-reviews/R1S8VST50D7AXB/ref=cm_cr_getr_d_rvw_ttl?ie=UTF8&ASIN=B0C3W8MHZF,jimmy b,"https://images-na.ssl-images-amazon.com/images/S/amazon-avatars-global/default._CR0,0,1024,1024_SX48_.png",US,https://www.amazon.com/gp/profile/amzn1.account.AEN5SKTPEFY5PELEMEBZ3SBSN6DQ/ref=cm_cr_getr_d_gw_btm?ie=UTF8,,2024-08-11
B01AK7XXLU,Good shorts,Fit great. Great price even if you don't get the deal. I love them for knocking around.,Y,,Special Size: Standard | Size: Medium | Color: Granite Heather C Logo,5,0,,,,,https://www.amazon.com/gp/customer-reviews/R18QTPRBPK3I1Z/ref=cm_cr_getr_d_rvw_ttl?ie=UTF8&ASIN=B0C3W8MHZF,Danny D!,"https://images-na.ssl-images-amazon.com/images/S/amazon-avatars-global/default._CR0,0,1024,1024_SX48_.png",US,https://www.amazon.com/gp/profile/amzn1.account.AFSQO326UNTEDUCPWWJPTPJOJBJA/ref=cm_cr_getr_d_gw_btm?ie=UTF8,,2024-08-11
B0BNJSMPM3,They fit perfectly,I needed a pair of gym shorts. I am just getting back to the gym and needed well priced and comfortable. Even for a big guy like me. They are long enough and fit comfortably. I would recommend this product.,Y,,Special Size: Big & Tall | Size: 3X-Large Big | Color: Black C Logo,5,0,,,,,https://www.amazon.com/gp/customer-reviews/R2VRKCSTYIXKDR/ref=cm_cr_getr_d_rvw_ttl?ie=UTF8&ASIN=B0C3W8MHZF,Brenion S Hernandez,"https://images-na.ssl-images-amazon.com/images/S/amazon-avatars-global/default._CR0,0,1024,1024_SX48_.png",US,https://www.amazon.com/gp/profile/amzn1.account.AFQASWGS4NPYSI47VFNTNZLPSOGA/ref=cm_cr_getr_d_gw_btm?ie=UTF8,,2024-08-11
B01AK7YAXU,Champion shorts,Very comfortable great fit 5 out of 5 ⭐️,Y,,Special Size: Standard | Size: Medium | Color: Team Red Scarlet C Logo,5,0,,,,,https://www.amazon.com/gp/customer-reviews/R1X99GQYX0JHF2/ref=cm_cr_getr_d_rvw_ttl?ie=UTF8&ASIN=B0C3W8MHZF,Justin Harp,"https://images-na.ssl-images-amazon.com/images/S/amazon-avatars-global/default._CR0,0,1024,1024_SX48_.png",US,https://www.amazon.com/gp/profile/amzn1.account.AGURB7JNOATDONPVUEV7B5CKOTJQ/ref=cm_cr_getr_d_gw_btm?ie=UTF8,,2024-08-10
B0CJSPYBRJ,Great price,"Great fit, very comfortable.",Y,,Special Size: Standard | Size: Medium | Color: Oxford Gray Reflective C,5,0,,,,,https://www.amazon.com/gp/customer-reviews/R10N7FTOSVCNSB/ref=cm_cr_getr_d_rvw_ttl?ie=UTF8&ASIN=B0C3W8MHZF,J. Frye,"https://images-na.ssl-images-amazon.com/images/S/amazon-avatars-global/default._CR0,0,1024,1024_SX48_.png",US,https://www.amazon.com/gp/profile/amzn1.account.AHJHTV5JTPLGWA32AZFRT23CSEEA/ref=cm_cr_getr_d_gw_btm?ie=UTF8,,2024-08-10
B01AK7Y102,feels very cheap,"thin and cheap fabric, feels like something you would get on a bad halloween mask used for the fabric",Y,,Special Size: Standard | Size: X-Large | Color: Black C Logo,2,0,,,,,https://www.amazon.com/gp/customer-reviews/R143MWIQ0JXOAM/ref=cm_cr_getr_d_rvw_ttl?ie=UTF8&ASIN=B0C3W8MHZF,TWODEEEE,"https://images-na.ssl-images-amazon.com/images/S/amazon-avatars-global/default._CR0,0,1024,1024_SX48_.png",US,https://www.amazon.com/gp/profile/amzn1.account.AGFZ3WOIVSPGMSS36TWDB56WBC4Q/ref=cm_cr_getr_d_gw_btm?ie=UTF8,,2024-08-09
B01AK7ZJYY,Nice shorts,"Nice comfortable shorts, especially for the price.",Y,,Special Size: Standard | Size: XX-Large | Color: Navy C Logo,5,0,,,,,https://www.amazon.com/gp/customer-reviews/R29SSEPHSPXJ4U/ref=cm_cr_getr_d_rvw_ttl?ie=UTF8&ASIN=B0C3W8MHZF,E. Barlow,"https://images-na.ssl-images-amazon.com/images/S/amazon-avatars-global/e9a17918-c5ff-420c-9739-9b0afaafb6a4._CR1,0,497,497_SX48_.jpg",US,https://www.amazon.com/gp/profile/amzn1.account.AGEDQZJ3TWJ5UQ776CJJKMARZRSA/ref=cm_cr_getr_d_gw_btm?ie=UTF8,,2024-08-09
B01AK7YAXU,Shorts was in excellent condition!,I look the shorts alot!,Y,,Special Size: Standard | Size: Medium | Color: Team Red Scarlet C Logo,5,0,,,,,https://www.amazon.com/gp/customer-reviews/R2JYP5C60ZAGZS/ref=cm_cr_getr_d_rvw_ttl?ie=UTF8&ASIN=B0C3W8MHZF,Derrick,"https://images-na.ssl-images-amazon.com/images/S/amazon-avatars-global/default._CR0,0,1024,1024_SX48_.png",US,https://www.amazon.com/gp/profile/amzn1.account.AGS6IERF6V43FHT2C6GZ3FVM7PCA/ref=cm_cr_getr_d_gw_btm?ie=UTF8,,2024-08-06
B01AK7Y102,Drastic change in quality!,I have bought numerous pairs of these exact shorts and have been very pleased with the quality until now.  I just purchased and received 8 new pairs and for some reason they all came with extremely shallow pockets.  Shallow to the point I cannot trust that I will not lose whatever I put in the pockets.  This was very disappointing because until now these have been my favorite shorts ever.  I’m not sure why they would have made this change in manufacturing but it ruined an otherwise great product.,Y,,Special Size: Standard | Size: X-Large | Color: Black C Logo,1,1,,,,,https://www.amazon.com/gp/customer-reviews/R3UG65MUUJ6BT8/ref=cm_cr_getr_d_rvw_ttl?ie=UTF8&ASIN=B0C3W8MHZF,Mick,"https://images-na.ssl-images-amazon.com/images/S/amazon-avatars-global/default._CR0,0,1024,1024_SX48_.png",US,https://www.amazon.com/gp/profile/amzn1.account.AFMBDACVZFCE6M624JOQYPTM6U2A/ref=cm_cr_getr_d_gw_btm?ie=UTF8,,2024-08-05
B01AK7Y12A,"Good size, Weird Feel",Good size! Fabric doesn’t feel that smooth. The material almost feels a little cheap,Y,,Special Size: Standard | Size: Medium | Color: Black C Logo,2,0,,,,,https://www.amazon.com/gp/customer-reviews/R2KNZDMSQAWQ1K/ref=cm_cr_getr_d_rvw_ttl?ie=UTF8&ASIN=B0C3W8MHZF,Amazon Customer,"https://images-na.ssl-images-amazon.com/images/S/amazon-avatars-global/default._CR0,0,1024,1024_SX48_.png",US,https://www.amazon.com/gp/profile/amzn1.account.AGCEKTWGW4QSFVSKO2W7VER5B23A/ref=cm_cr_getr_d_gw_btm?ie=UTF8,,2024-08-05
B0CJSLV7KX,Good product but rise is too low,"The shorts are a great value, but the seam rise is really short now . I’ve owned these before but the rise is low in the back.",Y,,Special Size: Standard | Size: XX-Large | Color: Texture Cool Slate Gray Reflective C,3,0,,,,,https://www.amazon.com/gp/customer-reviews/R1702TFWXR5LRB/ref=cm_cr_getr_d_rvw_ttl?ie=UTF8&ASIN=B0C3W8MHZF,Richard W. Marshall,"https://images-na.ssl-images-amazon.com/images/S/amazon-avatars-global/default._CR0,0,1024,1024_SX48_.png",US,https://www.amazon.com/gp/profile/amzn1.account.AHHUWUZWJ5FBZ3C6XQGDKPKVLATQ/ref=cm_cr_getr_d_gw_btm?ie=UTF8,,2024-08-05
B01AK7XXLU,Shorts,Very happy with these shorts. I like the material. Perfect for football practice.,Y,,Special Size: Standard | Size: Medium | Color: Granite Heather C Logo,5,0,,,,,https://www.amazon.com/gp/customer-reviews/R3U50QJAN2K9ZB/ref=cm_cr_getr_d_rvw_ttl?ie=UTF8&ASIN=B0C3W8MHZF,Kira,"https://images-na.ssl-images-amazon.com/images/S/amazon-avatars-global/default._CR0,0,1024,1024_SX48_.png",US,https://www.amazon.com/gp/profile/amzn1.account.AE4YGDIBA3JOVKA5MSGHWQBN3KPA/ref=cm_cr_getr_d_gw_btm?ie=UTF8,,2024-08-05
B01AK7XQQC,Great fit,"These are a very durable product. Great fit on my son, right above the knee. Even though they were a little thicker, they still had great breathability. He loved that they had pockets in them as well!!",Y,,Special Size: Standard | Size: X-Large | Color: Granite Heather C Logo,5,0,,,,,https://www.amazon.com/gp/customer-reviews/R10SQKXGLYX21Y/ref=cm_cr_getr_d_rvw_ttl?ie=UTF8&ASIN=B0C3W8MHZF,Micki Alberti,"https://images-na.ssl-images-amazon.com/images/S/amazon-avatars-global/default._CR0,0,1024,1024_SX48_.png",US,https://www.amazon.com/gp/profile/amzn1.account.AHM5XSBDP5GEI5AJCMDCQYGSEWTA/ref=cm_cr_getr_d_gw_btm?ie=UTF8,,2024-08-04
B01AK7Y102,Great value,"Nice shorts, especially for 10 bucks !  Fit as expected, “Champion” quality.",Y,,Special Size: Standard | Size: X-Large | Color: Black C Logo,5,0,,,,,https://www.amazon.com/gp/customer-reviews/R25JTXLEXO2IPN/ref=cm_cr_getr_d_rvw_ttl?ie=UTF8&ASIN=B0C3W8MHZF,John,"https://images-na.ssl-images-amazon.com/images/S/amazon-avatars-global/default._CR0,0,1024,1024_SX48_.png",US,https://www.amazon.com/gp/profile/amzn1.account.AG6BXEEGGRTGZYDSLBEXIEZT2LQA/ref=cm_cr_getr_d_gw_btm?ie=UTF8,,2024-08-04
B01AK7Z5BG,Excellent quality washing and wearability,Quality wearability fit well,Y,,Special Size: Standard | Size: Large | Color: Oxford Gray C Logo,5,0,,,,,https://www.amazon.com/gp/customer-reviews/R29LLHJN80DCOF/ref=cm_cr_getr_d_rvw_ttl?ie=UTF8&ASIN=B0C3W8MHZF,Robert A Hengeveld,"https://images-na.ssl-images-amazon.com/images/S/amazon-avatars-global/default._CR0,0,1024,1024_SX48_.png",US,https://www.amazon.com/gp/profile/amzn1.account.AEYZWJ2KAGHYXSDDHQ5QDKE2FO3A/ref=cm_cr_getr_d_gw_btm?ie=UTF8,,2024-08-04
B01AK7Y12A,NOT a keeper,"Just didn't fit well. Material wasn't comfortable, it clung and was bothersome just trying on. Returned.",Y,,Special Size: Standard | Size: Medium | Color: Black C Logo,1,0,,,,,https://www.amazon.com/gp/customer-reviews/R24Z01E6975H6X/ref=cm_cr_getr_d_rvw_ttl?ie=UTF8&ASIN=B0C3W8MHZF,rocky mt lady,"https://images-na.ssl-images-amazon.com/images/S/amazon-avatars-global/default._CR0,0,1024,1024_SX48_.png",US,https://www.amazon.com/gp/profile/amzn1.account.AHEOLJFOLOA72B7DUNKMYKOL5HDA/ref=cm_cr_getr_d_gw_btm?ie=UTF8,,2024-08-03
B07222DFJJ,Fit as expected,Purchased these for my son and they fit well. Material quality is good,Y,,Special Size: Standard | Size: Small | Color: Team Dark Green C Logo,4,0,,,,,https://www.amazon.com/gp/customer-reviews/RFK087TOP2AW8/ref=cm_cr_getr_d_rvw_ttl?ie=UTF8&ASIN=B0C3W8MHZF,Mature Mama,"https://images-na.ssl-images-amazon.com/images/S/amazon-avatars-global/default._CR0,0,1024,1024_SX48_.png",US,https://www.amazon.com/gp/profile/amzn1.account.AFODHDZ4LYHFYFZB2GH7Y7F6ZG7Q/ref=cm_cr_getr_d_gw_btm?ie=UTF8,,2024-08-02
B0CJSS3ZC5,Very thin,My husband complained these are too thin,Y,,Special Size: Standard | Size: Large | Color: Granite Heather Reflective C,4,0,,,,,https://www.amazon.com/gp/customer-reviews/R225GSWYSWLQCS/ref=cm_cr_getr_d_rvw_ttl?ie=UTF8&ASIN=B0C3W8MHZF,lfr,"https://images-na.ssl-images-amazon.com/images/S/amazon-avatars-global/default._CR0,0,1024,1024_SX48_.png",US,https://www.amazon.com/gp/profile/amzn1.account.AG4U3KPEFWYI5Q2KYEELKF6XCOJQ/ref=cm_cr_getr_d_gw_btm?ie=UTF8,,2024-08-02
B01AK7Y12A,Fit great,Feel great,Y,,Special Size: Standard | Size: Medium | Color: Black C Logo,5,0,,,,,https://www.amazon.com/gp/customer-reviews/R17P1XVMTQQ47L/ref=cm_cr_getr_d_rvw_ttl?ie=UTF8&ASIN=B0C3W8MHZF,Ehh,"https://images-na.ssl-images-amazon.com/images/S/amazon-avatars-global/default._CR0,0,1024,1024_SX48_.png",US,https://www.amazon.com/gp/profile/amzn1.account.AGUANFRRR333VM7EOZBXWROBR2HQ/ref=cm_cr_getr_d_gw_btm?ie=UTF8,,2024-08-01
B01AK7Y12A,Bonita!,"Me gustó, pero soy paticorto, no se me ve tan cool!",Y,,Special Size: Standard | Size: Medium | Color: Black C Logo,5,0,,,,,https://www.amazon.com/gp/customer-reviews/R2IVAG6NBFW25E/ref=cm_cr_getr_d_rvw_ttl?ie=UTF8&ASIN=B0C3W8MHZF,Daniel Español Calderón,"https://images-na.ssl-images-amazon.com/images/S/amazon-avatars-global/66a8e238-d022-46a6-8057-b2a6eb767608._CR62,0,375,375_SX48_.jpg",US,https://www.amazon.com/gp/profile/amzn1.account.AHEYTNPROCXMARXZPBOZZ4RQI4UA/ref=cm_cr_getr_d_gw_btm?ie=UTF8,,2024-07-30
B00KUL0W1G,Great fit,These shorts feel good and they look good too.,Y,,Special Size: Standard | Size: Large | Color: Black C Logo,5,0,,,,,https://www.amazon.com/gp/customer-reviews/R1VDKMGKA67C1M/ref=cm_cr_getr_d_rvw_ttl?ie=UTF8&ASIN=B0C3W8MHZF,ST,"https://images-na.ssl-images-amazon.com/images/S/amazon-avatars-global/default._CR0,0,1024,1024_SX48_.png",US,https://www.amazon.com/gp/profile/amzn1.account.AGW7MKLISB5Z26LS4ISAXDYQ6ESQ/ref=cm_cr_getr_d_gw_btm?ie=UTF8,,2024-07-30
B0BRQY8L53,Drawstring & Pockets,Husband is 6 ft 2 inches and 245 pounds and XLT fits good.  He likes the drawstring and pockets.  Bought the navy.  They are light to medium weight but not see through or form fitting.  Also not too big or too small in legs.  Quality seems really good for $15.  Online now buying a 2nd pair.,Y,,Special Size: Big & Tall | Size: X-Large Tall | Color: Navy C Logo,5,0,,,,,https://www.amazon.com/gp/customer-reviews/RUMYE2ZJZ3OPK/ref=cm_cr_getr_d_rvw_ttl?ie=UTF8&ASIN=B0C3W8MHZF,Ginny P,"https://images-na.ssl-images-amazon.com/images/S/amazon-avatars-global/default._CR0,0,1024,1024_SX48_.png",US,https://www.amazon.com/gp/profile/amzn1.account.AG4CW7JD4ETP3J2LGCKC7N237U7Q/ref=cm_cr_getr_d_gw_btm?ie=UTF8,,2024-07-30
B01AK7Z1ZG,Fabric is see-thru!!,Remember those see-thru netting shirts from the 80's?  This is kind of like that only thicker.  I know time repeats itself but God help us if those things come back.,Y,,Special Size: Standard | Size: Medium | Color: Navy C Logo,1,0,,,,,https://www.amazon.com/gp/customer-reviews/R2VS2Y9EFO7L93/ref=cm_cr_getr_d_rvw_ttl?ie=UTF8&ASIN=B0C3W8MHZF,Amazon Customer,"https://images-na.ssl-images-amazon.com/images/S/amazon-avatars-global/default._CR0,0,1024,1024_SX48_.png",US,https://www.amazon.com/gp/profile/amzn1.account.AGYNIXLVKOUDHMIP5COF56D4CYXQ/ref=cm_cr_getr_d_gw_btm?ie=UTF8,,2024-07-29
B0BNJPY67J,Shot material,The material not good,Y,,Special Size: Big & Tall | Size: 4X-Large Big | Color: Black C Logo,2,0,,,,,https://www.amazon.com/gp/customer-reviews/RLNNF97BW9962/ref=cm_cr_getr_d_rvw_ttl?ie=UTF8&ASIN=B0C3W8MHZF,Antonia Mendoza,"https://images-na.ssl-images-amazon.com/images/S/amazon-avatars-global/default._CR0,0,1024,1024_SX48_.png",US,https://www.amazon.com/gp/profile/amzn1.account.AGV5QFYOZCEIU7HPXXFTE6P2UQ5A/ref=cm_cr_getr_d_gw_btm?ie=UTF8,,2024-07-29
B01AK7Y12A,Not big pockets,Fabric is good and soft. They’re great for working out and they fit me well. Only comment is that the pockets are very shallow. Your iPhone will barely fit and keys sometimes slide out. If the pockets were just a bit deeper this would be 5 stars.,Y,,Special Size: Standard | Size: Medium | Color: Black C Logo,3,1,,,,,https://www.amazon.com/gp/customer-reviews/R2LRJ8QAESJVBG/ref=cm_cr_getr_d_rvw_ttl?ie=UTF8&ASIN=B0C3W8MHZF,socalpiano,"https://images-na.ssl-images-amazon.com/images/S/amazon-avatars-global/default._CR0,0,1024,1024_SX48_.png",US,https://www.amazon.com/gp/profile/amzn1.account.AHBCZMCBU5S7FDF4OWIF4KT54PYQ/ref=cm_cr_getr_d_gw_btm?ie=UTF8,,2024-07-29
B01AK7XIN8,They're ok for $10,The usual polyester... I would haven't paid more than $10 for them.  I prefer cotton,Y,,Special Size: Standard | Size: Large | Color: Granite Heather C Logo,3,0,,,,,https://www.amazon.com/gp/customer-reviews/R3SITMFCC65L0X/ref=cm_cr_getr_d_rvw_ttl?ie=UTF8&ASIN=B0C3W8MHZF,David George,"https://images-na.ssl-images-amazon.com/images/S/amazon-avatars-global/default._CR0,0,1024,1024_SX48_.png",US,https://www.amazon.com/gp/profile/amzn1.account.AGECQIW4BR6ZTOWSF74UCTD2ASTA/ref=cm_cr_getr_d_gw_btm?ie=UTF8,,2024-07-29
B0CJSQGSM4,Good shorts,"These are comfy, sized appropriately, my son loves them and will order again.",Y,,Special Size: Standard | Size: Small | Color: Granite Heather Reflective C,5,0,,,,,https://www.amazon.com/gp/customer-reviews/RD9PD9G1NZRH/ref=cm_cr_getr_d_rvw_ttl?ie=UTF8&ASIN=B0C3W8MHZF,Sally Smith-Meyer,"https://images-na.ssl-images-amazon.com/images/S/amazon-avatars-global/fb0db241-6e7a-4f37-a39b-1e520998274e._CR0,30.0,273,273_SX48_.jpg",US,https://www.amazon.com/gp/profile/amzn1.account.AHIOIWISTDBOUILUPG26D6XTFEFQ/ref=cm_cr_getr_d_gw_btm?ie=UTF8,,2024-07-29
B00KUL0W1G,Nice fit,My husband loves these shorts. They are cool and comfortable,Y,,Special Size: Standard | Size: Large | Color: Black C Logo,5,0,,,,,https://www.amazon.com/gp/customer-reviews/R3I9NES27JW7FH/ref=cm_cr_getr_d_rvw_ttl?ie=UTF8&ASIN=B0C3W8MHZF,KZPPK,"https://images-na.ssl-images-amazon.com/images/S/amazon-avatars-global/default._CR0,0,1024,1024_SX48_.png",US,https://www.amazon.com/gp/profile/amzn1.account.AEDZS6VHMO5AJKE3HLTOMTEW6UHA/ref=cm_cr_getr_d_gw_btm?ie=UTF8,,2024-07-29
B01AK7XBYY,Materials damage easily,"I just picked up a L maroon short on Prime Day. There are a few things I like and one major dislike so far.
Pros: I like the color on these shorts. The fabric is lightweight and comfortable. The pockets are deep and they hold a variety of items (keys wallets phone etc) without any issue. The waist isn’t constricting and I can use the drawstring if I want a tighter fit.
Cons: as you can tell on the photo, I’m noticing small deficiencies throughout the shorts. I’ve only worn them around the house after washing them. There should be no reason why these small tears are popping up. If it was just one or two, I’d only knock it down a star but there are enough for me to notice.
I doubt I would order another of these shorts because of the condition of these shorts. It’s too bad because I do like them more than dislike them.",Y,,Special Size: Standard | Size: Large | Color: Team Maroon C Logo,3,3,1,https://m.media-amazon.com/images/I/71O4jGwBjKL._SY200.jpg,,,https://www.amazon.com/gp/customer-reviews/R1MLRGOJDSBUMG/ref=cm_cr_getr_d_rvw_ttl?ie=UTF8&ASIN=B0C3W8MHZF,Shiba Owner,"https://images-na.ssl-images-amazon.com/images/S/amazon-avatars-global/default._CR0,0,1024,1024_SX48_.png",US,https://www.amazon.com/gp/profile/amzn1.account.AG33EGZ446WH3I2FWLA6E66IBUHQ/ref=cm_cr_getr_d_gw_btm?ie=UTF8,,2024-07-28
B01AK7ZK7A,Good price and quality but longer style,I grabbed these for my husband for workouts.  They have pockets which is nice and a medium weight to the fabric. He says that they are comfortable but they are long.  They are just above his knee.,Y,,Special Size: Standard | Size: Large | Color: Navy C Logo,4,0,,,,,https://www.amazon.com/gp/customer-reviews/R1HFV42JNRKDBE/ref=cm_cr_getr_d_rvw_ttl?ie=UTF8&ASIN=B0C3W8MHZF,Midwest Mom,"https://images-na.ssl-images-amazon.com/images/S/amazon-avatars-global/1fe18d73-68f5-4af2-9bf2-2e7cc187b954._CR62,0,375,375_SX48_.jpg",US,https://www.amazon.com/gp/profile/amzn1.account.AFYVJRXSOR4GZL74IDYIKU2Z6JQA/ref=cm_cr_getr_d_gw_btm?ie=UTF8,,2024-07-28
B08N6R13MK,Comfort quality,Beyond comfortable my new go to shorts,Y,,Special Size: Standard | Size: XX-Large | Color: Cargo Olive C Logo,5,0,,,,,https://www.amazon.com/gp/customer-reviews/R16Z60V864R6Q6/ref=cm_cr_getr_d_rvw_ttl?ie=UTF8&ASIN=B0C3W8MHZF,Brian,"https://images-na.ssl-images-amazon.com/images/S/amazon-avatars-global/default._CR0,0,1024,1024_SX48_.png",US,https://www.amazon.com/gp/profile/amzn1.account.AEC2SBYLRU57RURZGIUVF2QD5DZQ/ref=cm_cr_getr_d_gw_btm?ie=UTF8,,2024-07-28
B01AK7Z1ZG,Lo esperado,100% a las fotografías,Y,,Special Size: Standard | Size: Medium | Color: Navy C Logo,5,0,,,,,https://www.amazon.com/gp/customer-reviews/R1QET3VW7PD5I1/ref=cm_cr_getr_d_rvw_ttl?ie=UTF8&ASIN=B0C3W8MHZF,Deisy lorena,"https://images-na.ssl-images-amazon.com/images/S/amazon-avatars-global/default._CR0,0,1024,1024_SX48_.png",US,https://www.amazon.com/gp/profile/amzn1.account.AETOIPAIRHV5YEYXUGWJWR6LMLDQ/ref=cm_cr_getr_d_gw_btm?ie=UTF8,,2024-07-27
B00KUL0W1G,the size runs large and made cheap,These sport shorts are made very cheap quality and i would never buy again,Y,,Special Size: Standard | Size: Large | Color: Black C Logo,1,0,,,,,https://www.amazon.com/gp/customer-reviews/R12EYVAMM1EHVH/ref=cm_cr_getr_d_rvw_ttl?ie=UTF8&ASIN=B0C3W8MHZF,craig moor,"https://images-na.ssl-images-amazon.com/images/S/amazon-avatars-global/default._CR0,0,1024,1024_SX48_.png",US,https://www.amazon.com/gp/profile/amzn1.account.AEWM2F3NA5JOZR7X7UXFZ7XZKNMQ/ref=cm_cr_getr_d_gw_btm?ie=UTF8,,2024-07-26
B0C3W8MHZF,fits,nice pants,Y,,,4,0,,,,,https://www.amazon.com/gp/customer-reviews/R3EMP51I7N2G4T/ref=cm_cr_getr_d_rvw_ttl?ie=UTF8&ASIN=B0C3W8MHZF,Rontroon,"https://images-na.ssl-images-amazon.com/images/S/amazon-avatars-global/default._CR0,0,1024,1024_SX48_.png",US,https://www.amazon.com/gp/profile/amzn1.account.AHL6QKFBMLQB4QLTWZBXCDJ3WYSQ/ref=cm_cr_getr_d_gw_btm?ie=UTF8,,2024-07-26
B012JZ187M,"Basic, boring, feels alright","Just that, a shorts (on the longer side) that gets the job done. Also great for beaches.",Y,,Special Size: Standard | Size: Small | Color: Black C Logo,5,0,,,,,https://www.amazon.com/gp/customer-reviews/R3T27O55O5VWT9/ref=cm_cr_getr_d_rvw_ttl?ie=UTF8&ASIN=B0C3W8MHZF,Sirjan Sharma,"https://images-na.ssl-images-amazon.com/images/S/amazon-avatars-global/default._CR0,0,1024,1024_SX48_.png",US,https://www.amazon.com/gp/profile/amzn1.account.AFSVLFA7JW4N4FHAXBFGEFWIMLLQ/ref=cm_cr_getr_d_gw_btm?ie=UTF8,,2024-07-26
B0BRQXXZQK,Fast service,Good purchase,Y,,Special Size: Big & Tall | Size: X-Large Tall | Color: Black C Logo,5,0,,,,,https://www.amazon.com/gp/customer-reviews/RD119ZW8EPDJQ/ref=cm_cr_getr_d_rvw_ttl?ie=UTF8&ASIN=B0C3W8MHZF,Amazon Customer,"https://images-na.ssl-images-amazon.com/images/S/amazon-avatars-global/default._CR0,0,1024,1024_SX48_.png",US,https://www.amazon.com/gp/profile/amzn1.account.AGQMTO6BSXBQ6JZTFMJSFABTCNQA/ref=cm_cr_getr_d_gw_btm?ie=UTF8,,2024-07-25
B0BRQZB3QF,"Insanely comfortable, very fast drying.","What the title says. Very comfortable gym shorts, dries fast, I've been very pleased with these shorts. Ended up buying a few.",Y,,Special Size: Big & Tall | Size: 3X-Large Tall | Color: Black C Logo,5,0,,,,,https://www.amazon.com/gp/customer-reviews/R8D19O8YNGYUM/ref=cm_cr_getr_d_rvw_ttl?ie=UTF8&ASIN=B0C3W8MHZF,C.,"https://images-na.ssl-images-amazon.com/images/S/amazon-avatars-global/default._CR0,0,1024,1024_SX48_.png",US,https://www.amazon.com/gp/profile/amzn1.account.AHU4WKI3SHB6DZ7M4TUYNY2WKYJA/ref=cm_cr_getr_d_gw_btm?ie=UTF8,,2024-07-25
B01AK7Y12A,Love these Shorts,"I've been using the Champion Athletic Shorts for several months now, primarily for my morning elliptical workouts, and they have quickly become my go-to shorts. The fit is true to size, and I love how they are loose-fitting without feeling baggy. The lightweight fabric is incredibly comfortable and breathable, which is perfect for my intense cardio sessions. Plus, the Double Dry technology really works wonders, keeping me dry and comfortable throughout my workouts.

One of my favorite features is the side pockets, which are perfect for holding my keys and other essentials. The elastic drawcord waistband allows for a custom fit.  Despite numerous washes, these shorts show little signs of wear, which speaks to their durability. The iconic C logo patch at the hem is a nice touch, adding a bit of style. Overall, I highly recommend these shorts for anyone looking for comfort, functionality, and durability in their workout gear.",Y,,Special Size: Standard | Size: Medium | Color: Black C Logo,5,3,,,,,https://www.amazon.com/gp/customer-reviews/R3VXFD10GUQ2D4/ref=cm_cr_getr_d_rvw_ttl?ie=UTF8&ASIN=B0C3W8MHZF,Roger S,"https://images-na.ssl-images-amazon.com/images/S/amazon-avatars-global/default._CR0,0,1024,1024_SX48_.png",US,https://www.amazon.com/gp/profile/amzn1.account.AFKE2NSIEFTGVMN4VHCKFBPQDGQA/ref=cm_cr_getr_d_gw_btm?ie=UTF8,,2024-07-24
B00KUL0W1G,La comodidad y la sensación ha sido muy buena.,"Realmente pensé que tendría una, más para los momentos deportivos. Pero el largor de ella me da más comodidad para salir ha hacer una que otra cosa.
Muy fresca, cómoda, liviana.
Realmente compraría más de estás con otros colores.",Y,,Special Size: Standard | Size: Large | Color: Black C Logo,5,0,1,https://m.media-amazon.com/images/I/712RLFtlVRL._SY200.jpg,,,https://www.amazon.com/gp/customer-reviews/RZ59HBBMWM19Q/ref=cm_cr_getr_d_rvw_ttl?ie=UTF8&ASIN=B0C3W8MHZF,STRIX ST,"https://images-na.ssl-images-amazon.com/images/S/amazon-avatars-global/default._CR0,0,1024,1024_SX48_.png",US,https://www.amazon.com/gp/profile/amzn1.account.AGM25W2W4N4VMN75EZSWSXMRZ7VQ/ref=cm_cr_getr_d_gw_btm?ie=UTF8,,2024-07-24
B01AK7ZGN8,Shorts,"Husband loves !
Comfort-great.
Transparency Good
Color great.
Durability good.
Shrink- ok/good.",Y,,Special Size: Standard | Size: X-Large | Color: Navy C Logo,5,0,,,,,https://www.amazon.com/gp/customer-reviews/R1G0J31JT6Y9AH/ref=cm_cr_getr_d_rvw_ttl?ie=UTF8&ASIN=B0C3W8MHZF,Jannie,"https://images-na.ssl-images-amazon.com/images/S/amazon-avatars-global/default._CR0,0,1024,1024_SX48_.png",US,https://www.amazon.com/gp/profile/amzn1.account.AEL7TE3U26ZZGO5UQL6R3BP4NP4A/ref=cm_cr_getr_d_gw_btm?ie=UTF8,,2024-07-24
B01AK7Y12A,Comfortable,"Estos pantalones cortos son bastante comodos y lijeros, asta ahora estoy satisfecho con este producto y lo recomiendo.",Y,,Special Size: Standard | Size: Medium | Color: Black C Logo,4,0,,,,,https://www.amazon.com/gp/customer-reviews/R3V8Z82IE4D98T/ref=cm_cr_getr_d_rvw_ttl?ie=UTF8&ASIN=B0C3W8MHZF,Zacate,"https://images-na.ssl-images-amazon.com/images/S/amazon-avatars-global/default._CR0,0,1024,1024_SX48_.png",US,https://www.amazon.com/gp/profile/amzn1.account.AGHOLWYIDQAKF5KXTEHXC3DQKMVA/ref=cm_cr_getr_d_gw_btm?ie=UTF8,,2024-07-23
B01AK7Z5BG,Champion Shorts,Look good. Comfortable. H go pod value,Y,,Special Size: Standard | Size: Large | Color: Oxford Gray C Logo,5,0,,,,,https://www.amazon.com/gp/customer-reviews/R14IPOVZUZON6E/ref=cm_cr_getr_d_rvw_ttl?ie=UTF8&ASIN=B0C3W8MHZF,andrew m. mahoney,"https://images-na.ssl-images-amazon.com/images/S/amazon-avatars-global/default._CR0,0,1024,1024_SX48_.png",US,https://www.amazon.com/gp/profile/amzn1.account.AGDERP3FOZ6INGIFVAYB3WMCSPHA/ref=cm_cr_getr_d_gw_btm?ie=UTF8,,2024-07-23
B0BRQY3K8S,average,A very average pair of workout shorts. not moisture absorbant. Took almost a month to get here.,Y,,Special Size: Big & Tall | Size: 3X-Large Tall | Color: Navy C Logo,2,0,,,,,https://www.amazon.com/gp/customer-reviews/R3TFH6BAQ69HGB/ref=cm_cr_getr_d_rvw_ttl?ie=UTF8&ASIN=B0C3W8MHZF,Dan Dickinson,"https://images-na.ssl-images-amazon.com/images/S/amazon-avatars-global/default._CR0,0,1024,1024_SX48_.png",US,https://www.amazon.com/gp/profile/amzn1.account.AG7EO7PXVW5DQJONPVGWCUDOPRBA/ref=cm_cr_getr_d_gw_btm?ie=UTF8,,2024-07-22
B01AK7ZK7A,Repeat purchase!,"Breathable, comfortable and great pricing. Purchased 3 pairs.",Y,,Special Size: Standard | Size: Large | Color: Navy C Logo,5,0,,,,,https://www.amazon.com/gp/customer-reviews/R15RSMUBKWN2HE/ref=cm_cr_getr_d_rvw_ttl?ie=UTF8&ASIN=B0C3W8MHZF,Andrea,"https://images-na.ssl-images-amazon.com/images/S/amazon-avatars-global/default._CR0,0,1024,1024_SX48_.png",US,https://www.amazon.com/gp/profile/amzn1.account.AGXSYE3FNLJ6GEK6XOFVKRX5IXNQ/ref=cm_cr_getr_d_gw_btm?ie=UTF8,,2024-07-22
B00KUL0W1G,-Good product,very fair price,Y,,Special Size: Standard | Size: Large | Color: Black C Logo,5,0,,,,,https://www.amazon.com/gp/customer-reviews/R1I1IKLYJD1NKP/ref=cm_cr_getr_d_rvw_ttl?ie=UTF8&ASIN=B0C3W8MHZF,Lucian K Bochichio,"https://images-na.ssl-images-amazon.com/images/S/amazon-avatars-global/default._CR0,0,1024,1024_SX48_.png",US,https://www.amazon.com/gp/profile/amzn1.account.AHTDFI3QYP6HW2W6WVYQSSYFNS6A/ref=cm_cr_getr_d_gw_btm?ie=UTF8,,2024-07-22
B01AK7Z5HK,Poor quality .,Just look at the attached photos. This after only washed and worn one time. They are literally falling apart at the seams.,Y,,Special Size: Standard | Size: Small | Color: Oxford Gray C Logo,1,0,4,"https://m.media-amazon.com/images/I/61tW3vBs9dL._SY200.jpg
https://m.media-amazon.com/images/I/71TNwFXc0xL._SY200.jpg
https://m.media-amazon.com/images/I/71ghAb2WSKL._SY200.jpg
https://m.media-amazon.com/images/I/71ghAb2WSKL._SY200.jpg",,,https://www.amazon.com/gp/customer-reviews/R229LT13U3GHXT/ref=cm_cr_getr_d_rvw_ttl?ie=UTF8&ASIN=B0C3W8MHZF,Erwin cordero,"https://images-na.ssl-images-amazon.com/images/S/amazon-avatars-global/33ba22d5-83e1-483d-be2f-46578432ed65._CR0,0,375,375_SX48_.jpg",US,https://www.amazon.com/gp/profile/amzn1.account.AGV4JVWJ3R6YCMG3PUCLGDERRR3Q/ref=cm_cr_getr_d_gw_btm?ie=UTF8,,2024-07-21
B00KUL0W1G,Meh,Really baggy and kinda plain.  Buy when on sale.,Y,,Special Size: Standard | Size: Large | Color: Black C Logo,3,0,,,,,https://www.amazon.com/gp/customer-reviews/R26RRHFEPOMCRA/ref=cm_cr_getr_d_rvw_ttl?ie=UTF8&ASIN=B0C3W8MHZF,Harrison,"https://images-na.ssl-images-amazon.com/images/S/amazon-avatars-global/76fb0481-7b3d-4e45-8f3c-7a2013bc4397._CR109,0,281,281_SX48_.jpg",US,https://www.amazon.com/gp/profile/amzn1.account.AHDU5YD3KQ57HVQRT6OOIPXRQQTA/ref=cm_cr_getr_d_gw_btm?ie=UTF8,,2024-07-21
B01AK7Z5BG,I have one pair ordered two more but They never arrived.,I want to re- order as I already have a pair that I like but will they get here?,Y,,Special Size: Standard | Size: Large | Color: Oxford Gray C Logo,5,0,,,,,https://www.amazon.com/gp/customer-reviews/R37W6ETPOTU3AL/ref=cm_cr_getr_d_rvw_ttl?ie=UTF8&ASIN=B0C3W8MHZF,J. COPELAND,"https://images-na.ssl-images-amazon.com/images/S/amazon-avatars-global/default._CR0,0,1024,1024_SX48_.png",US,https://www.amazon.com/gp/profile/amzn1.account.AEZVCBZT3K65DEOIZEHPDKNSS32Q/ref=cm_cr_getr_d_gw_btm?ie=UTF8,,2024-07-21
B08N6Q9BS2,Waist is tight,I bought large but they're a little restricting.  The length is okay but the waist is tight.  Plus I wish they were cotton instead of 100% polyester.,Y,,Special Size: Standard | Size: Large | Color: Cargo Olive C Logo,3,0,,,,,https://www.amazon.com/gp/customer-reviews/R2G8HN13UJ7Z3C/ref=cm_cr_getr_d_rvw_ttl?ie=UTF8&ASIN=B0C3W8MHZF,Ebeneezer,"https://images-na.ssl-images-amazon.com/images/S/amazon-avatars-global/default._CR0,0,1024,1024_SX48_.png",US,https://www.amazon.com/gp/profile/amzn1.account.AEWN3JHCK6SNR4IAA2H2JOWWPSEQ/ref=cm_cr_getr_d_gw_btm?ie=UTF8,,2024-07-20
B0BNJR9C4B,So comfortable,Better than I expected. These shorts are comfortable and roomie. They look great too!,Y,,Special Size: Big & Tall | Size: 4X-Large Big | Color: Oxford Gray C Logo,5,0,,,,,https://www.amazon.com/gp/customer-reviews/RGXX1USQBC35H/ref=cm_cr_getr_d_rvw_ttl?ie=UTF8&ASIN=B0C3W8MHZF,Scott,"https://images-na.ssl-images-amazon.com/images/S/amazon-avatars-global/e7fe781c-b5dd-4e82-a955-15fa4e4e243e._CR0,0,500,500_SX48_.jpg",US,https://www.amazon.com/gp/profile/amzn1.account.AGDXEZQPYSDFD5ZWK2YKWHSAYP4Q/ref=cm_cr_getr_d_gw_btm?ie=UTF8,,2024-07-20
B01AK7Y102,Perfect fit,"I got these new gym pants and they fit perfectly.
I would definitely buy these again",Y,,Special Size: Standard | Size: X-Large | Color: Black C Logo,5,0,,,,,https://www.amazon.com/gp/customer-reviews/R2GTSWB84DQIZ3/ref=cm_cr_getr_d_rvw_ttl?ie=UTF8&ASIN=B0C3W8MHZF,M.I.U.W. 104,"https://images-na.ssl-images-amazon.com/images/S/amazon-avatars-global/76427a53-bdd1-49e1-ae5a-a1b862f972f2._CR0,0,1125,1125_SX48_.jpg",US,https://www.amazon.com/gp/profile/amzn1.account.AFNQK3XZLEG7MT6ZWRFEVH52FG7Q/ref=cm_cr_getr_d_gw_btm?ie=UTF8,,2024-07-20
B01AK7Y102,Mas largo de lo esperado,"Buena calidad y acabados, en mi caso pedí la talla XL y es mas largo de lo esperado, un talla L me hubiese servido igual.",Y,,Special Size: Standard | Size: X-Large | Color: Black C Logo,4,0,,,,,https://www.amazon.com/gp/customer-reviews/RAFIB0QZZ625H/ref=cm_cr_getr_d_rvw_ttl?ie=UTF8&ASIN=B0C3W8MHZF,Richard Véliz,"https://images-na.ssl-images-amazon.com/images/S/amazon-avatars-global/e35c93fc-fa94-40c5-b9fc-48b380802010._CR0,0,346,346_SX48_.jpg",US,https://www.amazon.com/gp/profile/amzn1.account.AETI4T53UIJEC5ILEMG5GCPMDBWA/ref=cm_cr_getr_d_gw_btm?ie=UTF8,,2024-07-19
B01AK7Z5BG,champion shorts,they fit well.,Y,,Special Size: Standard | Size: Large | Color: Oxford Gray C Logo,5,0,,,,,https://www.amazon.com/gp/customer-reviews/R1H260E48KWZW8/ref=cm_cr_getr_d_rvw_ttl?ie=UTF8&ASIN=B0C3W8MHZF,mark cunningham,"https://images-na.ssl-images-amazon.com/images/S/amazon-avatars-global/default._CR0,0,1024,1024_SX48_.png",US,https://www.amazon.com/gp/profile/amzn1.account.AG672ZGY4RG2UPW6RHNK5AV2YMBA/ref=cm_cr_getr_d_gw_btm?ie=UTF8,,2024-07-19
B00KUL0W1G,they aren't short,"shorts don't go below the knee. that's capri pants. in the photo, they end well above the knee. i'm exactly average: 5'9"".

they go well belolow my knee.

i do NOT like them.

long 'shorts' bind on the top of my knee during cardio.

i would NOT have bought them if the photo wasvan honest portrayal of their length.",Y,,Special Size: Standard | Size: Large | Color: Black C Logo,2,0,,,,,https://www.amazon.com/gp/customer-reviews/R3L1GT9DDQE6M7/ref=cm_cr_getr_d_rvw_ttl?ie=UTF8&ASIN=B0C3W8MHZF,Erich S. Knox,"https://images-na.ssl-images-amazon.com/images/S/amazon-avatars-global/default._CR0,0,1024,1024_SX48_.png",US,https://www.amazon.com/gp/profile/amzn1.account.AHUU3HTJUEMR7NDOGLDJAVHTXRBA/ref=cm_cr_getr_d_gw_btm?ie=UTF8,,2024-07-18
B00KUL0W1G,Nice fitting shorts!,The only knock on these shorts is the pockets are to shallow to carry my cell phone safely!,Y,,Special Size: Standard | Size: Large | Color: Black C Logo,4,0,,,,,https://www.amazon.com/gp/customer-reviews/R36G075EWPE3CN/ref=cm_cr_getr_d_rvw_ttl?ie=UTF8&ASIN=B0C3W8MHZF,Mack,"https://images-na.ssl-images-amazon.com/images/S/amazon-avatars-global/default._CR0,0,1024,1024_SX48_.png",US,https://www.amazon.com/gp/profile/amzn1.account.AHKFZ6QYOHKA5D3QKLRNZGMOBD5A/ref=cm_cr_getr_d_gw_btm?ie=UTF8,,2024-07-18
B00KUL0W1G,Love it,Great length.  Great fabric. Comfortable and cool.,Y,,Special Size: Standard | Size: Large | Color: Black C Logo,5,0,,,,,https://www.amazon.com/gp/customer-reviews/R3JCT0WIRFPPP2/ref=cm_cr_getr_d_rvw_ttl?ie=UTF8&ASIN=B0C3W8MHZF,Jim h.,"https://images-na.ssl-images-amazon.com/images/S/amazon-avatars-global/default._CR0,0,1024,1024_SX48_.png",US,https://www.amazon.com/gp/profile/amzn1.account.AFC7WUN573MALHTD7OMWVGOGOIBQ/ref=cm_cr_getr_d_gw_btm?ie=UTF8,,2024-07-18
B01AK7XUGS,fit right,"pockets are generous, drawstring functions well",Y,,Special Size: Standard | Size: XX-Large | Color: Black C Logo,5,0,,,,,https://www.amazon.com/gp/customer-reviews/R1JTUKLWN8A9QL/ref=cm_cr_getr_d_rvw_ttl?ie=UTF8&ASIN=B0C3W8MHZF,Noel W. Bragg,"https://images-na.ssl-images-amazon.com/images/S/amazon-avatars-global/default._CR0,0,1024,1024_SX48_.png",US,https://www.amazon.com/gp/profile/amzn1.account.AE66UKBMQJZLBYLY7E73OJKCKVEA/ref=cm_cr_getr_d_gw_btm?ie=UTF8,,2024-07-18
B0CJSNFBPK,Runs Small.,Disappointed on sizing,Y,,Special Size: Standard | Size: Medium | Color: Steel Blue Ink/Plaster Blue Reflective C,1,0,,,,,https://www.amazon.com/gp/customer-reviews/RNXQQYBS16MLA/ref=cm_cr_getr_d_rvw_ttl?ie=UTF8&ASIN=B0C3W8MHZF,Teri Flag,"https://images-na.ssl-images-amazon.com/images/S/amazon-avatars-global/3a775640-a700-4bcb-bc60-7c5990827388._CR0,0,500,500_SX48_.jpg",US,https://www.amazon.com/gp/profile/amzn1.account.AG5YGJSUIADBINZKQPQMSMISBS2Q/ref=cm_cr_getr_d_gw_btm?ie=UTF8,,2024-07-17
B0BRQZ2ZLP,Trump Won.,Comfortable shorts. Very thin material. Logo is cheap. Not what it used to be. I got the long version. I'm 6ft with a 32 inseam and they go well below my knees. MAGA baby!,Y,,Special Size: Big & Tall | Size: Large Tall | Color: Black C Logo,4,4,,,,,https://www.amazon.com/gp/customer-reviews/R1XIJCT7KE5IIA/ref=cm_cr_getr_d_rvw_ttl?ie=UTF8&ASIN=B0C3W8MHZF,Busy Beaver,"https://images-na.ssl-images-amazon.com/images/S/amazon-avatars-global/default._CR0,0,1024,1024_SX48_.png",US,https://www.amazon.com/gp/profile/amzn1.account.AGS7QGNUUNG2CBTMNCT6BLFN72TA/ref=cm_cr_getr_d_gw_btm?ie=UTF8,,2024-07-17
B0CJSPYBRJ,Sizing is too small,"I wear a Medium in several other Champion shorts I own, but these were way too tight. Suggest ordering up a size.",Y,,Special Size: Standard | Size: Medium | Color: Oxford Gray Reflective C,3,0,,,,,https://www.amazon.com/gp/customer-reviews/RKFX9N1JLSJG1/ref=cm_cr_getr_d_rvw_ttl?ie=UTF8&ASIN=B0C3W8MHZF,Gordo,"https://images-na.ssl-images-amazon.com/images/S/amazon-avatars-global/default._CR0,0,1024,1024_SX48_.png",US,https://www.amazon.com/gp/profile/amzn1.account.AFSRCZOXRE477UA5N76TE37GNVIQ/ref=cm_cr_getr_d_gw_btm?ie=UTF8,,2024-07-15
B0BRQXHPBD,2XLT perfect fit for 6 ft 7 tall and 300 lbs,"These shorts are as great quality as the more expensive name brands.  Awesome price, and the shorts ride just above the knees which is perfect.  Will not ride up high when you sit down.  Only complaint is the pockets are not too deep so keep an eye on your wallet and phones when you sit down and rise.  Plus the draw string is nice and long unlike other brands when you put them on you have to fish them out.

Will purchase other colorways.",Y,,Special Size: Big & Tall | Size: XX-Large Tall | Color: Black C Logo,5,0,,,,,https://www.amazon.com/gp/customer-reviews/R22J51S1PM819I/ref=cm_cr_getr_d_rvw_ttl?ie=UTF8&ASIN=B0C3W8MHZF,Michael Ellison,"https://images-na.ssl-images-amazon.com/images/S/amazon-avatars-global/default._CR0,0,1024,1024_SX48_.png",US,https://www.amazon.com/gp/profile/amzn1.account.AGJTAPI3LZHEQNG52ALSZXRCJT2A/ref=cm_cr_getr_d_gw_btm?ie=UTF8,,2024-07-15
B01AK7Y12A,Nice,I my grandson likes that there thin and not to thick,Y,,Special Size: Standard | Size: Medium | Color: Black C Logo,5,0,,,,,https://www.amazon.com/gp/customer-reviews/R1LHTR2QU6G09A/ref=cm_cr_getr_d_rvw_ttl?ie=UTF8&ASIN=B0C3W8MHZF,Fontelle,"https://images-na.ssl-images-amazon.com/images/S/amazon-avatars-global/default._CR0,0,1024,1024_SX48_.png",US,https://www.amazon.com/gp/profile/amzn1.account.AER26IKQFDBKAN7XFXMWHJ6HROXQ/ref=cm_cr_getr_d_gw_btm?ie=UTF8,,2024-07-14
B01AK7Y12A,Shorts,Hole in the pocket,Y,,Special Size: Standard | Size: Medium | Color: Black C Logo,1,0,,,,,https://www.amazon.com/gp/customer-reviews/R55MJDQIVRVLF/ref=cm_cr_getr_d_rvw_ttl?ie=UTF8&ASIN=B0C3W8MHZF,robert poulos,"https://images-na.ssl-images-amazon.com/images/S/amazon-avatars-global/default._CR0,0,1024,1024_SX48_.png",US,https://www.amazon.com/gp/profile/amzn1.account.AEI23TEHXUC7M3DCNSKMXJTT5QEQ/ref=cm_cr_getr_d_gw_btm?ie=UTF8,,2024-07-12
B0BNJSMPM3,Comfy shorts,They are lightweight and well made at a good price,Y,,Special Size: Big & Tall | Size: 3X-Large Big | Color: Black C Logo,5,0,,,,,https://www.amazon.com/gp/customer-reviews/R28MCDP5LXGZFK/ref=cm_cr_getr_d_rvw_ttl?ie=UTF8&ASIN=B0C3W8MHZF,Mary Thompson,"https://images-na.ssl-images-amazon.com/images/S/amazon-avatars-global/default._CR0,0,1024,1024_SX48_.png",US,https://www.amazon.com/gp/profile/amzn1.account.AHZ67F2WRSQQQV6ENDSUN7EC7W2Q/ref=cm_cr_getr_d_gw_btm?ie=UTF8,,2024-07-12
B0BNJPY67J,Drawstring discomfort,"I'm reviewing this for 4X-Large Big Size and what I say here might be different from other sizes.  While I'm not tall, I am a morbidly obese American with a waistline that fluctuates like a bowl full of jello (think Santa Claus).  If I commit to wearing shorts, those shorts have to hold up a phone, wallet, and keys...  and elastic doesn't cut it.  It stretches with the Jello wobbles, and the next thing I know, I have a tripping hazard around my ankles, which happens a lot with these while traveling up and down stairs.  So if I wear shorts, I need a drawstring that I can cinch tight like a corset, dig into the fat, and hold up a phone, wallet, and keys.  Unless you have excellent grip strength in nimble fingers, like tying knots with the shorts around your knees then pulling up while tucking fat rolls into, or don't care about the drawstring, the drawstring NEEDS to be at least two inches longer, four if I'm being honest.

Because the drawstring is so short, and I don't want to risk fishing them out of the waistband, I haven't undone the knot when sitting, and I have left feeling uncomfortable in these shorts way more than I should.",Y,,Special Size: Big & Tall | Size: 4X-Large Big | Color: Black C Logo,1,0,,,,,https://www.amazon.com/gp/customer-reviews/R2FKX79LWD0LL5/ref=cm_cr_getr_d_rvw_ttl?ie=UTF8&ASIN=B0C3W8MHZF,Jason White,"https://images-na.ssl-images-amazon.com/images/S/amazon-avatars-global/default._CR0,0,1024,1024_SX48_.png",US,https://www.amazon.com/gp/profile/amzn1.account.AFXJ77A2SBSWDLI7FE6W6VDYIBZQ/ref=cm_cr_getr_d_gw_btm?ie=UTF8,,2024-07-10
B01AK7ZK7A,Indoors okay outside no,Great for a treadmill however stuff will jump out of your pockets if you're on a long outdoor jog,Y,,Special Size: Standard | Size: Large | Color: Navy C Logo,3,0,,,,,https://www.amazon.com/gp/customer-reviews/R1P3OEIFSB3VIL/ref=cm_cr_getr_d_rvw_ttl?ie=UTF8&ASIN=B0C3W8MHZF,G. Scobie,"https://images-na.ssl-images-amazon.com/images/S/amazon-avatars-global/default._CR0,0,1024,1024_SX48_.png",US,https://www.amazon.com/gp/profile/amzn1.account.AFLQ74I7TULEARZTHNM7PE53NLEQ/ref=cm_cr_getr_d_gw_btm?ie=UTF8,,2024-07-10
B08N6R13MK,Thumbs down,"I felt so ripped off with these shorts, I didn't get the deal price that was advertised and they are very low quality. Swimming are better  quality than these..",Y,,Special Size: Standard | Size: XX-Large | Color: Cargo Olive C Logo,1,0,,,,,https://www.amazon.com/gp/customer-reviews/R3PP5G1KIM5M0F/ref=cm_cr_getr_d_rvw_ttl?ie=UTF8&ASIN=B0C3W8MHZF,J Andre Harding,"https://images-na.ssl-images-amazon.com/images/S/amazon-avatars-global/default._CR0,0,1024,1024_SX48_.png",US,https://www.amazon.com/gp/profile/amzn1.account.AGM5CBF2FRIW5VF6S4FJ5XM5MB5Q/ref=cm_cr_getr_d_gw_btm?ie=UTF8,,2024-07-09
B01B4XYJLW,Cheap material,I gave them to my son. These are subpar. Easy to wash. Pockets are nice. Quality just isn't there.,Y,,Special Size: Standard | Size: XX-Large | Color: Oxford Gray C Logo,2,0,,,,,https://www.amazon.com/gp/customer-reviews/R2XD41FAWBC3YU/ref=cm_cr_getr_d_rvw_ttl?ie=UTF8&ASIN=B0C3W8MHZF,LoveAmazon,"https://images-na.ssl-images-amazon.com/images/S/amazon-avatars-global/default._CR0,0,1024,1024_SX48_.png",US,https://www.amazon.com/gp/profile/amzn1.account.AFIUSXXPQPNV4SDJEJ5G7F5FLUNA/ref=cm_cr_getr_d_gw_btm?ie=UTF8,,2024-07-09
B0CJT631XP,Really like it!,Like every much!,Y,,Special Size: Standard | Size: X-Large | Color: Steel Blue Ink/Plaster Blue Reflective C,5,0,,,,,https://www.amazon.com/gp/customer-reviews/R3R2OCWI9LFKZB/ref=cm_cr_getr_d_rvw_ttl?ie=UTF8&ASIN=B0C3W8MHZF,Dennis S,"https://images-na.ssl-images-amazon.com/images/S/amazon-avatars-global/default._CR0,0,1024,1024_SX48_.png",US,https://www.amazon.com/gp/profile/amzn1.account.AFQGKVIFXXZGYDPFPTGN5SSNCLRQ/ref=cm_cr_getr_d_gw_btm?ie=UTF8,,2024-07-09
B01AK7Y43Q,Overall fit is very good fit. They are a little longer than expected.,"Overall fit is very good fit. Waist is great, hips are great. They are a little longer than expected but my wife shortened them about an 1-1/2 inches and now are perfect. I am 6'-0"" and 210lbs.",Y,,Special Size: Standard | Size: X-Large | Color: Team Red Scarlet C Logo,5,2,,,,,https://www.amazon.com/gp/customer-reviews/R39DGUGMP2VYT3/ref=cm_cr_getr_d_rvw_ttl?ie=UTF8&ASIN=B0C3W8MHZF,Michael G.,"https://images-na.ssl-images-amazon.com/images/S/amazon-avatars-global/default._CR0,0,1024,1024_SX48_.png",US,https://www.amazon.com/gp/profile/amzn1.account.AGAE575QNOYZVADU6FW7LSZHJ2EQ/ref=cm_cr_getr_d_gw_btm?ie=UTF8,,2024-07-08
B01AK7Y102,Great deal at $11 pair,Fit and feel are what you would expect from Champion.  Got these on sale for $11.  Thought that was a pretty good deal.,Y,,Special Size: Standard | Size: X-Large | Color: Black C Logo,5,0,,,,,https://www.amazon.com/gp/customer-reviews/RUZKMXD70B39L/ref=cm_cr_getr_d_rvw_ttl?ie=UTF8&ASIN=B0C3W8MHZF,HH,"https://images-na.ssl-images-amazon.com/images/S/amazon-avatars-global/default._CR0,0,1024,1024_SX48_.png",US,https://www.amazon.com/gp/profile/amzn1.account.AFOF4TC3Z4HDQL7QHN5RK7RHSZKQ/ref=cm_cr_getr_d_gw_btm?ie=UTF8,,2024-07-08
B0BRQYN88F,Great length and quality.,These shorts are a great length for a tall man (6'6) and an excellent quality product that are extremely comfortable.,Y,,Special Size: Big & Tall | Size: X-Large Tall | Color: Oxford Gray C Logo,5,0,,,,,https://www.amazon.com/gp/customer-reviews/RQIIFG3HMBCFS/ref=cm_cr_getr_d_rvw_ttl?ie=UTF8&ASIN=B0C3W8MHZF,jaybird,"https://images-na.ssl-images-amazon.com/images/S/amazon-avatars-global/default._CR0,0,1024,1024_SX48_.png",US,https://www.amazon.com/gp/profile/amzn1.account.AFQ7MKYQT5SRPKKHR6YK5JX2G6CA/ref=cm_cr_getr_d_gw_btm?ie=UTF8,,2024-07-07
B01AK7XXLU,Shorts,Awesome,Y,,Special Size: Standard | Size: Medium | Color: Granite Heather C Logo,5,0,,,,,https://www.amazon.com/gp/customer-reviews/R3R0MJZJ805ZXT/ref=cm_cr_getr_d_rvw_ttl?ie=UTF8&ASIN=B0C3W8MHZF,kimberly chezum,"https://images-na.ssl-images-amazon.com/images/S/amazon-avatars-global/default._CR0,0,1024,1024_SX48_.png",US,https://www.amazon.com/gp/profile/amzn1.account.AHBGMJ76BPDEDRADXZH4RPAQSQGA/ref=cm_cr_getr_d_gw_btm?ie=UTF8,,2024-07-07
B011KFGXQS,Will buy again!!,"Great quality, price, fit, and comfort. Bought 2 pairs for husband and 2 for my son. They both love them!",Y,,Special Size: Standard | Size: XX-Large | Color: Granite Heather C Logo,5,0,,,,,https://www.amazon.com/gp/customer-reviews/R1FFHU72BJOOVV/ref=cm_cr_getr_d_rvw_ttl?ie=UTF8&ASIN=B0C3W8MHZF,kim,"https://images-na.ssl-images-amazon.com/images/S/amazon-avatars-global/default._CR0,0,1024,1024_SX48_.png",US,https://www.amazon.com/gp/profile/amzn1.account.AEPWRQ42CLYO3FAEHLLE3YGTJASQ/ref=cm_cr_getr_d_gw_btm?ie=UTF8,,2024-07-07
B00KUL0W1G,👍🏼👍🏼,Hubby Approved 👍🏼,Y,,Special Size: Standard | Size: Large | Color: Black C Logo,4,0,,,,,https://www.amazon.com/gp/customer-reviews/R32J1Q4EEHC0NQ/ref=cm_cr_getr_d_rvw_ttl?ie=UTF8&ASIN=B0C3W8MHZF,EmyMak,"https://images-na.ssl-images-amazon.com/images/S/amazon-avatars-global/c8e542dc-7ba5-4077-9060-87af2cda93e1._CR0,0,500,500_SX48_.jpg",US,https://www.amazon.com/gp/profile/amzn1.account.AGUXXFYLQC7IG6XI3BHJMLAXFZUQ/ref=cm_cr_getr_d_gw_btm?ie=UTF8,,2024-07-06
B00KUKZO56,Perfect for the Gym or Sports,I wear these mostly for senior softball.  Great look and great fit.  Good price too.,Y,,Special Size: Standard | Size: Large | Color: Surf the Web C Logo,5,1,,,,,https://www.amazon.com/gp/customer-reviews/R7TGA5U14XV68/ref=cm_cr_getr_d_rvw_ttl?ie=UTF8&ASIN=B0C3W8MHZF,katorich,"https://images-na.ssl-images-amazon.com/images/S/amazon-avatars-global/default._CR0,0,1024,1024_SX48_.png",US,https://www.amazon.com/gp/profile/amzn1.account.AGNXSRSXNUF2YNES354RKK2DV77Q/ref=cm_cr_getr_d_gw_btm?ie=UTF8,,2024-07-06
B0BNJR9C4B,Comfortable!,Very soft and comfortable.,Y,,Special Size: Big & Tall | Size: 4X-Large Big | Color: Oxford Gray C Logo,5,0,,,,,https://www.amazon.com/gp/customer-reviews/RP9K2LG91RPK8/ref=cm_cr_getr_d_rvw_ttl?ie=UTF8&ASIN=B0C3W8MHZF,Pookie Staton,"https://images-na.ssl-images-amazon.com/images/S/amazon-avatars-global/default._CR0,0,1024,1024_SX48_.png",US,https://www.amazon.com/gp/profile/amzn1.account.AGHBQJG32IMJJXGOZJJGBNZDS57Q/ref=cm_cr_getr_d_gw_btm?ie=UTF8,,2024-07-06
B01MF7R3IF,Comfortable,Perfect for these hot summers.,Y,,Special Size: Standard | Size: X-Large | Color: Team Dark Green C Logo,5,0,,,,,https://www.amazon.com/gp/customer-reviews/R27WP1QAW9LCLJ/ref=cm_cr_getr_d_rvw_ttl?ie=UTF8&ASIN=B0C3W8MHZF,Judith,"https://images-na.ssl-images-amazon.com/images/S/amazon-avatars-global/default._CR0,0,1024,1024_SX48_.png",US,https://www.amazon.com/gp/profile/amzn1.account.AFF73UUARNCGJE5RW6CXX3Q2TIYQ/ref=cm_cr_getr_d_gw_btm?ie=UTF8,,2024-07-05
B01AK7YF80,Comfort,I love them,Y,,Special Size: Standard | Size: Small | Color: Granite Heather C Logo,5,0,,,,,https://www.amazon.com/gp/customer-reviews/R1UG81WKZ01AVR/ref=cm_cr_getr_d_rvw_ttl?ie=UTF8&ASIN=B0C3W8MHZF,Dean Ryan,"https://images-na.ssl-images-amazon.com/images/S/amazon-avatars-global/default._CR0,0,1024,1024_SX48_.png",US,https://www.amazon.com/gp/profile/amzn1.account.AGOL7TWCZC5QRWRIPFGSLQDTAJFA/ref=cm_cr_getr_d_gw_btm?ie=UTF8,,2024-07-05
B0BNJVGJ6K,AWESOME SHORTS!,"So I am a girl but I like to wear longer shorts to work I'm only 5""2 but they go past my knees and they aren't baggy they fit nice, are cool, stay dry, they are durable and I love how deep the pockets are! Very comfortable and the elastic doesn't crackle and it stretches and fits true to you! Would 100% buy again and recommend !",Y,,Special Size: Big & Tall | Size: 3X-Large Big | Color: Oxford Gray C Logo,5,5,,,,,https://www.amazon.com/gp/customer-reviews/R12N0LSWWNA10B/ref=cm_cr_getr_d_rvw_ttl?ie=UTF8&ASIN=B0C3W8MHZF,Natalie Williams,"https://images-na.ssl-images-amazon.com/images/S/amazon-avatars-global/default._CR0,0,1024,1024_SX48_.png",US,https://www.amazon.com/gp/profile/amzn1.account.AHJKU525FIKXPUESVNDQNBLTBU7A/ref=cm_cr_getr_d_gw_btm?ie=UTF8,,2024-07-05
B01AK7Y12A,Hubby loves,Comfort and fit are perfect,Y,,Special Size: Standard | Size: Medium | Color: Black C Logo,5,0,,,,,https://www.amazon.com/gp/customer-reviews/R2YMI7DHHQVJUE/ref=cm_cr_getr_d_rvw_ttl?ie=UTF8&ASIN=B0C3W8MHZF,Elizabeth,"https://images-na.ssl-images-amazon.com/images/S/amazon-avatars-global/f309ab8d-2b78-4172-bd45-6958469fa471._CR0,0,500,500_SX48_.jpg",US,https://www.amazon.com/gp/profile/amzn1.account.AHT5KGQ4Y4VKEOD2CDDQZSHSKPOQ/ref=cm_cr_getr_d_gw_btm?ie=UTF8,,2024-07-05
B0BNJTQWR9,Champion sold out like the rest,"Used to get quality apparel from Champion. These days it's just synthetic crap imported in from exploited labor. The shorts feel like silk, and they are see through. Logo printed on so that will be peeling off after a few washes. Skip the middleman and go straight to the Asian seller",Y,,Special Size: Big & Tall | Size: XX-Large Big | Color: Black C Logo,1,0,,,,,https://www.amazon.com/gp/customer-reviews/R369KEXAOT6T2Y/ref=cm_cr_getr_d_rvw_ttl?ie=UTF8&ASIN=B0C3W8MHZF,JG77,"https://images-na.ssl-images-amazon.com/images/S/amazon-avatars-global/default._CR0,0,1024,1024_SX48_.png",US,https://www.amazon.com/gp/profile/amzn1.account.AG3FTGGUV35GRQEFF7NEF54AQ3VA/ref=cm_cr_getr_d_gw_btm?ie=UTF8,,2024-07-03
B01AK7XQQC,Great quality and fit!,"My son and I liked these shorts enough to turn around and order another pair!  The usual good quality you expect from Champion, true to size, and a large selection of colors.  What's not to love?",Y,,Special Size: Standard | Size: X-Large | Color: Granite Heather C Logo,5,1,,,,,https://www.amazon.com/gp/customer-reviews/RVEO7KIBEI9JW/ref=cm_cr_getr_d_rvw_ttl?ie=UTF8&ASIN=B0C3W8MHZF,featherduster,"https://images-na.ssl-images-amazon.com/images/S/amazon-avatars-global/default._CR0,0,1024,1024_SX48_.png",US,https://www.amazon.com/gp/profile/amzn1.account.AHMNKE2VLWSFAOG7FSWX6T6H5MTA/ref=cm_cr_getr_d_gw_btm?ie=UTF8,,2024-07-03
B01AK7XXLU,Fit and comfort,Nice,Y,,Special Size: Standard | Size: Medium | Color: Granite Heather C Logo,5,0,,,,,https://www.amazon.com/gp/customer-reviews/R1DQAOK88EFPLF/ref=cm_cr_getr_d_rvw_ttl?ie=UTF8&ASIN=B0C3W8MHZF,Tom,"https://images-na.ssl-images-amazon.com/images/S/amazon-avatars-global/default._CR0,0,1024,1024_SX48_.png",US,https://www.amazon.com/gp/profile/amzn1.account.AEH6WNCIH4VPC2CYQO6ICTUXVMLQ/ref=cm_cr_getr_d_gw_btm?ie=UTF8,,2024-07-03
B01AK7XJS2,Great deal!,These shorts are very comfortable and wash nicely! Mt son loves them!,Y,,Special Size: Standard | Size: Medium | Color: Oxford Gray C Logo,5,0,,,,,https://www.amazon.com/gp/customer-reviews/R1Z9ISXSRHS40A/ref=cm_cr_getr_d_rvw_ttl?ie=UTF8&ASIN=B0C3W8MHZF,Amanda,"https://images-na.ssl-images-amazon.com/images/S/amazon-avatars-global/e411f0a7-63f1-4413-ac44-386d56afa022._CR0,0,491,491_SX48_.jpg",US,https://www.amazon.com/gp/profile/amzn1.account.AG4ILE6R7YL673ICJSUFNPNLXG5A/ref=cm_cr_getr_d_gw_btm?ie=UTF8,,2024-07-02
B01AK7XQQC,Excelente inversión,"Muy prácticos, livianos y de buena calidad!",Y,,Special Size: Standard | Size: X-Large | Color: Granite Heather C Logo,5,0,,,,,https://www.amazon.com/gp/customer-reviews/R3ASF85D9IVFO0/ref=cm_cr_getr_d_rvw_ttl?ie=UTF8&ASIN=B0C3W8MHZF,Sofia Soledad,"https://images-na.ssl-images-amazon.com/images/S/amazon-avatars-global/e146274e-b207-4e91-a33f-41230cdb6f64._CR0,0,600,600_SX48_.jpg",US,https://www.amazon.com/gp/profile/amzn1.account.AFKRPHL34ILDJY4POHNRGW4HAU5Q/ref=cm_cr_getr_d_gw_btm?ie=UTF8,,2024-07-02
B01AK7Y12A,Fits perfect,All is good,Y,,Special Size: Standard | Size: Medium | Color: Black C Logo,5,0,,,,,https://www.amazon.com/gp/customer-reviews/R3USM4KM840UHH/ref=cm_cr_getr_d_rvw_ttl?ie=UTF8&ASIN=B0C3W8MHZF,randi lynn neuman,"https://images-na.ssl-images-amazon.com/images/S/amazon-avatars-global/default._CR0,0,1024,1024_SX48_.png",US,https://www.amazon.com/gp/profile/amzn1.account.AGBNSWUNBKBDSZUWQDRZZD6PRTXA/ref=cm_cr_getr_d_gw_btm?ie=UTF8,,2024-07-02
B00KUL0W1G,Dad Approved!,"My dad loved these shorts, he is just over 6 feet tall and these hit right at the knees. They are light weight with pockets.",Y,,Special Size: Standard | Size: Large | Color: Black C Logo,5,0,,,,,https://www.amazon.com/gp/customer-reviews/R2JLE3W1V46IAG/ref=cm_cr_getr_d_rvw_ttl?ie=UTF8&ASIN=B0C3W8MHZF,Chrissy,"https://images-na.ssl-images-amazon.com/images/S/amazon-avatars-global/f64125b8-1553-495b-92e7-172ea6d6ddc9._CR0,0,398,398_SX48_.jpg",US,https://www.amazon.com/gp/profile/amzn1.account.AHDZMDU4I724TK2XKZQW4OOCBU3Q/ref=cm_cr_getr_d_gw_btm?ie=UTF8,,2024-07-02
B0BNJTQWR9,Just fine. Great price,The shorts fit fine and gave some give to them.  Pockets are deep enough.  Just wish they were a bit shorter.,Y,,Special Size: Big & Tall | Size: XX-Large Big | Color: Black C Logo,4,1,,,,,https://www.amazon.com/gp/customer-reviews/RK4RJNYKH4JI2/ref=cm_cr_getr_d_rvw_ttl?ie=UTF8&ASIN=B0C3W8MHZF,James F. Skeen,"https://images-na.ssl-images-amazon.com/images/S/amazon-avatars-global/default._CR0,0,1024,1024_SX48_.png",US,https://www.amazon.com/gp/profile/amzn1.account.AFFDM2MGLJNASCKCPKVYMFLYNN2Q/ref=cm_cr_getr_d_gw_btm?ie=UTF8,,2024-07-01
B0BNJR41GR,Love em,"I'm 6 ft 1 and 230 lb, I meant to order 2XL tall but I accidentally got 2XL big and they were actually great. The length was perfect so glad I did not get the tall. Ended up ordering a couple more colors since they were a great deal at around 10 bucks on sale. They're not cheap quality, very thick and comfort is on point.",Y,,Special Size: Big & Tall | Size: XX-Large Big | Color: Oxford Gray C Logo,5,0,,,,,https://www.amazon.com/gp/customer-reviews/R146JOM1VNI39H/ref=cm_cr_getr_d_rvw_ttl?ie=UTF8&ASIN=B0C3W8MHZF,OneofaKindBulldogs,"https://images-na.ssl-images-amazon.com/images/S/amazon-avatars-global/51f81449-dd0d-4001-bc16-621b06bcd378._CR62,0,375,375_SX48_.jpg",US,https://www.amazon.com/gp/profile/amzn1.account.AF7LFOLUXDUE4UCJERKHR3PCVDSA/ref=cm_cr_getr_d_gw_btm?ie=UTF8,,2024-07-01
B01AK7Z5BG,Great product,Drawstring waste allowed for a great fit. Very comfortable shorts.,Y,,Special Size: Standard | Size: Large | Color: Oxford Gray C Logo,5,0,,,,,https://www.amazon.com/gp/customer-reviews/R2FGNLLGLURHE7/ref=cm_cr_getr_d_rvw_ttl?ie=UTF8&ASIN=B0C3W8MHZF,Joan,"https://images-na.ssl-images-amazon.com/images/S/amazon-avatars-global/default._CR0,0,1024,1024_SX48_.png",US,https://www.amazon.com/gp/profile/amzn1.account.AEDTLM73LWGWCIO3QRQ3Z4UQMG4A/ref=cm_cr_getr_d_gw_btm?ie=UTF8,,2024-06-30
B01AK7XIN8,Cheap,"I picked this up at 50% off, so it was cheap. The material is really thin and lightweight, it clings to my skin. The pockets are mesh, like a bathing suit, not sure they would hold my stuff at the gym without tearing. Due to the lightweight material, the shorts have no form, they fall or cling or bunch, so end up feeling and looking cheap. Other reviewers have this opinion, so beware.",Y,,Special Size: Standard | Size: Large | Color: Granite Heather C Logo,1,6,,,,,https://www.amazon.com/gp/customer-reviews/R2X427T9WZIEO9/ref=cm_cr_getr_d_rvw_ttl?ie=UTF8&ASIN=B0C3W8MHZF,mkbnj,"https://images-na.ssl-images-amazon.com/images/S/amazon-avatars-global/default._CR0,0,1024,1024_SX48_.png",US,https://www.amazon.com/gp/profile/amzn1.account.AHIQNJKUZM4GXR4NQ4VE2HUAOUFQ/ref=cm_cr_getr_d_gw_btm?ie=UTF8,,2024-06-26
B0CJSM512X,As described,Shorts are comfy and as described. I didn’t like the length of them.,Y,,Special Size: Standard | Size: Large | Color: Black Reflective C,4,2,,,,,https://www.amazon.com/gp/customer-reviews/R29UHTOJKF7QTV/ref=cm_cr_getr_d_rvw_ttl?ie=UTF8&ASIN=B0C3W8MHZF,gregg watkins,"https://images-na.ssl-images-amazon.com/images/S/amazon-avatars-global/default._CR0,0,1024,1024_SX48_.png",US,https://www.amazon.com/gp/profile/amzn1.account.AG6XEYZMH2TCNHD3ZUKCR42DSK2Q/ref=cm_cr_getr_d_gw_btm?ie=UTF8,,2024-06-26
B01AK7ZK7A,Too long.,Longer than i expected.  Down around the knees.,Y,,Special Size: Standard | Size: Large | Color: Navy C Logo,3,0,,,,,https://www.amazon.com/gp/customer-reviews/RI5JMQ44DEWA/ref=cm_cr_getr_d_rvw_ttl?ie=UTF8&ASIN=B0C3W8MHZF,Kevin S. Barr,"https://images-na.ssl-images-amazon.com/images/S/amazon-avatars-global/default._CR0,0,1024,1024_SX48_.png",US,https://www.amazon.com/gp/profile/amzn1.account.AFFHCLNKYN2ONPW32Q2IHWJZYFMQ/ref=cm_cr_getr_d_gw_btm?ie=UTF8,,2024-06-23
B0BNJQT9KB,Great product but came in clear package,He lived the shirts but we are not happy they arrived in clear packaging. Besides that they are comfortable and perfect for his needs,,,Special Size: Big & Tall | Size: 4X-Large Big | Color: Granite Heather C Logo,4,0,,,,,https://www.amazon.com/gp/customer-reviews/R2AHQQPUIKSALD/ref=cm_cr_getr_d_rvw_ttl?ie=UTF8&ASIN=B0C3W8MHZF,Nicole Gables,"https://images-na.ssl-images-amazon.com/images/S/amazon-avatars-global/default._CR0,0,1024,1024_SX48_.png",US,https://www.amazon.com/gp/profile/amzn1.account.AGUFD3G6OBOGIRWJEYN7P2WI5LWQ/ref=cm_cr_getr_d_gw_btm?ie=UTF8,,2024-06-20
B0BNJR41GR,Good,They fit good,Y,,Special Size: Big & Tall | Size: XX-Large Big | Color: Oxford Gray C Logo,3,0,,,,,https://www.amazon.com/gp/customer-reviews/R1R7RXZZUBPSIG/ref=cm_cr_getr_d_rvw_ttl?ie=UTF8&ASIN=B0C3W8MHZF,Vernon J Clifton,"https://images-na.ssl-images-amazon.com/images/S/amazon-avatars-global/default._CR0,0,1024,1024_SX48_.png",US,https://www.amazon.com/gp/profile/amzn1.account.AGX63PMXQX7UVN74CB4JS2AIJ6KA/ref=cm_cr_getr_d_gw_btm?ie=UTF8,,2024-06-19
B08N6R13MK,Fine But Not Great,"They are so thin and the pocket lining is flimsy.  I can wear them, they work ok for around the house but I would far from use them while hiking or doing a lot of activities.",Y,,Special Size: Standard | Size: XX-Large | Color: Cargo Olive C Logo,3,4,,,,,https://www.amazon.com/gp/customer-reviews/RTXS14FC4KMN3/ref=cm_cr_getr_d_rvw_ttl?ie=UTF8&ASIN=B0C3W8MHZF,John Curly,"https://images-na.ssl-images-amazon.com/images/S/amazon-avatars-global/default._CR0,0,1024,1024_SX48_.png",US,https://www.amazon.com/gp/profile/amzn1.account.AF67TETJRGCRHVO245M6FG7L2BYQ/ref=cm_cr_getr_d_gw_btm?ie=UTF8,,2024-06-19
B0BRQZB3QF,Champion gear,Good fit to size,Y,,Special Size: Big & Tall | Size: 3X-Large Tall | Color: Black C Logo,4,4,,,,,https://www.amazon.com/gp/customer-reviews/R3SYV8WMXNSX1U/ref=cm_cr_getr_d_rvw_ttl?ie=UTF8&ASIN=B0C3W8MHZF,Good and fit perfect,"https://images-na.ssl-images-amazon.com/images/S/amazon-avatars-global/default._CR0,0,1024,1024_SX48_.png",US,https://www.amazon.com/gp/profile/amzn1.account.AFX7O2YHOHUAVDAXFMGF7IPDS5SA/ref=cm_cr_getr_d_gw_btm?ie=UTF8,,2024-05-21
B01AK7Y12A,Cheap,"They're okay, but clearly cheap construction. Some stitching started coming undone after just a few months - not the same quality Champion once had.",Y,,Special Size: Standard | Size: Medium | Color: Black C Logo,3,1,,,,,https://www.amazon.com/gp/customer-reviews/R10PG13NHXVZTS/ref=cm_cr_getr_d_rvw_ttl?ie=UTF8&ASIN=B0C3W8MHZF,J.H.,"https://images-na.ssl-images-amazon.com/images/S/amazon-avatars-global/default._CR0,0,1024,1024_SX48_.png",US,https://www.amazon.com/gp/profile/amzn1.account.AHTBW4VBL2BCQAMZA5TQQQZJM2LA/ref=cm_cr_getr_d_gw_btm?ie=UTF8,,2024-05-10
B01AK7XN9W,Fragile,"These are the most fragile and delicate athletic shorts I have ever witnessed. If I even think about something less than smooth they get a snag. Rough side of Velcro even touching the shorts, snag. Cut your fingernails with the old clippers, snag. Touch any unfinished wood surface, no matter how smooth, snag. If you have cat forget about these shorts. Mine looked like a pair of beat up pantyhose by the third time through the laundry. Do not buy it you're looking for something to last.",Y,,Special Size: Standard | Size: XX-Large | Color: Team Maroon C Logo,1,7,,,,,https://www.amazon.com/gp/customer-reviews/R1HDEFPPGEY58V/ref=cm_cr_getr_d_rvw_ttl?ie=UTF8&ASIN=B0C3W8MHZF,Liam,"https://images-na.ssl-images-amazon.com/images/S/amazon-avatars-global/81d0e6fe-5994-45f8-a224-78348be753b8._CR0,0,373,373_SX48_.jpg",US,https://www.amazon.com/gp/profile/amzn1.account.AFGEVQI6YJKYUZ4CLZBFLER4NUGA/ref=cm_cr_getr_d_gw_btm?ie=UTF8,,2024-05-06
B01AK7XIN8,Not as described.,material sticks to you,Y,,Special Size: Standard | Size: Large | Color: Granite Heather C Logo,2,0,,,,,https://www.amazon.com/gp/customer-reviews/RU3KM55WMDX18/ref=cm_cr_getr_d_rvw_ttl?ie=UTF8&ASIN=B0C3W8MHZF,Read This,"https://images-na.ssl-images-amazon.com/images/S/amazon-avatars-global/default._CR0,0,1024,1024_SX48_.png",US,https://www.amazon.com/gp/profile/amzn1.account.AFU7I6TKQF5YQ3WG7LIJ6EVEBQ4Q/ref=cm_cr_getr_d_gw_btm?ie=UTF8,,2024-05-05
B011KFGXQS,Not us size.,Too small. Plastic garbage. Clearly type in cotton and got plastic trash.,Y,,Special Size: Standard | Size: XX-Large | Color: Granite Heather C Logo,1,2,,,,,https://www.amazon.com/gp/customer-reviews/R2TETX6F35DQDE/ref=cm_cr_getr_d_rvw_ttl?ie=UTF8&ASIN=B0C3W8MHZF,Kindle Customer,"https://images-na.ssl-images-amazon.com/images/S/amazon-avatars-global/default._CR0,0,1024,1024_SX48_.png",US,https://www.amazon.com/gp/profile/amzn1.account.AFPUW5OEQ3YKOB2W5VTP4CUJO4XA/ref=cm_cr_getr_d_gw_btm?ie=UTF8,,2024-04-23
B08N6Q9BS2,Seconds...,"These Champion shorts are seconds and not of the same quality, fit, and sizing as ones you'd get at Macy's for instance. I have 9-10 pairs purchased mostly at Macy's. I just returned a pair purchased from Amazon, Amazon being the seller. I don't know where Amazon got them from but they're not 1st quality. PERIOD.",Y,,Special Size: Standard | Size: Large | Color: Cargo Olive C Logo,1,7,,,,,https://www.amazon.com/gp/customer-reviews/RK4Z6TIO66138/ref=cm_cr_getr_d_rvw_ttl?ie=UTF8&ASIN=B0C3W8MHZF,Butch,"https://images-na.ssl-images-amazon.com/images/S/amazon-avatars-global/default._CR0,0,1024,1024_SX48_.png",US,https://www.amazon.com/gp/profile/amzn1.account.AFSR73O5VUDWL4J6AFIE3RA2HOWA/ref=cm_cr_getr_d_gw_btm?ie=UTF8,,2024-04-19
B0CJSPYBRJ,Very lightweight,"These shorts are nice enough, but I felt like they look different from the photo.

The images make these look a bit thicker and durable. But the shorts I received are extremely thin and light. I actually find them to be a bit too thin for my taste. They are very cooling and look okay, but I think they would look better and be more durable if they were somewhat thicker.

The length is about perfect. I found them a little tight in the waist.

Overall - good shorts, but extremely lightweight. Not my ideal, but comfortable nonetheless.",,Y,Special Size: Standard | Size: Medium | Color: Oxford Gray Reflective C,4,0,,,,,https://www.amazon.com/gp/customer-reviews/R18FGUCLETMSSL/ref=cm_cr_getr_d_rvw_ttl?ie=UTF8&ASIN=B0C3W8MHZF,Wesley,"https://images-na.ssl-images-amazon.com/images/S/amazon-avatars-global/01746e3b-ad4c-4f6d-8217-c5f2194efc0d._CR0,0,442,442_SX48_.jpg",US,https://www.amazon.com/gp/profile/amzn1.account.AHUCVL66BQFTXFC7PZIRVXSO4UBA/ref=cm_cr_getr_d_gw_btm?ie=UTF8,,2024-04-18
B0BNJRZSXQ,These shorts are a waste of money,Total garbage product. The draw strings easily retract into the waist band. Don’t waste your time with this junk.,Y,,Special Size: Big & Tall | Size: 3X-Large Big | Color: Navy C Logo,1,2,1,https://m.media-amazon.com/images/I/71Ub8cxlXXL._SY200.jpg,,,https://www.amazon.com/gp/customer-reviews/R12IG83MGS9NPD/ref=cm_cr_getr_d_rvw_ttl?ie=UTF8&ASIN=B0C3W8MHZF,j,"https://images-na.ssl-images-amazon.com/images/S/amazon-avatars-global/default._CR0,0,1024,1024_SX48_.png",US,https://www.amazon.com/gp/profile/amzn1.account.AHDJSNPXEIQ6RQLWDN23M7OD3UBQ/ref=cm_cr_getr_d_gw_btm?ie=UTF8,,2024-04-11
B0CJSN316Y,"Thin, not SFW ☺️","These Champion shorts are a disappointment. They’re basic and generally comfortable, in that they’re lightweight, and have an elastic waistband with a drawstring inside. But it’s so incredibly thin that let’s just say they leave nothing to the imagination while wearing them. And anything you put in the pockets looks ridiculous and practically pulls the pants down.

The Steel Blue Ink/Plaster Blue is bright, the overall design is as basic as it gets and the stitching seems secure.",,Y,Special Size: Standard | Size: Large | Color: Steel Blue Ink/Plaster Blue Reflective C,3,0,,,,,https://www.amazon.com/gp/customer-reviews/R2JO0AM47A19EC/ref=cm_cr_getr_d_rvw_ttl?ie=UTF8&ASIN=B0C3W8MHZF,Renee,"https://images-na.ssl-images-amazon.com/images/S/amazon-avatars-global/d0e4a989-c93b-445a-8580-05e54d6cf1ae._CR0,0,478,478_SX48_.jpg",US,https://www.amazon.com/gp/profile/amzn1.account.AGOQEHXXCY5UNI4MK7GCJCLPF54Q/ref=cm_cr_getr_d_gw_btm?ie=UTF8,,2024-04-09
B0CJSRKJ78,Good overall,I bought 4 pairs of these shorts in size medium.  They are generally "as advertised" light weight no frills shorts that I was looking for.  3 of the 4 pairs fit true to size.  The 4th pair has a larger waistband for some reason.  They are labelled as Mediums but the waistband seems to be more like a large. Chocking it up to a quality control issue.  Beware of sizing.  Otherwise great shorts for working out.,Y,,Special Size: Standard | Size: Medium | Color: Black Reflective C,4,0,,,,,https://www.amazon.com/gp/customer-reviews/RK9X0Q034GIWC/ref=cm_cr_getr_d_rvw_ttl?ie=UTF8&ASIN=B0C3W8MHZF,Jeff Davis,"https://images-na.ssl-images-amazon.com/images/S/amazon-avatars-global/default._CR0,0,1024,1024_SX48_.png",US,https://www.amazon.com/gp/profile/amzn1.account.AH5C26Y3DO2BQB3UBNNW2OC2QHBA/ref=cm_cr_getr_d_gw_btm?ie=UTF8,,2024-04-01
B01AK7ZK7A,Terrible,Thin and very tight. I do not recommend at all.,,,Special Size: Standard | Size: Large | Color: Navy C Logo,1,0,,,,,https://www.amazon.com/gp/customer-reviews/R2JAD1NZ7SOVN4/ref=cm_cr_getr_d_rvw_ttl?ie=UTF8&ASIN=B0C3W8MHZF,Jacob Reed,"https://images-na.ssl-images-amazon.com/images/S/amazon-avatars-global/default._CR0,0,1024,1024_SX48_.png",US,https://www.amazon.com/gp/profile/amzn1.account.AEVZ44APQYBPZKSKT57CGO7XA5JQ/ref=cm_cr_getr_d_gw_btm?ie=UTF8,,2024-03-31
B0CJSJXB54,Comfortable,Runs true to size. Has a stretchy waist band with a string. Great for exercising or lounging around the house.,,Y,Special Size: Standard | Size: XX-Large | Color: Granite Heather Reflective C,4,0,,,,,https://www.amazon.com/gp/customer-reviews/R3QAFG0ADONQ2D/ref=cm_cr_getr_d_rvw_ttl?ie=UTF8&ASIN=B0C3W8MHZF,M jones,"https://images-na.ssl-images-amazon.com/images/S/amazon-avatars-global/default._CR0,0,1024,1024_SX48_.png",US,https://www.amazon.com/gp/profile/amzn1.account.AFDAWZGRDE4UIK63JJUN6KBHVQZQ/ref=cm_cr_getr_d_gw_btm?ie=UTF8,,2024-03-29
B01AK7Y12A,"USED, completely worn","Someone pulled these out of their laundry basket and sent them. No tags, not new, I hope this wasn’t from the Champion Store because that’s completely unacceptable and a waste of my time.",Y,,Special Size: Standard | Size: Medium | Color: Black C Logo,1,3,1,https://m.media-amazon.com/images/I/81-21XKHVRL._SY200.jpg,,,https://www.amazon.com/gp/customer-reviews/R21UXUA3OGCPMJ/ref=cm_cr_getr_d_rvw_ttl?ie=UTF8&ASIN=B0C3W8MHZF,Pat Brazill,"https://images-na.ssl-images-amazon.com/images/S/amazon-avatars-global/default._CR0,0,1024,1024_SX48_.png",US,https://www.amazon.com/gp/profile/amzn1.account.AH4PTNPRKZOZTLCV7HUGANSF55CQ/ref=cm_cr_getr_d_gw_btm?ie=UTF8,,2024-03-20
B01AK7Z5HK,Drop in quality,"My main issue is with the elastic band of this short. I bought the same model short from Macys in 2022. The elastic of that short is perfect, not too tight and not too loose and nice comfortable stretchiness in it. But this short I brought from Amazon in 2023, the elastic is tight/rigid and not at all stretchy. It leaves a mark on  my waist and that area becomes sore. I know the size is correct because the height of the short is correct for me.

I don't know if the elastic problem is specific to the short bought on Amazon  or the company just trying to use cheaper elastic for all their shorts. Either way, in future I'll just buy one more of this product to test if they have corrected this. If not, I'll move on to a different company's short.",Y,,Special Size: Standard | Size: Small | Color: Oxford Gray C Logo,2,4,,,,,https://www.amazon.com/gp/customer-reviews/R35UGTR33RD0WV/ref=cm_cr_getr_d_rvw_ttl?ie=UTF8&ASIN=B0C3W8MHZF,Sudhir Vinjamuri,"https://images-na.ssl-images-amazon.com/images/S/amazon-avatars-global/default._CR0,0,1024,1024_SX48_.png",US,https://www.amazon.com/gp/profile/amzn1.account.AHMQLCPRDP3BKMWY6B3X5YLLQTIQ/ref=cm_cr_getr_d_gw_btm?ie=UTF8,,2024-03-06
B012JZ187M,Comfy,Comfy and good fitting shorts. They will start to pile and stretch out after awhile.,,,Special Size: Standard | Size: Small | Color: Black C Logo,4,0,,,,,https://www.amazon.com/gp/customer-reviews/R10FV1KZY8E7GF/ref=cm_cr_getr_d_rvw_ttl?ie=UTF8&ASIN=B0C3W8MHZF,Dan c.,"https://images-na.ssl-images-amazon.com/images/S/amazon-avatars-global/default._CR0,0,1024,1024_SX48_.png",US,https://www.amazon.com/gp/profile/amzn1.account.AEJPTC45I2A4QS55ZH3IBMBHXB4Q/ref=cm_cr_getr_d_gw_btm?ie=UTF8,,2024-02-17
B0BRQZDPD6,Big and tall,"Bought these for my son who is 6’7
And they had a big and tall section
Fits him perfect and not to thick not to thin just right",Y,,Special Size: Big & Tall | Size: 3X-Large Tall | Color: Granite Heather C Logo,4,0,,,,,https://www.amazon.com/gp/customer-reviews/R2GODXGC2RMSJU/ref=cm_cr_getr_d_rvw_ttl?ie=UTF8&ASIN=B0C3W8MHZF,amber balsz,"https://images-na.ssl-images-amazon.com/images/S/amazon-avatars-global/default._CR0,0,1024,1024_SX48_.png",US,https://www.amazon.com/gp/profile/amzn1.account.AGBKMKP7KA3B2V3U4NZHCHJLTPIA/ref=cm_cr_getr_d_gw_btm?ie=UTF8,,2024-02-12
B00KUL0W1G,A little Thin,"A little thinner than I expected, but my boyfriend is diabetic and needs sleep shorts with pockets to keep his device in.  These work well for that but, wouldn’t recommend for anything other than house/sleep shorts.",Y,,Special Size: Standard | Size: Large | Color: Black C Logo,4,0,,,,,https://www.amazon.com/gp/customer-reviews/REQQX9SXGCNEN/ref=cm_cr_getr_d_rvw_ttl?ie=UTF8&ASIN=B0C3W8MHZF,Alicia,"https://images-na.ssl-images-amazon.com/images/S/amazon-avatars-global/b2131f34-8c36-4738-9f13-1e687696770a._CR0,0,407,407_SX48_.jpg",US,https://www.amazon.com/gp/profile/amzn1.account.AGUIKOFS63SHUCJ7QFFNT5WOADLQ/ref=cm_cr_getr_d_gw_btm?ie=UTF8,,2024-02-08
B0BRQZ2ZLP,Nice fabric,"Bought for my husband, he felt like they were much baggier than anticipated from the picture, bought his normal size, so maybe need to size down?",Y,,Special Size: Big & Tall | Size: Large Tall | Color: Black C Logo,4,0,,,,,https://www.amazon.com/gp/customer-reviews/R3UNNFC1QJTJQS/ref=cm_cr_getr_d_rvw_ttl?ie=UTF8&ASIN=B0C3W8MHZF,Abigail Ray,"https://images-na.ssl-images-amazon.com/images/S/amazon-avatars-global/44c8609b-5399-46c2-9b5a-304da74c3415._CR0,39.0,254,254_SX48_.jpg",US,https://www.amazon.com/gp/profile/amzn1.account.AGRQP6MTK37UXC2D6AGDO5NVFFCQ/ref=cm_cr_getr_d_gw_btm?ie=UTF8,,2024-01-30
B01AK7Z5BG,Thin material,Nice shorts for gym or summer,Y,,Special Size: Standard | Size: Large | Color: Oxford Gray C Logo,4,0,,,,,https://www.amazon.com/gp/customer-reviews/R36SSGK5YIRYWY/ref=cm_cr_getr_d_rvw_ttl?ie=UTF8&ASIN=B0C3W8MHZF,Girl2girl,"https://images-na.ssl-images-amazon.com/images/S/amazon-avatars-global/default._CR0,0,1024,1024_SX48_.png",US,https://www.amazon.com/gp/profile/amzn1.account.AGC7IG3T7HC4ICAB4WSIP5HQFZBQ/ref=cm_cr_getr_d_gw_btm?ie=UTF8,,2024-01-23
B01AK7Z2AU,Nice shorts good value,I'd buy again,Y,,Special Size: Standard | Size: X-Large | Color: Oxford Gray C Logo,4,0,,,,,https://www.amazon.com/gp/customer-reviews/R29C5CQGZ6K7SV/ref=cm_cr_getr_d_rvw_ttl?ie=UTF8&ASIN=B0C3W8MHZF,Jerrad Riggs,"https://images-na.ssl-images-amazon.com/images/S/amazon-avatars-global/default._CR0,0,1024,1024_SX48_.png",US,https://www.amazon.com/gp/profile/amzn1.account.AGBX2YE2D255M5BYRPNIPP2UBWPA/ref=cm_cr_getr_d_gw_btm?ie=UTF8,,2024-01-18
B0BNJTQWR9,Comfortable but slippery,"Bought for husband in physical rehab facility.  The shorts were extremely comfortable, but he would often slide off seat when working to build leg muscles and flexibility.  He even slipped around in the wheelchair.",Y,,Special Size: Big & Tall | Size: XX-Large Big | Color: Black C Logo,4,0,,,,,https://www.amazon.com/gp/customer-reviews/RJLHJ1D6YS58/ref=cm_cr_getr_d_rvw_ttl?ie=UTF8&ASIN=B0C3W8MHZF,Amazon Customer,"https://images-na.ssl-images-amazon.com/images/S/amazon-avatars-global/default._CR0,0,1024,1024_SX48_.png",US,https://www.amazon.com/gp/profile/amzn1.account.AFRJB5XFMJ7JFQS45UFIQCXNGUGA/ref=cm_cr_getr_d_gw_btm?ie=UTF8,,2024-01-16
B01AK7XUGS,Fit slim and they're thin,I wouldn't have purchased these if I had seen them in store. They're thin and cling to the body.,Y,,Special Size: Standard | Size: XX-Large | Color: Black C Logo,3,1,,,,,https://www.amazon.com/gp/customer-reviews/R7H1YGOU4SF8N/ref=cm_cr_getr_d_rvw_ttl?ie=UTF8&ASIN=B0C3W8MHZF,Landy,"https://images-na.ssl-images-amazon.com/images/S/amazon-avatars-global/default._CR0,0,1024,1024_SX48_.png",US,https://www.amazon.com/gp/profile/amzn1.account.AEC5JBHUGWMKSPTE45VVYWKJGFTQ/ref=cm_cr_getr_d_gw_btm?ie=UTF8,,2024-01-12
B07222DFJJ,Mens Green Champion shorts size small,I bought these to replace lost gym shorts for middle school boys 7th and 8th average to taller size kids. Size small fits well in the waist but the length is definitely longer than they'd prefer.,Y,,Special Size: Standard | Size: Small | Color: Team Dark Green C Logo,4,2,,,,,https://www.amazon.com/gp/customer-reviews/RFZHCJEQWVRPG/ref=cm_cr_getr_d_rvw_ttl?ie=UTF8&ASIN=B0C3W8MHZF,J N,"https://images-na.ssl-images-amazon.com/images/S/amazon-avatars-global/default._CR0,0,1024,1024_SX48_.png",US,https://www.amazon.com/gp/profile/amzn1.account.AHNGOWJIVW26RXBJILT5TFFL5VHQ/ref=cm_cr_getr_d_gw_btm?ie=UTF8,,2024-01-12
B01AK7YF80,Hole in Pocket,The shorts arrived with a hole in the pocket.,Y,,Special Size: Standard | Size: Small | Color: Granite Heather C Logo,1,0,,,,,https://www.amazon.com/gp/customer-reviews/R21X58MSU1LF9B/ref=cm_cr_getr_d_rvw_ttl?ie=UTF8&ASIN=B0C3W8MHZF,Steven,"https://images-na.ssl-images-amazon.com/images/S/amazon-avatars-global/default._CR0,0,1024,1024_SX48_.png",US,https://www.amazon.com/gp/profile/amzn1.account.AGO3PBLNK42WXNML3G2OKLUV4YVQ/ref=cm_cr_getr_d_gw_btm?ie=UTF8,,2024-01-03
B01AK7XIN8,USEFUL,Wanted some shorts to use for working out and these work great.  Wanted something loose and durable and these worked as expected.  Will update if the wear and tear lasts less than I'd expect.,Y,,Special Size: Standard | Size: Large | Color: Granite Heather C Logo,4,0,,,,,https://www.amazon.com/gp/customer-reviews/R2S66839WINHOI/ref=cm_cr_getr_d_rvw_ttl?ie=UTF8&ASIN=B0C3W8MHZF,Joseph Anthony Gomez,"https://images-na.ssl-images-amazon.com/images/S/amazon-avatars-global/default._CR0,0,1024,1024_SX48_.png",US,https://www.amazon.com/gp/profile/amzn1.account.AELYZPRZ5QDS4ZLPZRB3CKVRJZKQ/ref=cm_cr_getr_d_gw_btm?ie=UTF8,,2024-01-02
B01AK7Y12A,Flimsy for price,"Felt the underwear was flimsy for the price.  Bought 2 packages.  Returned unopened package.  I also didn’t find them comfortable.  I like jockey better.  With the money I got back from the returned item, I bought more jockey",Y,,Special Size: Standard | Size: Medium | Color: Black C Logo,1,0,,,,,https://www.amazon.com/gp/customer-reviews/R10AZG2MU8WQVL/ref=cm_cr_getr_d_rvw_ttl?ie=UTF8&ASIN=B0C3W8MHZF,Bob Skinner,"https://images-na.ssl-images-amazon.com/images/S/amazon-avatars-global/default._CR0,0,1024,1024_SX48_.png",US,https://www.amazon.com/gp/profile/amzn1.account.AFSRTHZTATTWZHRCKRMD2D7M43NQ/ref=cm_cr_getr_d_gw_btm?ie=UTF8,,2024-01-01
B01AK7Z5BG,Good,Really nice style and fit,Y,,Special Size: Standard | Size: Large | Color: Oxford Gray C Logo,4,0,,,,,https://www.amazon.com/gp/customer-reviews/RYT97KPASVX19/ref=cm_cr_getr_d_rvw_ttl?ie=UTF8&ASIN=B0C3W8MHZF,Nigel A Lewis,"https://images-na.ssl-images-amazon.com/images/S/amazon-avatars-global/7f51b8f3-ea44-4d4c-949e-b079c4652bd2._CR0,0,375,375_SX48_.jpg",US,https://www.amazon.com/gp/profile/amzn1.account.AFXQVLP5EUTJLPT5CRBWDF56YMPA/ref=cm_cr_getr_d_gw_btm?ie=UTF8,,2023-12-05
B0BRQYT27Y,Length was what I wanted but material was not,"I bought these for a family member that is very tall, it has been harder and harder to find tall sizes with waists that are not big. The length is good for someone well over 6 feet. The material was a disappoinment. It is like Pajama bottoms. These are not regular basketball short material and not like some of the newer thick fleece ones. They just looked like Pajama bottoms, kind of clingly material and not very thick and they is what they will be used for, not for sports use.",Y,,Special Size: Big & Tall | Size: X-Large Tall | Color: Granite Heather C Logo,3,4,,,,,https://www.amazon.com/gp/customer-reviews/RZU7VG3X5SL43/ref=cm_cr_getr_d_rvw_ttl?ie=UTF8&ASIN=B0C3W8MHZF,J. Black,"https://images-na.ssl-images-amazon.com/images/S/amazon-avatars-global/default._CR0,0,1024,1024_SX48_.png",US,https://www.amazon.com/gp/profile/amzn1.account.AE6A44FZL5RJSO2NA6WGG4RJTJZA/ref=cm_cr_getr_d_gw_btm?ie=UTF8,,2023-11-12
B01AK7XBYY,Thin .,Nice looking thin material long enough to reach my knees.,Y,,Special Size: Standard | Size: Large | Color: Team Maroon C Logo,2,0,,,,,https://www.amazon.com/gp/customer-reviews/R2S470KN9IRC2E/ref=cm_cr_getr_d_rvw_ttl?ie=UTF8&ASIN=B0C3W8MHZF,Wayne_O,"https://images-na.ssl-images-amazon.com/images/S/amazon-avatars-global/6f79d9a7-49da-4d11-aedb-ec06c00e1085._CR0,0,500,500_SX48_.jpg",US,https://www.amazon.com/gp/profile/amzn1.account.AFXEZ2UWWW6K5GV7TGTTVDNPLS7Q/ref=cm_cr_getr_d_gw_btm?ie=UTF8,,2023-11-09
B011KF62BO,pocket seam tore on one use,"like sweatpants the have been cut off, poor quality pockets",Y,,Special Size: Standard | Size: X-Large | Color: Team Maroon C Logo,1,0,,,,,https://www.amazon.com/gp/customer-reviews/R1DMNPLPKCX7EW/ref=cm_cr_getr_d_rvw_ttl?ie=UTF8&ASIN=B0C3W8MHZF,denise e gross,"https://images-na.ssl-images-amazon.com/images/S/amazon-avatars-global/default._CR0,0,1024,1024_SX48_.png",US,https://www.amazon.com/gp/profile/amzn1.account.AGTAQUXMQX7R7IA2XX2X4CRA6TDA/ref=cm_cr_getr_d_gw_btm?ie=UTF8,,2023-11-01
B01AK7Y12A,Too thin for the price.,Too thin and too short for tall thin men.,Y,,Special Size: Standard | Size: Medium | Color: Black C Logo,2,1,,,,,https://www.amazon.com/gp/customer-reviews/R12MHGIJQ2S9IQ/ref=cm_cr_getr_d_rvw_ttl?ie=UTF8&ASIN=B0C3W8MHZF,lucidInc,"https://images-na.ssl-images-amazon.com/images/S/amazon-avatars-global/default._CR0,0,1024,1024_SX48_.png",US,https://www.amazon.com/gp/profile/amzn1.account.AE6SZUPCRKY7E7LMCGX6CYIT6YNA/ref=cm_cr_getr_d_gw_btm?ie=UTF8,,2023-10-30
B01AK7Y102,Disapointed,"I purchased these shorts for lounging as well as for physical activities. They fit well and are lightweight. However, after one month of usage, the stitching on the seams failed and is not able to be resewn.",Y,,Special Size: Standard | Size: X-Large | Color: Black C Logo,3,0,,,,,https://www.amazon.com/gp/customer-reviews/R39VT63ZJKL97U/ref=cm_cr_getr_d_rvw_ttl?ie=UTF8&ASIN=B0C3W8MHZF,Grumpy Old Man,"https://images-na.ssl-images-amazon.com/images/S/amazon-avatars-global/default._CR0,0,1024,1024_SX48_.png",US,https://www.amazon.com/gp/profile/amzn1.account.AHJ6FT27T3B45LSSOY3QDAFLRBJQ/ref=cm_cr_getr_d_gw_btm?ie=UTF8,,2023-10-30
B01AK7XJS2,Long and Soft!,"I like these bit didnt know they were dri-fit. Awkward shade of grey too. But nive, if thats what you like. Hard to tell from the pic offered.",Y,,Special Size: Standard | Size: Medium | Color: Oxford Gray C Logo,4,0,,,,,https://www.amazon.com/gp/customer-reviews/R31314CS0KASDV/ref=cm_cr_getr_d_rvw_ttl?ie=UTF8&ASIN=B0C3W8MHZF,Jerry E. Palson,"https://images-na.ssl-images-amazon.com/images/S/amazon-avatars-global/default._CR0,0,1024,1024_SX48_.png",US,https://www.amazon.com/gp/profile/amzn1.account.AFP6KDWZ2HUONHGQAUUXOZNE3FPQ/ref=cm_cr_getr_d_gw_btm?ie=UTF8,,2023-10-14
B00KUL0W1G,Polyester doesn’t breathe. Wish I had noticed that.,100% polyester isn’t good.,Y,,Special Size: Standard | Size: Large | Color: Black C Logo,3,0,,,,,https://www.amazon.com/gp/customer-reviews/RPF6ETPS6LC8Q/ref=cm_cr_getr_d_rvw_ttl?ie=UTF8&ASIN=B0C3W8MHZF,Kelly Walton,"https://images-na.ssl-images-amazon.com/images/S/amazon-avatars-global/default._CR0,0,1024,1024_SX48_.png",US,https://www.amazon.com/gp/profile/amzn1.account.AE4YELW5PCTHRQDSCDCQ4NSO3N5Q/ref=cm_cr_getr_d_gw_btm?ie=UTF8,,2023-10-06
B01AK7Y12A,super thin,a bit too thin for me,Y,,Special Size: Standard | Size: Medium | Color: Black C Logo,4,0,,,,,https://www.amazon.com/gp/customer-reviews/R1F59RK3NM77OJ/ref=cm_cr_getr_d_rvw_ttl?ie=UTF8&ASIN=B0C3W8MHZF,joe,"https://images-na.ssl-images-amazon.com/images/S/amazon-avatars-global/default._CR0,0,1024,1024_SX48_.png",US,https://www.amazon.com/gp/profile/amzn1.account.AEOE5I3EGEUMCNVAEJU2N77DOSLQ/ref=cm_cr_getr_d_gw_btm?ie=UTF8,,2023-09-27
B01AK7Y12A,Long Baggy Shorts,These shorts are too long and baggy.,Y,,Special Size: Standard | Size: Medium | Color: Black C Logo,2,0,,,,,https://www.amazon.com/gp/customer-reviews/R103H4TPC41DW2/ref=cm_cr_getr_d_rvw_ttl?ie=UTF8&ASIN=B0C3W8MHZF,Austin Pace,"https://images-na.ssl-images-amazon.com/images/S/amazon-avatars-global/default._CR0,0,1024,1024_SX48_.png",US,https://www.amazon.com/gp/profile/amzn1.account.AEUXOW5TXCIHA2VZZTQHFLMPTSNQ/ref=cm_cr_getr_d_gw_btm?ie=UTF8,,2023-09-12
B01AK7Z2AU,Lightweight,Comfortable fit.  Very lightweight and cool,Y,,Special Size: Standard | Size: X-Large | Color: Oxford Gray C Logo,4,0,,,,,https://www.amazon.com/gp/customer-reviews/RZIGLK56T4NL6/ref=cm_cr_getr_d_rvw_ttl?ie=UTF8&ASIN=B0C3W8MHZF,Placeholder,"https://images-na.ssl-images-amazon.com/images/S/amazon-avatars-global/default._CR0,0,1024,1024_SX48_.png",US,https://www.amazon.com/gp/profile/amzn1.account.AEGNXFWD53SAZVAGY23XOY6VGSSQ/ref=cm_cr_getr_d_gw_btm?ie=UTF8,,2023-09-06
B0BRQZB3QF,Comfortable,Great deal.A little baggy.,Y,,Special Size: Big & Tall | Size: 3X-Large Tall | Color: Black C Logo,3,0,,,,,https://www.amazon.com/gp/customer-reviews/RUDTI1WHS0UPF/ref=cm_cr_getr_d_rvw_ttl?ie=UTF8&ASIN=B0C3W8MHZF,Ypsi Dave,"https://images-na.ssl-images-amazon.com/images/S/amazon-avatars-global/default._CR0,0,1024,1024_SX48_.png",US,https://www.amazon.com/gp/profile/amzn1.account.AFOVOLUTVI44HUWRW6KBVCNWECRQ/ref=cm_cr_getr_d_gw_btm?ie=UTF8,,2023-08-25
B00KUKZO56,Good fit,Nice to wear. Comfort fit.,Y,,Special Size: Standard | Size: Large | Color: Surf the Web C Logo,4,0,,,,,https://www.amazon.com/gp/customer-reviews/R2AW0J5FIAKXAS/ref=cm_cr_getr_d_rvw_ttl?ie=UTF8&ASIN=B0C3W8MHZF,Amazon Customer,"https://images-na.ssl-images-amazon.com/images/S/amazon-avatars-global/default._CR0,0,1024,1024_SX48_.png",US,https://www.amazon.com/gp/profile/amzn1.account.AH26NCABL5K77HG5AWINTGC4CWNA/ref=cm_cr_getr_d_gw_btm?ie=UTF8,,2023-08-14
B08N6QD2LQ,Nice bang for buck.,Prices on shorts as well as everything else are raising.  Champion brings me back. Good fit. Comfortable. Solid buy.,Y,,Special Size: Standard | Size: X-Large | Color: Cargo Olive C Logo,4,1,,,,,https://www.amazon.com/gp/customer-reviews/R2GWKNJ52IXI53/ref=cm_cr_getr_d_rvw_ttl?ie=UTF8&ASIN=B0C3W8MHZF,recon32,"https://images-na.ssl-images-amazon.com/images/S/amazon-avatars-global/9a042c59-f3a7-43a9-b7a1-ee939b5a7f8c._CR62,0,375,375_SX48_.jpg",US,https://www.amazon.com/gp/profile/amzn1.account.AHBFFSX4QP4RPO7RDH2EI6NI2EDA/ref=cm_cr_getr_d_gw_btm?ie=UTF8,,2023-08-09
B01AK7Y43Q,See through and not breathable,"I like the color, fit and length. However, the shorts are see through and when wearing darker underwear, that’s a problem. I also find that they’re not very breathable and because of that, foster swamp crotch which is awful.",Y,,Special Size: Standard | Size: X-Large | Color: Team Red Scarlet C Logo,3,0,,,,,https://www.amazon.com/gp/customer-reviews/RLGTDYB8RO68U/ref=cm_cr_getr_d_rvw_ttl?ie=UTF8&ASIN=B0C3W8MHZF,Kendra,"https://images-na.ssl-images-amazon.com/images/S/amazon-avatars-global/default._CR0,0,1024,1024_SX48_.png",US,https://www.amazon.com/gp/profile/amzn1.account.AEISBM2MZGQZSHXBWSDFAMXPNEIA/ref=cm_cr_getr_d_gw_btm?ie=UTF8,,2023-08-05
B01AK7XIN8,Good Fit,Fits well around the waist.,Y,,Special Size: Standard | Size: Large | Color: Granite Heather C Logo,4,0,,,,,https://www.amazon.com/gp/customer-reviews/R18L2F2Y59SMD5/ref=cm_cr_getr_d_rvw_ttl?ie=UTF8&ASIN=B0C3W8MHZF,Amazon Customer,"https://images-na.ssl-images-amazon.com/images/S/amazon-avatars-global/default._CR0,0,1024,1024_SX48_.png",US,https://www.amazon.com/gp/profile/amzn1.account.AHYSCRBCWFMHHML2JQAF7AXHDTZA/ref=cm_cr_getr_d_gw_btm?ie=UTF8,,2023-08-02
B01AK7ZGN8,Darker than pictured and thin,"The navy was darker than it appeared in photos, almost black, and the material, while comfortable, was thinner than expected.",Y,,Special Size: Standard | Size: X-Large | Color: Navy C Logo,3,0,,,,,https://www.amazon.com/gp/customer-reviews/R24BH2O4GUOWQO/ref=cm_cr_getr_d_rvw_ttl?ie=UTF8&ASIN=B0C3W8MHZF,Leslie,"https://images-na.ssl-images-amazon.com/images/S/amazon-avatars-global/default._CR0,0,1024,1024_SX48_.png",US,https://www.amazon.com/gp/profile/amzn1.account.AF6JB64BZ5P3G4CYW352MUKTKAIA/ref=cm_cr_getr_d_gw_btm?ie=UTF8,,2023-07-31
B00KUKZO56,Cheap,Thin,Y,,Special Size: Standard | Size: Large | Color: Surf the Web C Logo,1,0,,,,,https://www.amazon.com/gp/customer-reviews/RV5FSANPY6SXV/ref=cm_cr_getr_d_rvw_ttl?ie=UTF8&ASIN=B0C3W8MHZF,Looks cheaper in person,"https://images-na.ssl-images-amazon.com/images/S/amazon-avatars-global/default._CR0,0,1024,1024_SX48_.png",US,https://www.amazon.com/gp/profile/amzn1.account.AFCGP5VHRBDVL35QFCESISZP3SEQ/ref=cm_cr_getr_d_gw_btm?ie=UTF8,,2023-07-28
B01AK7ZK6G,"Nope, not a good fit","These are available in tall and big size. I purchased a standard medium. No doubt I received a tall medium. They are 2 inches too long.

Beware, all the name brands on here that are low price are often irregular or undesirable fit options only certain customers want.
I ended up turning the shorts down at the top elastic to take up some length. Anyway, I’m 5 9” and 160 pounds and these shorts are rediculously too long on me. Disappointed",Y,,Special Size: Standard | Size: Medium | Color: Team Maroon C Logo,1,0,,,,,https://www.amazon.com/gp/customer-reviews/RUHC4H4LYRQ8N/ref=cm_cr_getr_d_rvw_ttl?ie=UTF8&ASIN=B0C3W8MHZF,jes,"https://images-na.ssl-images-amazon.com/images/S/amazon-avatars-global/default._CR0,0,1024,1024_SX48_.png",US,https://www.amazon.com/gp/profile/amzn1.account.AGDW3COATZBW6WXTJHD5IYDT2GKQ/ref=cm_cr_getr_d_gw_btm?ie=UTF8,,2023-07-12
B01AK7ZGN8,Good,Light weight and breathable. Has pockets. I like them pretty good.,Y,,Special Size: Standard | Size: X-Large | Color: Navy C Logo,4,0,,,,,https://www.amazon.com/gp/customer-reviews/RGHUFQOF0QPG8/ref=cm_cr_getr_d_rvw_ttl?ie=UTF8&ASIN=B0C3W8MHZF,Eddie Jennings,"https://images-na.ssl-images-amazon.com/images/S/amazon-avatars-global/default._CR0,0,1024,1024_SX48_.png",US,https://www.amazon.com/gp/profile/amzn1.account.AEZKNRFHXC3QDNCN2QC5TAFTVGAQ/ref=cm_cr_getr_d_gw_btm?ie=UTF8,,2023-07-01
B01AK7YV1Q,Not the actual size,"I ordered a pair of these men shorts since I was attending physical therapy, as I don't care for any of the workout outfit for women, as many of the women outfits gear more towards woman exploiting their bodies.  Anyway, I bought a sz small and after one wash the sz small turned into a sz extra small. LOL SMH.  So if you (male or woman) decide to purchase these shorts, be certain to go up one size, as I do plan on purchasing some more of these same type, style and brand; but will certainly purchase a medium LOL to avoid the frustration and headache.",Y,,Special Size: Standard | Size: Small | Color: Navy C Logo,4,2,,,,,https://www.amazon.com/gp/customer-reviews/R3IIZRBJVUMGIS/ref=cm_cr_getr_d_rvw_ttl?ie=UTF8&ASIN=B0C3W8MHZF,Amazon Customer,"https://images-na.ssl-images-amazon.com/images/S/amazon-avatars-global/default._CR0,0,1024,1024_SX48_.png",US,https://www.amazon.com/gp/profile/amzn1.account.AE6IKX6DQIB5IW3B2WISMNKPDQTA/ref=cm_cr_getr_d_gw_btm?ie=UTF8,,2023-06-29
B012JZ187M,Thin shorts,"From the image, the shorts look as if they are thicker. When I received them, they were more like runner shorts. I was expecting them to be thicker material. I have purchased Champion gym shorts and was disappointed.",Y,,Special Size: Standard | Size: Small | Color: Black C Logo,3,0,,,,,https://www.amazon.com/gp/customer-reviews/R1D5JCBXQH7M94/ref=cm_cr_getr_d_rvw_ttl?ie=UTF8&ASIN=B0C3W8MHZF,Donny Gushue,"https://images-na.ssl-images-amazon.com/images/S/amazon-avatars-global/default._CR0,0,1024,1024_SX48_.png",US,https://www.amazon.com/gp/profile/amzn1.account.AHR7KASA3TJKZWEX5FVNTMDFCJ4A/ref=cm_cr_getr_d_gw_btm?ie=UTF8,,2023-06-26
B01AK7XN9W,Much longer inseam than past versions,Order these in 2020 and went back to my original order to make sure I got the right item.  They are now 2" longer in the inseam for the REGULAR size.  Sort of still works for me but the shorts go below my knee now and just quite different.  Description might be updated with new information but just giving a heads up.,Y,,Special Size: Standard | Size: XX-Large | Color: Team Maroon C Logo,4,1,,,,,https://www.amazon.com/gp/customer-reviews/R3K8C4OARU9MBS/ref=cm_cr_getr_d_rvw_ttl?ie=UTF8&ASIN=B0C3W8MHZF,LF,"https://images-na.ssl-images-amazon.com/images/S/amazon-avatars-global/default._CR0,0,1024,1024_SX48_.png",US,https://www.amazon.com/gp/profile/amzn1.account.AHUIXFPB47V3JWZFNFPGGEBX4AXQ/ref=cm_cr_getr_d_gw_btm?ie=UTF8,,2023-06-25
B01AK7Y12A,Runs larger than expected.,"These shorts are comfy and seem like they are made well, but I usually wear a medium (5'10, 170lbs) and these mediums seem like they are pretty large. They still look ""okay"" but when I work out, I prefer something that isn't as loose.",Y,,Special Size: Standard | Size: Medium | Color: Black C Logo,3,0,,,,,https://www.amazon.com/gp/customer-reviews/R1DE8LQJ142DLN/ref=cm_cr_getr_d_rvw_ttl?ie=UTF8&ASIN=B0C3W8MHZF,dodbod,"https://images-na.ssl-images-amazon.com/images/S/amazon-avatars-global/default._CR0,0,1024,1024_SX48_.png",US,https://www.amazon.com/gp/profile/amzn1.account.AHEDGLKKGFPNRU2IMK34A2E6GHIA/ref=cm_cr_getr_d_gw_btm?ie=UTF8,,2023-06-24
B01AK7XQQC,Too small,XKis like a medium,Y,,Special Size: Standard | Size: X-Large | Color: Granite Heather C Logo,2,0,,,,,https://www.amazon.com/gp/customer-reviews/R2A3SY32KBY99G/ref=cm_cr_getr_d_rvw_ttl?ie=UTF8&ASIN=B0C3W8MHZF,bill irwin,"https://images-na.ssl-images-amazon.com/images/S/amazon-avatars-global/default._CR0,0,1024,1024_SX48_.png",US,https://www.amazon.com/gp/profile/amzn1.account.AH4WSL3Y7NU32ZYTQPWEHDZ2UXNA/ref=cm_cr_getr_d_gw_btm?ie=UTF8,,2023-06-17
B0BNJTQWR9,Very short. Thought they would go to my knees. But nope.,Pass.,Y,,Special Size: Big & Tall | Size: XX-Large Big | Color: Black C Logo,2,0,,,,,https://www.amazon.com/gp/customer-reviews/RNXXSLIUVXM90/ref=cm_cr_getr_d_rvw_ttl?ie=UTF8&ASIN=B0C3W8MHZF,Jeff,"https://images-na.ssl-images-amazon.com/images/S/amazon-avatars-global/abf5f4d5-6324-465e-83b2-71487023e1f7._CR109,0,281,281_SX48_.jpg",US,https://www.amazon.com/gp/profile/amzn1.account.AEBX62TFDW5LJBHTFKQCOO5SWDDQ/ref=cm_cr_getr_d_gw_btm?ie=UTF8,,2023-06-12
B01AK7Z1ZG,Mala calidad,Mala cálida muy fina la tela no vale la pena pagar por esto pésimo,Y,,Special Size: Standard | Size: Medium | Color: Navy C Logo,1,0,,,,,https://www.amazon.com/gp/customer-reviews/R3EVMDUBNA1V2F/ref=cm_cr_getr_d_rvw_ttl?ie=UTF8&ASIN=B0C3W8MHZF,Josue Narvaez,"https://images-na.ssl-images-amazon.com/images/S/amazon-avatars-global/9474d4c7-c2de-4648-9713-1bb5d898ba6d._CR0,0,375,375_SX48_.jpg",US,https://www.amazon.com/gp/profile/amzn1.account.AGMS3KJ2PPCNMBWAVJS2WOCTROGQ/ref=cm_cr_getr_d_gw_btm?ie=UTF8,,2023-06-11
B011KFGXQS,Comfort on sale!,These shorts are perfect for those lazy summer days where you want to relax and get away from tight fitting belts and collars. Don’t know how they’ll hold up so four stars for now.,Y,,Special Size: Standard | Size: XX-Large | Color: Granite Heather C Logo,4,1,,,,,https://www.amazon.com/gp/customer-reviews/R3FETNRPXXL02T/ref=cm_cr_getr_d_rvw_ttl?ie=UTF8&ASIN=B0C3W8MHZF,Harry Piels,"https://images-na.ssl-images-amazon.com/images/S/amazon-avatars-global/default._CR0,0,1024,1024_SX48_.png",US,https://www.amazon.com/gp/profile/amzn1.account.AFGA5EVFPYSZSVWSJELFJQYD4KXQ/ref=cm_cr_getr_d_gw_btm?ie=UTF8,,2023-06-03
B011KFGXQS,I purchased two pair of shorts,They are as described and I hope that they will hold up under regular washings,Y,,Special Size: Standard | Size: XX-Large | Color: Granite Heather C Logo,4,1,,,,,https://www.amazon.com/gp/customer-reviews/R1M2S9HZSNY0Z1/ref=cm_cr_getr_d_rvw_ttl?ie=UTF8&ASIN=B0C3W8MHZF,Elmo Tibbs,"https://images-na.ssl-images-amazon.com/images/S/amazon-avatars-global/default._CR0,0,1024,1024_SX48_.png",US,https://www.amazon.com/gp/profile/amzn1.account.AHWA3BY6RE4TREG3ZHDB457RAOEQ/ref=cm_cr_getr_d_gw_btm?ie=UTF8,,2023-05-31
B01AK7Z1ZG,Not Long Enough,Feels fine. Just not as long as expected.,Y,,Special Size: Standard | Size: Medium | Color: Navy C Logo,3,0,,,,,https://www.amazon.com/gp/customer-reviews/R1SLOL1HCR68BB/ref=cm_cr_getr_d_rvw_ttl?ie=UTF8&ASIN=B0C3W8MHZF,Texas Traveler,"https://images-na.ssl-images-amazon.com/images/S/amazon-avatars-global/default._CR0,0,1024,1024_SX48_.png",US,https://www.amazon.com/gp/profile/amzn1.account.AH4P5JPPER644TSHEJJLCKXP3XWQ/ref=cm_cr_getr_d_gw_btm?ie=UTF8,,2023-05-27
B01AK7XXLU,Pockets are too easily torn,"The shorts are super lightweight and comfortable. But the mesh pockets on mine have started falling apart after only having them for just shy of one month.

I wear these shorts when walking/jogging with my dog, so I don’t keep much in the pockets. And I certainly don’t carry sharp or pointy objects in them. I even keep my house key on a ringlet attached to the dog’s leash so I can move more freely. So I have no idea why these pockets are suddenly tearing in various places. I own several pairs of shorts with mesh pockets and have never had this happen before.

Either the quality control or the quality of materials aren’t up to snuff. I really wanted to like these too…",Y,,Special Size: Standard | Size: Medium | Color: Granite Heather C Logo,1,4,,,,,https://www.amazon.com/gp/customer-reviews/R27X1NE9E7XAI1/ref=cm_cr_getr_d_rvw_ttl?ie=UTF8&ASIN=B0C3W8MHZF,TC,"https://images-na.ssl-images-amazon.com/images/S/amazon-avatars-global/5053752c-ab38-45f5-8f0f-727d8e34eef4._CR0,0,406,406_SX48_.jpg",US,https://www.amazon.com/gp/profile/amzn1.account.AFR5EOQMAREPFKUIQ7J3O4KHC4TA/ref=cm_cr_getr_d_gw_btm?ie=UTF8,,2023-05-15
B01AK7YR06,Great for the money,Fits great length is decent good material,Y,,Special Size: Standard | Size: X-Large | Color: Surf the Web C Logo,4,1,,,,,https://www.amazon.com/gp/customer-reviews/R28U828MDYVV64/ref=cm_cr_getr_d_rvw_ttl?ie=UTF8&ASIN=B0C3W8MHZF,Egv,"https://images-na.ssl-images-amazon.com/images/S/amazon-avatars-global/default._CR0,0,1024,1024_SX48_.png",US,https://www.amazon.com/gp/profile/amzn1.account.AFB2FHJDF5ALX7F4RVTOSWCD7IQA/ref=cm_cr_getr_d_gw_btm?ie=UTF8,,2023-05-13
B01AK7Z5BG,Material was very light weight.,I wanted material that is more like sweat pants.,Y,,Special Size: Standard | Size: Large | Color: Oxford Gray C Logo,2,0,,,,,https://www.amazon.com/gp/customer-reviews/RR3YQY8LDBYES/ref=cm_cr_getr_d_rvw_ttl?ie=UTF8&ASIN=B0C3W8MHZF,Paul J Hoffman,"https://images-na.ssl-images-amazon.com/images/S/amazon-avatars-global/default._CR0,0,1024,1024_SX48_.png",US,https://www.amazon.com/gp/profile/amzn1.account.AFQXI73L664VIQ65ZKA6EKKKRFYQ/ref=cm_cr_getr_d_gw_btm?ie=UTF8,,2023-05-06
B01AK7XBYY,Defective shorts. Thread is coming apart in 2 places.,Defective shorts. Thread is coming apart in 2 places.,Y,,Special Size: Standard | Size: Large | Color: Team Maroon C Logo,1,0,,,,,https://www.amazon.com/gp/customer-reviews/R25CCS5X0DCNDF/ref=cm_cr_getr_d_rvw_ttl?ie=UTF8&ASIN=B0C3W8MHZF,Patchacheeze,"https://images-na.ssl-images-amazon.com/images/S/amazon-avatars-global/default._CR0,0,1024,1024_SX48_.png",US,https://www.amazon.com/gp/profile/amzn1.account.AEYGPCU7FUHUMY5ZQLI7WBWNERSA/ref=cm_cr_getr_d_gw_btm?ie=UTF8,,2023-05-04
B0BRQZB3QF,Too thin.,I was hoping these would be thicker. Hopefully okay for summer.,Y,,Special Size: Big & Tall | Size: 3X-Large Tall | Color: Black C Logo,3,0,,,,,https://www.amazon.com/gp/customer-reviews/R3MFH2CPPIH64C/ref=cm_cr_getr_d_rvw_ttl?ie=UTF8&ASIN=B0C3W8MHZF,Linda S Meier,"https://images-na.ssl-images-amazon.com/images/S/amazon-avatars-global/default._CR0,0,1024,1024_SX48_.png",US,https://www.amazon.com/gp/profile/amzn1.account.AF2ELWETZVKMPM3OPYT72HSTBCMA/ref=cm_cr_getr_d_gw_btm?ie=UTF8,,2023-04-26
B01AK7ZK6G,Deep pockets,"I like the length, but the pockets are too deep if you want to run in them with a cell phone. I had my wife shorten the pocket to prevent my phone from whipping back and forth.",Y,,Special Size: Standard | Size: Medium | Color: Team Maroon C Logo,3,0,,,,,https://www.amazon.com/gp/customer-reviews/R2KDBEOCGOO9YM/ref=cm_cr_getr_d_rvw_ttl?ie=UTF8&ASIN=B0C3W8MHZF,Kevin Hughes,"https://images-na.ssl-images-amazon.com/images/S/amazon-avatars-global/default._CR0,0,1024,1024_SX48_.png",US,https://www.amazon.com/gp/profile/amzn1.account.AEUICVSQBZY3W664PAB5GKURQV2Q/ref=cm_cr_getr_d_gw_btm?ie=UTF8,,2023-04-16
B0BNJTQWR9,Took way to long to ship,Purchased March 5th said would be here March 21……… now it says package should be here 29th. Almost 1 month to pack ship and deliver. I get it there cheap shorts. Doesn’t mean service plus delivery gotta suck too. Ridiculous.,,,Special Size: Big & Tall | Size: XX-Large Big | Color: Black C Logo,1,0,,,,,https://www.amazon.com/gp/customer-reviews/R2MLYBEJIYV1Q7/ref=cm_cr_getr_d_rvw_ttl?ie=UTF8&ASIN=B0C3W8MHZF,Briiii,"https://images-na.ssl-images-amazon.com/images/S/amazon-avatars-global/default._CR0,0,1024,1024_SX48_.png",US,https://www.amazon.com/gp/profile/amzn1.account.AHTTL7F2G4IHJM57YVFU3NIJEHTA/ref=cm_cr_getr_d_gw_btm?ie=UTF8,,2023-03-27
B0BNJTQWR9,Champions men’s performance shorts,I ordered these shorts from Amazon because it’s hard to find the right fit shorts in the stores around me and they fit perfectly,Y,,Special Size: Big & Tall | Size: XX-Large Big | Color: Black C Logo,4,0,,,,,https://www.amazon.com/gp/customer-reviews/R2UU7S2LC36ZGG/ref=cm_cr_getr_d_rvw_ttl?ie=UTF8&ASIN=B0C3W8MHZF,Kerry Smith,"https://images-na.ssl-images-amazon.com/images/S/amazon-avatars-global/default._CR0,0,1024,1024_SX48_.png",US,https://www.amazon.com/gp/profile/amzn1.account.AEM555F2DJZPNSJZTSB2SZT4H5OQ/ref=cm_cr_getr_d_gw_btm?ie=UTF8,,2023-03-27
B01AK7ZK7A,Cheap Gargage,Strings start to fray. The champion logo at the bottom of the shorts is glued on not sewn. This are just absolute garbage especially for the price.,Y,,Special Size: Standard | Size: Large | Color: Navy C Logo,1,0,,,,,https://www.amazon.com/gp/customer-reviews/R5EJQNUQOXR5D/ref=cm_cr_getr_d_rvw_ttl?ie=UTF8&ASIN=B0C3W8MHZF,Kevin,"https://images-na.ssl-images-amazon.com/images/S/amazon-avatars-global/default._CR0,0,1024,1024_SX48_.png",US,https://www.amazon.com/gp/profile/amzn1.account.AEZGN77TKIGCRBLODV4B42XE3FAQ/ref=cm_cr_getr_d_gw_btm?ie=UTF8,,2023-03-19
B01AK7ZK7A,The size is like kids sizes. Too small.,The sizing on this is crazy. Tried a large and an extra large. They were more like kids sizes.,,,Special Size: Standard | Size: Large | Color: Navy C Logo,1,0,,,,,https://www.amazon.com/gp/customer-reviews/R24ZZMZSM16SWS/ref=cm_cr_getr_d_rvw_ttl?ie=UTF8&ASIN=B0C3W8MHZF,LT,"https://images-na.ssl-images-amazon.com/images/S/amazon-avatars-global/default._CR0,0,1024,1024_SX48_.png",US,https://www.amazon.com/gp/profile/amzn1.account.AEBVHAF4HOPKXF43CRHRNBE2DAPQ/ref=cm_cr_getr_d_gw_btm?ie=UTF8,,2023-03-07
B01AK7Y102,Fit is tight,Should have ordered one size up from normal. Well made and comfy pajama shorts,Y,,Special Size: Standard | Size: X-Large | Color: Black C Logo,4,0,,,,,https://www.amazon.com/gp/customer-reviews/R36BHQYXJH8X5W/ref=cm_cr_getr_d_rvw_ttl?ie=UTF8&ASIN=B0C3W8MHZF,David,"https://images-na.ssl-images-amazon.com/images/S/amazon-avatars-global/default._CR0,0,1024,1024_SX48_.png",US,https://www.amazon.com/gp/profile/amzn1.account.AGBTNAL3VIEJZI7BAIRJZWJJCOEA/ref=cm_cr_getr_d_gw_btm?ie=UTF8,,2023-03-06
B012JZ187M,Low Quality Shorts,"I wanted some basketball shorts I could run around in with some things in my pockets like keys and a phone. However anything in your pocket will swing wildly which is very annoying when running. I have to run with everything in my hands or hold my pockets down to stop my phone or keys from swinging back at me every step.

However, the most annoying thing is that I have owned these for almost three months and there are threads coming out at a variety of places. I feel as though at any second the whole thing could unravel.",Y,,Special Size: Standard | Size: Small | Color: Black C Logo,1,3,,,,,https://www.amazon.com/gp/customer-reviews/R1QP46JH35OGK7/ref=cm_cr_getr_d_rvw_ttl?ie=UTF8&ASIN=B0C3W8MHZF,Brian,"https://images-na.ssl-images-amazon.com/images/S/amazon-avatars-global/default._CR0,0,1024,1024_SX48_.png",US,https://www.amazon.com/gp/profile/amzn1.account.AFG3XFAQ3AJTZKHGOGRIT7GGDXVQ/ref=cm_cr_getr_d_gw_btm?ie=UTF8,,2023-02-22
B08N6Q9BS2,Calidad,Es un muy buen producto llevo días usándolo y lo único que he podido ver es que el elástico si estiró algo al irlo lavando. Por lo demás estamos bien.,Y,,Special Size: Standard | Size: Large | Color: Cargo Olive C Logo,4,0,,,,,https://www.amazon.com/gp/customer-reviews/R1CRFPQORXZAT4/ref=cm_cr_getr_d_rvw_ttl?ie=UTF8&ASIN=B0C3W8MHZF,antonio alberto aquino,"https://images-na.ssl-images-amazon.com/images/S/amazon-avatars-global/default._CR0,0,1024,1024_SX48_.png",US,https://www.amazon.com/gp/profile/amzn1.account.AG63HK5JY5254W76XTCTVZOAC6NQ/ref=cm_cr_getr_d_gw_btm?ie=UTF8,,2023-02-20
B01AK7Y12A,Good shorts,"Look good, feel great, they are a tiny bit big but can be tied so not that big of a deal.",Y,,Special Size: Standard | Size: Medium | Color: Black C Logo,4,0,,,,,https://www.amazon.com/gp/customer-reviews/R370DCUY1Q2NUQ/ref=cm_cr_getr_d_rvw_ttl?ie=UTF8&ASIN=B0C3W8MHZF,Erick Jackson,"https://images-na.ssl-images-amazon.com/images/S/amazon-avatars-global/default._CR0,0,1024,1024_SX48_.png",US,https://www.amazon.com/gp/profile/amzn1.account.AECWOIKIJ7ERHJCLRD526GSIXBHA/ref=cm_cr_getr_d_gw_btm?ie=UTF8,,2023-02-15
B01AK7Y12A,Mal los talles,Los talles no se correlacionan con la realidad,Y,,Special Size: Standard | Size: Medium | Color: Black C Logo,2,0,,,,,https://www.amazon.com/gp/customer-reviews/R1Q9RUJ9RPA8HE/ref=cm_cr_getr_d_rvw_ttl?ie=UTF8&ASIN=B0C3W8MHZF,germán,"https://images-na.ssl-images-amazon.com/images/S/amazon-avatars-global/default._CR0,0,1024,1024_SX48_.png",US,https://www.amazon.com/gp/profile/amzn1.account.AHE3EW6JE62S5MMRW7RYJDQNCHUA/ref=cm_cr_getr_d_gw_btm?ie=UTF8,,2023-02-06
B01AK7ZGN8,Great shorts/Great value,"Needed some shorts for pre-op PT for a knee replacement.  I purchased these hoping they would be better than my former cotton ones.  They quickly whisk moisture away, are lightweight, and very comfortable for both the gym, mowing the lawn, or justvrelaxing around the house",Y,,Special Size: Standard | Size: X-Large | Color: Navy C Logo,4,0,,,,,https://www.amazon.com/gp/customer-reviews/R38KTZQU9ZEXH5/ref=cm_cr_getr_d_rvw_ttl?ie=UTF8&ASIN=B0C3W8MHZF,Christopher L.,"https://images-na.ssl-images-amazon.com/images/S/amazon-avatars-global/default._CR0,0,1024,1024_SX48_.png",US,https://www.amazon.com/gp/profile/amzn1.account.AEGSKIINPDHJLSPDVCLCBEYGJHQA/ref=cm_cr_getr_d_gw_btm?ie=UTF8,,2023-01-24
B01MAXD16P,It's nicely priced,"At first I was very impressed, but it was poorly made. Threads from the waistband are starting to come out after the first wear. But for the price what can be expected? I'll probably still buy more of these as long as they remain nicely priced.",Y,,Special Size: Standard | Size: XX-Large | Color: Team Dark Green C Logo,3,0,,,,,https://www.amazon.com/gp/customer-reviews/R3AMY0TZIH42WU/ref=cm_cr_getr_d_rvw_ttl?ie=UTF8&ASIN=B0C3W8MHZF,Steve Fye,"https://images-na.ssl-images-amazon.com/images/S/amazon-avatars-global/default._CR0,0,1024,1024_SX48_.png",US,https://www.amazon.com/gp/profile/amzn1.account.AEEVSSDDBFGUYCME657M6K4H4RQQ/ref=cm_cr_getr_d_gw_btm?ie=UTF8,,2023-01-20
B00KUL0W1G,Garbage,I received a no brand see thru pair of shorts that are a Youth size Large NOT a men's size large. Buyer beware,Y,,Special Size: Standard | Size: Large | Color: Black C Logo,1,2,2,"https://m.media-amazon.com/images/I/61ZpupQyN-L._SY200.jpg
https://m.media-amazon.com/images/I/713hrb3askL._SY200.jpg",,,https://www.amazon.com/gp/customer-reviews/RPTJGIYHY12NN/ref=cm_cr_getr_d_rvw_ttl?ie=UTF8&ASIN=B0C3W8MHZF,William & wife,"https://images-na.ssl-images-amazon.com/images/S/amazon-avatars-global/default._CR0,0,1024,1024_SX48_.png",US,https://www.amazon.com/gp/profile/amzn1.account.AGCZ4MLQKHDYX5QBVNNRHV2KGFQQ/ref=cm_cr_getr_d_gw_btm?ie=UTF8,,2023-01-18
B01AK7XUGS,Great basketball short,The shorts are great for hanging out playing sports and seem to be very durable. The only thing is that they create static.,Y,,Special Size: Standard | Size: XX-Large | Color: Black C Logo,4,0,,,,,https://www.amazon.com/gp/customer-reviews/RPYJZJK90VFI3/ref=cm_cr_getr_d_rvw_ttl?ie=UTF8&ASIN=B0C3W8MHZF,Ariel,"https://images-na.ssl-images-amazon.com/images/S/amazon-avatars-global/default._CR0,0,1024,1024_SX48_.png",US,https://www.amazon.com/gp/profile/amzn1.account.AH2APYJT4JJAA2SZYWEY3VY5243A/ref=cm_cr_getr_d_gw_btm?ie=UTF8,,2023-01-16
B01AK7XUGS,Material has gotten thinner since last purchase,"I've purchased these shorts many times because they are great. This purchase was a bit different than the others though. The material used in the newest shorts is much thinner than all of the others that I have. I could hold these up to a light and see right through the material whereas with the same shorts purchased several months earlier no light was visible when I did the same test.

They're still good shorts, but I've noticed this decline in quality.",Y,,Special Size: Standard | Size: XX-Large | Color: Black C Logo,2,2,,,,,https://www.amazon.com/gp/customer-reviews/R1K5Q4CI3GC9SP/ref=cm_cr_getr_d_rvw_ttl?ie=UTF8&ASIN=B0C3W8MHZF,Amazon Customer,"https://images-na.ssl-images-amazon.com/images/S/amazon-avatars-global/default._CR0,0,1024,1024_SX48_.png",US,https://www.amazon.com/gp/profile/amzn1.account.AERO53IVIHDGNCHDSYRPXO7ZIZAQ/ref=cm_cr_getr_d_gw_btm?ie=UTF8,,2023-01-13
B01MF7R3IF,Perfect for larger heights.,"The XLs fit great on my frame at 6'4"" 250lbs.
Reach the knee and have a strong band and tie.",Y,,Special Size: Standard | Size: X-Large | Color: Team Dark Green C Logo,4,0,,,,,https://www.amazon.com/gp/customer-reviews/R14MKWWMMNPTD3/ref=cm_cr_getr_d_rvw_ttl?ie=UTF8&ASIN=B0C3W8MHZF,Adam,"https://images-na.ssl-images-amazon.com/images/S/amazon-avatars-global/default._CR0,0,1024,1024_SX48_.png",US,https://www.amazon.com/gp/profile/amzn1.account.AHWNRU24LML4GNM2FJ26UP45AAWA/ref=cm_cr_getr_d_gw_btm?ie=UTF8,,2023-01-13
B01M9BQTRB,Less than expected,"It is hard to tell by an online photo what you are getting. I made a mistake in buying these shorts. They do not look like they will not hold up well over time. Had I seen these in a store first, I would not have purchased them.",Y,,Special Size: Standard | Size: Large | Color: Team Dark Green C Logo,3,0,,,,,https://www.amazon.com/gp/customer-reviews/R295VY79M1EWGF/ref=cm_cr_getr_d_rvw_ttl?ie=UTF8&ASIN=B0C3W8MHZF,dawgalum75,"https://images-na.ssl-images-amazon.com/images/S/amazon-avatars-global/default._CR0,0,1024,1024_SX48_.png",US,https://www.amazon.com/gp/profile/amzn1.account.AEKEKDCGTUO72EL5RTE3VCBDF7DA/ref=cm_cr_getr_d_gw_btm?ie=UTF8,,2023-01-04
B01AK7Y12A,Champion’s Traing Shorts,This the 2nd pair I got for my son. He really likes them. They fit as advertised. The price is good.,Y,,Special Size: Standard | Size: Medium | Color: Black C Logo,4,1,,,,,https://www.amazon.com/gp/customer-reviews/RF18YU1YWEDUI/ref=cm_cr_getr_d_rvw_ttl?ie=UTF8&ASIN=B0C3W8MHZF,clwmom,"https://images-na.ssl-images-amazon.com/images/S/amazon-avatars-global/default._CR0,0,1024,1024_SX48_.png",US,https://www.amazon.com/gp/profile/amzn1.account.AHLC2CAGWAI2K4BBZOHVUTU5YVBA/ref=cm_cr_getr_d_gw_btm?ie=UTF8,,2022-12-27
B01AK7ZJYY,Normal,Normal,Y,,Special Size: Standard | Size: XX-Large | Color: Navy C Logo,3,0,,,,,https://www.amazon.com/gp/customer-reviews/RX9B4UYAN0AME/ref=cm_cr_getr_d_rvw_ttl?ie=UTF8&ASIN=B0C3W8MHZF,Taboada,"https://images-na.ssl-images-amazon.com/images/S/amazon-avatars-global/default._CR0,0,1024,1024_SX48_.png",US,https://www.amazon.com/gp/profile/amzn1.account.AGIBVY2XHOZY7K357FZK7QGPVHPQ/ref=cm_cr_getr_d_gw_btm?ie=UTF8,,2022-12-26
B01MAXD16P,Runs small,Nothing,Y,,Special Size: Standard | Size: XX-Large | Color: Team Dark Green C Logo,1,0,,,,,https://www.amazon.com/gp/customer-reviews/R2LYMWQ02DP0AU/ref=cm_cr_getr_d_rvw_ttl?ie=UTF8&ASIN=B0C3W8MHZF,tish,"https://images-na.ssl-images-amazon.com/images/S/amazon-avatars-global/default._CR0,0,1024,1024_SX48_.png",US,https://www.amazon.com/gp/profile/amzn1.account.AG7PT2HDDH3SGUAHN6LR7OAE4C4Q/ref=cm_cr_getr_d_gw_btm?ie=UTF8,,2022-12-20
B01AK7Z5BG,Good product,Very comfy,Y,,Special Size: Standard | Size: Large | Color: Oxford Gray C Logo,4,0,,,,,https://www.amazon.com/gp/customer-reviews/R3AELFGH9CJS1C/ref=cm_cr_getr_d_rvw_ttl?ie=UTF8&ASIN=B0C3W8MHZF,Halim Özgün Alemdar,"https://images-na.ssl-images-amazon.com/images/S/amazon-avatars-global/default._CR0,0,1024,1024_SX48_.png",US,https://www.amazon.com/gp/profile/amzn1.account.AGAOMQOZCRFY22LIOORYOHOTO7SQ/ref=cm_cr_getr_d_gw_btm?ie=UTF8,,2022-11-27
B00KUL0W1G,Not the best product,"Not happy with this purchase, very cheapy feeling",Y,,Special Size: Standard | Size: Large | Color: Black C Logo,1,0,,,,,https://www.amazon.com/gp/customer-reviews/R14ZKGWUQFIHQF/ref=cm_cr_getr_d_rvw_ttl?ie=UTF8&ASIN=B0C3W8MHZF,amos shiffman,"https://images-na.ssl-images-amazon.com/images/S/amazon-avatars-global/default._CR0,0,1024,1024_SX48_.png",US,https://www.amazon.com/gp/profile/amzn1.account.AH7UU4R334IEAXKQ3RDS7OSNYJEA/ref=cm_cr_getr_d_gw_btm?ie=UTF8,,2022-11-20
B01AK7YAXU,Inferior to Champion shorts from a few years ago,"Compared to Champion's mesh short from a few years ago, these are more lightweight, but feel much more flimsy.  The pockets are too narrow to be of any real use for anything more than a small keyring and a wallet (even a thin one) is out of the question.  They have no heft so you feel as though you are wearing nothing and are made of a very thin dry-fit material that seems very easy to tear at the seams, like the bottom of the pocket entry cut.  Some people might see these things as an improvement, but I do not.",Y,,Special Size: Standard | Size: Medium | Color: Team Red Scarlet C Logo,2,1,,,,,https://www.amazon.com/gp/customer-reviews/R1PLA61YYMOEEL/ref=cm_cr_getr_d_rvw_ttl?ie=UTF8&ASIN=B0C3W8MHZF,K. Koontz,"https://images-na.ssl-images-amazon.com/images/S/amazon-avatars-global/default._CR0,0,1024,1024_SX48_.png",US,https://www.amazon.com/gp/profile/amzn1.account.AGWCFG5DVTABHENTP3Z6AI66CNSA/ref=cm_cr_getr_d_gw_btm?ie=UTF8,,2022-11-18
B01AK7XXLU,Light weight fabric,"Thought I would give these a try. Good price point but in comparison to Underarmour, mediocre at best. Thos last 5-10 years. These will not.",Y,,Special Size: Standard | Size: Medium | Color: Granite Heather C Logo,4,2,,,,,https://www.amazon.com/gp/customer-reviews/RXGJJ8144GP58/ref=cm_cr_getr_d_rvw_ttl?ie=UTF8&ASIN=B0C3W8MHZF,Kittley,"https://images-na.ssl-images-amazon.com/images/S/amazon-avatars-global/default._CR0,0,1024,1024_SX48_.png",US,https://www.amazon.com/gp/profile/amzn1.account.AG32XMP62ZGTO2JN4T6AUPTHLFDA/ref=cm_cr_getr_d_gw_btm?ie=UTF8,,2022-11-10
B01MF7R3IF,Too long,Too long,Y,,Special Size: Standard | Size: X-Large | Color: Team Dark Green C Logo,3,0,,,,,https://www.amazon.com/gp/customer-reviews/R21Z8U7AZSBX6O/ref=cm_cr_getr_d_rvw_ttl?ie=UTF8&ASIN=B0C3W8MHZF,Bill,"https://images-na.ssl-images-amazon.com/images/S/amazon-avatars-global/default._CR0,0,1024,1024_SX48_.png",US,https://www.amazon.com/gp/profile/amzn1.account.AEGCXPRJLTLECLSHP6GT23ZV2MNQ/ref=cm_cr_getr_d_gw_btm?ie=UTF8,,2022-10-26
B01AK7ZGN8,Too light and too large,I needed a short for my gym workout. the material is too light and loose for me. it imprints the shape of my private part.,Y,,Special Size: Standard | Size: X-Large | Color: Navy C Logo,3,0,,,,,https://www.amazon.com/gp/customer-reviews/R1UK6LN6BG2RS5/ref=cm_cr_getr_d_rvw_ttl?ie=UTF8&ASIN=B0C3W8MHZF,Shivam Patel,"https://images-na.ssl-images-amazon.com/images/S/amazon-avatars-global/d9df1334-4eca-40d8-8646-5a75be0b20db._CR0,0,1125,1125_SX48_.jpg",US,https://www.amazon.com/gp/profile/amzn1.account.AGXPMIVOONIRDMUAFPMTY6ENGMBA/ref=cm_cr_getr_d_gw_btm?ie=UTF8,,2022-10-16
B01AK7Z1ZG,Way too large for me. I'm 6ft. and the large was super big on me.,Great shorts.  They apparently run really large.,Y,,Special Size: Standard | Size: Medium | Color: Navy C Logo,4,0,,,,,https://www.amazon.com/gp/customer-reviews/R10GFQ839JC74R/ref=cm_cr_getr_d_rvw_ttl?ie=UTF8&ASIN=B0C3W8MHZF,cometattack,"https://images-na.ssl-images-amazon.com/images/S/amazon-avatars-global/default._CR0,0,1024,1024_SX48_.png",US,https://www.amazon.com/gp/profile/amzn1.account.AHHJZZ4GBDSYTLG35QW5BHDTBFYA/ref=cm_cr_getr_d_gw_btm?ie=UTF8,,2022-10-16
B01MF7R3IF,💪,Lil tight on the bum,Y,,Special Size: Standard | Size: X-Large | Color: Team Dark Green C Logo,4,0,,,,,https://www.amazon.com/gp/customer-reviews/R37SOJKGVG4E18/ref=cm_cr_getr_d_rvw_ttl?ie=UTF8&ASIN=B0C3W8MHZF,Amazon Customer,"https://images-na.ssl-images-amazon.com/images/S/amazon-avatars-global/default._CR0,0,1024,1024_SX48_.png",US,https://www.amazon.com/gp/profile/amzn1.account.AEKN4GAH6VBJN2RRPU3H5SZGIS6A/ref=cm_cr_getr_d_gw_btm?ie=UTF8,,2022-10-10
B01AK7XQQC,vey good Quality.,the material is very thin.,Y,,Special Size: Standard | Size: X-Large | Color: Granite Heather C Logo,4,1,,,,,https://www.amazon.com/gp/customer-reviews/RKIN6RNBQZSGP/ref=cm_cr_getr_d_rvw_ttl?ie=UTF8&ASIN=B0C3W8MHZF,Pamela C.,"https://images-na.ssl-images-amazon.com/images/S/amazon-avatars-global/default._CR0,0,1024,1024_SX48_.png",US,https://www.amazon.com/gp/profile/amzn1.account.AEWPUHW3ANO6QBOPUOIKGDSLLCLA/ref=cm_cr_getr_d_gw_btm?ie=UTF8,,2022-10-03
B01AK7YV1Q,chromatic aberration,The color of the picture is different from the actual color,Y,,Special Size: Standard | Size: Small | Color: Navy C Logo,3,0,,,,,https://www.amazon.com/gp/customer-reviews/R3GNR7TTYXKBAS/ref=cm_cr_getr_d_rvw_ttl?ie=UTF8&ASIN=B0C3W8MHZF,Jackie P Huang,"https://images-na.ssl-images-amazon.com/images/S/amazon-avatars-global/default._CR0,0,1024,1024_SX48_.png",US,https://www.amazon.com/gp/profile/amzn1.account.AFFL6NYFDI66LTHUD5PJZ3FLC25Q/ref=cm_cr_getr_d_gw_btm?ie=UTF8,,2022-09-27
B00KUL0W1G,They started black…,"After 1 wash in cold water, they came out navy blue. Not such a good look for a soccer referee.",Y,,Special Size: Standard | Size: Large | Color: Black C Logo,2,0,,,,,https://www.amazon.com/gp/customer-reviews/RR9GCFW4FEEVW/ref=cm_cr_getr_d_rvw_ttl?ie=UTF8&ASIN=B0C3W8MHZF,Isaac Greene,"https://images-na.ssl-images-amazon.com/images/S/amazon-avatars-global/default._CR0,0,1024,1024_SX48_.png",US,https://www.amazon.com/gp/profile/amzn1.account.AFHUKL2RDRVYQ432RMM7ZPOTN5PA/ref=cm_cr_getr_d_gw_btm?ie=UTF8,,2022-09-18
B01AK7XUGS,Comfortable,"Soft, knee length.",Y,,Special Size: Standard | Size: XX-Large | Color: Black C Logo,4,0,,,,,https://www.amazon.com/gp/customer-reviews/R3MWQTSPW2SDG3/ref=cm_cr_getr_d_rvw_ttl?ie=UTF8&ASIN=B0C3W8MHZF,B. Johnson,"https://images-na.ssl-images-amazon.com/images/S/amazon-avatars-global/default._CR0,0,1024,1024_SX48_.png",US,https://www.amazon.com/gp/profile/amzn1.account.AE7XTXTS6UPEIDI3JXVCCWRQCQPQ/ref=cm_cr_getr_d_gw_btm?ie=UTF8,,2022-09-10
B01AK7Y12A,Not good not bad,Describe it as “ehh”,Y,,Special Size: Standard | Size: Medium | Color: Black C Logo,3,0,,,,,https://www.amazon.com/gp/customer-reviews/R1S9BW56Y9S6PW/ref=cm_cr_getr_d_rvw_ttl?ie=UTF8&ASIN=B0C3W8MHZF,DStevens,"https://images-na.ssl-images-amazon.com/images/S/amazon-avatars-global/default._CR0,0,1024,1024_SX48_.png",US,https://www.amazon.com/gp/profile/amzn1.account.AH3UIBF3D7QZKGJA5UOCQMVIA6LQ/ref=cm_cr_getr_d_gw_btm?ie=UTF8,,2022-09-04
B01AK7XJS2,Stain Magnet,"These were a comfortable fit, they breathe well, and look fine. But these are my only pair of shorts that I just can't get the occasional bike grease stain out of. They've also quickly aquired stains/faded around the pockets and hem. Regular washing has not been enough to prevent this. Maybe its just me and I've been lucky with my other shorts, but I don't think so.",Y,,Special Size: Standard | Size: Medium | Color: Oxford Gray C Logo,3,0,,,,,https://www.amazon.com/gp/customer-reviews/RULHK9MIRD044/ref=cm_cr_getr_d_rvw_ttl?ie=UTF8&ASIN=B0C3W8MHZF,nohbdy820,"https://images-na.ssl-images-amazon.com/images/S/amazon-avatars-global/default._CR0,0,1024,1024_SX48_.png",US,https://www.amazon.com/gp/profile/amzn1.account.AFW5G6TAUSHHER75MCCQSMUULTGQ/ref=cm_cr_getr_d_gw_btm?ie=UTF8,,2022-09-01
B00KUL0W1G,Great quality and decent price,"Very comfortable, good quality and fit as expected",Y,,Special Size: Standard | Size: Large | Color: Black C Logo,4,1,,,,,https://www.amazon.com/gp/customer-reviews/R2BT4F7C0M84I0/ref=cm_cr_getr_d_rvw_ttl?ie=UTF8&ASIN=B0C3W8MHZF,Mark Mendez,"https://images-na.ssl-images-amazon.com/images/S/amazon-avatars-global/default._CR0,0,1024,1024_SX48_.png",US,https://www.amazon.com/gp/profile/amzn1.account.AHT2CPH3B2DTRES5J63XN6KAZCOA/ref=cm_cr_getr_d_gw_btm?ie=UTF8,,2022-08-30
B01AK7Z1ZG,Not drifit,"Not the material I was hoping for, med fit well on 33 waist",Y,,Special Size: Standard | Size: Medium | Color: Navy C Logo,4,2,,,,,https://www.amazon.com/gp/customer-reviews/R1Z9OEVE5RKLBQ/ref=cm_cr_getr_d_rvw_ttl?ie=UTF8&ASIN=B0C3W8MHZF,jeremy,"https://images-na.ssl-images-amazon.com/images/S/amazon-avatars-global/default._CR0,0,1024,1024_SX48_.png",US,https://www.amazon.com/gp/profile/amzn1.account.AFPBLG5LR5ZNGKQCF27ESDIU5ARQ/ref=cm_cr_getr_d_gw_btm?ie=UTF8,,2022-08-30
B00KUL0W1G,They fall apart after about 3 months.,They fall apart after 3 months,Y,,Special Size: Standard | Size: Large | Color: Black C Logo,2,0,,,,,https://www.amazon.com/gp/customer-reviews/R30YWK7DEICPME/ref=cm_cr_getr_d_rvw_ttl?ie=UTF8&ASIN=B0C3W8MHZF,Mark Ruck,"https://images-na.ssl-images-amazon.com/images/S/amazon-avatars-global/default._CR0,0,1024,1024_SX48_.png",US,https://www.amazon.com/gp/profile/amzn1.account.AHNP2SPKC4ACPBIS33Z7V3NIGKNQ/ref=cm_cr_getr_d_gw_btm?ie=UTF8,,2022-08-24
B00KUKZO56,Not comfortable,Feels rough,Y,,Special Size: Standard | Size: Large | Color: Surf the Web C Logo,3,0,,,,,https://www.amazon.com/gp/customer-reviews/R3PIKUA6SW6CPO/ref=cm_cr_getr_d_rvw_ttl?ie=UTF8&ASIN=B0C3W8MHZF,KC McGinty,"https://images-na.ssl-images-amazon.com/images/S/amazon-avatars-global/default._CR0,0,1024,1024_SX48_.png",US,https://www.amazon.com/gp/profile/amzn1.account.AGF3ZAS3Q36E5JZFNZE3LG7AVEMQ/ref=cm_cr_getr_d_gw_btm?ie=UTF8,,2022-08-24
B01M8J3J4G,Not the best one I bought,"Quality of the material is not that great. Was expecting better. Loose fit, okay for gym/workouts.",Y,,Special Size: Standard | Size: Medium | Color: Team Dark Green C Logo,3,0,,,,,https://www.amazon.com/gp/customer-reviews/R991XXGBMR1Z/ref=cm_cr_getr_d_rvw_ttl?ie=UTF8&ASIN=B0C3W8MHZF,Dipes B.,"https://images-na.ssl-images-amazon.com/images/S/amazon-avatars-global/default._CR0,0,1024,1024_SX48_.png",US,https://www.amazon.com/gp/profile/amzn1.account.AFLM64IUZ2KJLWTY4ZXPSEBZUHSQ/ref=cm_cr_getr_d_gw_btm?ie=UTF8,,2022-08-22
B01AK7Z1ZG,Good buy,Liked these pants a lot except for fabric was hoping for drifit,Y,,Special Size: Standard | Size: Medium | Color: Navy C Logo,4,0,,,,,https://www.amazon.com/gp/customer-reviews/R6M1EJ6UKZWO0/ref=cm_cr_getr_d_rvw_ttl?ie=UTF8&ASIN=B0C3W8MHZF,E. shailor,"https://images-na.ssl-images-amazon.com/images/S/amazon-avatars-global/default._CR0,0,1024,1024_SX48_.png",US,https://www.amazon.com/gp/profile/amzn1.account.AHX5P23R6LUL2YXVS34BCPKVJPJA/ref=cm_cr_getr_d_gw_btm?ie=UTF8,,2022-08-22
B01AK7Y102,I like these.,"I've never had this kind of shorts before, they are very comfortable.",Y,,Special Size: Standard | Size: X-Large | Color: Black C Logo,3,0,,,,,https://www.amazon.com/gp/customer-reviews/R1XQGLKNX4PW9Z/ref=cm_cr_getr_d_rvw_ttl?ie=UTF8&ASIN=B0C3W8MHZF,Charles Domanski,"https://images-na.ssl-images-amazon.com/images/S/amazon-avatars-global/default._CR0,0,1024,1024_SX48_.png",US,https://www.amazon.com/gp/profile/amzn1.account.AHEAHO7BIDAZ3OCOMY53HC6VI27A/ref=cm_cr_getr_d_gw_btm?ie=UTF8,,2022-08-17
B01AK7Y12A,A Quality Low Priced Option,"These shorts fit as expected.  They are very lightweight, breathable, and stretchy as described.  The fabric is a woven polyester, so understand that they could be prone to snagging if you are running in the woods or on trails. The one thing I wish they had were zippered pockets...these do not.

Overall, for the price, I can not complain.",Y,,Special Size: Standard | Size: Medium | Color: Black C Logo,4,0,,,,,https://www.amazon.com/gp/customer-reviews/RP9A378Y3BI94/ref=cm_cr_getr_d_rvw_ttl?ie=UTF8&ASIN=B0C3W8MHZF,Eli C Trask,"https://images-na.ssl-images-amazon.com/images/S/amazon-avatars-global/default._CR0,0,1024,1024_SX48_.png",US,https://www.amazon.com/gp/profile/amzn1.account.AEORLZ22C2NSRW3WZ22TPHZWFBZQ/ref=cm_cr_getr_d_gw_btm?ie=UTF8,,2022-08-10
B00KUKZO56,Baggy Clown Like fit in the thigh,"I wanted to like these since the price was right,  but tried them on after washng them
and  baggy (elephant size) from the abdomen  down to the knees.  I ordered a Medium and
the waste measurement was OK  (33-34).  I'm 5'11"" with a medium build and not skinny
leg's at all.  Their OK to sleep in,  well made,  but too ugly for the street.",,,Special Size: Standard | Size: Large | Color: Surf the Web C Logo,2,0,,,,,https://www.amazon.com/gp/customer-reviews/R1Y7D18P5QN1T4/ref=cm_cr_getr_d_rvw_ttl?ie=UTF8&ASIN=B0C3W8MHZF,JP Davis,"https://images-na.ssl-images-amazon.com/images/S/amazon-avatars-global/default._CR0,0,1024,1024_SX48_.png",US,https://www.amazon.com/gp/profile/amzn1.account.AFCXUDK6NXMPDVNKED4ISJWT2GXA/ref=cm_cr_getr_d_gw_btm?ie=UTF8,,2022-08-09
B01AK7Y43Q,See through!!,Baught 2 colors and both are a little see through. Husband don't care cause he sleeps in them,Y,,Special Size: Standard | Size: X-Large | Color: Team Red Scarlet C Logo,2,0,,,,,https://www.amazon.com/gp/customer-reviews/R1HZXGB21IHUM9/ref=cm_cr_getr_d_rvw_ttl?ie=UTF8&ASIN=B0C3W8MHZF,Amber,"https://images-na.ssl-images-amazon.com/images/S/amazon-avatars-global/92ea20b7-faf3-438d-b182-eb89abe82a2c._CR0,33.0,267,267_SX48_.jpg",US,https://www.amazon.com/gp/profile/amzn1.account.AFWUCAWML6UDDKG62OLG6JJ6K5IA/ref=cm_cr_getr_d_gw_btm?ie=UTF8,,2022-08-05
B01AK7YNTQ,poor manufacturing,I have had these shorts for a few weeks and only wear them for a few hours at home after work for relaxation and the threads in the waist band are coming loose already. I hope they last.,Y,,Special Size: Standard | Size: XX-Large | Color: Surf the Web C Logo,3,0,,,,,https://www.amazon.com/gp/customer-reviews/R2I7I9RIFJZU3R/ref=cm_cr_getr_d_rvw_ttl?ie=UTF8&ASIN=B0C3W8MHZF,Ed L.,"https://images-na.ssl-images-amazon.com/images/S/amazon-avatars-global/default._CR0,0,1024,1024_SX48_.png",US,https://www.amazon.com/gp/profile/amzn1.account.AFTETMMAJRHGP62EJXOUT5CZPLQA/ref=cm_cr_getr_d_gw_btm?ie=UTF8,,2022-08-01
B01AK7ZK7A,"Fits as expected, a good value.","Color stays, these shorts are comfortable, and git as expected.",Y,,Special Size: Standard | Size: Large | Color: Navy C Logo,4,0,,,,,https://www.amazon.com/gp/customer-reviews/R2P0RNIX130GQ7/ref=cm_cr_getr_d_rvw_ttl?ie=UTF8&ASIN=B0C3W8MHZF,Springfield Doyles,"https://images-na.ssl-images-amazon.com/images/S/amazon-avatars-global/default._CR0,0,1024,1024_SX48_.png",US,https://www.amazon.com/gp/profile/amzn1.account.AG4HPKSBI7RD4EK36AJHFO2CLJHQ/ref=cm_cr_getr_d_gw_btm?ie=UTF8,,2022-08-01
B01AK7Y102,Nice shorts,"Pretty decent pair of shorts for the money.  Better quality shorts are on the market but cost about twice the price.  All in All, they are worth the money and well suited to wear around the house and yard.",Y,,Special Size: Standard | Size: X-Large | Color: Black C Logo,4,0,,,,,https://www.amazon.com/gp/customer-reviews/R1Q7TN4KHJSSOA/ref=cm_cr_getr_d_rvw_ttl?ie=UTF8&ASIN=B0C3W8MHZF,Mainer,"https://images-na.ssl-images-amazon.com/images/S/amazon-avatars-global/default._CR0,0,1024,1024_SX48_.png",US,https://www.amazon.com/gp/profile/amzn1.account.AHUWHSUR4T4BMU6EX7NTXKNXYIPA/ref=cm_cr_getr_d_gw_btm?ie=UTF8,,2022-08-01
B01AK7YAXU,For the price!,"No good nougat, but no bad.",Y,,Special Size: Standard | Size: Medium | Color: Team Red Scarlet C Logo,3,0,,,,,https://www.amazon.com/gp/customer-reviews/R39TP6IWZ6TT1M/ref=cm_cr_getr_d_rvw_ttl?ie=UTF8&ASIN=B0C3W8MHZF,Fredi Guaraca,"https://images-na.ssl-images-amazon.com/images/S/amazon-avatars-global/default._CR0,0,1024,1024_SX48_.png",US,https://www.amazon.com/gp/profile/amzn1.account.AGZQPXGWXJ3KOFRWFHHLSIJBI3PQ/ref=cm_cr_getr_d_gw_btm?ie=UTF8,,2022-07-31
B01AK7ZJYY,Pockets...???,"The pockets are the only thing I don't like about these shorts. They are mesh, small mesh, but mesh still. Love the shorts. Great material and great fit.",Y,,Special Size: Standard | Size: XX-Large | Color: Navy C Logo,4,0,,,,,https://www.amazon.com/gp/customer-reviews/RZJQ8UC1JAR0Q/ref=cm_cr_getr_d_rvw_ttl?ie=UTF8&ASIN=B0C3W8MHZF,Bish,"https://images-na.ssl-images-amazon.com/images/S/amazon-avatars-global/default._CR0,0,1024,1024_SX48_.png",US,https://www.amazon.com/gp/profile/amzn1.account.AE566DJUGFLOT72DOZO3ICWDFJJA/ref=cm_cr_getr_d_gw_btm?ie=UTF8,,2022-07-30
B01AK7Y12A,Lightweight,Not bad for the price,Y,,Special Size: Standard | Size: Medium | Color: Black C Logo,4,0,,,,,https://www.amazon.com/gp/customer-reviews/R1MTWOKJWAFHFQ/ref=cm_cr_getr_d_rvw_ttl?ie=UTF8&ASIN=B0C3W8MHZF,dischmond,"https://images-na.ssl-images-amazon.com/images/S/amazon-avatars-global/default._CR0,0,1024,1024_SX48_.png",US,https://www.amazon.com/gp/profile/amzn1.account.AHYDM7HFHTVRVT76UUQGI6UNMZQQ/ref=cm_cr_getr_d_gw_btm?ie=UTF8,,2022-07-28
B01AK7ZJYY,Fits great as a fluffy man .,Its got her fast ill be ordering more,Y,,Special Size: Standard | Size: XX-Large | Color: Navy C Logo,4,0,,,,,https://www.amazon.com/gp/customer-reviews/RFY9T2VHJZ66E/ref=cm_cr_getr_d_rvw_ttl?ie=UTF8&ASIN=B0C3W8MHZF,John chambers,"https://images-na.ssl-images-amazon.com/images/S/amazon-avatars-global/4def5aa1-a6ab-4718-83eb-384e05112e3a._CR0,0,375,375_SX48_.jpg",US,https://www.amazon.com/gp/profile/amzn1.account.AHBDTBSQLBCZE2DW2Y3N7QOU43SA/ref=cm_cr_getr_d_gw_btm?ie=UTF8,,2022-07-26
B01AK7XN9W,Not true to size.,Product not true to size.,Y,,Special Size: Standard | Size: XX-Large | Color: Team Maroon C Logo,2,0,,,,,https://www.amazon.com/gp/customer-reviews/R21UB1XWQ3OULU/ref=cm_cr_getr_d_rvw_ttl?ie=UTF8&ASIN=B0C3W8MHZF,emelda molten,"https://images-na.ssl-images-amazon.com/images/S/amazon-avatars-global/default._CR0,0,1024,1024_SX48_.png",US,https://www.amazon.com/gp/profile/amzn1.account.AFPHUQK62KHLDKVZI77UQZLGMCAQ/ref=cm_cr_getr_d_gw_btm?ie=UTF8,,2022-07-25
B01AK7XQQC,"Fits as expected, doft fabric","Shorts are as expected. lightweight, knee length. Washed well, So far do good!",Y,,Special Size: Standard | Size: X-Large | Color: Granite Heather C Logo,4,0,,,,,https://www.amazon.com/gp/customer-reviews/R32L1YE89Q96MD/ref=cm_cr_getr_d_rvw_ttl?ie=UTF8&ASIN=B0C3W8MHZF,Mike B.,"https://images-na.ssl-images-amazon.com/images/S/amazon-avatars-global/default._CR0,0,1024,1024_SX48_.png",US,https://www.amazon.com/gp/profile/amzn1.account.AE6MGXVS25VDITT74YYBTWYZKVRA/ref=cm_cr_getr_d_gw_btm?ie=UTF8,,2022-07-25
B01AK7YR06,Good shorts,These were good.  They were used for tying the ends and filling them with ketchup.  We then dropped them on people from our 8th floor apartment.  It was fun.,Y,,Special Size: Standard | Size: X-Large | Color: Surf the Web C Logo,4,0,,,,,https://www.amazon.com/gp/customer-reviews/R1SIHUTWIG3L89/ref=cm_cr_getr_d_rvw_ttl?ie=UTF8&ASIN=B0C3W8MHZF,Scott L. Dupont,"https://images-na.ssl-images-amazon.com/images/S/amazon-avatars-global/default._CR0,0,1024,1024_SX48_.png",US,https://www.amazon.com/gp/profile/amzn1.account.AGBYO5OGBOKRVRUA5RXWJBSDHZOA/ref=cm_cr_getr_d_gw_btm?ie=UTF8,,2022-07-22
B00N0FUHOQ,Love the product,"Bought 2 of these for my husband.  He uses this as his workout and post work out shorts.

They dry very easily.  Enough material for a loose and comfortable fit.

Looks great and sharp.

Have used it over 6 months without it 'ageying' to look old.

Would recommend.",Y,,Special Size: Standard | Size: Medium | Color: Surf the Web C Logo,4,1,,,,,https://www.amazon.com/gp/customer-reviews/R2IABB4QWESLPI/ref=cm_cr_getr_d_rvw_ttl?ie=UTF8&ASIN=B0C3W8MHZF,Sue Sundram,"https://images-na.ssl-images-amazon.com/images/S/amazon-avatars-global/default._CR0,0,1024,1024_SX48_.png",US,https://www.amazon.com/gp/profile/amzn1.account.AEWDJJYOQD5ROEJLQ2G5XFL3P47Q/ref=cm_cr_getr_d_gw_btm?ie=UTF8,,2022-07-22
B01AK7Y12A,They changed the materiel - these are now transparent,I've bought these exact shorts for years.  Within the past year they changed the materiel so that it's now see through.  I did a side by side comparison of this year's and last year's shorts and the difference is striking.,Y,,Special Size: Standard | Size: Medium | Color: Black C Logo,1,5,,,,,https://www.amazon.com/gp/customer-reviews/RBLTPRMTRNRL0/ref=cm_cr_getr_d_rvw_ttl?ie=UTF8&ASIN=B0C3W8MHZF,Bocreav,"https://images-na.ssl-images-amazon.com/images/S/amazon-avatars-global/default._CR0,0,1024,1024_SX48_.png",US,https://www.amazon.com/gp/profile/amzn1.account.AG2KJ4VUGHTOUJ4CSOP4PWA5NBCA/ref=cm_cr_getr_d_gw_btm?ie=UTF8,,2022-07-21
B00N0FUHOQ,Nice,"Nice for the price , the quality of the product seems good and fit is as expected. I like the ""C"" emblem also .",Y,,Special Size: Standard | Size: Medium | Color: Surf the Web C Logo,4,0,,,,,https://www.amazon.com/gp/customer-reviews/ROUDDIDKT1EGA/ref=cm_cr_getr_d_rvw_ttl?ie=UTF8&ASIN=B0C3W8MHZF,Timothy,"https://images-na.ssl-images-amazon.com/images/S/amazon-avatars-global/9d004cd4-9ee7-43f6-ae2c-bb8e166ad2be._CR61,0,378,378_SX48_.jpg",US,https://www.amazon.com/gp/profile/amzn1.account.AH6I6QLE7COH52JZWKMJY3HWZINA/ref=cm_cr_getr_d_gw_btm?ie=UTF8,,2022-07-19
B01AK7Y12A,Not for me,"Cheap, I just was not happy with them.",Y,,Special Size: Standard | Size: Medium | Color: Black C Logo,3,0,,,,,https://www.amazon.com/gp/customer-reviews/R1RJ4FBHJJY393/ref=cm_cr_getr_d_rvw_ttl?ie=UTF8&ASIN=B0C3W8MHZF,B. Thompson,"https://images-na.ssl-images-amazon.com/images/S/amazon-avatars-global/044b9686-daa7-42dc-b393-9e3c07d9a5b5._CR0,45.0,243,243_SX48_.jpg",US,https://www.amazon.com/gp/profile/amzn1.account.AH6SU2KTLBUUIX64624JILXTABLQ/ref=cm_cr_getr_d_gw_btm?ie=UTF8,,2022-07-16
B011KFGXQS,Great short for weekends and running errands,I like the material and length.  I was looking for quality shorts to throw on when I’m doing odd jobs or running errands.  These work well.,Y,,Special Size: Standard | Size: XX-Large | Color: Granite Heather C Logo,4,0,,,,,https://www.amazon.com/gp/customer-reviews/RPIHDO378ZB22/ref=cm_cr_getr_d_rvw_ttl?ie=UTF8&ASIN=B0C3W8MHZF,mjh9637,"https://images-na.ssl-images-amazon.com/images/S/amazon-avatars-global/default._CR0,0,1024,1024_SX48_.png",US,https://www.amazon.com/gp/profile/amzn1.account.AGGIJLUFT2D4VDAY3FODURIPBBGQ/ref=cm_cr_getr_d_gw_btm?ie=UTF8,,2022-07-10
B01AK7Y12A,"Large was too big, medium too small",I really like the material  but just didnt have a good size for me.. the large was too baggy and the mediums were too tight around the waist. Had to return both.,Y,,Special Size: Standard | Size: Medium | Color: Black C Logo,2,0,,,,,https://www.amazon.com/gp/customer-reviews/R1Y3S0PMSCTW27/ref=cm_cr_getr_d_rvw_ttl?ie=UTF8&ASIN=B0C3W8MHZF,Matt T.,"https://images-na.ssl-images-amazon.com/images/S/amazon-avatars-global/default._CR0,0,1024,1024_SX48_.png",US,https://www.amazon.com/gp/profile/amzn1.account.AFSEPXQK3VKRUZ3GHAQYJYOD7WZA/ref=cm_cr_getr_d_gw_btm?ie=UTF8,,2022-07-09
B01AK7XXLU,Feels really cheap,I spent $12 on these shorts and I guess I shouldn't have expected much. They are super super cheap. I got the graphite gray or whatever and they look like cheap sweatpants material from a distance. Should have just spent more for something nicer,Y,,Special Size: Standard | Size: Medium | Color: Granite Heather C Logo,2,0,,,,,https://www.amazon.com/gp/customer-reviews/RAP03VHB10SII/ref=cm_cr_getr_d_rvw_ttl?ie=UTF8&ASIN=B0C3W8MHZF,J R,"https://images-na.ssl-images-amazon.com/images/S/amazon-avatars-global/default._CR0,0,1024,1024_SX48_.png",US,https://www.amazon.com/gp/profile/amzn1.account.AEA4RUSCVZR527VRXFLLD5SH7PUA/ref=cm_cr_getr_d_gw_btm?ie=UTF8,,2022-07-06
B01AK7XUGS,Mens shorts,They are comfortable but hot and run small compared to the other ones I bought a few years ago,Y,,Special Size: Standard | Size: XX-Large | Color: Black C Logo,1,0,,,,,https://www.amazon.com/gp/customer-reviews/R30YQG7QRAWALI/ref=cm_cr_getr_d_rvw_ttl?ie=UTF8&ASIN=B0C3W8MHZF,Walleygirl,"https://images-na.ssl-images-amazon.com/images/S/amazon-avatars-global/default._CR0,0,1024,1024_SX48_.png",US,https://www.amazon.com/gp/profile/amzn1.account.AFUN4HF7WO76D3C3EQTCBO4BEGIA/ref=cm_cr_getr_d_gw_btm?ie=UTF8,,2022-07-05
B01AK7XIN8,Very nice came with a pull in material,The shorts fit great and are comfortable but they came with a pull in the material we didn’t notice until after they were worn and all the tags removed.,Y,,Special Size: Standard | Size: Large | Color: Granite Heather C Logo,3,0,,,,,https://www.amazon.com/gp/customer-reviews/RHPX9H30OBL4/ref=cm_cr_getr_d_rvw_ttl?ie=UTF8&ASIN=B0C3W8MHZF,Tracy,"https://images-na.ssl-images-amazon.com/images/S/amazon-avatars-global/default._CR0,0,1024,1024_SX48_.png",US,https://www.amazon.com/gp/profile/amzn1.account.AETDFT3C67WF3MLPFHCLQ5F6MTQQ/ref=cm_cr_getr_d_gw_btm?ie=UTF8,,2022-07-05
B01AK7Y102,Decent pair of shorts,"Bought for my teen son bc he hates anything that isn't elastic waistband. I don't think they're as long as the picture shows, which is important to my son bc he hates the shorter version men's shorts that are standard right now. Good price, comfy, true to size. Only reason lost a star is bc they can get runs in them after washing many times or catching on something.",Y,,Special Size: Standard | Size: X-Large | Color: Black C Logo,4,1,,,,,https://www.amazon.com/gp/customer-reviews/R132DLHVW4TI/ref=cm_cr_getr_d_rvw_ttl?ie=UTF8&ASIN=B0C3W8MHZF,H123,"https://images-na.ssl-images-amazon.com/images/S/amazon-avatars-global/default._CR0,0,1024,1024_SX48_.png",US,https://www.amazon.com/gp/profile/amzn1.account.AHEGNRQCRB7BUY5KZI6HGTBCRHHQ/ref=cm_cr_getr_d_gw_btm?ie=UTF8,,2022-07-04
B01M9BQTRB,Feels cheap,The fabric on these shorts is about .0005 millimeters thick. Seems like they could be sold at a dollar store.,Y,,Special Size: Standard | Size: Large | Color: Team Dark Green C Logo,3,0,,,,,https://www.amazon.com/gp/customer-reviews/R1KDSLNCPUBSXQ/ref=cm_cr_getr_d_rvw_ttl?ie=UTF8&ASIN=B0C3W8MHZF,John Strough,"https://images-na.ssl-images-amazon.com/images/S/amazon-avatars-global/default._CR0,0,1024,1024_SX48_.png",US,https://www.amazon.com/gp/profile/amzn1.account.AFKJYN4MV5T6QL27WSZQYYAMTMJA/ref=cm_cr_getr_d_gw_btm?ie=UTF8,,2022-07-01
B01AK7Y102,Perfect for what I need,I got these shorts to work out in.  They are perfect.  No complaints and nothing negative to say at all.,Y,,Special Size: Standard | Size: X-Large | Color: Black C Logo,4,0,,,,,https://www.amazon.com/gp/customer-reviews/R2DKMQVCEMXVD1/ref=cm_cr_getr_d_rvw_ttl?ie=UTF8&ASIN=B0C3W8MHZF,Amazon Customer,"https://images-na.ssl-images-amazon.com/images/S/amazon-avatars-global/default._CR0,0,1024,1024_SX48_.png",US,https://www.amazon.com/gp/profile/amzn1.account.AG7CEPC7HCERWTRVZPUMGFF3OQXA/ref=cm_cr_getr_d_gw_btm?ie=UTF8,,2022-07-01
B011KFGXQS,Nice shorts,"Nice shorts for good price, but they don’t breathe well, so they can be a bit warm when really active.",Y,,Special Size: Standard | Size: XX-Large | Color: Granite Heather C Logo,3,0,,,,,https://www.amazon.com/gp/customer-reviews/R22BUWBDD4YZ5W/ref=cm_cr_getr_d_rvw_ttl?ie=UTF8&ASIN=B0C3W8MHZF,Cusemax,"https://images-na.ssl-images-amazon.com/images/S/amazon-avatars-global/default._CR0,0,1024,1024_SX48_.png",US,https://www.amazon.com/gp/profile/amzn1.account.AEPUXQ74UEKH7EKFGMPSB2YMWGTQ/ref=cm_cr_getr_d_gw_btm?ie=UTF8,,2022-06-27
B00KUL0W1G,"Nice shirts, comfy, lightweight but short pockets","I like em a lot but the pockets are very short it my cell phone falls out every time i sit down. Also no back pocket. Otherwise exactly what i wanted for workouts, raquet sports",Y,,Special Size: Standard | Size: Large | Color: Black C Logo,4,0,,,,,https://www.amazon.com/gp/customer-reviews/R23FGI2KBUTAY/ref=cm_cr_getr_d_rvw_ttl?ie=UTF8&ASIN=B0C3W8MHZF,DIYer,"https://images-na.ssl-images-amazon.com/images/S/amazon-avatars-global/default._CR0,0,1024,1024_SX48_.png",US,https://www.amazon.com/gp/profile/amzn1.account.AEDYB5OOYKYUT57QVDZMYGPVD6YQ/ref=cm_cr_getr_d_gw_btm?ie=UTF8,,2022-06-27
B01AK7ZK7A,Defective pocket,"I have gotten these shorts before and be perfectly satisfied (hence I bought more), but in my most recent order it looks like the pocket material was cut short, so it didn't get sewn shut properly and there is a 1-1/2"" long opening.  (Or perhaps it was made correctly and got cut off later)

Can I please just get a good pair of shorts?",Y,,Special Size: Standard | Size: Large | Color: Navy C Logo,1,2,1,https://m.media-amazon.com/images/I/71Z7Grzl9pL._SY200.jpg,,,https://www.amazon.com/gp/customer-reviews/R1GD38N1L6S2W4/ref=cm_cr_getr_d_rvw_ttl?ie=UTF8&ASIN=B0C3W8MHZF,J. Bailar,"https://images-na.ssl-images-amazon.com/images/S/amazon-avatars-global/default._CR0,0,1024,1024_SX48_.png",US,https://www.amazon.com/gp/profile/amzn1.account.AGRJ356X4VYCG6MUNR4BXTTBKI7Q/ref=cm_cr_getr_d_gw_btm?ie=UTF8,,2022-06-26
B00KUL0W1G,Great if you don't mind smaller pockets,"I basically wear black shorts 90% of the time because I have sensory issues.  I usually wear Nike shorts because I like my shorts to touch my knees when standing and not be too short but those are $50 a pair.  These are a great alternative.
These say up without needing to tighten the wasteland and don't squeeze me too hard.  Honestly it feels like I'm not even wearing shorts with how light they feel.

I gave this 4 stars for one reason alone.  The pockets are shallow.  My s22 ultra's corner pokes out of my pocket for example.  The pockets are also made of mesh and one of them already has a small hole in it.",Y,,Special Size: Standard | Size: Large | Color: Black C Logo,4,1,,,,,https://www.amazon.com/gp/customer-reviews/R1EDYO9J8LNLT8/ref=cm_cr_getr_d_rvw_ttl?ie=UTF8&ASIN=B0C3W8MHZF,Tenoz,"https://images-na.ssl-images-amazon.com/images/S/amazon-avatars-global/default._CR0,0,1024,1024_SX48_.png",US,https://www.amazon.com/gp/profile/amzn1.account.AG37O2CUZTOJUESILHE5ZMIHZ6FQ/ref=cm_cr_getr_d_gw_btm?ie=UTF8,,2022-06-22
B01AK7YV1Q,"fits good, feels great","fits good, feels great",Y,,Special Size: Standard | Size: Small | Color: Navy C Logo,4,0,,,,,https://www.amazon.com/gp/customer-reviews/R1JAZ42W172K8I/ref=cm_cr_getr_d_rvw_ttl?ie=UTF8&ASIN=B0C3W8MHZF,John,"https://images-na.ssl-images-amazon.com/images/S/amazon-avatars-global/default._CR0,0,1024,1024_SX48_.png",US,https://www.amazon.com/gp/profile/amzn1.account.AGU43UB4LM4HNKOSERELUNIOQ6HA/ref=cm_cr_getr_d_gw_btm?ie=UTF8,,2022-06-20
B01AK7XXLU,Great buy for the money.,Got these for my son. He loves them.,Y,,Special Size: Standard | Size: Medium | Color: Granite Heather C Logo,4,0,,,,,https://www.amazon.com/gp/customer-reviews/R10765PPA9NMIO/ref=cm_cr_getr_d_rvw_ttl?ie=UTF8&ASIN=B0C3W8MHZF,Dan,"https://images-na.ssl-images-amazon.com/images/S/amazon-avatars-global/default._CR0,0,1024,1024_SX48_.png",US,https://www.amazon.com/gp/profile/amzn1.account.AG4DGXIJMXHWSD6GBDV4BNQWBBIQ/ref=cm_cr_getr_d_gw_btm?ie=UTF8,,2022-06-19
B01AK7ZJYY,Slinky,Not as long as shown.  Material is a mesh.,Y,,Special Size: Standard | Size: XX-Large | Color: Navy C Logo,3,0,,,,,https://www.amazon.com/gp/customer-reviews/R2K6KWCW49YLMD/ref=cm_cr_getr_d_rvw_ttl?ie=UTF8&ASIN=B0C3W8MHZF,justme,"https://images-na.ssl-images-amazon.com/images/S/amazon-avatars-global/default._CR0,0,1024,1024_SX48_.png",US,https://www.amazon.com/gp/profile/amzn1.account.AEINW6M6GYY7BHT2XLKVR3CT5GAA/ref=cm_cr_getr_d_gw_btm?ie=UTF8,,2022-06-15
B01AK7Y102,These are not cotton shorts,These are not cotton shorts.  Amazon need to clean up their front pages to show what you are going to receive,Y,,Special Size: Standard | Size: X-Large | Color: Black C Logo,1,0,,,,,https://www.amazon.com/gp/customer-reviews/R3L6LSRPTH6W9H/ref=cm_cr_getr_d_rvw_ttl?ie=UTF8&ASIN=B0C3W8MHZF,pmorlimont,"https://images-na.ssl-images-amazon.com/images/S/amazon-avatars-global/default._CR0,0,1024,1024_SX48_.png",US,https://www.amazon.com/gp/profile/amzn1.account.AE4RTSCTPUSKPGXEIBOV5JUTYTOQ/ref=cm_cr_getr_d_gw_btm?ie=UTF8,,2022-06-13
B01B4XYJLW,poor quality,Wore them only a couple of times and the hem stitching is coming apart,Y,,Special Size: Standard | Size: XX-Large | Color: Oxford Gray C Logo,1,1,,,,,https://www.amazon.com/gp/customer-reviews/R3VRSIK55BL9K4/ref=cm_cr_getr_d_rvw_ttl?ie=UTF8&ASIN=B0C3W8MHZF,science guy,"https://images-na.ssl-images-amazon.com/images/S/amazon-avatars-global/default._CR0,0,1024,1024_SX48_.png",US,https://www.amazon.com/gp/profile/amzn1.account.AHDAR5HINUHOX6PDJAZVXSNADP2Q/ref=cm_cr_getr_d_gw_btm?ie=UTF8,,2022-06-10
B00KUL0W1G,Good fit good quality,None,Y,,Special Size: Standard | Size: Large | Color: Black C Logo,4,0,,,,,https://www.amazon.com/gp/customer-reviews/R105IGEYS595I5/ref=cm_cr_getr_d_rvw_ttl?ie=UTF8&ASIN=B0C3W8MHZF,pete,"https://images-na.ssl-images-amazon.com/images/S/amazon-avatars-global/default._CR0,0,1024,1024_SX48_.png",US,https://www.amazon.com/gp/profile/amzn1.account.AF7U7TMR4XEMA5WLZAJ26RZMGKSA/ref=cm_cr_getr_d_gw_btm?ie=UTF8,,2022-06-07
B01AK7XUGS,Run small,"Unfortunately the short run small, unable to return over 30 days now. :-(",Y,,Special Size: Standard | Size: XX-Large | Color: Black C Logo,3,0,,,,,https://www.amazon.com/gp/customer-reviews/RMV8GU0CMFLQU/ref=cm_cr_getr_d_rvw_ttl?ie=UTF8&ASIN=B0C3W8MHZF,Bayshore Gardens Guy,"https://images-na.ssl-images-amazon.com/images/S/amazon-avatars-global/default._CR0,0,1024,1024_SX48_.png",US,https://www.amazon.com/gp/profile/amzn1.account.AGCEUISWE2XADYRKTVJ24YYOAO7Q/ref=cm_cr_getr_d_gw_btm?ie=UTF8,,2022-06-06
B011KFGXQS,Fits well priced ok,"Bought hubby he’s a bigger guy,
Says they are comfortable like the material too",Y,,Special Size: Standard | Size: XX-Large | Color: Granite Heather C Logo,4,0,,,,,https://www.amazon.com/gp/customer-reviews/RY0XTRRTTKW0D/ref=cm_cr_getr_d_rvw_ttl?ie=UTF8&ASIN=B0C3W8MHZF,Tulip,"https://images-na.ssl-images-amazon.com/images/S/amazon-avatars-global/default._CR0,0,1024,1024_SX48_.png",US,https://www.amazon.com/gp/profile/amzn1.account.AHE2JSV26UK7IQINFLOIRMOSZJKQ/ref=cm_cr_getr_d_gw_btm?ie=UTF8,,2022-06-06
B01AK7XXLU,Has a hole after first wash,It was nice until I noticed there’s a hole in it. I just had it for about 1.5 month and washed it once.,Y,,Special Size: Standard | Size: Medium | Color: Granite Heather C Logo,2,0,2,"https://m.media-amazon.com/images/I/81uUCl-ituL._SY200.jpg
https://m.media-amazon.com/images/I/91kralbJRVL._SY200.jpg",,,https://www.amazon.com/gp/customer-reviews/R3A5S8QGBD7VEZ/ref=cm_cr_getr_d_rvw_ttl?ie=UTF8&ASIN=B0C3W8MHZF,HaMi,"https://images-na.ssl-images-amazon.com/images/S/amazon-avatars-global/default._CR0,0,1024,1024_SX48_.png",US,https://www.amazon.com/gp/profile/amzn1.account.AHTDNLH7XQHEBILRLRFIAK3VYBTA/ref=cm_cr_getr_d_gw_btm?ie=UTF8,,2022-06-03
B00KUL0W1G,Just one issue...,"Overall, I think the shorts are great and this why I ordered 2 more.  After wearing a pair of the newest shorts to the gym, I noticed that it didn't have a drawstring.  Normally it wouldn't be an issue but the shorts are so light that having a phone in your pocket can cause them to sag.  No missing drawstrings in an of my other ones.",Y,,Special Size: Standard | Size: Large | Color: Black C Logo,3,0,,,,,https://www.amazon.com/gp/customer-reviews/R2CXAB0JQE2MKY/ref=cm_cr_getr_d_rvw_ttl?ie=UTF8&ASIN=B0C3W8MHZF,Ty,"https://images-na.ssl-images-amazon.com/images/S/amazon-avatars-global/default._CR0,0,1024,1024_SX48_.png",US,https://www.amazon.com/gp/profile/amzn1.account.AGRMSNX72DXSCGLJJ3MJYIEHTOMQ/ref=cm_cr_getr_d_gw_btm?ie=UTF8,,2022-06-02
B01AK7ZK6G,Not durable at all,The moment something catches on them they start falling apart. A callous in my hand literally caused them to start coming undone,Y,,Special Size: Standard | Size: Medium | Color: Team Maroon C Logo,2,0,2,"https://m.media-amazon.com/images/I/71AKbSCpScL._SY200.jpg
https://m.media-amazon.com/images/I/71lw9tuZ9LL._SY200.jpg",,,https://www.amazon.com/gp/customer-reviews/RCYT4ZFVEKKE9/ref=cm_cr_getr_d_rvw_ttl?ie=UTF8&ASIN=B0C3W8MHZF,Nickolas A. Johnson,"https://images-na.ssl-images-amazon.com/images/S/amazon-avatars-global/72665e28-6e6d-4d63-874e-013b95c0bee2._CR0,0.0,333,333_SX48_.jpg",US,https://www.amazon.com/gp/profile/amzn1.account.AEGT3JMAO7YM3WVRIXYBVKR2HBIA/ref=cm_cr_getr_d_gw_btm?ie=UTF8,,2022-05-31
B01AK7Z2AU,Each pair fits somewhat differently...,"Like these shorts for around the house.  Ordered 3 pairs: black, grey, and maroon. Each fits a bit differently: all are acceptable. The maroon shorts are my Goldilocks pair -  oh so just right!",Y,,Special Size: Standard | Size: X-Large | Color: Oxford Gray C Logo,4,1,,,,,https://www.amazon.com/gp/customer-reviews/RLH3DVFX6TG2U/ref=cm_cr_getr_d_rvw_ttl?ie=UTF8&ASIN=B0C3W8MHZF,Spike Daniels,"https://images-na.ssl-images-amazon.com/images/S/amazon-avatars-global/637d2d0d-6e4d-4d5e-a864-88e08ce0e911._CR0,0,375,375_SX48_.jpg",US,https://www.amazon.com/gp/profile/amzn1.account.AGWQK3BCQGIDSF3TNU4LJJGNJWVA/ref=cm_cr_getr_d_gw_btm?ie=UTF8,,2022-05-26
B01B4XYJLW,Not what I thought,It wasn't like basketball shorts there very short,Y,,Special Size: Standard | Size: XX-Large | Color: Oxford Gray C Logo,3,0,,,,,https://www.amazon.com/gp/customer-reviews/R1Q3OO6JTDZ1GJ/ref=cm_cr_getr_d_rvw_ttl?ie=UTF8&ASIN=B0C3W8MHZF,brooke,"https://images-na.ssl-images-amazon.com/images/S/amazon-avatars-global/default._CR0,0,1024,1024_SX48_.png",US,https://www.amazon.com/gp/profile/amzn1.account.AHUTPM53KHCMIUL6HO5CZCV2QZOQ/ref=cm_cr_getr_d_gw_btm?ie=UTF8,,2022-05-25
B01AK7Y102,Fits way smaller than expected!,I normally wear a size XL shorts to have a little extra room or bagginess for maximum comfort but these XL's were way too small & bordered on painfully uncomfortable in the inseam - balling would be impossible in these without some serious pain to the boys! Too bad because they seemed as though they were sturdily made but just not made in Western sizes - it is a fact that Asian sizes tend to be one to two sizes smaller than typical US/UK sizes & these are Asian made in the smaller Asian sizes so be forewarned men.,,,Special Size: Standard | Size: X-Large | Color: Black C Logo,2,0,,,,,https://www.amazon.com/gp/customer-reviews/R3MBO7L4FITKAE/ref=cm_cr_getr_d_rvw_ttl?ie=UTF8&ASIN=B0C3W8MHZF,John Andrea La Russa,"https://images-na.ssl-images-amazon.com/images/S/amazon-avatars-global/8fe6c364-42cc-4d04-8308-85f37287264e._CR0,53.0,227,227_SX48_.jpg",US,https://www.amazon.com/gp/profile/amzn1.account.AGOB6GZHYXUUIOQ3IB6NGVIQCWPA/ref=cm_cr_getr_d_gw_btm?ie=UTF8,,2022-05-19
B01AK7ZGN8,Yup they are gym shorts,They fit well and they are comfy. What else do you need from gym shorts?,Y,,Special Size: Standard | Size: X-Large | Color: Navy C Logo,3,0,,,,,https://www.amazon.com/gp/customer-reviews/RII63E7POBBBH/ref=cm_cr_getr_d_rvw_ttl?ie=UTF8&ASIN=B0C3W8MHZF,Ken,"https://images-na.ssl-images-amazon.com/images/S/amazon-avatars-global/default._CR0,0,1024,1024_SX48_.png",US,https://www.amazon.com/gp/profile/amzn1.account.AH6OCBSRAJFA4MIXSDTSZEDXYGFQ/ref=cm_cr_getr_d_gw_btm?ie=UTF8,,2022-05-19
B01AK7ZK6G,Perfect for summer,"Great lightweight shorts for the summer time, breathable and good for the price. You really cant beat the price. the material is ok, good for playing basket ball or sports of any kind.",Y,,Special Size: Standard | Size: Medium | Color: Team Maroon C Logo,4,0,,,,,https://www.amazon.com/gp/customer-reviews/R35CSC6UG1KD6E/ref=cm_cr_getr_d_rvw_ttl?ie=UTF8&ASIN=B0C3W8MHZF,danielle,"https://images-na.ssl-images-amazon.com/images/S/amazon-avatars-global/3f7dab7d-6f26-44ba-9163-187ef9e47918._CR0,0,500,500_SX48_.jpg",US,https://www.amazon.com/gp/profile/amzn1.account.AGW7RUJ4HUIZUSXMB42HXHYF5KTQ/ref=cm_cr_getr_d_gw_btm?ie=UTF8,https://www.amazon.com/gp/profile/amzn1.account.AGW7RUJ4HUIZUSXMB42HXHYF5KTQ/ref=cm_cr_getr_d_gw_btm?ie=UTF8,2022-05-18
B00XBPWIL0,Fit,Comfortable,Y,,Special Size: Standard | Size: Large | Color: Team Red Scarlet C Logo,3,0,,,,,https://www.amazon.com/gp/customer-reviews/R79T4EHVVNR28/ref=cm_cr_getr_d_rvw_ttl?ie=UTF8&ASIN=B0C3W8MHZF,Donald Haines,"https://images-na.ssl-images-amazon.com/images/S/amazon-avatars-global/default._CR0,0,1024,1024_SX48_.png",US,https://www.amazon.com/gp/profile/amzn1.account.AEQUCQ57BDGZHMP7ZJ7YJJQEJXQQ/ref=cm_cr_getr_d_gw_btm?ie=UTF8,,2022-05-16
B01AK7XJS2,not great quality but very comfortable and breathable,"Comfortable to wear and lightweight, have enjoyed running and playing basketball in them. 12.00$ when I bought them which is cheap, and the quality was reflective--the kind of thing that would easily rip (sometimes if i put my hand in my pocket too 'aggressively' i hear threads snap.... so mostly feels like I got what i payed for. I like them aesthetically as well.",Y,,Special Size: Standard | Size: Medium | Color: Oxford Gray C Logo,4,0,,,,,https://www.amazon.com/gp/customer-reviews/R2N6ZOBIKYX5ID/ref=cm_cr_getr_d_rvw_ttl?ie=UTF8&ASIN=B0C3W8MHZF,Caleb Conner,"https://images-na.ssl-images-amazon.com/images/S/amazon-avatars-global/default._CR0,0,1024,1024_SX48_.png",US,https://www.amazon.com/gp/profile/amzn1.account.AEOANSVHT5O4VZ6VJO52KATDGBTA/ref=cm_cr_getr_d_gw_btm?ie=UTF8,,2022-05-16
B00KUL0W1G,High School Gym Shorts,"I was hoping for newer style of polyester that was dri-fit, but it was like I was wearing my high school gym shorts. Also issue with Amazon sending a Small size and not a Large like I ordered but it’s not worth the effort to send them back. If you are looking to relive your high school gym short days. These are the shorts.",Y,,Special Size: Standard | Size: Large | Color: Black C Logo,2,0,,,,,https://www.amazon.com/gp/customer-reviews/R2MAEVBHDZTKY3/ref=cm_cr_getr_d_rvw_ttl?ie=UTF8&ASIN=B0C3W8MHZF,MIKE MAC,"https://images-na.ssl-images-amazon.com/images/S/amazon-avatars-global/default._CR0,0,1024,1024_SX48_.png",US,https://www.amazon.com/gp/profile/amzn1.account.AF7WNBXWDT3DMX2CINKLFIT3AKXA/ref=cm_cr_getr_d_gw_btm?ie=UTF8,,2022-05-07
B01AK7ZK7A,Style,Fit is nice,Y,,Special Size: Standard | Size: Large | Color: Navy C Logo,4,0,,,,,https://www.amazon.com/gp/customer-reviews/R31TOLOWZHB5GX/ref=cm_cr_getr_d_rvw_ttl?ie=UTF8&ASIN=B0C3W8MHZF,james,"https://images-na.ssl-images-amazon.com/images/S/amazon-avatars-global/default._CR0,0,1024,1024_SX48_.png",US,https://www.amazon.com/gp/profile/amzn1.account.AFYRBXZD3BU4HXHC2GPOFPS4KZ2Q/ref=cm_cr_getr_d_gw_btm?ie=UTF8,,2022-05-05
B01AK7XIN8,Too Thin,Can see your genitalia super easy because the shorts are too thin.,Y,,Special Size: Standard | Size: Large | Color: Granite Heather C Logo,2,0,,,,,https://www.amazon.com/gp/customer-reviews/R2IH8T4ELKHT9V/ref=cm_cr_getr_d_rvw_ttl?ie=UTF8&ASIN=B0C3W8MHZF,Amazon Customer,"https://images-na.ssl-images-amazon.com/images/S/amazon-avatars-global/default._CR0,0,1024,1024_SX48_.png",US,https://www.amazon.com/gp/profile/amzn1.account.AERBR5NMP5JUABYQJ355ZEL3OP5A/ref=cm_cr_getr_d_gw_btm?ie=UTF8,,2022-04-28
B01AK7XXLU,The sizing standard QC could be better,"Ordered two different colors, upon the tryon after unpacking discovered that the size feels different,as can be seen on pics both are size M but different manufacturing country... Go figure...",Y,,Special Size: Standard | Size: Medium | Color: Granite Heather C Logo,4,2,2,"https://m.media-amazon.com/images/I/615iAJ9aOtL._SY200.jpg
https://m.media-amazon.com/images/I/717TiVCL4iL._SY200.jpg",,,https://www.amazon.com/gp/customer-reviews/R2WOIPG2ZZYP87/ref=cm_cr_getr_d_rvw_ttl?ie=UTF8&ASIN=B0C3W8MHZF,DobermanS,"https://images-na.ssl-images-amazon.com/images/S/amazon-avatars-global/default._CR0,0,1024,1024_SX48_.png",US,https://www.amazon.com/gp/profile/amzn1.account.AENYRV3ZVT2KW6GLL5HKMHLQDPOA/ref=cm_cr_getr_d_gw_btm?ie=UTF8,,2022-04-19
B01AK7ZK7A,Already have runs in the material,"They are very lite weight and for well, but they already have a multiple spots where they have snags and runs. Only after a few wears. They will have holes in then before long. Just very cheap/thin material",Y,,Special Size: Standard | Size: Large | Color: Navy C Logo,2,0,,,,,https://www.amazon.com/gp/customer-reviews/RDKYLM9Z2Y96F/ref=cm_cr_getr_d_rvw_ttl?ie=UTF8&ASIN=B0C3W8MHZF,Abby Olsen,"https://images-na.ssl-images-amazon.com/images/S/amazon-avatars-global/default._CR0,0,1024,1024_SX48_.png",US,https://www.amazon.com/gp/profile/amzn1.account.AFT3OGYLJLL4LZPMMV7SGXZCSSFQ/ref=cm_cr_getr_d_gw_btm?ie=UTF8,,2022-04-15
B01AK7XXLU,Great quality....but,I bought these for my husband and he loved how soft they were when he took them out of the bag. However he wasn't to fond of the netted pockets as they were rough.  Other than that he liked the fit.,Y,,Special Size: Standard | Size: Medium | Color: Granite Heather C Logo,4,0,,,,,https://www.amazon.com/gp/customer-reviews/RABVTQCBMGW9O/ref=cm_cr_getr_d_rvw_ttl?ie=UTF8&ASIN=B0C3W8MHZF,Alexis,"https://images-na.ssl-images-amazon.com/images/S/amazon-avatars-global/5a633136-1e15-4001-a7dc-9b7d956cc690._CR0,0,1110,1110_SX48_.jpg",US,https://www.amazon.com/gp/profile/amzn1.account.AHONGK6I7LNINK4KFJXDUTG6L4VQ/ref=cm_cr_getr_d_gw_btm?ie=UTF8,,2022-03-17
B01AK7Z5HK,Size!,It seems to run smaller when compared to the original champion shorts from Macy.,Y,,Special Size: Standard | Size: Small | Color: Oxford Gray C Logo,1,1,,,,,https://www.amazon.com/gp/customer-reviews/R61P2581YO899/ref=cm_cr_getr_d_rvw_ttl?ie=UTF8&ASIN=B0C3W8MHZF,antthe4th,"https://images-na.ssl-images-amazon.com/images/S/amazon-avatars-global/default._CR0,0,1024,1024_SX48_.png",US,https://www.amazon.com/gp/profile/amzn1.account.AFII3I7XBTDE6PBKRZV4PNH2GKOA/ref=cm_cr_getr_d_gw_btm?ie=UTF8,,2022-03-15
B012JZ187M,Shorts Shrunk a full size,"initially the shorts seemed great, but they have shrunk a full size and can no longer be worn by my son",Y,,Special Size: Standard | Size: Small | Color: Black C Logo,1,2,,,,,https://www.amazon.com/gp/customer-reviews/R368769HLJ5YRE/ref=cm_cr_getr_d_rvw_ttl?ie=UTF8&ASIN=B0C3W8MHZF,Carrie,"https://images-na.ssl-images-amazon.com/images/S/amazon-avatars-global/default._CR0,0,1024,1024_SX48_.png",US,https://www.amazon.com/gp/profile/amzn1.account.AEXYGYRKPFFFQDSQTOY6CF6EZFWA/ref=cm_cr_getr_d_gw_btm?ie=UTF8,,2022-03-15
B012JZ187M,unflattering fit,basically just most basic stiff gym fabric in a BOX shape.  very high waist...unflattering & snug,Y,,Special Size: Standard | Size: Small | Color: Black C Logo,2,0,,,,,https://www.amazon.com/gp/customer-reviews/RBR1GO113RGRX/ref=cm_cr_getr_d_rvw_ttl?ie=UTF8&ASIN=B0C3W8MHZF,dnero,"https://images-na.ssl-images-amazon.com/images/S/amazon-avatars-global/default._CR0,0,1024,1024_SX48_.png",US,https://www.amazon.com/gp/profile/amzn1.account.AFXCT3Y7JTDVAEOP7LF2MY7N676Q/ref=cm_cr_getr_d_gw_btm?ie=UTF8,,2022-03-10
B00KUL0W1G,"Poor quality stitching, pocket was sewn together.","I paid $12 for these Champion shorts, and so I'm not going to bother with returning them. The left pocket had defective stitching, the pocket was sewn together about mid way down the pocket, making the pocket useless. I could cut the extra stitching, leaving a whole in the pocket, which will eventually make the pocket useless...",Y,,Special Size: Standard | Size: Large | Color: Black C Logo,3,1,,,,,https://www.amazon.com/gp/customer-reviews/R1Y6ESF7HW1DYH/ref=cm_cr_getr_d_rvw_ttl?ie=UTF8&ASIN=B0C3W8MHZF,Kindle Customer,"https://images-na.ssl-images-amazon.com/images/S/amazon-avatars-global/default._CR0,0,1024,1024_SX48_.png",US,https://www.amazon.com/gp/profile/amzn1.account.AEQYYGADPK7ZXYSHZBHQAY3ER4HA/ref=cm_cr_getr_d_gw_btm?ie=UTF8,,2022-03-08
B00KUL0W1G,"Good Price, Quality So So","These were at a good price, but the quality is not as good as some others I've purchased around the same price in the past. Will buy something else next time",Y,,Special Size: Standard | Size: Large | Color: Black C Logo,4,0,,,,,https://www.amazon.com/gp/customer-reviews/R298MYX0XTZRM0/ref=cm_cr_getr_d_rvw_ttl?ie=UTF8&ASIN=B0C3W8MHZF,Beau,"https://images-na.ssl-images-amazon.com/images/S/amazon-avatars-global/default._CR0,0,1024,1024_SX48_.png",US,https://www.amazon.com/gp/profile/amzn1.account.AF7W43YVBQXDLOONWEWSWG2RDPCA/ref=cm_cr_getr_d_gw_btm?ie=UTF8,,2022-03-03
B00N0FUHOQ,The material wasn't what I expected,The comfort is there but the material isn't. The do stretch well.,Y,,Special Size: Standard | Size: Medium | Color: Surf the Web C Logo,2,1,,,,,https://www.amazon.com/gp/customer-reviews/RCLZOFEHV1SFC/ref=cm_cr_getr_d_rvw_ttl?ie=UTF8&ASIN=B0C3W8MHZF,Amazon Customer,"https://images-na.ssl-images-amazon.com/images/S/amazon-avatars-global/default._CR0,0,1024,1024_SX48_.png",US,https://www.amazon.com/gp/profile/amzn1.account.AGC54K5VXIP4KUZHXDCD6WC7ULQQ/ref=cm_cr_getr_d_gw_btm?ie=UTF8,,2022-03-01
B01AK7Z5BG,They're workout shorts.,"They're workout shorts.  A little longer than I'd like, but they're fine.  And seriously, do you need to read an in depth review on workout shorts?",Y,,Special Size: Standard | Size: Large | Color: Oxford Gray C Logo,4,0,,,,,https://www.amazon.com/gp/customer-reviews/RTZVCZS0HHKGY/ref=cm_cr_getr_d_rvw_ttl?ie=UTF8&ASIN=B0C3W8MHZF,Amazon Customer,"https://images-na.ssl-images-amazon.com/images/S/amazon-avatars-global/default._CR0,0,1024,1024_SX48_.png",US,https://www.amazon.com/gp/profile/amzn1.account.AHKIU6HF3NKRHRO4M2O4KT7JANMA/ref=cm_cr_getr_d_gw_btm?ie=UTF8,,2022-02-27
B01AK7XIN8,Was delivered a pair of long pants,Was delivered the entire half of a human. No one would accept returns and now I'm stuck with a pair of rotting legs,Y,,Special Size: Standard | Size: Large | Color: Granite Heather C Logo,1,0,,,,,https://www.amazon.com/gp/customer-reviews/R515VZ13R6ZTU/ref=cm_cr_getr_d_rvw_ttl?ie=UTF8&ASIN=B0C3W8MHZF,Samuel Glasscock,"https://images-na.ssl-images-amazon.com/images/S/amazon-avatars-global/default._CR0,0,1024,1024_SX48_.png",US,https://www.amazon.com/gp/profile/amzn1.account.AGCM5RBK53JYLGZF3AF5AU2AJ25Q/ref=cm_cr_getr_d_gw_btm?ie=UTF8,,2022-02-19
B01AK7XUGS,Are they used?,No drawstring in the material was full of rips and holes.,Y,,Special Size: Standard | Size: XX-Large | Color: Black C Logo,1,0,,,,,https://www.amazon.com/gp/customer-reviews/R8UCI4RTQKWCY/ref=cm_cr_getr_d_rvw_ttl?ie=UTF8&ASIN=B0C3W8MHZF,Sara Albright,"https://images-na.ssl-images-amazon.com/images/S/amazon-avatars-global/3c5bce2f-6bb3-49b3-b14f-d590e7e4a108._CR0,0,376,376_SX48_.jpg",US,https://www.amazon.com/gp/profile/amzn1.account.AGPF4ARWOBL33PG3FPE3SJ5POXHA/ref=cm_cr_getr_d_gw_btm?ie=UTF8,,2022-02-10
B00KUL0W1G,Should’ve gone to Walmart,These were very cheap material and would not be something I’d buy again. I’ve bought better on sale at Walmart.,Y,,Special Size: Standard | Size: Large | Color: Black C Logo,3,0,,,,,https://www.amazon.com/gp/customer-reviews/R1RGYVVM0UWMAL/ref=cm_cr_getr_d_rvw_ttl?ie=UTF8&ASIN=B0C3W8MHZF,AClark,"https://images-na.ssl-images-amazon.com/images/S/amazon-avatars-global/default._CR0,0,1024,1024_SX48_.png",US,https://www.amazon.com/gp/profile/amzn1.account.AFD7JUJFTBEDOUNFIFKFWHKR67MA/ref=cm_cr_getr_d_gw_btm?ie=UTF8,,2022-02-08
B01AK7ZGN8,Defective workmanship,"Shorts have pockets, but the pockets are not sewn shut leaving annoying holes.",Y,,Special Size: Standard | Size: X-Large | Color: Navy C Logo,1,0,,,,,https://www.amazon.com/gp/customer-reviews/R1RG3A3CVDOVDT/ref=cm_cr_getr_d_rvw_ttl?ie=UTF8&ASIN=B0C3W8MHZF,The Joe,"https://images-na.ssl-images-amazon.com/images/S/amazon-avatars-global/default._CR0,0,1024,1024_SX48_.png",US,https://www.amazon.com/gp/profile/amzn1.account.AEUMIMDTQXLCQMOHFCJAKWL2DANQ/ref=cm_cr_getr_d_gw_btm?ie=UTF8,,2022-01-30
B01AK7XXLU,Too thin,"Fabric is too thin for training, a see through type material. I wear 36 on pants, the short fit well on waist and thigh.",Y,,Special Size: Standard | Size: Medium | Color: Granite Heather C Logo,3,0,1,https://m.media-amazon.com/images/I/71vkqAwcu6L._SY200.jpg,,,https://www.amazon.com/gp/customer-reviews/R2B3NQLDIPOI79/ref=cm_cr_getr_d_rvw_ttl?ie=UTF8&ASIN=B0C3W8MHZF,Ron,"https://images-na.ssl-images-amazon.com/images/S/amazon-avatars-global/default._CR0,0,1024,1024_SX48_.png",US,https://www.amazon.com/gp/profile/amzn1.account.AEYJQEFHLDCSIFPBXSE3FVH4M76A/ref=cm_cr_getr_d_gw_btm?ie=UTF8,,2022-01-26
B01AK7ZK7A,Light weight shorts.,"The product was delivered quickly.  They are very comfortable, including the waist band.  I don’t know how long they will last, being light weight,  but for sure,  the price can’t be beat.",Y,,Special Size: Standard | Size: Large | Color: Navy C Logo,4,1,,,,,https://www.amazon.com/gp/customer-reviews/R32WQL46JQ86AM/ref=cm_cr_getr_d_rvw_ttl?ie=UTF8&ASIN=B0C3W8MHZF,Jonathan Kleefield,"https://images-na.ssl-images-amazon.com/images/S/amazon-avatars-global/default._CR0,0,1024,1024_SX48_.png",US,https://www.amazon.com/gp/profile/amzn1.account.AF7UTNKRIAAFMYEJH4LBREFZPARA/ref=cm_cr_getr_d_gw_btm?ie=UTF8,,2022-01-21
B01AK7Z1ZG,Garage,These shorts are a joke. They wear out super fast.,Y,,Special Size: Standard | Size: Medium | Color: Navy C Logo,1,0,,,,,https://www.amazon.com/gp/customer-reviews/R11SHDE80WR7OS/ref=cm_cr_getr_d_rvw_ttl?ie=UTF8&ASIN=B0C3W8MHZF,Vito Dimente,"https://images-na.ssl-images-amazon.com/images/S/amazon-avatars-global/default._CR0,0,1024,1024_SX48_.png",US,https://www.amazon.com/gp/profile/amzn1.account.AG23UE6JXEMDENYOGIJO3HAKU54A/ref=cm_cr_getr_d_gw_btm?ie=UTF8,,2022-01-20
B01AK7YAXU,Size up on these,These were a little smaller than expected. Will size up next time.,Y,,Special Size: Standard | Size: Medium | Color: Team Red Scarlet C Logo,4,0,,,,,https://www.amazon.com/gp/customer-reviews/R1KRN3O3VR1ZSX/ref=cm_cr_getr_d_rvw_ttl?ie=UTF8&ASIN=B0C3W8MHZF,LizAmazon Customer,"https://images-na.ssl-images-amazon.com/images/S/amazon-avatars-global/default._CR0,0,1024,1024_SX48_.png",US,https://www.amazon.com/gp/profile/amzn1.account.AEBYU7BJJZ3ANVJK6A35KH74LNDA/ref=cm_cr_getr_d_gw_btm?ie=UTF8,,2022-01-03
B01AK7Y12A,Not what was in picture,It literally was not basketball shorts it’s literally like a pair of boxers idk if they did my order wrong,,,Special Size: Standard | Size: Medium | Color: Black C Logo,1,1,,,,,https://www.amazon.com/gp/customer-reviews/R3P4VG8CSWBHQ3/ref=cm_cr_getr_d_rvw_ttl?ie=UTF8&ASIN=B0C3W8MHZF,Monica,"https://images-na.ssl-images-amazon.com/images/S/amazon-avatars-global/default._CR0,0,1024,1024_SX48_.png",US,https://www.amazon.com/gp/profile/amzn1.account.AF77MM2YFRZMJZKI6TCF2HVPQLLA/ref=cm_cr_getr_d_gw_btm?ie=UTF8,,2021-12-23
B01AK7ZGN8,Quality shorts for the money,The length is right wear it needs to be right at the knee.,Y,,Special Size: Standard | Size: X-Large | Color: Navy C Logo,4,0,,,,,https://www.amazon.com/gp/customer-reviews/R30DKQN65PH0MY/ref=cm_cr_getr_d_rvw_ttl?ie=UTF8&ASIN=B0C3W8MHZF,Mee S Fleckenstein,"https://images-na.ssl-images-amazon.com/images/S/amazon-avatars-global/default._CR0,0,1024,1024_SX48_.png",US,https://www.amazon.com/gp/profile/amzn1.account.AGJWPHDLKRC7DIEHDQWCK2YOFFDQ/ref=cm_cr_getr_d_gw_btm?ie=UTF8,,2021-12-17
B00KUL0W1G,Good inexpensive workout shorts,Good inexpensive workout shorts,Y,,Special Size: Standard | Size: Large | Color: Black C Logo,4,0,,,,,https://www.amazon.com/gp/customer-reviews/RF7IS0P6QD85K/ref=cm_cr_getr_d_rvw_ttl?ie=UTF8&ASIN=B0C3W8MHZF,GoCards,"https://images-na.ssl-images-amazon.com/images/S/amazon-avatars-global/default._CR0,0,1024,1024_SX48_.png",US,https://www.amazon.com/gp/profile/amzn1.account.AGLDRBVQMU57NS7IINL4UFSML2ZQ/ref=cm_cr_getr_d_gw_btm?ie=UTF8,,2021-12-07
B01AK7Y102,I expected better from Champion.,These are awful. So thin that they are hardly opaque. Super cheap material. Very disappointing. Will be returning them.,Y,,Special Size: Standard | Size: X-Large | Color: Black C Logo,1,1,,,,,https://www.amazon.com/gp/customer-reviews/R23YKRTJIX2RZL/ref=cm_cr_getr_d_rvw_ttl?ie=UTF8&ASIN=B0C3W8MHZF,Van,"https://images-na.ssl-images-amazon.com/images/S/amazon-avatars-global/default._CR0,0,1024,1024_SX48_.png",US,https://www.amazon.com/gp/profile/amzn1.account.AHPKQN4RFRU5DFJ6QF64VMVOBL4A/ref=cm_cr_getr_d_gw_btm?ie=UTF8,,2021-11-27
B00KUL0W1G,large is way bigger than last shorts ordered,"Love the shorts, but the cut is way too big for a large size. Will not stay on me even when drawstrings is used. Have ordered same size in the past and they fit perfect. Not sure if there made somewhere different.
Also two pairs order earlier have the drawstring backwards, not in front  as it should be. Not sure about Champion quality control anymore.. Can you please help me with this. They were washed before wearing as I always do. Previously they were perfect size so I assume they would be again...",Y,,Special Size: Standard | Size: Large | Color: Black C Logo,1,2,,,,,https://www.amazon.com/gp/customer-reviews/R3T62664L0YCS0/ref=cm_cr_getr_d_rvw_ttl?ie=UTF8&ASIN=B0C3W8MHZF,Don,"https://images-na.ssl-images-amazon.com/images/S/amazon-avatars-global/default._CR0,0,1024,1024_SX48_.png",US,https://www.amazon.com/gp/profile/amzn1.account.AHKXQPZ5XJWCZWLEYJCZGVDNFCBA/ref=cm_cr_getr_d_gw_btm?ie=UTF8,,2021-11-26
B011KFGXQS,Poor quality,Purchased for husband…The grey shorts arrived with a hole in the pocket and the stitching coming loose on the waistband… very poor quality,Y,,Special Size: Standard | Size: XX-Large | Color: Granite Heather C Logo,1,1,,,,,https://www.amazon.com/gp/customer-reviews/R2MA35RXFRBR7S/ref=cm_cr_getr_d_rvw_ttl?ie=UTF8&ASIN=B0C3W8MHZF,Lisa Wilson,"https://images-na.ssl-images-amazon.com/images/S/amazon-avatars-global/default._CR0,0,1024,1024_SX48_.png",US,https://www.amazon.com/gp/profile/amzn1.account.AEW2PRO7HWZN6Q7OPI4IMQ4RGEFA/ref=cm_cr_getr_d_gw_btm?ie=UTF8,,2021-11-16
B00KUKZO56,"""Large"" size chart is 36-38"". Actuality is 28"" waist.","I bought a bunch of  Champion shorts and sweatpants, size Large. They are consistently undersized by 7-9"" in the waist.  The men's Large actual 28"" waist is what Champion's boys XL size is: (28.5-29.5"")
Another example of large companies giving customers increasingly  skimpier and smaller products. Way to go.",Y,,Special Size: Standard | Size: Large | Color: Surf the Web C Logo,1,0,,,,,https://www.amazon.com/gp/customer-reviews/R1LYBBCZ13ISOE/ref=cm_cr_getr_d_rvw_ttl?ie=UTF8&ASIN=B0C3W8MHZF,Amazon Customer,"https://images-na.ssl-images-amazon.com/images/S/amazon-avatars-global/default._CR0,0,1024,1024_SX48_.png",US,https://www.amazon.com/gp/profile/amzn1.account.AEHOVVRA3RU5TSHJIAJ2TCNCX57A/ref=cm_cr_getr_d_gw_btm?ie=UTF8,,2021-11-15
B01AK7XIN8,Color off.,"Color was lighter than pictured...but for the price, I'll keep them.",Y,,Special Size: Standard | Size: Large | Color: Granite Heather C Logo,4,0,,,,,https://www.amazon.com/gp/customer-reviews/R2X9Y2B5G55R8R/ref=cm_cr_getr_d_rvw_ttl?ie=UTF8&ASIN=B0C3W8MHZF,Dennis VanderWal,"https://images-na.ssl-images-amazon.com/images/S/amazon-avatars-global/default._CR0,0,1024,1024_SX48_.png",US,https://www.amazon.com/gp/profile/amzn1.account.AHICNUZWWTXTD6HLPQMJ3CKDKLSA/ref=cm_cr_getr_d_gw_btm?ie=UTF8,,2021-11-14
B01AK7XIN8,Just another's pair of shorts,Casual wear,Y,,Special Size: Standard | Size: Large | Color: Granite Heather C Logo,3,0,,,,,https://www.amazon.com/gp/customer-reviews/R21KTW0ZRXFMML/ref=cm_cr_getr_d_rvw_ttl?ie=UTF8&ASIN=B0C3W8MHZF,Warren A. White,"https://images-na.ssl-images-amazon.com/images/S/amazon-avatars-global/default._CR0,0,1024,1024_SX48_.png",US,https://www.amazon.com/gp/profile/amzn1.account.AEXBX6FMVBMDCS6K3FRGB7F5XJ7Q/ref=cm_cr_getr_d_gw_btm?ie=UTF8,,2021-10-27
B01AK7XUGS,Comfortable workout shorts,Comfortable workout shorts,Y,,Special Size: Standard | Size: XX-Large | Color: Black C Logo,4,0,,,,,https://www.amazon.com/gp/customer-reviews/R2MYKKRWI3E11V/ref=cm_cr_getr_d_rvw_ttl?ie=UTF8&ASIN=B0C3W8MHZF,Maskil,"https://images-na.ssl-images-amazon.com/images/S/amazon-avatars-global/default._CR0,0,1024,1024_SX48_.png",US,https://www.amazon.com/gp/profile/amzn1.account.AF6QLXV6PNW354GI7GYV3JVVLQ6Q/ref=cm_cr_getr_d_gw_btm?ie=UTF8,,2021-10-25
B01AK7Z2AU,Comfort and relax!,Like the style and fit - wish it had back pocket for wallet!,Y,,Special Size: Standard | Size: X-Large | Color: Oxford Gray C Logo,4,0,,,,,https://www.amazon.com/gp/customer-reviews/R3B0OZ4H3JTXPK/ref=cm_cr_getr_d_rvw_ttl?ie=UTF8&ASIN=B0C3W8MHZF,Richard Soucy,"https://images-na.ssl-images-amazon.com/images/S/amazon-avatars-global/default._CR0,0,1024,1024_SX48_.png",US,https://www.amazon.com/gp/profile/amzn1.account.AGCZARUPONEGWH3CN362DAEHVHOA/ref=cm_cr_getr_d_gw_btm?ie=UTF8,,2021-10-22
B00KUL0W1G,Non returnable,The sizing chart is way off and I just found out these are nonrefundable. Don’t waste your money or time,Y,,Special Size: Standard | Size: Large | Color: Black C Logo,1,1,,,,,https://www.amazon.com/gp/customer-reviews/R9NY6DD07YN3H/ref=cm_cr_getr_d_rvw_ttl?ie=UTF8&ASIN=B0C3W8MHZF,DD,"https://images-na.ssl-images-amazon.com/images/S/amazon-avatars-global/14d3d36f-710b-495c-8f31-c31f56d1a3df._CR0,26.0,281,281_SX48_.jpg",US,https://www.amazon.com/gp/profile/amzn1.account.AEJST3QQCCJ7AQMMJOUF5BZNZFAA/ref=cm_cr_getr_d_gw_btm?ie=UTF8,,2021-10-14
B00KUL0W1G,"Did not fit, cannot return, ripoff.","The product is not the size dimensions as advertised. They do not allow returns, ripoff.",Y,,Special Size: Standard | Size: Large | Color: Black C Logo,1,1,,,,,https://www.amazon.com/gp/customer-reviews/RPA5JPWEKWDPO/ref=cm_cr_getr_d_rvw_ttl?ie=UTF8&ASIN=B0C3W8MHZF,Matthew,"https://images-na.ssl-images-amazon.com/images/S/amazon-avatars-global/default._CR0,0,1024,1024_SX48_.png",US,https://www.amazon.com/gp/profile/amzn1.account.AGP3LHYCRSHT7D74POGHSNQL27GA/ref=cm_cr_getr_d_gw_btm?ie=UTF8,,2021-10-04
B01AK7XUGS,Fell apart immediately,I bought two pairs. One got a run and turned into essentially fishnet shorts the first week. The second pair lasted less than a month.,Y,,Special Size: Standard | Size: XX-Large | Color: Black C Logo,1,1,,,,,https://www.amazon.com/gp/customer-reviews/R3EW9O6A4HQEGM/ref=cm_cr_getr_d_rvw_ttl?ie=UTF8&ASIN=B0C3W8MHZF,Mikhail Mendizabal,"https://images-na.ssl-images-amazon.com/images/S/amazon-avatars-global/default._CR0,0,1024,1024_SX48_.png",US,https://www.amazon.com/gp/profile/amzn1.account.AEJ32FYY2IYNV6XCVRR5NY6ZBWYQ/ref=cm_cr_getr_d_gw_btm?ie=UTF8,,2021-09-15
B01AK7XQQC,Light weight,"Too short for 6'2'. Very nice, lightweight.",,,Special Size: Standard | Size: X-Large | Color: Granite Heather C Logo,4,0,,,,,https://www.amazon.com/gp/customer-reviews/RV8LNF8SPRYHX/ref=cm_cr_getr_d_rvw_ttl?ie=UTF8&ASIN=B0C3W8MHZF,Sewga,"https://images-na.ssl-images-amazon.com/images/S/amazon-avatars-global/default._CR0,0,1024,1024_SX48_.png",US,https://www.amazon.com/gp/profile/amzn1.account.AF5W6ZMW2Z6TJOBH6EFEHWFCCUYA/ref=cm_cr_getr_d_gw_btm?ie=UTF8,,2021-09-12
B01AK7XXLU,Perfectly fit,"They are extremely light, easy to get on/off and wear great regardless of what I do.",Y,,Special Size: Standard | Size: Medium | Color: Granite Heather C Logo,4,0,,,,,https://www.amazon.com/gp/customer-reviews/R2ARHXD7QT4240/ref=cm_cr_getr_d_rvw_ttl?ie=UTF8&ASIN=B0C3W8MHZF,michael donaldson,"https://images-na.ssl-images-amazon.com/images/S/amazon-avatars-global/default._CR0,0,1024,1024_SX48_.png",US,https://www.amazon.com/gp/profile/amzn1.account.AGMTMAQ2TLADMD2LRGIDIIRC5VZA/ref=cm_cr_getr_d_gw_btm?ie=UTF8,,2021-09-07
B00KUL0W1G,These had no tags were stained with a hole in the butt,Ordered two pairs. One blue with tags perfect and these with no tags and stained with holes in the butt.,Y,,Special Size: Standard | Size: Large | Color: Black C Logo,2,1,,,,,https://www.amazon.com/gp/customer-reviews/R3R50KBD6G1XJP/ref=cm_cr_getr_d_rvw_ttl?ie=UTF8&ASIN=B0C3W8MHZF,Tara Amdahl,"https://images-na.ssl-images-amazon.com/images/S/amazon-avatars-global/default._CR0,0,1024,1024_SX48_.png",US,https://www.amazon.com/gp/profile/amzn1.account.AHWXW46EV3JOWW5SZSLSHWGHMXQA/ref=cm_cr_getr_d_gw_btm?ie=UTF8,,2021-09-04
B01AK7Y12A,Waist Band a Little Tight,I usually wear 31" but the waist band is a little tight. 31" Inseam and it just covers my knees. Lightweight and comfortable. Not bad for the price.,Y,,Special Size: Standard | Size: Medium | Color: Black C Logo,4,0,,,,,https://www.amazon.com/gp/customer-reviews/R2B8Z8M3EDY6P8/ref=cm_cr_getr_d_rvw_ttl?ie=UTF8&ASIN=B0C3W8MHZF,golfjelly,"https://images-na.ssl-images-amazon.com/images/S/amazon-avatars-global/default._CR0,0,1024,1024_SX48_.png",US,https://www.amazon.com/gp/profile/amzn1.account.AGP3MXQ7AMDZGI74PJSKTRECN2RQ/ref=cm_cr_getr_d_gw_btm?ie=UTF8,,2021-09-02
B01AK7Z5HK,Never buy again - Weared out in a month,This is the situation after a month wearing max 4 times in total.,Y,,Special Size: Standard | Size: Small | Color: Oxford Gray C Logo,1,0,1,https://m.media-amazon.com/images/I/91dGsKMLinL._SY200.jpg,,,https://www.amazon.com/gp/customer-reviews/RPCTKOMUPEBIA/ref=cm_cr_getr_d_rvw_ttl?ie=UTF8&ASIN=B0C3W8MHZF,Rag,"https://images-na.ssl-images-amazon.com/images/S/amazon-avatars-global/default._CR0,0,1024,1024_SX48_.png",US,https://www.amazon.com/gp/profile/amzn1.account.AFCWJDO3RZN22PSNIGRPEZ63GEGQ/ref=cm_cr_getr_d_gw_btm?ie=UTF8,,2021-08-28
B01AK7ZK7A,Horrible quality,The feel was off like cheap and it wasn't comfortable at all but yes its very light weight,Y,,Special Size: Standard | Size: Large | Color: Navy C Logo,1,0,,,,,https://www.amazon.com/gp/customer-reviews/R1EST5M484MCWJ/ref=cm_cr_getr_d_rvw_ttl?ie=UTF8&ASIN=B0C3W8MHZF,Thomas,"https://images-na.ssl-images-amazon.com/images/S/amazon-avatars-global/ad0cc4cc-87db-4cff-9589-9cc5229cde88._CR0,51.0,230,230_SX48_.jpg",US,https://www.amazon.com/gp/profile/amzn1.account.AGPZI5HVQLW2AJEJBN7EFAG2PVAA/ref=cm_cr_getr_d_gw_btm?ie=UTF8,,2021-08-04
B00KUL0W1G,Cheap price but poor quality,Pocket broke in a week. I never put anything heavy in but keys and wallets.,Y,,Special Size: Standard | Size: Large | Color: Black C Logo,3,0,,,,,https://www.amazon.com/gp/customer-reviews/R2ZVEJKYCJWUK1/ref=cm_cr_getr_d_rvw_ttl?ie=UTF8&ASIN=B0C3W8MHZF,zuxi cui,"https://images-na.ssl-images-amazon.com/images/S/amazon-avatars-global/default._CR0,0,1024,1024_SX48_.png",US,https://www.amazon.com/gp/profile/amzn1.account.AHRGMWUXAZEEHTK6U6ULWPT5NZBA/ref=cm_cr_getr_d_gw_btm?ie=UTF8,,2021-08-03
B011KF62BO,Sizes vary with color,"Sizing Changes with different colors in the material, Burgundy is sized smaller, get a size up,",Y,,Special Size: Standard | Size: X-Large | Color: Team Maroon C Logo,2,1,,,,,https://www.amazon.com/gp/customer-reviews/R2RDCFFZODYE2M/ref=cm_cr_getr_d_rvw_ttl?ie=UTF8&ASIN=B0C3W8MHZF,daniel.chapa,"https://images-na.ssl-images-amazon.com/images/S/amazon-avatars-global/default._CR0,0,1024,1024_SX48_.png",US,https://www.amazon.com/gp/profile/amzn1.account.AGQVXX6J5FO7BWWIDBHXMT7JXNRQ/ref=cm_cr_getr_d_gw_btm?ie=UTF8,,2021-07-18
B00KUKZO56,Unravelled after a month.....pissed,Cheap and doesn't last even though they seemed fine at first,Y,,Special Size: Standard | Size: Large | Color: Surf the Web C Logo,1,1,,,,,https://www.amazon.com/gp/customer-reviews/RGSIJ9Y7NNF7V/ref=cm_cr_getr_d_rvw_ttl?ie=UTF8&ASIN=B0C3W8MHZF,lutulutu,"https://images-na.ssl-images-amazon.com/images/S/amazon-avatars-global/default._CR0,0,1024,1024_SX48_.png",US,https://www.amazon.com/gp/profile/amzn1.account.AEMJ2X5ONXR6LJ3OBBK4N7FZTH2A/ref=cm_cr_getr_d_gw_btm?ie=UTF8,,2021-07-06
B01AK7XUGS,Short not very short for 10”,Shorts way too long. Much longer than 10”. Goes past my knees.,Y,,Special Size: Standard | Size: XX-Large | Color: Black C Logo,2,0,,,,,https://www.amazon.com/gp/customer-reviews/R3DQ9DHLDMX91L/ref=cm_cr_getr_d_rvw_ttl?ie=UTF8&ASIN=B0C3W8MHZF,Earley Family,"https://images-na.ssl-images-amazon.com/images/S/amazon-avatars-global/default._CR0,0,1024,1024_SX48_.png",US,https://www.amazon.com/gp/profile/amzn1.account.AHB3WDEO7ESYVD6BIJNGNOZYBXSQ/ref=cm_cr_getr_d_gw_btm?ie=UTF8,,2021-07-06
B00KUL0W1G,Not great quality tiny pull creates a hole. Not durable for teenagers,Not durable,Y,,Special Size: Standard | Size: Large | Color: Black C Logo,1,0,,,,,https://www.amazon.com/gp/customer-reviews/R3RWYXYS3MOJY5/ref=cm_cr_getr_d_rvw_ttl?ie=UTF8&ASIN=B0C3W8MHZF,Dawn,"https://images-na.ssl-images-amazon.com/images/S/amazon-avatars-global/default._CR0,0,1024,1024_SX48_.png",US,https://www.amazon.com/gp/profile/amzn1.account.AG7VQ23F5RVYRCG7HHQHUU4SUAIA/ref=cm_cr_getr_d_gw_btm?ie=UTF8,,2021-06-15
B01AK7XXLU,Watch out,This material gets hung up on things.  It's like pantyhose and getting a runner.  I am returning,Y,,Special Size: Standard | Size: Medium | Color: Granite Heather C Logo,2,0,,,,,https://www.amazon.com/gp/customer-reviews/R2SICE2GZ5B4QH/ref=cm_cr_getr_d_rvw_ttl?ie=UTF8&ASIN=B0C3W8MHZF,Brian Forrester,"https://images-na.ssl-images-amazon.com/images/S/amazon-avatars-global/default._CR0,0,1024,1024_SX48_.png",US,https://www.amazon.com/gp/profile/amzn1.account.AE4NHQWEGAHAE7SQIXL65X5QM5XQ/ref=cm_cr_getr_d_gw_btm?ie=UTF8,,2021-06-14
B01AK7Y12A,"Thin,basic","The short is thin.  The waist is tight, but the legs are too large and loose. But they do have mesh pockets which are pretty deep which is a bonus.",Y,,Special Size: Standard | Size: Medium | Color: Black C Logo,3,0,,,,,https://www.amazon.com/gp/customer-reviews/R49TB4W0UZTRO/ref=cm_cr_getr_d_rvw_ttl?ie=UTF8&ASIN=B0C3W8MHZF,HUI,"https://images-na.ssl-images-amazon.com/images/S/amazon-avatars-global/default._CR0,0,1024,1024_SX48_.png",US,https://www.amazon.com/gp/profile/amzn1.account.AFUIRLEQR4HSD7PQP36SEJVKZBOA/ref=cm_cr_getr_d_gw_btm?ie=UTF8,,2021-06-08
B01AK7Y12A,Тerrible quality - waste of money,"Very disappointed, bad quality. Еasily ripped after one use!",Y,,Special Size: Standard | Size: Medium | Color: Black C Logo,1,0,,,,,https://www.amazon.com/gp/customer-reviews/R2A7BLY38TPOVG/ref=cm_cr_getr_d_rvw_ttl?ie=UTF8&ASIN=B0C3W8MHZF,Ritchie Finestra,"https://images-na.ssl-images-amazon.com/images/S/amazon-avatars-global/default._CR0,0,1024,1024_SX48_.png",US,https://www.amazon.com/gp/profile/amzn1.account.AE2HKAZNGF3BHBIEDQUJFU5GN2EA/ref=cm_cr_getr_d_gw_btm?ie=UTF8,,2021-06-05
B01AK7Z2AU,Shocked,I've been wearing Champions for decades! I was shocked to receive these shorts and see how poorly they were made! You can see light through the fabric and it just appears cheaply made!I guess I'm going to try and forget about this order.. I'll surely try Champion again l.,Y,,Special Size: Standard | Size: X-Large | Color: Oxford Gray C Logo,1,4,,,,,https://www.amazon.com/gp/customer-reviews/R2D8FGX25DLBW9/ref=cm_cr_getr_d_rvw_ttl?ie=UTF8&ASIN=B0C3W8MHZF,Leo Scags,"https://images-na.ssl-images-amazon.com/images/S/amazon-avatars-global/default._CR0,0,1024,1024_SX48_.png",US,https://www.amazon.com/gp/profile/amzn1.account.AEBT7DM5HCEGTA4NPS7AZQYSGCIQ/ref=cm_cr_getr_d_gw_btm?ie=UTF8,,2021-05-31
B01AK7Z1ZG,"Size Changed, Too Long","Super comfortable shorts that are lightweight, breathable, and great for working out or lounging around at home. Bought 3 medium pairs in 2017, they are my favorite shorts. Just bought 3 pairs in 2021, waist feels similar but at least two inches longer than the older pairs. Feel like I’m wearing basketball shorts from the 90’s. Returning ASAP.",Y,,Special Size: Standard | Size: Medium | Color: Navy C Logo,3,0,,,,,https://www.amazon.com/gp/customer-reviews/R4AQLR5911DDN/ref=cm_cr_getr_d_rvw_ttl?ie=UTF8&ASIN=B0C3W8MHZF,Randy Ho,"https://images-na.ssl-images-amazon.com/images/S/amazon-avatars-global/default._CR0,0,1024,1024_SX48_.png",US,https://www.amazon.com/gp/profile/amzn1.account.AHQ6KVUNTD7K4DPNVITXD7DDC4KQ/ref=cm_cr_getr_d_gw_btm?ie=UTF8,,2021-05-30
B01B4XYJLW,Wrong color,Wrong color,Y,,Special Size: Standard | Size: XX-Large | Color: Oxford Gray C Logo,3,0,,,,,https://www.amazon.com/gp/customer-reviews/R279Z7SFD3ACFZ/ref=cm_cr_getr_d_rvw_ttl?ie=UTF8&ASIN=B0C3W8MHZF,sonia,"https://images-na.ssl-images-amazon.com/images/S/amazon-avatars-global/be240b27-1998-4922-8b89-6c3611bc3fea._CR0,26.0,281,281_SX48_.jpg",US,https://www.amazon.com/gp/profile/amzn1.account.AGGFBR3LW3MYI5FMSZ275GMFCP7Q/ref=cm_cr_getr_d_gw_btm?ie=UTF8,,2021-04-15
B00XBPWIL0,CUT- not torn,There were literal CUTS (not tears) in the shorts like someone used a box cutter in several spots. Very disappointed.,Y,,Special Size: Standard | Size: Large | Color: Team Red Scarlet C Logo,1,0,,,,,https://www.amazon.com/gp/customer-reviews/R106G1SHBGYX8H/ref=cm_cr_getr_d_rvw_ttl?ie=UTF8&ASIN=B0C3W8MHZF,Kirsten Anderson,"https://images-na.ssl-images-amazon.com/images/S/amazon-avatars-global/default._CR0,0,1024,1024_SX48_.png",US,https://www.amazon.com/gp/profile/amzn1.account.AGNT7QUVBUBADNZRHGCOTPHCRQ5Q/ref=cm_cr_getr_d_gw_btm?ie=UTF8,,2021-04-05
B00KUKZO56,The item is the wrong size,"The color and material are fine however the size is incorrect, I need an extra large, the size I received is a large.",Y,,Special Size: Standard | Size: Large | Color: Surf the Web C Logo,3,0,,,,,https://www.amazon.com/gp/customer-reviews/R3TU23XSQCDXPT/ref=cm_cr_getr_d_rvw_ttl?ie=UTF8&ASIN=B0C3W8MHZF,Barry,"https://images-na.ssl-images-amazon.com/images/S/amazon-avatars-global/default._CR0,0,1024,1024_SX48_.png",US,https://www.amazon.com/gp/profile/amzn1.account.AEAIBFYGHN7ONB4TXHE56YP6XHQQ/ref=cm_cr_getr_d_gw_btm?ie=UTF8,,2021-02-17
B01AK7XJS2,Poor quality seams,Seams are poorly made.,Y,,Special Size: Standard | Size: Medium | Color: Oxford Gray C Logo,1,0,,,,,https://www.amazon.com/gp/customer-reviews/R3F0DA492V8D2O/ref=cm_cr_getr_d_rvw_ttl?ie=UTF8&ASIN=B0C3W8MHZF,Dan,"https://images-na.ssl-images-amazon.com/images/S/amazon-avatars-global/default._CR0,0,1024,1024_SX48_.png",US,https://www.amazon.com/gp/profile/amzn1.account.AG2X7LHPCDNAGC4XGKCKYGX3EBGQ/ref=cm_cr_getr_d_gw_btm?ie=UTF8,,2021-02-12
B01AK7Y102,Good if the brand name came out,"All good, only the brand name came out",Y,,Special Size: Standard | Size: X-Large | Color: Black C Logo,3,0,1,https://images-na.ssl-images-amazon.com/images/I/A1xXZGzce3L._SY200.jpg,,,https://www.amazon.com/gp/customer-reviews/R3NJVB751UVQ1P/ref=cm_cr_getr_d_rvw_ttl?ie=UTF8&ASIN=B0C3W8MHZF,mohamed,"https://images-na.ssl-images-amazon.com/images/S/amazon-avatars-global/default._CR0,0,1024,1024_SX48_.png",US,https://www.amazon.com/gp/profile/amzn1.account.AGJI44KZD45ECSWPJFB44OBSXC5Q/ref=cm_cr_getr_d_gw_btm?ie=UTF8,,2021-02-10
B01AK7Z5HK,To small,"When I buy men's bottoms, I usually get a small, but these are too small. Should've got a medium.",Y,,Special Size: Standard | Size: Small | Color: Oxford Gray C Logo,3,0,,,,,https://www.amazon.com/gp/customer-reviews/R2KX65UL2YWLIW/ref=cm_cr_getr_d_rvw_ttl?ie=UTF8&ASIN=B0C3W8MHZF,Elisa Alvarez,"https://images-na.ssl-images-amazon.com/images/S/amazon-avatars-global/9fb07929-e8e5-4c7b-b806-1f618df8344a._CR0,33.0,266,266_SX48_.jpg",US,https://www.amazon.com/gp/profile/amzn1.account.AHC4M7SFW6SJSBRCGQZGKT2VTNUQ/ref=cm_cr_getr_d_gw_btm?ie=UTF8,,2021-01-26
B00KUL0W1G,Not as described. Received cotton not polyester...,"These are not the shorts listed. Received the wrong size, ordered large and received a small. Also received cotton shorts versus the polyester training shorts. Now going through the return process...",Y,,Special Size: Standard | Size: Large | Color: Black C Logo,1,2,,,,,https://www.amazon.com/gp/customer-reviews/R1XXGQ7DHQOE56/ref=cm_cr_getr_d_rvw_ttl?ie=UTF8&ASIN=B0C3W8MHZF,ARA,"https://images-na.ssl-images-amazon.com/images/S/amazon-avatars-global/default._CR0,0,1024,1024_SX48_.png",US,https://www.amazon.com/gp/profile/amzn1.account.AHMYARQCOTWB6UAELBT4KVU6FYUQ/ref=cm_cr_getr_d_gw_btm?ie=UTF8,,2021-01-01
B01AK7YF80,Perfect fit,I bought this for my son and they fit perfectly,Y,,Special Size: Standard | Size: Small | Color: Granite Heather C Logo,1,1,,,,,https://www.amazon.com/gp/customer-reviews/R3BS8PH92081MB/ref=cm_cr_getr_d_rvw_ttl?ie=UTF8&ASIN=B0C3W8MHZF,Taneisha Wright,"https://images-na.ssl-images-amazon.com/images/S/amazon-avatars-global/default._CR0,0,1024,1024_SX48_.png",US,https://www.amazon.com/gp/profile/amzn1.account.AE5CUAECPKW4D2ENH7K6DFRWR3DA/ref=cm_cr_getr_d_gw_btm?ie=UTF8,,2020-12-27
B01AK7ZGN8,Nope,"These are not as pictured or described.  Have the C9 logo, which is a discontinued Target/Champion partnership line.",Y,,Special Size: Standard | Size: X-Large | Color: Navy C Logo,1,0,,,,,https://www.amazon.com/gp/customer-reviews/R3B05RYGWXIK8M/ref=cm_cr_getr_d_rvw_ttl?ie=UTF8&ASIN=B0C3W8MHZF,Gloria Green,"https://images-na.ssl-images-amazon.com/images/S/amazon-avatars-global/default._CR0,0,1024,1024_SX48_.png",US,https://www.amazon.com/gp/profile/amzn1.account.AF4ZR7HW26SI3FBBIZ53S7AJJP4A/ref=cm_cr_getr_d_gw_btm?ie=UTF8,,2020-11-19
B00KUL0W1G,Okay but make sure you know your size in the model shorts you are buying.,These were too small and too long for me. Champion is inconsistent on sizes. Some are too small some are too big. And some are just right. Waist too small. Shorts too long.,Y,,Special Size: Standard | Size: Large | Color: Black C Logo,3,0,,,,,https://www.amazon.com/gp/customer-reviews/RHPKCO014H37U/ref=cm_cr_getr_d_rvw_ttl?ie=UTF8&ASIN=B0C3W8MHZF,jh,"https://images-na.ssl-images-amazon.com/images/S/amazon-avatars-global/default._CR0,0,1024,1024_SX48_.png",US,https://www.amazon.com/gp/profile/amzn1.account.AGXRE6Y62UTNP5RXZIQ4OK3SFCTA/ref=cm_cr_getr_d_gw_btm?ie=UTF8,,2020-11-14
B01AK7Y102,You get what you pay for,Falling apart after a week of wearing. You get what you pay for.,Y,,Special Size: Standard | Size: X-Large | Color: Black C Logo,2,0,,,,,https://www.amazon.com/gp/customer-reviews/R3ONXIA2JIDXT/ref=cm_cr_getr_d_rvw_ttl?ie=UTF8&ASIN=B0C3W8MHZF,User1,"https://images-na.ssl-images-amazon.com/images/S/amazon-avatars-global/default._CR0,0,1024,1024_SX48_.png",US,https://www.amazon.com/gp/profile/amzn1.account.AHAYIBVWA5UH6DDMTUZQMQGMWIDQ/ref=cm_cr_getr_d_gw_btm?ie=UTF8,,2020-10-29
B01AK7Y12A,It does not have an inner lining!,"I could not find a description saying there was no inner liner when I ordered it.  You have to buy a second something to wear it anywhere!  I love Champion wear but this does not work for anyone wanting to wear it in a workout, unless you like to have a second short liner.",Y,,Special Size: Standard | Size: Medium | Color: Black C Logo,1,4,,,,,https://www.amazon.com/gp/customer-reviews/R1VF8OAG2S4ACL/ref=cm_cr_getr_d_rvw_ttl?ie=UTF8&ASIN=B0C3W8MHZF,William Lovelace,"https://images-na.ssl-images-amazon.com/images/S/amazon-avatars-global/default._CR0,0,1024,1024_SX48_.png",US,https://www.amazon.com/gp/profile/amzn1.account.AEYPMLNSXHQKMV36UH223EU74I7A/ref=cm_cr_getr_d_gw_btm?ie=UTF8,,2020-09-20
B01AK7YV1Q,Too Long for Me,"I ordered these in size Small. They’re too long for me. Unfortunately, I missed the deadline for returning them.",Y,,Special Size: Standard | Size: Small | Color: Navy C Logo,3,1,,,,,https://www.amazon.com/gp/customer-reviews/R17YRM7HAXM57R/ref=cm_cr_getr_d_rvw_ttl?ie=UTF8&ASIN=B0C3W8MHZF,P. Rothman,"https://images-na.ssl-images-amazon.com/images/S/amazon-avatars-global/default._CR0,0,1024,1024_SX48_.png",US,https://www.amazon.com/gp/profile/amzn1.account.AGDRIFSF7A5D75IPXNDZDVFR7C2A/ref=cm_cr_getr_d_gw_btm?ie=UTF8,,2020-09-06
B01AK7YV1Q,Manufacturer Changed. Legs way too loose and flappy now.,"LEGS LARGE AND LOOSE!!!

 I usually love these products and ordered a few last year. well, i got a few more recently, and the manufacurer must be different. the waist is tight, but the legs are too large and loose. i ordered a few thinging i got a bad one, but theyre all too large and loose now, i hate the look.

I will not be buying these again, and do not recommend anybody else buy them either. Not worth the money.",Y,,Special Size: Standard | Size: Small | Color: Navy C Logo,1,2,,,,,https://www.amazon.com/gp/customer-reviews/R149UXRMUODLI6/ref=cm_cr_getr_d_rvw_ttl?ie=UTF8&ASIN=B0C3W8MHZF,Michael Adams,"https://images-na.ssl-images-amazon.com/images/S/amazon-avatars-global/default._CR0,0,1024,1024_SX48_.png",US,https://www.amazon.com/gp/profile/amzn1.account.AHCQMTTFKUMX3WWDXNVVXQ4NDMZA/ref=cm_cr_getr_d_gw_btm?ie=UTF8,,2020-08-16
B01AK7ZK6G,Too long,Shorts are too long.,Y,,Special Size: Standard | Size: Medium | Color: Team Maroon C Logo,3,0,,,,,https://www.amazon.com/gp/customer-reviews/R2N5PL55FOLNHO/ref=cm_cr_getr_d_rvw_ttl?ie=UTF8&ASIN=B0C3W8MHZF,Bridgett Bartels,"https://images-na.ssl-images-amazon.com/images/S/amazon-avatars-global/default._CR0,0,1024,1024_SX48_.png",US,https://www.amazon.com/gp/profile/amzn1.account.AHW6PCKJCMWGK3NA2DBVRHHB7I7Q/ref=cm_cr_getr_d_gw_btm?ie=UTF8,,2020-08-15
B00KUL0W1G,Seams started coming apart.,Beware. These shorts are so light weight that the seams started ripping after only wearing them once. Not good quality.,Y,,Special Size: Standard | Size: Large | Color: Black C Logo,1,0,,,,,https://www.amazon.com/gp/customer-reviews/R1DSBZOY8PMPYA/ref=cm_cr_getr_d_rvw_ttl?ie=UTF8&ASIN=B0C3W8MHZF,Andrew,"https://images-na.ssl-images-amazon.com/images/S/amazon-avatars-global/default._CR0,0,1024,1024_SX48_.png",US,https://www.amazon.com/gp/profile/amzn1.account.AHBBO2XPY7C7OZAT63CDOTV4YFVA/ref=cm_cr_getr_d_gw_btm?ie=UTF8,,2020-08-10
B00KUL0W1G,-La calidad de las costuras es malisima,"The sewings are crap, bad quality.  Them are open in the front and back in the shorts.  Don't waste ur money with this item",Y,,Special Size: Standard | Size: Large | Color: Black C Logo,1,0,,,,,https://www.amazon.com/gp/customer-reviews/RXFS7XV0PH56J/ref=cm_cr_getr_d_rvw_ttl?ie=UTF8&ASIN=B0C3W8MHZF,Jul_cai,"https://images-na.ssl-images-amazon.com/images/S/amazon-avatars-global/default._CR0,0,1024,1024_SX48_.png",US,https://www.amazon.com/gp/profile/amzn1.account.AELEZG4O4GFKPNGGFSF27BPGVQPA/ref=cm_cr_getr_d_gw_btm?ie=UTF8,,2020-08-10
B00KUL0W1G,Run long and loose ( not the waist but the legs of the shorts),"These are very long. I'm about 5 foot 9 and these come down past my knees when hiked up. This is not what I was looking for when I wanted something to work out in or lounge around in the house in. The logo is cracked and coming off on my first wear as of a few hours. They are a bit baggy as well. They do have some stretch but feel a bit cheap, I'm not sure they will hold up to a bunch of washes. They do seem to breath well though. They do have mesh pockets which are pretty deep which is a bonus. I dont think that I will be purchasing these again. If working out on your back such as leg press machine or something lile that expect these to really slide up and show alot of leg.",Y,,Special Size: Standard | Size: Large | Color: Black C Logo,3,13,,,,,https://www.amazon.com/gp/customer-reviews/R2JAQR3TYBRG96/ref=cm_cr_getr_d_rvw_ttl?ie=UTF8&ASIN=B0C3W8MHZF,KS and KD,"https://images-na.ssl-images-amazon.com/images/S/amazon-avatars-global/default._CR0,0,1024,1024_SX48_.png",US,https://www.amazon.com/gp/profile/amzn1.account.AFL2URQ4SHCKPVMI2VNXGAB44TFQ/ref=cm_cr_getr_d_gw_btm?ie=UTF8,,2020-08-02
B01AK7Y12A,Way longer than I thought they would be,"It's hard to define fit, but I didn't think that these shorts would be quite so long.",Y,,Special Size: Standard | Size: Medium | Color: Black C Logo,2,0,,,,,https://www.amazon.com/gp/customer-reviews/R6VHR3YGIZSP9/ref=cm_cr_getr_d_rvw_ttl?ie=UTF8&ASIN=B0C3W8MHZF,Andrew L (FL),"https://images-na.ssl-images-amazon.com/images/S/amazon-avatars-global/default._CR0,0,1024,1024_SX48_.png",US,https://www.amazon.com/gp/profile/amzn1.account.AF5CTQ6SCA7MGBC67WAVJUGWSEUQ/ref=cm_cr_getr_d_gw_btm?ie=UTF8,,2020-07-30
B01AK7YV1Q,Runs small.,This particular pair fits much tighter than the previous pair I bought and still wear from Champion.,Y,,Special Size: Standard | Size: Small | Color: Navy C Logo,3,0,,,,,https://www.amazon.com/gp/customer-reviews/R1L57Y5V8GKO4/ref=cm_cr_getr_d_rvw_ttl?ie=UTF8&ASIN=B0C3W8MHZF,CJJR,"https://images-na.ssl-images-amazon.com/images/S/amazon-avatars-global/default._CR0,0,1024,1024_SX48_.png",US,https://www.amazon.com/gp/profile/amzn1.account.AHIOC42YP2H7FWUQI74EJYD6OQEQ/ref=cm_cr_getr_d_gw_btm?ie=UTF8,,2020-07-30
B00KUKZO56,Way too long for anyone not tall.,These shorts are insanely long for anyone under 6'6. Large goes halfway down the shin on a 5'11 male.,Y,,Special Size: Standard | Size: Large | Color: Surf the Web C Logo,3,2,,,,,https://www.amazon.com/gp/customer-reviews/RP4Q1TUXYJG2P/ref=cm_cr_getr_d_rvw_ttl?ie=UTF8&ASIN=B0C3W8MHZF,Tim Peters,"https://images-na.ssl-images-amazon.com/images/S/amazon-avatars-global/default._CR0,0,1024,1024_SX48_.png",US,https://www.amazon.com/gp/profile/amzn1.account.AFRCDUGYLTUXONM5674GPDQSE5JQ/ref=cm_cr_getr_d_gw_btm?ie=UTF8,,2020-07-20
B01AK7Y12A,Don’t buy,"Not what expected
Cheap quality and it easily ripped after one use",Y,,Special Size: Standard | Size: Medium | Color: Black C Logo,1,0,,,,,https://www.amazon.com/gp/customer-reviews/R2BVNHM0GEZJ0U/ref=cm_cr_getr_d_rvw_ttl?ie=UTF8&ASIN=B0C3W8MHZF,Geege,"https://images-na.ssl-images-amazon.com/images/S/amazon-avatars-global/default._CR0,0,1024,1024_SX48_.png",US,https://www.amazon.com/gp/profile/amzn1.account.AEVIBLGYD5FIHITMHBN2EJANWZ3A/ref=cm_cr_getr_d_gw_btm?ie=UTF8,,2020-07-11
B01AK7Y12A,Lightweight and tight,"I have other Champion shorts that fit comfortably. I don't know if I received a pair that were mis-made, but they are significantly tighter than a pair of the same size I bought in late 2019.",,,Special Size: Standard | Size: Medium | Color: Black C Logo,3,0,,,,,https://www.amazon.com/gp/customer-reviews/R2CZ7N8XSPXWWK/ref=cm_cr_getr_d_rvw_ttl?ie=UTF8&ASIN=B0C3W8MHZF,Mark E. Hegerle,"https://images-na.ssl-images-amazon.com/images/S/amazon-avatars-global/default._CR0,0,1024,1024_SX48_.png",US,https://www.amazon.com/gp/profile/amzn1.account.AH3SKPDB6YOGWPOBURRQ6INGZZ7A/ref=cm_cr_getr_d_gw_btm?ie=UTF8,,2020-07-10
B01AK7XXLU,decent for sleeping shorts,bought the gray and the blue for sleeping and lounging. they are not equal in size. the gray are slightly smaller (bought the exact same size). Its not a big deal for their intended purpose as an FYI.,Y,,Special Size: Standard | Size: Medium | Color: Granite Heather C Logo,3,1,,,,,https://www.amazon.com/gp/customer-reviews/RXRPXEO7PTU84/ref=cm_cr_getr_d_rvw_ttl?ie=UTF8&ASIN=B0C3W8MHZF,Kelly,"https://images-na.ssl-images-amazon.com/images/S/amazon-avatars-global/default._CR0,0,1024,1024_SX48_.png",US,https://www.amazon.com/gp/profile/amzn1.account.AHPQKZOIY6IKNLB4IWV44LCAMGJA/ref=cm_cr_getr_d_gw_btm?ie=UTF8,,2020-07-08
B01AK7Z5BG,You get what you pay for!!,Thought champion was quality but after one wash the stiching started to come loose on the waist. Very disappointed.,Y,,Special Size: Standard | Size: Large | Color: Oxford Gray C Logo,1,1,,,,,https://www.amazon.com/gp/customer-reviews/R3H7YDE5T6XAS5/ref=cm_cr_getr_d_rvw_ttl?ie=UTF8&ASIN=B0C3W8MHZF,justin,"https://images-na.ssl-images-amazon.com/images/S/amazon-avatars-global/default._CR0,0,1024,1024_SX48_.png",US,https://www.amazon.com/gp/profile/amzn1.account.AGKNW4X7EYWAJZNOUTCUOQSEK5NQ/ref=cm_cr_getr_d_gw_btm?ie=UTF8,,2020-07-06
B01AK7ZK7A,Not what I expected,Bought 3 pair. 1 came out of the bag with a run in it.  I wouldn't buy these again,Y,,Special Size: Standard | Size: Large | Color: Navy C Logo,2,0,,,,,https://www.amazon.com/gp/customer-reviews/R1UXBT9Y5YE6W0/ref=cm_cr_getr_d_rvw_ttl?ie=UTF8&ASIN=B0C3W8MHZF,Amazon Customer,"https://images-na.ssl-images-amazon.com/images/S/amazon-avatars-global/default._CR0,0,1024,1024_SX48_.png",US,https://www.amazon.com/gp/profile/amzn1.account.AGJYLGT6AQWO3TUBTXJVXQDXNZ6Q/ref=cm_cr_getr_d_gw_btm?ie=UTF8,,2020-06-27
B01AK7Y12A,Fuller and longer than expected,Cut fuller and longer than other 9 inch workout shorts I've purchased.  Well made and will keep but will not buy again.,Y,,Special Size: Standard | Size: Medium | Color: Black C Logo,3,2,,,,,https://www.amazon.com/gp/customer-reviews/ROGK11II83NT0/ref=cm_cr_getr_d_rvw_ttl?ie=UTF8&ASIN=B0C3W8MHZF,GW,"https://images-na.ssl-images-amazon.com/images/S/amazon-avatars-global/default._CR0,0,1024,1024_SX48_.png",US,https://www.amazon.com/gp/profile/amzn1.account.AE3DV6TIGI36ZAN3D6UT2RK3TY6A/ref=cm_cr_getr_d_gw_btm?ie=UTF8,,2020-06-19
B01AK7Y102,Great Brand,Runs a little tight,Y,,Special Size: Standard | Size: X-Large | Color: Black C Logo,3,0,,,,,https://www.amazon.com/gp/customer-reviews/R1G09VH5WJ81I0/ref=cm_cr_getr_d_rvw_ttl?ie=UTF8&ASIN=B0C3W8MHZF,XavierNation,"https://images-na.ssl-images-amazon.com/images/S/amazon-avatars-global/1660836f-6b8f-4d77-8b62-bf2509ada7b5._CR0,0,400,400_SX48_.jpg",US,https://www.amazon.com/gp/profile/amzn1.account.AHNG5TTALW7CTE5EA5VWWC3NQX3Q/ref=cm_cr_getr_d_gw_btm?ie=UTF8,,2020-04-25
B00XBPWIL0,awful,the fabric is shiny and really ugly.  looks like cheap swim trunks.  returned.,Y,,Special Size: Standard | Size: Large | Color: Team Red Scarlet C Logo,1,1,,,,,https://www.amazon.com/gp/customer-reviews/R3KIS715S7PNBP/ref=cm_cr_getr_d_rvw_ttl?ie=UTF8&ASIN=B0C3W8MHZF,Liz F.,"https://images-na.ssl-images-amazon.com/images/S/amazon-avatars-global/default._CR0,0,1024,1024_SX48_.png",US,https://www.amazon.com/gp/profile/amzn1.account.AEG3XLDLOYI4V264RBDQFH74FMCA/ref=cm_cr_getr_d_gw_btm?ie=UTF8,,2020-01-12
B01AK7Y12A,Static cling,"Cheap, lightweight shorts that unfortunately suffer from pretty bad static cling.",Y,,Special Size: Standard | Size: Medium | Color: Black C Logo,3,0,,,,,https://www.amazon.com/gp/customer-reviews/R2557FBRI1H5L3/ref=cm_cr_getr_d_rvw_ttl?ie=UTF8&ASIN=B0C3W8MHZF,AAAAmazon Customerrrrr,"https://images-na.ssl-images-amazon.com/images/S/amazon-avatars-global/default._CR0,0,1024,1024_SX48_.png",US,https://www.amazon.com/gp/profile/amzn1.account.AGW54VUQVV6HSAAPY4X3FA65GVQA/ref=cm_cr_getr_d_gw_btm?ie=UTF8,,2019-09-28
B01AK7Y12A,Arrived used,My only complaint is that the shorts were supposedly "new" but arrived used. No tags and still had a few pieces of gum in the pocket from the previous owner I suppose. This is the third time I've purchased a "new" item from Amazon and received a used one. Other than that the shorts fit as expected and are comfortable.,Y,,Special Size: Standard | Size: Medium | Color: Black C Logo,3,3,,,,,https://www.amazon.com/gp/customer-reviews/R19HXGC4KJBMLT/ref=cm_cr_getr_d_rvw_ttl?ie=UTF8&ASIN=B0C3W8MHZF,monique barreras,"https://images-na.ssl-images-amazon.com/images/S/amazon-avatars-global/default._CR0,0,1024,1024_SX48_.png",US,https://www.amazon.com/gp/profile/amzn1.account.AEBFGNEFIFJX76XFS5OKIEXCLZ2A/ref=cm_cr_getr_d_gw_btm?ie=UTF8,,2019-09-19
B00KUL0W1G,"Size suddenly changed, now fits way too large.","Normally love these shorts (own 6 pairs that I’ve purchased off amazon), but this most recent time, the size of the large suddenly changed dramatically from the previous order, even after washing & drying. Unfortunately, I didn’t notice the disparity until after washing.",Y,,Special Size: Standard | Size: Large | Color: Black C Logo,1,25,1,https://images-na.ssl-images-amazon.com/images/I/81KclJIpFDL._SY200.jpg,,,https://www.amazon.com/gp/customer-reviews/R3HT8MK3GWI1Z8/ref=cm_cr_getr_d_rvw_ttl?ie=UTF8&ASIN=B0C3W8MHZF,Amazonian,"https://images-na.ssl-images-amazon.com/images/S/amazon-avatars-global/default._CR0,0,1024,1024_SX48_.png",US,https://www.amazon.com/gp/profile/amzn1.account.AHNKZQCM5A7PMO6WZNXF6JNMKFKA/ref=cm_cr_getr_d_gw_btm?ie=UTF8,,2019-07-13
B00KUKZO56,Quality Not Fit for a Champion,"I initially really liked the shorts - they were comfortable. Yet, after one use at the gym, they snagged on the leg and started unraveling. I would be very cautious about buying these as the quality does not seem to be there.",Y,,Special Size: Standard | Size: Large | Color: Surf the Web C Logo,1,0,,,,,https://www.amazon.com/gp/customer-reviews/RYJJGKZJ0DRQH/ref=cm_cr_getr_d_rvw_ttl?ie=UTF8&ASIN=B0C3W8MHZF,Thankful777,"https://images-na.ssl-images-amazon.com/images/S/amazon-avatars-global/default._CR0,0,1024,1024_SX48_.png",US,https://www.amazon.com/gp/profile/amzn1.account.AEUYHOE4TPHYJL6BWRM3EHXCKDZA/ref=cm_cr_getr_d_gw_btm?ie=UTF8,,2019-06-20
B01AK7Z2AU,Not the greatest quality,Not the greatest quality!,Y,,Special Size: Standard | Size: X-Large | Color: Oxford Gray C Logo,3,0,,,,,https://www.amazon.com/gp/customer-reviews/R1DN0NUTTJ48W0/ref=cm_cr_getr_d_rvw_ttl?ie=UTF8&ASIN=B0C3W8MHZF,Richard R.,"https://images-na.ssl-images-amazon.com/images/S/amazon-avatars-global/9a4cb5ae-a76f-4324-827a-3fda130eefa9._CR0,0,1126,1126_SX48_.jpg",US,https://www.amazon.com/gp/profile/amzn1.account.AFPY2JORQITWRCMP5QI2OWDOYS7A/ref=cm_cr_getr_d_gw_btm?ie=UTF8,,2019-04-30
B00KUL0W1G,fit more like a medium,"This item was for my husband.  Ordered a size large, fit more like a medium.  Returned item.",Y,,Special Size: Standard | Size: Large | Color: Black C Logo,2,0,,,,,https://www.amazon.com/gp/customer-reviews/R3LJC3LR3QFKQ/ref=cm_cr_getr_d_rvw_ttl?ie=UTF8&ASIN=B0C3W8MHZF,Sheri from Michigan,"https://images-na.ssl-images-amazon.com/images/S/amazon-avatars-global/default._CR0,0,1024,1024_SX48_.png",US,https://www.amazon.com/gp/profile/amzn1.account.AE6XNTCVGPLPQ55EYQJE5I64GUTQ/ref=cm_cr_getr_d_gw_btm?ie=UTF8,,2018-08-31
B01AK7Y102,One Star,Not true to size. Order at least a size or two bigger,Y,,Special Size: Standard | Size: X-Large | Color: Black C Logo,1,0,,,,,https://www.amazon.com/gp/customer-reviews/R2X2RE6HPAKX1G/ref=cm_cr_getr_d_rvw_ttl?ie=UTF8&ASIN=B0C3W8MHZF,Jared,"https://images-na.ssl-images-amazon.com/images/S/amazon-avatars-global/default._CR0,0,1024,1024_SX48_.png",US,https://www.amazon.com/gp/profile/amzn1.account.AFTYHREYNVDJIALPJXARBYYYONNA/ref=cm_cr_getr_d_gw_btm?ie=UTF8,,2018-08-15
B01AK7Y102,Very light fabric,"The fabric on these shorts is very light, so I wouldn't expect them to double for a swimsuit. The fabric would cling too much when wet. However, the construction is sturdy, and they aren't oversized. A good choice if you need very light shorts that won't be used in a wet environment like swimming or sailing.",Y,,Special Size: Standard | Size: X-Large | Color: Black C Logo,3,5,,,,,https://www.amazon.com/gp/customer-reviews/RT52K8VFT54OV/ref=cm_cr_getr_d_rvw_ttl?ie=UTF8&ASIN=B0C3W8MHZF,Amazon Customer,"https://images-na.ssl-images-amazon.com/images/S/amazon-avatars-global/default._CR0,0,1024,1024_SX48_.png",US,https://www.amazon.com/gp/profile/amzn1.account.AE4SV4I3TEKZFZC33HZQ5XQ4BBRA/ref=cm_cr_getr_d_gw_btm?ie=UTF8,,2018-07-31
B01AK7Y102,Two Stars,Shorts were too short. Picture was very misleading.,Y,,Special Size: Standard | Size: X-Large | Color: Black C Logo,2,0,,,,,https://www.amazon.com/gp/customer-reviews/R2T89JLXLNBG0Y/ref=cm_cr_getr_d_rvw_ttl?ie=UTF8&ASIN=B0C3W8MHZF,Darrington E. White,"https://images-na.ssl-images-amazon.com/images/S/amazon-avatars-global/default._CR0,0,1024,1024_SX48_.png",US,https://www.amazon.com/gp/profile/amzn1.account.AG6VGSSHAEJFKKSZGSFTEKV7N2KQ/ref=cm_cr_getr_d_gw_btm?ie=UTF8,,2018-07-06
B01M8J3J4G,too long and large,They run really large and long. Nothing like the picture. I ended up giving them to a friend. Very disappointing purchase.,Y,,Special Size: Standard | Size: Medium | Color: Team Dark Green C Logo,2,1,,,,,https://www.amazon.com/gp/customer-reviews/R3RN0G2U0BW6RA/ref=cm_cr_getr_d_rvw_ttl?ie=UTF8&ASIN=B0C3W8MHZF,James Smith,"https://images-na.ssl-images-amazon.com/images/S/amazon-avatars/default._CR0,0,1024,1024_SX48_.png",US,https://www.amazon.com/gp/profile/amzn1.account.AENCUUU7QO5S46DJ5KXYJPFOUZMQ/ref=cm_cr_getr_d_gw_btm?ie=UTF8,,2018-04-02
B01M8J3J4G,Three Stars,So so,Y,,Special Size: Standard | Size: Medium | Color: Team Dark Green C Logo,3,0,,,,,https://www.amazon.com/gp/customer-reviews/R3G7XGHFJB7RVT/ref=cm_cr_getr_d_rvw_ttl?ie=UTF8&ASIN=B0C3W8MHZF,Vu Dinh Thang,"https://images-na.ssl-images-amazon.com/images/S/amazon-avatars/default._CR0,0,1024,1024_SX48_.png",US,https://www.amazon.com/gp/profile/amzn1.account.AGPMYDW6P4K4QZQQMNAWCZ7H36HQ/ref=cm_cr_getr_d_gw_btm?ie=UTF8,,2018-03-22
B01AK7YIZ0,DONT CARE FOR MESH TYPE,MESH TYPE,Y,,Special Size: Standard | Size: XX-Large | Color: Team Red Scarlet C Logo,3,0,,,,,https://www.amazon.com/gp/customer-reviews/R2P9QFK93OX53E/ref=cm_cr_getr_d_rvw_ttl?ie=UTF8&ASIN=B0C3W8MHZF,MARK DUVENDACK,"https://images-na.ssl-images-amazon.com/images/S/amazon-avatars-global/769f1202-be2c-4e64-afbb-c3eb25bfc4b8._CR63,0,374,374_SX48_.jpg",US,https://www.amazon.com/gp/profile/amzn1.account.AHES54CH2QHVODFSJJX564DCZMFA/ref=cm_cr_getr_d_gw_btm?ie=UTF8,,2018-02-11
B00KUL0W1G,Three Stars,On the waist its kind of losse,Y,,Special Size: Standard | Size: Large | Color: Black C Logo,3,0,,,,,https://www.amazon.com/gp/customer-reviews/R2RH2224D5N9ZR/ref=cm_cr_getr_d_rvw_ttl?ie=UTF8&ASIN=B0C3W8MHZF,Amazon Customer,"https://images-na.ssl-images-amazon.com/images/S/amazon-avatars/default._CR0,0,1024,1024_SX48_.png",US,https://www.amazon.com/gp/profile/amzn1.account.AE5FTK67BJB57WAHPS4CJAQQDNZQ/ref=cm_cr_getr_d_gw_btm?ie=UTF8,,2018-02-06
B00KUL0W1G,Sizing is a problem,Sizing,Y,,Special Size: Standard | Size: Large | Color: Black C Logo,2,0,,,,,https://www.amazon.com/gp/customer-reviews/R3GW3QKCUOSNQW/ref=cm_cr_getr_d_rvw_ttl?ie=UTF8&ASIN=B0C3W8MHZF,FKel,"https://images-na.ssl-images-amazon.com/images/S/amazon-avatars-global/default._CR0,0,1024,1024_SX48_.png",US,https://www.amazon.com/gp/profile/amzn1.account.AHOIDAW55YFNSWUJMVBAHSQ55NOA/ref=cm_cr_getr_d_gw_btm?ie=UTF8,,2018-01-04
B01AK7ZK7A,One Star,Product was extremely large!!,Y,,Special Size: Standard | Size: Large | Color: Navy C Logo,1,0,,,,,https://www.amazon.com/gp/customer-reviews/R1JPAC9OBWHNQZ/ref=cm_cr_getr_d_rvw_ttl?ie=UTF8&ASIN=B0C3W8MHZF,Martí Harris Family,"https://images-na.ssl-images-amazon.com/images/S/amazon-avatars-global/default._CR0,0,1024,1024_SX48_.png",US,https://www.amazon.com/gp/profile/amzn1.account.AFDYCRCACATIPTS7QXATTALDN3YA/ref=cm_cr_getr_d_gw_btm?ie=UTF8,,2017-10-08
B01AK7Y12A,Nice but ran large,The mediums ran a little big for my 33' waist.,Y,,Special Size: Standard | Size: Medium | Color: Black C Logo,3,1,,,,,https://www.amazon.com/gp/customer-reviews/R27ZJUPOTVO9U1/ref=cm_cr_getr_d_rvw_ttl?ie=UTF8&ASIN=B0C3W8MHZF,Claudia,"https://images-na.ssl-images-amazon.com/images/S/amazon-avatars-global/default._CR0,0,1024,1024_SX48_.png",US,https://www.amazon.com/gp/profile/amzn1.account.AF5X7DXNN2WZ35ZSK44UN7YLRLEQ/ref=cm_cr_getr_d_gw_btm?ie=UTF8,,2017-07-18
B01AK7XIN8,larger than most that size,larger than most that size,Y,,Special Size: Standard | Size: Large | Color: Granite Heather C Logo,3,0,,,,,https://www.amazon.com/gp/customer-reviews/R19TV1U35ZEMCW/ref=cm_cr_getr_d_rvw_ttl?ie=UTF8&ASIN=B0C3W8MHZF,Gracies #1 Fan,"https://images-na.ssl-images-amazon.com/images/S/amazon-avatars-global/default._CR0,0,1024,1024_SX48_.png",US,https://www.amazon.com/gp/profile/amzn1.account.AEGQ6JWN2CPL5ATJ7RYTW7XPZIZA/ref=cm_cr_getr_d_gw_btm?ie=UTF8,,2017-06-27
B01AK7XXLU,Two Stars,"Its very big, tall",Y,,Special Size: Standard | Size: Medium | Color: Granite Heather C Logo,2,0,,,,,https://www.amazon.com/gp/customer-reviews/RPST2GJVVEEGQ/ref=cm_cr_getr_d_rvw_ttl?ie=UTF8&ASIN=B0C3W8MHZF,Amazon Customer,"https://images-na.ssl-images-amazon.com/images/S/amazon-avatars-global/default._CR0,0,1024,1024_SX48_.png",US,https://www.amazon.com/gp/profile/amzn1.account.AFPWOF6UV24TGRBVWG53RV5YMVHQ/ref=cm_cr_getr_d_gw_btm?ie=UTF8,,2016-06-30
B01AK7YF80,like most other polyester shorts,"Material stick to your skin, and felt rough, not soft, like most other polyester shorts.",Y,,Special Size: Standard | Size: Small | Color: Granite Heather C Logo,3,1,,,,,https://www.amazon.com/gp/customer-reviews/R1AF5SHUT4MG3W/ref=cm_cr_getr_d_rvw_ttl?ie=UTF8&ASIN=B0C3W8MHZF,Cyril,"https://images-na.ssl-images-amazon.com/images/S/amazon-avatars-global/f5acec86-942e-421e-82af-a3a871d82a5f._CR0,0,500,500_SX48_.jpg",US,https://www.amazon.com/gp/profile/amzn1.account.AHMFC3HMHQ26MKKHLKBRI24GBSIQ/ref=cm_cr_getr_d_gw_btm?ie=UTF8,,2016-06-30
B01AK7XUGS,"cheap material very rough, size is not right or consistent , too small compared to previous","I've been buying these shorts for many years, this new material is more like burlap, previous was soft like silk. Size is too small in every regard. they even cheaped out on the draw stings. I would not recommend.",Y,,Special Size: Standard | Size: XX-Large | Color: Black C Logo,2,0,,,,,https://www.amazon.ca/gp/customer-reviews/R3ADBYA5JIMYU8?ie=UTF8&ASIN=B0C3W8MHZF,Chinasyndrome,"https://images-na.ssl-images-amazon.com/images/S/amazon-avatars-global/default._CR0,0,1024,1024_SX48_.png",CA,,,2024-08-01
B01AK7XBYY,Parecen de luchador.,Son muy largos y tela muy delgada. Compré otros del mismo precio y son mejores.,Y,,Special Size: Standard | Size: Large | Color: Team Maroon C Logo,3,0,,,,,https://www.amazon.com.mx/gp/customer-reviews/R3QJLA0AXZOD05?ie=UTF8&ASIN=B0C3W8MHZF,Cliente de Amazon,"https://images-na.ssl-images-amazon.com/images/S/amazon-avatars-global/default._CR0,0,1024,1024_SX48_.png",MX,,,2024-05-18
B01AK7ZK6G,Un poco decepcionado,"En general es un buen shorts, pero para el precio creo que la calidad no es óptima, demasiado delgados, y el color no se ve igual que en la imagen, luce algo tenue, como si estuviera viejo, le daría un 7.0 de calif",Y,,Special Size: Standard | Size: Medium | Color: Team Maroon C Logo,2,0,,,,,https://www.amazon.com.mx/gp/customer-reviews/R2EOP1LHEUPNUM?ie=UTF8&ASIN=B0C3W8MHZF,rodolfo osvaldo armendariz moreno,"https://images-na.ssl-images-amazon.com/images/S/amazon-avatars-global/default._CR0,0,1024,1024_SX48_.png",MX,,,2024-05-05
B012JZ187M,Antes el modelo era diferente,"Los compré en el 2020 (el modelo 80296), y esos estaban geniales. Los sigo usando seguido. Recientemente los volví a comprar, y ya son diferentes. El material es muy diferente. El material anterior era de mayor grosor. En fin, no los recomiendo. Con el nuevo material se me nota el NEPE.",Y,,Special Size: Standard | Size: Small | Color: Black C Logo,1,1,,,,,https://www.amazon.com.mx/gp/customer-reviews/R1KFCIM9Z7W486?ie=UTF8&ASIN=B0C3W8MHZF,Jorge H.,"https://images-na.ssl-images-amazon.com/images/S/amazon-avatars-global/default._CR0,0,1024,1024_SX48_.png",MX,,,2023-12-14
B01AK7Y12A,Bought this as it was on sale but even for that the material seems not great.,"Although the sale was for 20$ these shorts quality lack what I was expecting. For something that was originally listed for 30+$ I would have expected it to be better quality. Feels cheap, and it feels like I'll rip them from something, anything.

This feels like a 10$ pair of shorts and maybe they are but fooled me to buy it assuming it was a good deal.

They will be my backup crappy shorts for sports.",Y,,Special Size: Standard | Size: Medium | Color: Black C Logo,2,0,,,,,https://www.amazon.ca/gp/customer-reviews/R2GOVOTRP7TRY6?ie=UTF8&ASIN=B0C3W8MHZF,jeffrey takeda,"https://images-na.ssl-images-amazon.com/images/S/amazon-avatars-global/default._CR0,0,1024,1024_SX48_.png",CA,,,2023-12-05
B00KUL0W1G,Demasiado delgados para mí gusto,"Los shorts serían perfectos si fueran un poco más gruesos y no fueran tan transparentes, compraría uno de cada color... Por ese motivo solo le doy 3 stars..",Y,,Special Size: Standard | Size: Large | Color: Black C Logo,3,0,,,,,https://www.amazon.com.mx/gp/customer-reviews/RH3IWP6MVHA9M?ie=UTF8&ASIN=B0C3W8MHZF,Jesus Antonio,"https://images-na.ssl-images-amazon.com/images/S/amazon-avatars-global/7a165d5c-5d07-441f-be66-4684040b760d._CR0,0,341,341_SX48_.jpg",MX,,,2023-10-17
B00KUL0W1G,Calidad de la tela,"Honestamente me gustó como me queda, la talla diría que es perfecta y justo lo que buscaba, pero la tela se me hace de muy baja calidad y muy delgada, vamos a ver cuánto resiste.",Y,,Special Size: Standard | Size: Large | Color: Black C Logo,3,0,,,,,https://www.amazon.com.mx/gp/customer-reviews/R7JW7R61X468J?ie=UTF8&ASIN=B0C3W8MHZF,Alejandro,"https://images-na.ssl-images-amazon.com/images/S/amazon-avatars-global/default._CR0,0,1024,1024_SX48_.png",MX,,,2023-06-23
B0BNJVGJ6K,Shorts don’t stay up,Sadly like 3 other different Champion shorts I’ve purchased the elastic is completely useless and does not keep the shorts up,Y,,Special Size: Big & Tall | Size: 3X-Large Big | Color: Oxford Gray C Logo,2,0,,,,,https://www.amazon.com.au/gp/customer-reviews/RCOBQQXDAQ2KH?ie=UTF8&ASIN=B0C3W8MHZF,Alan “Doc” King,"https://images-fe.ssl-images-amazon.com/images/S/amazon-avatars-global/default._CR0,0,1024,1024_SX48_.png",AU,,,2023-03-14
B01AK7ZGN8,Lo regale no me quedo,"Lo califique con 3 estrellas por que no me quedo, lo regale.",Y,,Special Size: Standard | Size: X-Large | Color: Navy C Logo,3,0,,,,,https://www.amazon.com.mx/gp/customer-reviews/R1X3T9K52ODF0L?ie=UTF8&ASIN=B0C3W8MHZF,Frank,"https://images-na.ssl-images-amazon.com/images/S/amazon-avatars-global/7c377cdb-1746-4afb-bd45-757384c96b9d._CR39,0,422,422_SX48_.jpg",MX,,,2023-02-21
B01AK7Y12A,"Es demasiado largo, lo demás bien",Es más largo de lo que esperaba,Y,,Special Size: Standard | Size: Medium | Color: Black C Logo,3,0,1,https://m.media-amazon.com/images/I/71J2t-tS1FL._SY200.jpg,,,https://www.amazon.com.mx/gp/customer-reviews/RYMTEMH2761QW?ie=UTF8&ASIN=B0C3W8MHZF,Marco antonio Sanchez Perez,"https://images-na.ssl-images-amazon.com/images/S/amazon-avatars-global/default._CR0,0,1024,1024_SX48_.png",MX,,,2023-01-09
B00KUL0W1G,the quality of this is horrible,horrible quality skin feels itchy,Y,,Special Size: Standard | Size: Large | Color: Black C Logo,2,0,,,,,https://www.amazon.ca/gp/customer-reviews/R3SW1I6E121FYH?ie=UTF8&ASIN=B0C3W8MHZF,Amazon Customer,"https://images-na.ssl-images-amazon.com/images/S/amazon-avatars-global/default._CR0,0,1024,1024_SX48_.png",CA,,,2022-12-20
B00XBPWIL0,La talla G viene un poco más amplia.,Comodo,Y,,Special Size: Standard | Size: Large | Color: Team Red Scarlet C Logo,3,0,,,,,https://www.amazon.com.mx/gp/customer-reviews/R1S9A6691RJBIP?ie=UTF8&ASIN=B0C3W8MHZF,Daniel Ramos,"https://images-na.ssl-images-amazon.com/images/S/amazon-avatars-global/default._CR0,0,1024,1024_SX48_.png",MX,,,2022-07-20
B012JZ187M,"Muy cómodo, pero el material es muy delgado, de baja calidad y se deshilacha",Bueno para ejercitarse pero no creo que dure pues es de materiales de baja calidad.,Y,,Special Size: Standard | Size: Small | Color: Black C Logo,3,0,,,,,https://www.amazon.com.mx/gp/customer-reviews/R15G6FNICHM0LP?ie=UTF8&ASIN=B0C3W8MHZF,RENE RUIZ,"https://images-na.ssl-images-amazon.com/images/S/amazon-avatars-global/867ec17d-3711-477d-8f5c-2a8995f79f06._CR0,0,375,375_SX48_.jpg",MX,,,2022-06-27
B011KFGXQS,Está bien en relación a su precio,"La calidad de la tela es baja, el corte es muy amplio, no me agradó del todo.",Y,,Special Size: Standard | Size: XX-Large | Color: Granite Heather C Logo,3,1,,,,,https://www.amazon.com.mx/gp/customer-reviews/R2WN3ZM90OKMO8?ie=UTF8&ASIN=B0C3W8MHZF,Miguel Angel Alba Cristales,"https://images-na.ssl-images-amazon.com/images/S/amazon-avatars-global/efc13479-8c9f-40cb-ad88-5c29b6f2a5ce._CR0,0,352,352_SX48_.jpg",MX,,,2022-04-28
B01AK7XAZO,Good Fit,"Great shorts for indoor and outdoor activities. However, I am disappointed because after 4 months  of use the stitching started to come off and giving it to 2 star.",Y,,Special Size: Standard | Size: Small | Color: Team Maroon C Logo,2,0,1,https://m.media-amazon.com/images/I/91ir9gtfzjL._SY200.jpg,,,https://www.amazon.ca/gp/customer-reviews/R2OMM4HVX8L4YP?ie=UTF8&ASIN=B0C3W8MHZF,TT,"https://images-na.ssl-images-amazon.com/images/S/amazon-avatars-global/5b3f88cd-fe65-4a95-a70a-92bd5781131b._CR0,0,500,500_SX48_.jpg",CA,,,2021-11-16
B00KUL0W1G,Too Large,"Short noted too big, and the exchange policy cost me extra. Better/cheaper to buy in person thus you will not get something that does not fit you.",Y,,Special Size: Standard | Size: Large | Color: Black C Logo,1,0,,,,,https://www.amazon.sg/gp/customer-reviews/R3CYJIDDG955SG?ie=UTF8&ASIN=B0C3W8MHZF,Shaik E.,"https://images-fe.ssl-images-amazon.com/images/S/amazon-avatars-global/default._CR0,0,1024,1024_SX48_.png",SG,,,2021-08-10
B01AK7XJS2,Mala calidad del producto... Devolución,"Las costuras mal echas ,las etiquetas mal pegadas. La calidad en general deficiente",Y,,Special Size: Standard | Size: Medium | Color: Oxford Gray C Logo,2,0,,,,,https://www.amazon.com.mx/gp/customer-reviews/R1JXIIDZYK73DR?ie=UTF8&ASIN=B0C3W8MHZF,Antonio l.,"https://images-na.ssl-images-amazon.com/images/S/amazon-avatars-global/default._CR0,0,1024,1024_SX48_.png",MX,,,2021-08-08
B01AK7ZJYY,Crap!,Very bad quality. Had for a few weeks and already ripping at the seam. Spend an extra 20 for Jordan shorts. They last forever.,Y,,Special Size: Standard | Size: XX-Large | Color: Navy C Logo,1,4,1,https://m.media-amazon.com/images/I/B1mUoVXoRBS._SY200.jpg,,,https://www.amazon.ca/gp/customer-reviews/R2L3MNSELFAYP6?ie=UTF8&ASIN=B0C3W8MHZF,Anthony P,"https://images-na.ssl-images-amazon.com/images/S/amazon-avatars-global/315c50ca-9912-40e5-ae17-deda8ecee093._CR0,0,1500,1500_SX48_.jpg",CA,,,2021-07-29
B012JZ187M,Fit was good. Just didnt like the material.,Fit was good. Just didnt like the material.,Y,,Special Size: Standard | Size: Small | Color: Black C Logo,3,1,,,,,https://www.amazon.ca/gp/customer-reviews/RAUBWKWAKLAWZ?ie=UTF8&ASIN=B0C3W8MHZF,Joseph,"https://images-na.ssl-images-amazon.com/images/S/amazon-avatars-global/default._CR0,0,1024,1024_SX48_.png",CA,,,2021-07-08
B01AK7XJS2,"Entrenamiento no, caminar o andar en tareas recreativas si","El short es de calidad media baja, no esta hecho para entrenamientos pesados o algo que sea entrenamiento funcional, CrossFit o gym, esta hecho para algo mas recreativo o andar en la casa con el, los utilice para entrenamiento funcional y con unas simples sentadillas con peso se rompieron y es la primera vez que los utilice, para los que desean comprar estos shorts para entrenamientos pesados no los recomiendo, sean muy cuidadosos con esta compra y el uso que le van a dar a estos shorts, la tela es suave y ligera pero esta hecho exclusivamente para tareas recreativas.",Y,,Special Size: Standard | Size: Medium | Color: Oxford Gray C Logo,1,8,,,,,https://www.amazon.com.mx/gp/customer-reviews/R464ZCS1S1CMT?ie=UTF8&ASIN=B0C3W8MHZF,Angel,"https://images-na.ssl-images-amazon.com/images/S/amazon-avatars-global/default._CR0,0,1024,1024_SX48_.png",MX,,,2021-06-11
B01AK7Z1ZG,Wrong description,Product fit good but the description is wrong ie color and name color I ordered a light blue got a navy very disappointed,Y,,Special Size: Standard | Size: Medium | Color: Navy C Logo,1,0,,,,,https://www.amazon.ca/gp/customer-reviews/RHTDHZ8DY2TIF?ie=UTF8&ASIN=B0C3W8MHZF,Melissa Rowe,"https://images-na.ssl-images-amazon.com/images/S/amazon-avatars-global/0a45a43b-2753-494d-8204-ebfe622276fb._CR0,79.0,843,843_SX48_.jpg",CA,,,2021-01-17
B01AK7YR06,Vvvvv,Demasiado grande,Y,,Special Size: Standard | Size: X-Large | Color: Surf the Web C Logo,3,0,,,,,https://www.amazon.com.mx/gp/customer-reviews/R1JS2QOEA1W11L?ie=UTF8&ASIN=B0C3W8MHZF,Bernardo,"https://images-na.ssl-images-amazon.com/images/S/amazon-avatars-global/3ae7c1a3-5ff6-4e72-b6d6-14a3d65aab92._CR140,0,840,840_SX48_.jpg",MX,,,2020-10-20
B011KF62BO,!,Static,Y,,Special Size: Standard | Size: X-Large | Color: Team Maroon C Logo,1,0,,,,,https://www.amazon.ca/gp/customer-reviews/R1CPOALEC42Y1A?ie=UTF8&ASIN=B0C3W8MHZF,Amazon Customer,"https://images-na.ssl-images-amazon.com/images/S/amazon-avatars-global/default._CR0,0,1024,1024_SX48_.png",CA,,,2020-01-05
B01AK7Y102,Not that happy,To large for Xl,Y,,Special Size: Standard | Size: X-Large | Color: Black C Logo,3,0,,,,,https://www.amazon.ca/gp/customer-reviews/R333BNLES4FF5M?ie=UTF8&ASIN=B0C3W8MHZF,Atho Kartsaklis,"https://images-na.ssl-images-amazon.com/images/S/amazon-avatars-global/default._CR0,0,1024,1024_SX48_.png",CA,,,2019-08-10
B00KUL0W1G,Very poorly made.,"Poor quality.

Make sure to only hand wash as the threads around the waistband will all come out even if you follow the wash instructions.",Y,,Special Size: Standard | Size: Large | Color: Black C Logo,2,0,,,,,https://www.amazon.ca/gp/customer-reviews/RCMOQIYSNNG3M?ie=UTF8&ASIN=B0C3W8MHZF,Daniel,"https://images-na.ssl-images-amazon.com/images/S/amazon-avatars-global/default._CR0,0,1024,1024_SX48_.png",CA,,,2019-06-03
orts,Perfect for PE,Y,,"Size: Large | Color: 7 Pack Black, Dark Grey, Light Grey, Navy, Blue, Red, Dark Green",5,0,,,,,https://www.amazon.com/gp/customer-reviews/RM3ZGH8XL9WU0/ref=cm_cr_getr_d_rvw_ttl?ie=UTF8&ASIN=B08C2Q49MR,Sherry Kern,"https://images-na.ssl-images-amazon.com/images/S/amazon-avatars-global/5698bdfc-dcc1-46ca-a5e3-2a025bf8ee7e._CR187,0,1125,1125_SX48_.jpg",US,https://www.amazon.com/gp/profile/amzn1.account.AHJNA7DXEKUIIGY3NY7FSNEOX4SA/ref=cm_cr_getr_d_gw_btm?ie=UTF8,,2024-09-30
B08C2C5NR3,Gym shorts,It comes in handy to wear it around the house or at the gym or whenever I have leisure time.,Y,,"Size: XX-Large | Color: 3 Pack Black, Dark Grey, Blue",5,0,,,,,https://www.amazon.com/gp/customer-reviews/R3MSLSAGGUZ9QW/ref=cm_cr_getr_d_rvw_ttl?ie=UTF8&ASIN=B08C2Q49MR,Very good razor for price!!!,"https://images-na.ssl-images-amazon.com/images/S/amazon-avatars-global/default._CR0,0,1024,1024_SX48_.png",US,https://www.amazon.com/gp/profile/amzn1.account.AFLLQHZM3YW6VVJIR5PF5ICSIRYQ/ref=cm_cr_getr_d_gw_btm?ie=UTF8,,2024-09-29
B08PYQRD1Y,Not deep green,"The shorts are fine. I bought this particular set because I liked the deep green color. When I received the package, the other colors were as described, but the green ones were much closer to teal. I returned them, thinking someone made a mistake. Nope. Received a second identical package today. They are decent shorts, so I've decided to suck it up, but want to warn others. There is no deep green by any stretch of the imagination.",Y,,"Size: X-Large | Color: 5 Pack Black, Dark Grey, Dark Grey, Navy, Dark Green",3,0,,,,,https://www.amazon.com/gp/customer-reviews/R28F7NP71DGN31/ref=cm_cr_getr_d_rvw_ttl?ie=UTF8&ASIN=B08C2Q49MR,Tim Knight,"https://images-na.ssl-images-amazon.com/images/S/amazon-avatars-global/default._CR0,0,1024,1024_SX48_.png",US,https://www.amazon.com/gp/profile/amzn1.account.AFLU6T74LCYLTLWEIZHW6ZQ3TKLA/ref=cm_cr_getr_d_gw_btm?ie=UTF8,,2024-09-28
B08L4X6T2V,Stays where's there's supposed to stay.,Comfy. Nice fit. Wish for better colors.,Y,,"Size: X-Large | Color: 5 Pack Black, Dark Grey, Dark Blue, Milddle Blue, Army Green",5,0,,,,,https://www.amazon.com/gp/customer-reviews/R2D7799AXOQBE/ref=cm_cr_getr_d_rvw_ttl?ie=UTF8&ASIN=B08C2Q49MR,Kadunkadunk,"https://images-na.ssl-images-amazon.com/images/S/amazon-avatars-global/default._CR0,0,1024,1024_SX48_.png",US,https://www.amazon.com/gp/profile/amzn1.account.AEPCSURDSOAHGDJQ6C5VK4RV2YYQ/ref=cm_cr_getr_d_gw_btm?ie=UTF8,,2024-09-28
B08JGL9H1X,Shorts that fit,These shorts are very comfortable . Good value for the money .,Y,,"Size: X-Large | Color: 7 Pack Black, Dark Grey, Light Grey, Navy, Blue, Red, Dark Green",5,0,,,,,https://www.amazon.com/gp/customer-reviews/R3P21CHDMODSD3/ref=cm_cr_getr_d_rvw_ttl?ie=UTF8&ASIN=B08C2Q49MR,Jeff shoemaker,"https://images-na.ssl-images-amazon.com/images/S/amazon-avatars-global/default._CR0,0,1024,1024_SX48_.png",US,https://www.amazon.com/gp/profile/amzn1.account.AHKA4BR3EATC56FFIXZNUWGOUG2Q/ref=cm_cr_getr_d_gw_btm?ie=UTF8,,2024-09-26
B08JGBB9N1,Love them,Love these shorts so comfortable and you don’t even know you have them on,Y,,"Size: Large | Color: 5 Pack Black, Black, Navy, Dark Grey, Light Grey",5,0,,,,,https://www.amazon.com/gp/customer-reviews/R1N44EYJOFWVOZ/ref=cm_cr_getr_d_rvw_ttl?ie=UTF8&ASIN=B08C2Q49MR,Joseph A.,"https://images-na.ssl-images-amazon.com/images/S/amazon-avatars-global/default._CR0,0,1024,1024_SX48_.png",US,https://www.amazon.com/gp/profile/amzn1.account.AHUQLMAYXLIORFBAJ5EEBHGLU2TA/ref=cm_cr_getr_d_gw_btm?ie=UTF8,,2024-09-26
B08JGC1D2G,Too short,Quality is ok but they are cut way too short. Would not buy again.,Y,,"Size: Medium | Color: 5 Pack Black, Black, Navy, Dark Grey, Light Grey",2,0,,,,,https://www.amazon.com/gp/customer-reviews/R3EWUQD8WE7J5G/ref=cm_cr_getr_d_rvw_ttl?ie=UTF8&ASIN=B08C2Q49MR,Preston Stevens,"https://images-na.ssl-images-amazon.com/images/S/amazon-avatars-global/default._CR0,0,1024,1024_SX48_.png",US,https://www.amazon.com/gp/profile/amzn1.account.AFZTAD3U3JIHJGFSTRD7HKXTMSKA/ref=cm_cr_getr_d_gw_btm?ie=UTF8,,2024-09-25
B08JGBB9N1,Good quality,"Great price
Great quality
Fast shipping
True to size",Y,,"Size: Large | Color: 5 Pack Black, Black, Navy, Dark Grey, Light Grey",5,0,,,,,https://www.amazon.com/gp/customer-reviews/R1YHJ9G17HSN37/ref=cm_cr_getr_d_rvw_ttl?ie=UTF8&ASIN=B08C2Q49MR,GrammyInNJ,"https://images-na.ssl-images-amazon.com/images/S/amazon-avatars-global/default._CR0,0,1024,1024_SX48_.png",US,https://www.amazon.com/gp/profile/amzn1.account.AHA2VHRDV5D5VXINJMRXC27UWRDQ/ref=cm_cr_getr_d_gw_btm?ie=UTF8,,2024-09-25
B0BWQMXHMR,Great shorts,"Great shorts for all round wear. Comfortable, breathable and cool.",Y,,"Size: 3X-Large | Color: 5 Pack Black, Black, Navy, Dark Grey, Light Grey",5,0,,,,,https://www.amazon.com/gp/customer-reviews/R1DKWK2ZB3HZ22/ref=cm_cr_getr_d_rvw_ttl?ie=UTF8&ASIN=B08C2Q49MR,Terry Kincer,"https://images-na.ssl-images-amazon.com/images/S/amazon-avatars-global/default._CR0,0,1024,1024_SX48_.png",US,https://www.amazon.com/gp/profile/amzn1.account.AHLU6OIVEHXTTA3CKX2ZULSEJRYQ/ref=cm_cr_getr_d_gw_btm?ie=UTF8,,2024-09-25
B08C2R9GWC,Nice and silky and lightweight!,Good price and very lightweight. Im 6' tall and 168. I got medium and it's pretty snug on the waste but not terrible. Im thinking over time they may stretch some. Im just afraid a large would be too baggy in the legs or something.,Y,,"Size: Medium | Color: 3 Pack Black, Navy, Light Grey",5,2,,,,,https://www.amazon.com/gp/customer-reviews/R18ZQGEJ6NJYNP/ref=cm_cr_getr_d_rvw_ttl?ie=UTF8&ASIN=B08C2Q49MR,Sr,"https://images-na.ssl-images-amazon.com/images/S/amazon-avatars-global/default._CR0,0,1024,1024_SX48_.png",US,https://www.amazon.com/gp/profile/amzn1.account.AHE35FSKU2ZITNEM6SPNDM7AXB5A/ref=cm_cr_getr_d_gw_btm?ie=UTF8,,2024-09-25
B08JGHDWNP,Very comfortable,"I love these however, go up a size higher than your normal size.",Y,,"Size: XX-Large | Color: 5 Pack Black, Black, Navy, Dark Grey, Light Grey",4,0,,,,,https://www.amazon.com/gp/customer-reviews/RVSNJVE1RBZET/ref=cm_cr_getr_d_rvw_ttl?ie=UTF8&ASIN=B08C2Q49MR,L. M. Griffin Jr.,"https://images-na.ssl-images-amazon.com/images/S/amazon-avatars-global/default._CR0,0,1024,1024_SX48_.png",US,https://www.amazon.com/gp/profile/amzn1.account.AEDBOHT2DETETATCBQHSV7KGDBIA/ref=cm_cr_getr_d_gw_btm?ie=UTF8,,2024-09-24
B08PYQRD1Y,Reorder,Great fit. Ordered them a second time,Y,,"Size: X-Large | Color: 5 Pack Black, Dark Grey, Dark Grey, Navy, Dark Green",5,0,,,,,https://www.amazon.com/gp/customer-reviews/R1JJ9FGTQQHCEB/ref=cm_cr_getr_d_rvw_ttl?ie=UTF8&ASIN=B08C2Q49MR,Jen,"https://images-na.ssl-images-amazon.com/images/S/amazon-avatars-global/default._CR0,0,1024,1024_SX48_.png",US,https://www.amazon.com/gp/profile/amzn1.account.AGKG7OV46BCFWLZMJED77CC6I2DA/ref=cm_cr_getr_d_gw_btm?ie=UTF8,,2024-09-24
B0BWQSDNZ6,Love these,I really bought these shorts for myself. They are so comfortable. Perfect size. Breathable material. I wear these everyday at home.,Y,,"Size: 3X-Large | Color: 7 Pack Black, Dark Grey, Light Grey, Navy, Blue, Red, Dark Green",5,0,,,,,https://www.amazon.com/gp/customer-reviews/RJ1J42X562KXG/ref=cm_cr_getr_d_rvw_ttl?ie=UTF8&ASIN=B08C2Q49MR,Pflournoy22,"https://images-na.ssl-images-amazon.com/images/S/amazon-avatars-global/default._CR0,0,1024,1024_SX48_.png",US,https://www.amazon.com/gp/profile/amzn1.account.AF56IVMCQMWKZ5CYLNVRUQJXYXXQ/ref=cm_cr_getr_d_gw_btm?ie=UTF8,,2024-09-24
B08C2LZ7JK,These pants are verygood,They fit well and comfortable. I like them.,Y,,"Size: XX-Large | Color: 5 Pack Black, Navy, Blue, Dark Grey, Light Grey",5,0,,,,,https://www.amazon.com/gp/customer-reviews/R26IY0RN94HU0H/ref=cm_cr_getr_d_rvw_ttl?ie=UTF8&ASIN=B08C2Q49MR,Edith,"https://images-na.ssl-images-amazon.com/images/S/amazon-avatars-global/default._CR0,0,1024,1024_SX48_.png",US,https://www.amazon.com/gp/profile/amzn1.account.AF5SCS2LL27LURHTCHSPGUXHTOQA/ref=cm_cr_getr_d_gw_btm?ie=UTF8,,2024-09-23
B08JGBB9N1,perfect for activity,Just as advertised,Y,,"Size: Large | Color: 5 Pack Black, Black, Navy, Dark Grey, Light Grey",5,0,,,,,https://www.amazon.com/gp/customer-reviews/R3RK34YXO23UR7/ref=cm_cr_getr_d_rvw_ttl?ie=UTF8&ASIN=B08C2Q49MR,Kirstjan Seago,"https://images-na.ssl-images-amazon.com/images/S/amazon-avatars-global/default._CR0,0,1024,1024_SX48_.png",US,https://www.amazon.com/gp/profile/amzn1.account.AFLOQYTTZJMOTA5DGCJXNL33IMQA/ref=cm_cr_getr_d_gw_btm?ie=UTF8,,2024-09-22
B08C24FQSG,Fit,"Returned, did not like the fit.",Y,,"Size: Large | Color: 2 Pack Navy, Light Grey",5,0,,,,,https://www.amazon.com/gp/customer-reviews/R1TF9V7WABV1FK/ref=cm_cr_getr_d_rvw_ttl?ie=UTF8&ASIN=B08C2Q49MR,Amazon Customer,"https://images-na.ssl-images-amazon.com/images/S/amazon-avatars-global/default._CR0,0,1024,1024_SX48_.png",US,https://www.amazon.com/gp/profile/amzn1.account.AEZDJE4TALINCXQQR7MXU5WMETIA/ref=cm_cr_getr_d_gw_btm?ie=UTF8,,2024-09-22
B0BWQMXHMR,I'm happyi,It's good,Y,,"Size: 3X-Large | Color: 5 Pack Black, Black, Navy, Dark Grey, Light Grey",5,0,,,,,https://www.amazon.com/gp/customer-reviews/R1NP2VWVZSZ7HM/ref=cm_cr_getr_d_rvw_ttl?ie=UTF8&ASIN=B08C2Q49MR,Anthony hirner,"https://images-na.ssl-images-amazon.com/images/S/amazon-avatars-global/default._CR0,0,1024,1024_SX48_.png",US,https://www.amazon.com/gp/profile/amzn1.account.AGZ25RKBWM55OCCM2757534RRCKQ/ref=cm_cr_getr_d_gw_btm?ie=UTF8,,2024-09-22
B0BWQMXHMR,Comfortable to wear and purchase,"I had an upcoming surgery and needed more easy to put on over a removing leg surgery and saw these on the site.  Turns out to be a great purchase for the price, comfort and fit.

I got the 5 pack and it equated to just under $7 per short.  The quality,  material thickness and they are breathable.

The sizing was true to fit.

I would recommend this deal for anyone needing exercise style shorts.",Y,,"Size: 3X-Large | Color: 5 Pack Black, Black, Navy, Dark Grey, Light Grey",5,4,,,,,https://www.amazon.com/gp/customer-reviews/R2ASEGC1Y657GM/ref=cm_cr_getr_d_rvw_ttl?ie=UTF8&ASIN=B08C2Q49MR,BikeWolf,"https://images-na.ssl-images-amazon.com/images/S/amazon-avatars-global/default._CR0,0,1024,1024_SX48_.png",US,https://www.amazon.com/gp/profile/amzn1.account.AEN6X2I5OUORYL2ZVFPMPKZGABKQ/ref=cm_cr_getr_d_gw_btm?ie=UTF8,,2024-09-21
B08L4X6T2V,Size up for comfort,"I'm a bean pole at 6 foot even and 150 pounds, and the XL is a perfect fit for me. I had originally ordered the L and they were wearable, but pretty snug. I think the smaller size would be good for if I were actually using them for sports to minimize slippage, but around the house the bigger size is more comfortable (I have kept both).

I have run these through multiple washer/dryer cycles at hot/high heat with no regard to any special care, and no issues at all so far. I'm actually quite impressed with the quality level, especially given the price point.",Y,,"Size: X-Large | Color: 5 Pack Black, Dark Grey, Dark Blue, Milddle Blue, Army Green",5,1,,,,,https://www.amazon.com/gp/customer-reviews/R122Q744R55MM7/ref=cm_cr_getr_d_rvw_ttl?ie=UTF8&ASIN=B08C2Q49MR,Scotty,"https://images-na.ssl-images-amazon.com/images/S/amazon-avatars-global/default._CR0,0,1024,1024_SX48_.png",US,https://www.amazon.com/gp/profile/amzn1.account.AEXU4TZY3YT55YRWN3QYFX6V53BQ/ref=cm_cr_getr_d_gw_btm?ie=UTF8,,2024-09-21
B08JG3T2SY,PERFECT!!,JUST as pictured!!,Y,,"Size: X-Large | Color: 5 Pack Black, Black, Navy, Dark Grey, Light Grey",5,0,,,,,https://www.amazon.com/gp/customer-reviews/RA9Q5IC52MW5G/ref=cm_cr_getr_d_rvw_ttl?ie=UTF8&ASIN=B08C2Q49MR,jennifer polendo,"https://images-na.ssl-images-amazon.com/images/S/amazon-avatars-global/default._CR0,0,1024,1024_SX48_.png",US,https://www.amazon.com/gp/profile/amzn1.account.AGJOEEXSW3ZL4SUWM5ONSOS5E75Q/ref=cm_cr_getr_d_gw_btm?ie=UTF8,,2024-09-21
B08JGHDWNP,Great fit comfort and look,Great fit comfort and look,Y,,"Size: XX-Large | Color: 5 Pack Black, Black, Navy, Dark Grey, Light Grey",5,0,,,,,https://www.amazon.com/gp/customer-reviews/R2VJHXJ8EKDZ32/ref=cm_cr_getr_d_rvw_ttl?ie=UTF8&ASIN=B08C2Q49MR,Nicholas Sandhaus,"https://images-na.ssl-images-amazon.com/images/S/amazon-avatars-global/default._CR0,0,1024,1024_SX48_.png",US,https://www.amazon.com/gp/profile/amzn1.account.AG3CFZO5DOG5II7VZ2WL7U63IGDQ/ref=cm_cr_getr_d_gw_btm?ie=UTF8,,2024-09-20
B0BWQRJ4TH,Rise too short,"Rise was way too short. Ordered the 2XL and everything was flowy except the pants were still riding into my crotch. The 3XL was acceptable (still rides a little into the crotch), but at that point, it felt like I was wearing a trash bag.",Y,,"Size: 3X-Large | Color: 2 Pack Black, Dark Grey",2,0,,,,,https://www.amazon.com/gp/customer-reviews/R18ZMRD87IUH6T/ref=cm_cr_getr_d_rvw_ttl?ie=UTF8&ASIN=B08C2Q49MR,TTT,"https://images-na.ssl-images-amazon.com/images/S/amazon-avatars-global/default._CR0,0,1024,1024_SX48_.png",US,https://www.amazon.com/gp/profile/amzn1.account.AHAXU5SSRFIB4EQVYJD3QB3KVZSQ/ref=cm_cr_getr_d_gw_btm?ie=UTF8,,2024-09-19
B08JG3T2SY,You get what you pay for!,Cheap,Y,,"Size: X-Large | Color: 5 Pack Black, Black, Navy, Dark Grey, Light Grey",3,0,,,,,https://www.amazon.com/gp/customer-reviews/R1WPUTXBC7FT0K/ref=cm_cr_getr_d_rvw_ttl?ie=UTF8&ASIN=B08C2Q49MR,Amazon Customer,"https://images-na.ssl-images-amazon.com/images/S/amazon-avatars-global/default._CR0,0,1024,1024_SX48_.png",US,https://www.amazon.com/gp/profile/amzn1.account.AHNAMKMJQSPIHGLKKMIIHOMILZYA/ref=cm_cr_getr_d_gw_btm?ie=UTF8,,2024-09-19
B08JG3T2SY,Cheap. Don’t last. Very thin and don’t hold form,"After a few weeks I have multiple pair with busted pockets, frayed stitches, other issues.

Overall, they’re very thin and don’t hold any type of form. Wearing these as a man in public is borderline inappropriate",Y,,"Size: X-Large | Color: 5 Pack Black, Black, Navy, Dark Grey, Light Grey",3,0,,,,,https://www.amazon.com/gp/customer-reviews/R3B3IFPLJBWUO9/ref=cm_cr_getr_d_rvw_ttl?ie=UTF8&ASIN=B08C2Q49MR,Landon Kirk,"https://images-na.ssl-images-amazon.com/images/S/amazon-avatars-global/default._CR0,0,1024,1024_SX48_.png",US,https://www.amazon.com/gp/profile/amzn1.account.AFLOWUADFRQYDGXB65V6FRFXM7KA/ref=cm_cr_getr_d_gw_btm?ie=UTF8,,2024-09-19
B08C291LRW,Great Shorts With Deep Pockets.,Love these very cost effective shorts that have deep pockets that allow cell phones and wallets to be safely carried.,Y,,"Size: Large | Color: 5 Pack Black, Navy, Blue, Dark Grey, Light Grey",5,0,,,,,https://www.amazon.com/gp/customer-reviews/R1IDF30WDVNM0L/ref=cm_cr_getr_d_rvw_ttl?ie=UTF8&ASIN=B08C2Q49MR,George A. Emslie,"https://images-na.ssl-images-amazon.com/images/S/amazon-avatars-global/default._CR0,0,1024,1024_SX48_.png",US,https://www.amazon.com/gp/profile/amzn1.account.AEXCU5KNDDU4LLKASTSQ7HKUEAEQ/ref=cm_cr_getr_d_gw_btm?ie=UTF8,,2024-09-19
B08JGBB9N1,Awesome stuff,Great,Y,,"Size: Large | Color: 5 Pack Black, Black, Navy, Dark Grey, Light Grey",5,0,,,,,https://www.amazon.com/gp/customer-reviews/R3IC3IUCDAQL8T/ref=cm_cr_getr_d_rvw_ttl?ie=UTF8&ASIN=B08C2Q49MR,Ethan G.,"https://images-na.ssl-images-amazon.com/images/S/amazon-avatars-global/default._CR0,0,1024,1024_SX48_.png",US,https://www.amazon.com/gp/profile/amzn1.account.AHGK5EBS67XWM5LJOIGVTS322JJQ/ref=cm_cr_getr_d_gw_btm?ie=UTF8,,2024-09-19
B08JG3T2SY,They run small,"They're made pretty well, they just run small so I recommend going one size up from what you'd normally wear.",Y,,"Size: X-Large | Color: 5 Pack Black, Black, Navy, Dark Grey, Light Grey",4,0,,,,,https://www.amazon.com/gp/customer-reviews/R2MMA507NL2UPJ/ref=cm_cr_getr_d_rvw_ttl?ie=UTF8&ASIN=B08C2Q49MR,Brian A.,"https://images-na.ssl-images-amazon.com/images/S/amazon-avatars-global/default._CR0,0,1024,1024_SX48_.png",US,https://www.amazon.com/gp/profile/amzn1.account.AG6P7YEJPUFWOGMRXUGRS5EXVBBA/ref=cm_cr_getr_d_gw_btm?ie=UTF8,,2024-09-18
B08JG3T2SY,Good shorts,Easy to care for. Soft. Fit well,Y,,"Size: X-Large | Color: 5 Pack Black, Black, Navy, Dark Grey, Light Grey",5,1,,,,,https://www.amazon.com/gp/customer-reviews/RAJYF8ZC3HUUO/ref=cm_cr_getr_d_rvw_ttl?ie=UTF8&ASIN=B08C2Q49MR,katherine,"https://images-na.ssl-images-amazon.com/images/S/amazon-avatars-global/default._CR0,0,1024,1024_SX48_.png",US,https://www.amazon.com/gp/profile/amzn1.account.AHDB6FZLWPL3J72ZEQAO3XT46XSA/ref=cm_cr_getr_d_gw_btm?ie=UTF8,,2024-09-18
B08JG3T2SY,Shorts,Comfortable,Y,,"Size: X-Large | Color: 5 Pack Black, Black, Navy, Dark Grey, Light Grey",5,0,,,,,https://www.amazon.com/gp/customer-reviews/R3V19DKNZIRGA7/ref=cm_cr_getr_d_rvw_ttl?ie=UTF8&ASIN=B08C2Q49MR,Karen,"https://images-na.ssl-images-amazon.com/images/S/amazon-avatars-global/default._CR0,0,1024,1024_SX48_.png",US,https://www.amazon.com/gp/profile/amzn1.account.AHN2DKFHWYRVF3MNQ4Z2XZMCXB2Q/ref=cm_cr_getr_d_gw_btm?ie=UTF8,,2024-09-18
B08JG3T2SY,BALENNZ Athletic Shorts for Men,i like them. great for hot days. very thin like underwear I suppose. elastic works great for me not using the draw string. guess if I jogged in them I best use the draw strings. size chart works,Y,,"Size: X-Large | Color: 5 Pack Black, Black, Navy, Dark Grey, Light Grey",4,0,,,,,https://www.amazon.com/gp/customer-reviews/RDX4FF4WBOVPR/ref=cm_cr_getr_d_rvw_ttl?ie=UTF8&ASIN=B08C2Q49MR,L. reed,"https://images-na.ssl-images-amazon.com/images/S/amazon-avatars-global/default._CR0,0,1024,1024_SX48_.png",US,https://www.amazon.com/gp/profile/amzn1.account.AHUKP6BBQUFA3I4PO5FNL5RKSCTQ/ref=cm_cr_getr_d_gw_btm?ie=UTF8,,2024-09-17
B08PYQRD1Y,Comfort and easy care,"My husband wears these everyday !
He loves their comfort and they dry quickly.  I wash them then hang them up to dry. Because our clothes with elastic last a very long time when not dried in the drier.",Y,,"Size: X-Large | Color: 5 Pack Black, Dark Grey, Dark Grey, Navy, Dark Green",5,0,,,,,https://www.amazon.com/gp/customer-reviews/R1UVNSXZMZ4Z4A/ref=cm_cr_getr_d_rvw_ttl?ie=UTF8&ASIN=B08C2Q49MR,Sharon Briggs,"https://images-na.ssl-images-amazon.com/images/S/amazon-avatars-global/default._CR0,0,1024,1024_SX48_.png",US,https://www.amazon.com/gp/profile/amzn1.account.AENEXFLC6XWFTZ7JDRQGWSHATQAQ/ref=cm_cr_getr_d_gw_btm?ie=UTF8,,2024-09-17
B08JGC1D2G,Decent quality,These have held up well even with several washes. Fit is fine. Seems like good quality,Y,,"Size: Medium | Color: 5 Pack Black, Black, Navy, Dark Grey, Light Grey",4,0,,,,,https://www.amazon.com/gp/customer-reviews/R1SCS9PQFPYHEF/ref=cm_cr_getr_d_rvw_ttl?ie=UTF8&ASIN=B08C2Q49MR,R. Decoveny,"https://images-na.ssl-images-amazon.com/images/S/amazon-avatars-global/default._CR0,0,1024,1024_SX48_.png",US,https://www.amazon.com/gp/profile/amzn1.account.AFACBAJLWB4BQZMCPRNDB5Q4LOGQ/ref=cm_cr_getr_d_gw_btm?ie=UTF8,,2024-09-16
B08JGHDWNP,Super comodos,Son super cómodos y refrescantes,Y,,"Size: XX-Large | Color: 5 Pack Black, Black, Navy, Dark Grey, Light Grey",5,0,,,,,https://www.amazon.com/gp/customer-reviews/R2HJE1MRP166DQ/ref=cm_cr_getr_d_rvw_ttl?ie=UTF8&ASIN=B08C2Q49MR,Amneris,"https://images-na.ssl-images-amazon.com/images/S/amazon-avatars-global/default._CR0,0,1024,1024_SX48_.png",US,https://www.amazon.com/gp/profile/amzn1.account.AEHLKPUZDGBAIQA3IGCXMJWLXEFA/ref=cm_cr_getr_d_gw_btm?ie=UTF8,,2024-09-16
B08JG3T2SY,"Good for Price, Buy a size up","These shorts are very good for the price. The elastic waistband is tight, I'd recommend ordering one size larger than normal.",Y,,"Size: X-Large | Color: 5 Pack Black, Black, Navy, Dark Grey, Light Grey",5,0,,,,,https://www.amazon.com/gp/customer-reviews/R1E36OFP2625QL/ref=cm_cr_getr_d_rvw_ttl?ie=UTF8&ASIN=B08C2Q49MR,Jay Kraynak,"https://images-na.ssl-images-amazon.com/images/S/amazon-avatars-global/default._CR0,0,1024,1024_SX48_.png",US,https://www.amazon.com/gp/profile/amzn1.account.AHVN4V4REJXBP4G6D3HTNMO3STHQ/ref=cm_cr_getr_d_gw_btm?ie=UTF8,,2024-09-16
B08L4XF4J9,Buena tela y cómodos,Perfect 👍,Y,,"Size: XX-Large | Color: 5 Pack Black, Dark Grey, Dark Blue, Milddle Blue, Army Green",5,0,1,https://m.media-amazon.com/images/I/71q7HEDExuL._SY200.jpg,,,https://www.amazon.com/gp/customer-reviews/R31S36RK4JEBWH/ref=cm_cr_getr_d_rvw_ttl?ie=UTF8&ASIN=B08C2Q49MR,Luis,"https://images-na.ssl-images-amazon.com/images/S/amazon-avatars-global/default._CR0,0,1024,1024_SX48_.png",US,https://www.amazon.com/gp/profile/amzn1.account.AHASKVS7CXHNRZ32CV7V2BGHU54A/ref=cm_cr_getr_d_gw_btm?ie=UTF8,,2024-09-15
B08JG8DNVQ,Good quality and good price,Good quality and good price,Y,,"Size: Small | Color: 5 Pack Black, Black, Navy, Dark Grey, Light Grey",5,0,,,,,https://www.amazon.com/gp/customer-reviews/R2CFU57U1B86SC/ref=cm_cr_getr_d_rvw_ttl?ie=UTF8&ASIN=B08C2Q49MR,Placeholder,"https://images-na.ssl-images-amazon.com/images/S/amazon-avatars-global/default._CR0,0,1024,1024_SX48_.png",US,https://www.amazon.com/gp/profile/amzn1.account.AEZ4PWOCQJUBATGHNHKENTZPOJ2Q/ref=cm_cr_getr_d_gw_btm?ie=UTF8,,2024-09-15
B08L4X623C,Great fit and durability,These are holding up after a couple months of wearing tithe gym.,Y,,"Size: Medium | Color: 5 Pack Black, Dark Grey, Dark Blue, Milddle Blue, Army Green",5,0,,,,,https://www.amazon.com/gp/customer-reviews/R3VRNDFERMA5MR/ref=cm_cr_getr_d_rvw_ttl?ie=UTF8&ASIN=B08C2Q49MR,joelk9,"https://images-na.ssl-images-amazon.com/images/S/amazon-avatars-global/default._CR0,0,1024,1024_SX48_.png",US,https://www.amazon.com/gp/profile/amzn1.account.AHAUHW5GIZN66FDHA2GB5QLML2CQ/ref=cm_cr_getr_d_gw_btm?ie=UTF8,,2024-09-15
B08JG8DNVQ,Good quality,Top quality,Y,,"Size: Small | Color: 5 Pack Black, Black, Navy, Dark Grey, Light Grey",5,0,,,,,https://www.amazon.com/gp/customer-reviews/RUP3ITDQ7DE91/ref=cm_cr_getr_d_rvw_ttl?ie=UTF8&ASIN=B08C2Q49MR,Daneel B.,"https://images-na.ssl-images-amazon.com/images/S/amazon-avatars-global/default._CR0,0,1024,1024_SX48_.png",US,https://www.amazon.com/gp/profile/amzn1.account.AFSIGZUQ34HUGVZ3BH32GVXGWL6Q/ref=cm_cr_getr_d_gw_btm?ie=UTF8,,2024-09-14
B08JGBB9N1,Long lasting,Pockets are deep and stitching is good. They have lasted a long time and durable through washes.,Y,,"Size: Large | Color: 5 Pack Black, Black, Navy, Dark Grey, Light Grey",5,1,,,,,https://www.amazon.com/gp/customer-reviews/R1NBWFM86MXJWI/ref=cm_cr_getr_d_rvw_ttl?ie=UTF8&ASIN=B08C2Q49MR,Shiana,"https://images-na.ssl-images-amazon.com/images/S/amazon-avatars-global/default._CR0,0,1024,1024_SX48_.png",US,https://www.amazon.com/gp/profile/amzn1.account.AEWJFHQBWLB5PWZ7ZJOII2XBVTFQ/ref=cm_cr_getr_d_gw_btm?ie=UTF8,,2024-09-14
B08JGHDWNP,Nice shorts,"We bought these for my son and he loves them. Great fit, light material.",Y,,"Size: XX-Large | Color: 5 Pack Black, Black, Navy, Dark Grey, Light Grey",5,0,,,,,https://www.amazon.com/gp/customer-reviews/R3LZSIJWYMG5ZA/ref=cm_cr_getr_d_rvw_ttl?ie=UTF8&ASIN=B08C2Q49MR,Amazon Customer,"https://images-na.ssl-images-amazon.com/images/S/amazon-avatars-global/default._CR0,0,1024,1024_SX48_.png",US,https://www.amazon.com/gp/profile/amzn1.account.AEOYOHY4WV7JYGGF2KTU56M5JUDA/ref=cm_cr_getr_d_gw_btm?ie=UTF8,,2024-09-13
B0BWQMXHMR,Great item,Very reasonably priced.Delivery fast,Y,,"Size: 3X-Large | Color: 5 Pack Black, Black, Navy, Dark Grey, Light Grey",5,0,,,,,https://www.amazon.com/gp/customer-reviews/RMJXZ0AYXY3HP/ref=cm_cr_getr_d_rvw_ttl?ie=UTF8&ASIN=B08C2Q49MR,Danny Jarrard,"https://images-na.ssl-images-amazon.com/images/S/amazon-avatars-global/default._CR0,0,1024,1024_SX48_.png",US,https://www.amazon.com/gp/profile/amzn1.account.AGBORIPPGWGPEMEHXLH7OZ5U4KCQ/ref=cm_cr_getr_d_gw_btm?ie=UTF8,,2024-09-12
B0BWQSDNZ6,"These fit well and they look good, and are very durable.",I am very satisfied with this product.....,Y,,"Size: 3X-Large | Color: 7 Pack Black, Dark Grey, Light Grey, Navy, Blue, Red, Dark Green",5,0,,,,,https://www.amazon.com/gp/customer-reviews/RJRDM9FVYLQPD/ref=cm_cr_getr_d_rvw_ttl?ie=UTF8&ASIN=B08C2Q49MR,James "Tugger" Case,"https://images-na.ssl-images-amazon.com/images/S/amazon-avatars-global/8409f6c4-3ef7-404b-9009-691ba91fc5d3._CR0,0,500,500_SX48_.jpg",US,https://www.amazon.com/gp/profile/amzn1.account.AH6YWQAKIMYHKUD6GOCHLZJBAR6Q/ref=cm_cr_getr_d_gw_btm?ie=UTF8,,2024-09-12
B0BWQS38L3,MENS SHORTS,"EXCELLENT SHORTS, WELL MADE AND TWO GOOD POCKETS FOR A VERY GOOD PRICE.",Y,,"Size: 3X-Large | Color: 2 Pack Black, Navy",5,0,,,,,https://www.amazon.com/gp/customer-reviews/R16YAF8JGICQMJ/ref=cm_cr_getr_d_rvw_ttl?ie=UTF8&ASIN=B08C2Q49MR,DAVID V. BURDETTE,"https://images-na.ssl-images-amazon.com/images/S/amazon-avatars-global/default._CR0,0,1024,1024_SX48_.png",US,https://www.amazon.com/gp/profile/amzn1.account.AFS3NLA2EV7RYUI747GLOVJA3JEA/ref=cm_cr_getr_d_gw_btm?ie=UTF8,,2024-09-12
B08L4X2BJX,Top Tier,Very comfortable. Good Sized Pockets. Thick draw strings for securing around your waist. Colors are very vibrant as well.,Y,,"Size: Large | Color: 5 Pack Black, Dark Grey, Dark Blue, Milddle Blue, Army Green",5,0,,,,,https://www.amazon.com/gp/customer-reviews/R2A7P64PD6OEC1/ref=cm_cr_getr_d_rvw_ttl?ie=UTF8&ASIN=B08C2Q49MR,Anon,"https://images-na.ssl-images-amazon.com/images/S/amazon-avatars-global/default._CR0,0,1024,1024_SX48_.png",US,https://www.amazon.com/gp/profile/amzn1.account.AHVVKN5GD4HNU6TXE3FMTNZMCZJQ/ref=cm_cr_getr_d_gw_btm?ie=UTF8,,2024-09-12
B08JGHDWNP,GREAT FOR TALL MEN,Got these for my husband he is 6'7 and they fit nicely . Material is good quality,Y,,"Size: XX-Large | Color: 5 Pack Black, Black, Navy, Dark Grey, Light Grey",4,0,,,,,https://www.amazon.com/gp/customer-reviews/RMOHYDBDVXQ8N/ref=cm_cr_getr_d_rvw_ttl?ie=UTF8&ASIN=B08C2Q49MR,fairy hair god mothet,"https://images-na.ssl-images-amazon.com/images/S/amazon-avatars-global/default._CR0,0,1024,1024_SX48_.png",US,https://www.amazon.com/gp/profile/amzn1.account.AHBJIWTTECS2KTR4PX2W4BUYLEMQ/ref=cm_cr_getr_d_gw_btm?ie=UTF8,,2024-09-11
B08PYQRD1Y,Great Fit and finiish,"What a deal. Comfty, Fit and finish are all ourstanding. Would buy again. Cool colors too",Y,,"Size: X-Large | Color: 5 Pack Black, Dark Grey, Dark Grey, Navy, Dark Green",5,0,,,,,https://www.amazon.com/gp/customer-reviews/R22UCYZQ31PELU/ref=cm_cr_getr_d_rvw_ttl?ie=UTF8&ASIN=B08C2Q49MR,Rocko KC,"https://images-na.ssl-images-amazon.com/images/S/amazon-avatars-global/default._CR0,0,1024,1024_SX48_.png",US,https://www.amazon.com/gp/profile/amzn1.account.AEKVECIF3CRBBUB5ZZ4A5R4E6X5A/ref=cm_cr_getr_d_gw_btm?ie=UTF8,,2024-09-11
B08C28MML2,Husband Loves These,The quality is excellent for the price.,Y,,"Size: X-Large | Color: 5 Pack Black, Navy, Blue, Dark Grey, Light Grey",5,0,,,,,https://www.amazon.com/gp/customer-reviews/R2WM71WYSPE5BK/ref=cm_cr_getr_d_rvw_ttl?ie=UTF8&ASIN=B08C2Q49MR,Emily Januszczyk,"https://images-na.ssl-images-amazon.com/images/S/amazon-avatars-global/default._CR0,0,1024,1024_SX48_.png",US,https://www.amazon.com/gp/profile/amzn1.account.AHGHKXJFBXPITIGU4DD4MXTBVNFA/ref=cm_cr_getr_d_gw_btm?ie=UTF8,,2024-09-11
B08JGBB9N1,Sheer,These shorts are sheer. You can see through them. The sizing is way off. Ordered an XL and I am normally a M. They were still tight. Don’t buy not worth it.,Y,,"Size: Large | Color: 5 Pack Black, Black, Navy, Dark Grey, Light Grey",1,0,,,,,https://www.amazon.com/gp/customer-reviews/RRQGG2HTULTWV/ref=cm_cr_getr_d_rvw_ttl?ie=UTF8&ASIN=B08C2Q49MR,Michelle Montgomery,"https://images-na.ssl-images-amazon.com/images/S/amazon-avatars-global/default._CR0,0,1024,1024_SX48_.png",US,https://www.amazon.com/gp/profile/amzn1.account.AFGEXX237MFJQEYDLXNXV2OXSRYQ/ref=cm_cr_getr_d_gw_btm?ie=UTF8,,2024-09-10
B08PYNVKW1,Worth the buy,"These shorts are super durable, breathable, and just downright comfortable. I don't think you can beat it for the price. Highly recommended",Y,,"Size: XX-Large | Color: 5 Pack Black, Dark Grey, Dark Grey, Navy, Dark Green",5,0,,,,,https://www.amazon.com/gp/customer-reviews/RCKHKN6PWK4JW/ref=cm_cr_getr_d_rvw_ttl?ie=UTF8&ASIN=B08C2Q49MR,Zach,"https://images-na.ssl-images-amazon.com/images/S/amazon-avatars-global/default._CR0,0,1024,1024_SX48_.png",US,https://www.amazon.com/gp/profile/amzn1.account.AFREX6VF3XA4PJV46EJX6YZQAOIA/ref=cm_cr_getr_d_gw_btm?ie=UTF8,,2024-09-10
B08L4X87BP,Boyfriend loves these,"He says they are comfortable and when he's not wearing his jean shorts, he's wearing these.  He even sleeps in them, that's how comfortable they are.",Y,,"Size: Medium | Color: 5 Pack Black, Dark Grey, Dark Blue, Light Grey, Green",5,0,,,,,https://www.amazon.com/gp/customer-reviews/R3HY552OPPU1BJ/ref=cm_cr_getr_d_rvw_ttl?ie=UTF8&ASIN=B08C2Q49MR,Bunny,"https://images-na.ssl-images-amazon.com/images/S/amazon-avatars-global/default._CR0,0,1024,1024_SX48_.png",US,https://www.amazon.com/gp/profile/amzn1.account.AFJTDKXXT7IJTBJBEZLASDFZNANQ/ref=cm_cr_getr_d_gw_btm?ie=UTF8,,2024-09-09
B08C2CW11V,Ok,Wouldn't purchase a second time,Y,,"Size: X-Large | Color: 2 Pack Black, Dark Grey",1,0,,,,,https://www.amazon.com/gp/customer-reviews/R2NJZNULLIC8PK/ref=cm_cr_getr_d_rvw_ttl?ie=UTF8&ASIN=B08C2Q49MR,Richard Gozinya,"https://images-na.ssl-images-amazon.com/images/S/amazon-avatars-global/default._CR0,0,1024,1024_SX48_.png",US,https://www.amazon.com/gp/profile/amzn1.account.AEV6GSZH2JX7D652CGSKYYMJ2PBA/ref=cm_cr_getr_d_gw_btm?ie=UTF8,,2024-09-08
B08PYDPG47,good,comfortable ..relaxed fit,Y,,"Size: Medium | Color: 5 Pack Black, Dark Grey, Dark Grey, Navy, Dark Green",4,0,,,,,https://www.amazon.com/gp/customer-reviews/R3A1B8DL0J6F6I/ref=cm_cr_getr_d_rvw_ttl?ie=UTF8&ASIN=B08C2Q49MR,Vee,"https://images-na.ssl-images-amazon.com/images/S/amazon-avatars-global/default._CR0,0,1024,1024_SX48_.png",US,https://www.amazon.com/gp/profile/amzn1.account.AFSYOEQO7G2ZJQCC6AII7A2SWQAQ/ref=cm_cr_getr_d_gw_btm?ie=UTF8,,2024-09-08
B08PYNVKW1,Buenísimos para ejercicios,"Calidad producto excelentes, tengo algunos meses usándolos y 0 quejas",Y,,"Size: XX-Large | Color: 5 Pack Black, Dark Grey, Dark Grey, Navy, Dark Green",5,0,,,,,https://www.amazon.com/gp/customer-reviews/R322Z2LX1FS21V/ref=cm_cr_getr_d_rvw_ttl?ie=UTF8&ASIN=B08C2Q49MR,Ricardo N.,"https://images-na.ssl-images-amazon.com/images/S/amazon-avatars-global/default._CR0,0,1024,1024_SX48_.png",US,https://www.amazon.com/gp/profile/amzn1.account.AH6CGJLDMQNGNMMSQEARI3VCTURA/ref=cm_cr_getr_d_gw_btm?ie=UTF8,,2024-09-08
B08C28MML2,fit great,x,Y,,"Size: X-Large | Color: 5 Pack Black, Navy, Blue, Dark Grey, Light Grey",5,0,,,,,https://www.amazon.com/gp/customer-reviews/R2VHBMBP7V1DFL/ref=cm_cr_getr_d_rvw_ttl?ie=UTF8&ASIN=B08C2Q49MR,Carmen Steele,"https://images-na.ssl-images-amazon.com/images/S/amazon-avatars-global/default._CR0,0,1024,1024_SX48_.png",US,https://www.amazon.com/gp/profile/amzn1.account.AE4UIIPQAPGFNAPMUAPQW443N3MQ/ref=cm_cr_getr_d_gw_btm?ie=UTF8,,2024-09-08
B0BWQS38L3,Very comfortable. Pocket issue.,"Very comfortable. Pocket issue. The pockets have narrow openings, which barely allow my large hands in them. Don't buy if you have really big hands. Kinda irritating.",Y,,"Size: 3X-Large | Color: 2 Pack Black, Navy",4,0,,,,,https://www.amazon.com/gp/customer-reviews/R1HF6SLH34P2GE/ref=cm_cr_getr_d_rvw_ttl?ie=UTF8&ASIN=B08C2Q49MR,William R. Reynolds,"https://images-na.ssl-images-amazon.com/images/S/amazon-avatars-global/default._CR0,0,1024,1024_SX48_.png",US,https://www.amazon.com/gp/profile/amzn1.account.AFDVXQ46HNLHM44OG33E5BLBSG3A/ref=cm_cr_getr_d_gw_btm?ie=UTF8,,2024-09-07
B08JGBB9N1,Great!,I got these for my son. The fit was perfect and he’s happy with them. I got on a limited deal and the price when broken down can’t be beat!,Y,,"Size: Large | Color: 5 Pack Black, Black, Navy, Dark Grey, Light Grey",5,0,,,,,https://www.amazon.com/gp/customer-reviews/R2FQA8YXFENS9N/ref=cm_cr_getr_d_rvw_ttl?ie=UTF8&ASIN=B08C2Q49MR,mmb11,"https://images-na.ssl-images-amazon.com/images/S/amazon-avatars-global/default._CR0,0,1024,1024_SX48_.png",US,https://www.amazon.com/gp/profile/amzn1.account.AFFKZQQDFUUTDAVZEGNJZAHQBG5Q/ref=cm_cr_getr_d_gw_btm?ie=UTF8,,2024-09-07
B0BWQMXHMR,Fit well,Cheaper material causes threads to loosen.,Y,,"Size: 3X-Large | Color: 5 Pack Black, Black, Navy, Dark Grey, Light Grey",4,0,,,,,https://www.amazon.com/gp/customer-reviews/R2RLQ7NANPL9AO/ref=cm_cr_getr_d_rvw_ttl?ie=UTF8&ASIN=B08C2Q49MR,Rance Thompson,"https://images-na.ssl-images-amazon.com/images/S/amazon-avatars-global/default._CR0,0,1024,1024_SX48_.png",US,https://www.amazon.com/gp/profile/amzn1.account.AEH5RYLOUIB4TD46SZNHDQGIXPOQ/ref=cm_cr_getr_d_gw_btm?ie=UTF8,,2024-09-06
B08JG3T2SY,Athletic Shorts,"Comfortable, breathable, good quality for the price",Y,,"Size: X-Large | Color: 5 Pack Black, Black, Navy, Dark Grey, Light Grey",5,0,,,,,https://www.amazon.com/gp/customer-reviews/R1ABFTH2QF48G5/ref=cm_cr_getr_d_rvw_ttl?ie=UTF8&ASIN=B08C2Q49MR,Khammer,"https://images-na.ssl-images-amazon.com/images/S/amazon-avatars-global/default._CR0,0,1024,1024_SX48_.png",US,https://www.amazon.com/gp/profile/amzn1.account.AE7DJKL6KGAWNPNABU6NQY4N6NOQ/ref=cm_cr_getr_d_gw_btm?ie=UTF8,,2024-09-06
B08C24KLXH,Very thin material!!,While wearing the silver colored shorts people will be able to see your underwear thru the material....,,,"Size: XX-Large | Color: 3 Pack Black, Navy, Light Grey",2,0,,,,,https://www.amazon.com/gp/customer-reviews/R1D8I0ULAM1K1V/ref=cm_cr_getr_d_rvw_ttl?ie=UTF8&ASIN=B08C2Q49MR,Chad,"https://images-na.ssl-images-amazon.com/images/S/amazon-avatars-global/default._CR0,0,1024,1024_SX48_.png",US,https://www.amazon.com/gp/profile/amzn1.account.AFLGC5A64GLBU35TPCABGGFENNJQ/ref=cm_cr_getr_d_gw_btm?ie=UTF8,,2024-09-05
B08C2LZ7JK,Deep pockets,I was hesitant to buy these because I like deep pockets and I hate worring about losing my wallet keys or phone. I will not have to worry about this with these shorts. They fit great and are super comfortable. They also have a drawstring but you do not need to use it.,Y,,"Size: XX-Large | Color: 5 Pack Black, Navy, Blue, Dark Grey, Light Grey",5,0,,,,,https://www.amazon.com/gp/customer-reviews/R1SYBB2HCXRUW/ref=cm_cr_getr_d_rvw_ttl?ie=UTF8&ASIN=B08C2Q49MR,Garrison L Halford,"https://images-na.ssl-images-amazon.com/images/S/amazon-avatars-global/default._CR0,0,1024,1024_SX48_.png",US,https://www.amazon.com/gp/profile/amzn1.account.AGSYRLIUW5QCPG4LBRYPXSLZX4QA/ref=cm_cr_getr_d_gw_btm?ie=UTF8,,2024-09-05
B08JGC1D2G,Runs small,Squeezes the waist too much. Does not run the sizes it says it does. Smaller than what's advertised.,Y,,"Size: Medium | Color: 5 Pack Black, Black, Navy, Dark Grey, Light Grey",2,0,,,,,https://www.amazon.com/gp/customer-reviews/R1DL53A2VU91KH/ref=cm_cr_getr_d_rvw_ttl?ie=UTF8&ASIN=B08C2Q49MR,Tony B.,"https://images-na.ssl-images-amazon.com/images/S/amazon-avatars-global/default._CR0,0,1024,1024_SX48_.png",US,https://www.amazon.com/gp/profile/amzn1.account.AGUIKL5WHB56PXZYYLYTJSTKTG3A/ref=cm_cr_getr_d_gw_btm?ie=UTF8,,2024-09-04
B08JGBB9N1,Holding up,Use them everyday i use those public laundromat and these have held up with how those are rough on clothes so the quality is so much better than i expected  pockets are ok,Y,,"Size: Large | Color: 5 Pack Black, Black, Navy, Dark Grey, Light Grey",5,0,,,,,https://www.amazon.com/gp/customer-reviews/R1VAO1KMVWKII7/ref=cm_cr_getr_d_rvw_ttl?ie=UTF8&ASIN=B08C2Q49MR,Ruben Torrez,"https://images-na.ssl-images-amazon.com/images/S/amazon-avatars-global/default._CR0,0,1024,1024_SX48_.png",US,https://www.amazon.com/gp/profile/amzn1.account.AET3HUXDKI47A37AIJ66NP2AC4DA/ref=cm_cr_getr_d_gw_btm?ie=UTF8,,2024-09-04
B0BWQR49L6,I have vision issues,"I’m using Siri to write this so please excuse any strange words. I am going in for an operation in October and I will not be able to buckle in and buckle my belt around the house so I purchased these so I can slide them on and slide them off and not have to mess with the buckle so far so good. The fit is perfect. I’m not a tiny man, but these are not tiny shorts. The colors didn’t really make a difference since I can’t see them anyhow, but the feel of the material was good and so far they’ve held up during washing thank you so much for taking the time to read my review.",Y,,"Size: 3X-Large | Color: 3 Pack Black, Dark Grey, Blue",5,1,,,,,https://www.amazon.com/gp/customer-reviews/R3FN465LGV8BMB/ref=cm_cr_getr_d_rvw_ttl?ie=UTF8&ASIN=B08C2Q49MR,Keith,"https://images-na.ssl-images-amazon.com/images/S/amazon-avatars-global/6554d212-4cb5-4df6-ac69-3f137bfddf7b._CR0,0,375,375_SX48_.jpg",US,https://www.amazon.com/gp/profile/amzn1.account.AH6MMPUALUXBCAV4WQEP6OL5BMAA/ref=cm_cr_getr_d_gw_btm?ie=UTF8,,2024-09-04
B08JG3T2SY,Uder-sized,This might be helpful. All in all they are made well but my 40" waistline found these shorts to be tight and uncomfortable. I had been nursing a painful lower back for a year or more when with trips to the chiropractor. I remembered 12-15 years earlier having the same lower back pain. What I recently discovered was that my reluctance to purchase new paints with the corrects size waistline was the reason for my pain. I was looking for a loose fitting gym short I could sleep in.,Y,,"Size: X-Large | Color: 5 Pack Black, Black, Navy, Dark Grey, Light Grey",2,0,,,,,https://www.amazon.com/gp/customer-reviews/R2SQ18J9U1PO2J/ref=cm_cr_getr_d_rvw_ttl?ie=UTF8&ASIN=B08C2Q49MR,Amazon Customer,"https://images-na.ssl-images-amazon.com/images/S/amazon-avatars-global/default._CR0,0,1024,1024_SX48_.png",US,https://www.amazon.com/gp/profile/amzn1.account.AHONMAVKDBUAOMUIHEM4MLUOGUSA/ref=cm_cr_getr_d_gw_btm?ie=UTF8,,2024-09-01
B08PYQRD1Y,Very shiny!,These have a shiny reflective look. I don’t like it. Depends on your taste.,Y,,"Size: X-Large | Color: 5 Pack Black, Dark Grey, Dark Grey, Navy, Dark Green",2,0,,,,,https://www.amazon.com/gp/customer-reviews/R2MCKWDFE29MR5/ref=cm_cr_getr_d_rvw_ttl?ie=UTF8&ASIN=B08C2Q49MR,Nadav,"https://images-na.ssl-images-amazon.com/images/S/amazon-avatars-global/default._CR0,0,1024,1024_SX48_.png",US,https://www.amazon.com/gp/profile/amzn1.account.AGTL3UMAKNXPA464OV6FDNCUNLKQ/ref=cm_cr_getr_d_gw_btm?ie=UTF8,,2024-09-01
B08JGHDWNP,Fits well,These were for my husband.  They fit well and work for casual wear.,Y,,"Size: XX-Large | Color: 5 Pack Black, Black, Navy, Dark Grey, Light Grey",4,0,,,,,https://www.amazon.com/gp/customer-reviews/R1ZAMNLZ1IJFBS/ref=cm_cr_getr_d_rvw_ttl?ie=UTF8&ASIN=B08C2Q49MR,DEPope,"https://images-na.ssl-images-amazon.com/images/S/amazon-avatars-global/default._CR0,0,1024,1024_SX48_.png",US,https://www.amazon.com/gp/profile/amzn1.account.AHB23FM5DYC6NGVU2HU5DRHKADYA/ref=cm_cr_getr_d_gw_btm?ie=UTF8,,2024-09-01
B08JGBB9N1,actual size is smaller than stated,"I ordered the large, as I usually do.  Tried to put on the first pair and barely got them half way up my thighs.  The kid up the street likes his new shorts.  I beleive I'm going to stop buying clothing items from Amazon.",Y,,"Size: Large | Color: 5 Pack Black, Black, Navy, Dark Grey, Light Grey",1,0,,,,,https://www.amazon.com/gp/customer-reviews/R2NZ6ZG88EBAX6/ref=cm_cr_getr_d_rvw_ttl?ie=UTF8&ASIN=B08C2Q49MR,Jude Ossowski,"https://images-na.ssl-images-amazon.com/images/S/amazon-avatars-global/default._CR0,0,1024,1024_SX48_.png",US,https://www.amazon.com/gp/profile/amzn1.account.AHAM32SFPGU3PQHHIDDJZKEQMRFQ/ref=cm_cr_getr_d_gw_btm?ie=UTF8,,2024-08-31
B08JGBB9N1,Cheap Material,"Material feels cheaper than I expected, and they’re quite thin.",Y,,"Size: Large | Color: 5 Pack Black, Black, Navy, Dark Grey, Light Grey",3,0,,,,,https://www.amazon.com/gp/customer-reviews/R2RJ2003WQJS4R/ref=cm_cr_getr_d_rvw_ttl?ie=UTF8&ASIN=B08C2Q49MR,Amazon Customer,"https://images-na.ssl-images-amazon.com/images/S/amazon-avatars-global/default._CR0,0,1024,1024_SX48_.png",US,https://www.amazon.com/gp/profile/amzn1.account.AFPGIPN6OCG4NSBRT45HVSJRQIJA/ref=cm_cr_getr_d_gw_btm?ie=UTF8,,2024-08-29
B08JGC1D2G,Shorts,Adecuado para ir a la piscina tal cual lo pedí talla correspondiente,Y,,"Size: Medium | Color: 5 Pack Black, Black, Navy, Dark Grey, Light Grey",4,0,,,,,https://www.amazon.com/gp/customer-reviews/R2QHL7HG9UDO6A/ref=cm_cr_getr_d_rvw_ttl?ie=UTF8&ASIN=B08C2Q49MR,Zugey Salamanca,"https://images-na.ssl-images-amazon.com/images/S/amazon-avatars-global/default._CR0,0,1024,1024_SX48_.png",US,https://www.amazon.com/gp/profile/amzn1.account.AGDKXSVTSOVA6R4DUPUBEZGOEVJQ/ref=cm_cr_getr_d_gw_btm?ie=UTF8,,2024-08-29
B08JGC1D2G,Good; Runs A Little Small,Quality is decent for the price. The fabric is A little on the thin side but they work. Runs a half size small,Y,,"Size: Medium | Color: 5 Pack Black, Black, Navy, Dark Grey, Light Grey",4,0,,,,,https://www.amazon.com/gp/customer-reviews/R1YM6064IP3XVS/ref=cm_cr_getr_d_rvw_ttl?ie=UTF8&ASIN=B08C2Q49MR,Roll Jackets,"https://images-na.ssl-images-amazon.com/images/S/amazon-avatars-global/default._CR0,0,1024,1024_SX48_.png",US,https://www.amazon.com/gp/profile/amzn1.account.AEO6M23KADPG63CQCUYEPCVYP6JA/ref=cm_cr_getr_d_gw_btm?ie=UTF8,,2024-08-29
B08L4XF4J9,Wash at your peril!,Nice shorts until 1st wash because ALL the waistbands lost elasticity immediately! Drawstring use only. Negates purchase if I wanted crap I would have bought crap. Don't trust this co.,Y,,"Size: XX-Large | Color: 5 Pack Black, Dark Grey, Dark Blue, Milddle Blue, Army Green",1,0,,,,,https://www.amazon.com/gp/customer-reviews/RFSY817CPJCKX/ref=cm_cr_getr_d_rvw_ttl?ie=UTF8&ASIN=B08C2Q49MR,Amazon Customer,"https://images-na.ssl-images-amazon.com/images/S/amazon-avatars-global/default._CR0,0,1024,1024_SX48_.png",US,https://www.amazon.com/gp/profile/amzn1.account.AGMYGRCJV4OOOEHPAQUQICP44ELQ/ref=cm_cr_getr_d_gw_btm?ie=UTF8,,2024-08-28
B08JGBB9N1,Falling apart,They started falling apart after one or two washes.,Y,,"Size: Large | Color: 5 Pack Black, Black, Navy, Dark Grey, Light Grey",1,0,,,,,https://www.amazon.com/gp/customer-reviews/R2F2YA2U3BT651/ref=cm_cr_getr_d_rvw_ttl?ie=UTF8&ASIN=B08C2Q49MR,Paul,"https://images-na.ssl-images-amazon.com/images/S/amazon-avatars-global/default._CR0,0,1024,1024_SX48_.png",US,https://www.amazon.com/gp/profile/amzn1.account.AFUNWQXBFUKUNJKTY64Z65BJAUJQ/ref=cm_cr_getr_d_gw_btm?ie=UTF8,,2024-08-27
B08JGC1D2G,Great Product! Gamer Approved!,"I'm very particular about my shorts (rarely buying any new pairs) and these are likely to become my new favorites, very comfortable, stretchy (great for working out/weightlifting), and a solid buy for the price point/amount (Purchased at $33.99). Docking a star because, when you buy a multi-pack it's prepicked colors (I wish it could be all black or grey etc.) but that's just me nitpicking.",Y,,"Size: Medium | Color: 5 Pack Black, Black, Navy, Dark Grey, Light Grey",4,7,,,,,https://www.amazon.com/gp/customer-reviews/R1TF3CW6H8GDP/ref=cm_cr_getr_d_rvw_ttl?ie=UTF8&ASIN=B08C2Q49MR,xShelp_-,"https://images-na.ssl-images-amazon.com/images/S/amazon-avatars-global/eda8afb5-ebe8-490e-87b7-cd8b3e3b81a9._CR0,0,140,140_SX48_.jpg",US,https://www.amazon.com/gp/profile/amzn1.account.AFZZ3JKZJBMDREOXE5XIIVN3J7ZA/ref=cm_cr_getr_d_gw_btm?ie=UTF8,,2024-08-26
B08JG3T2SY,Runs small - go one size up from the size chart,"The size chart shows XL as 38-40. As a firm 38, it's really close to being tight, i wouldn't recommend for 39-40 though it's in the range- ordering XXL for a 38 is not... common, but go one size up and it should be good value.",Y,,"Size: X-Large | Color: 5 Pack Black, Black, Navy, Dark Grey, Light Grey",4,0,,,,,https://www.amazon.com/gp/customer-reviews/R2XG5KTA0PA9N3/ref=cm_cr_getr_d_rvw_ttl?ie=UTF8&ASIN=B08C2Q49MR,Ryan Araki,"https://images-na.ssl-images-amazon.com/images/S/amazon-avatars-global/default._CR0,0,1024,1024_SX48_.png",US,https://www.amazon.com/gp/profile/amzn1.account.AGVH66RHT3UIZMYV7WH2KHWSSWZA/ref=cm_cr_getr_d_gw_btm?ie=UTF8,,2024-08-26
B08JG3T2SY,Sh,very thin,Y,,"Size: X-Large | Color: 5 Pack Black, Black, Navy, Dark Grey, Light Grey",1,0,,,,,https://www.amazon.com/gp/customer-reviews/R1EMR8JIBZC326/ref=cm_cr_getr_d_rvw_ttl?ie=UTF8&ASIN=B08C2Q49MR,Mohammad,"https://images-na.ssl-images-amazon.com/images/S/amazon-avatars-global/default._CR0,0,1024,1024_SX48_.png",US,https://www.amazon.com/gp/profile/amzn1.account.AEFQMHEBJPQG22CTEYVETRHTTZ3A/ref=cm_cr_getr_d_gw_btm?ie=UTF8,,2024-08-25
B08JGC83PH,Thinner than we liked them to be…,"I like the bright colors and the variety of colors, but they are thin enough to
See imprints of exactly what’s in the pockets.",Y,,"Size: Large | Color: 7 Pack Black, Dark Grey, Light Grey, Navy, Blue, Red, Dark Green",2,0,,,,,https://www.amazon.com/gp/customer-reviews/RGPMM919XVOS3/ref=cm_cr_getr_d_rvw_ttl?ie=UTF8&ASIN=B08C2Q49MR,Hope,"https://images-na.ssl-images-amazon.com/images/S/amazon-avatars-global/62c61854-efe2-4ec3-9fdc-402e5543745a._CR0,0,500,500_SX48_.jpg",US,https://www.amazon.com/gp/profile/amzn1.account.AEEBQODVYJEHLUJ7FCIDSK2HFIWQ/ref=cm_cr_getr_d_gw_btm?ie=UTF8,,2024-08-23
B08JGHDWNP,Returned,These were the cheapest feeling and looking shorts I've gotten in a while. They were practically see through as well. I ended up returning them and glad I did. Not worth the money.,Y,,"Size: XX-Large | Color: 5 Pack Black, Black, Navy, Dark Grey, Light Grey",1,0,,,,,https://www.amazon.com/gp/customer-reviews/R203VS0XSDMP4Y/ref=cm_cr_getr_d_rvw_ttl?ie=UTF8&ASIN=B08C2Q49MR,Nick,"https://images-na.ssl-images-amazon.com/images/S/amazon-avatars-global/5e724770-e051-4525-8e7e-fbf2af1cb154._CR0,0,500,500_SX48_.jpg",US,https://www.amazon.com/gp/profile/amzn1.account.AG55KPLPMKJF2FAW5Q5T46IEAP5A/ref=cm_cr_getr_d_gw_btm?ie=UTF8,,2024-08-22
B0BWQSQ79K,They feel gross and cheap,They feel gross and cheap,Y,,"Size: 3X-Large | Color: 3 Pack Black, Black, Dark Grey",1,0,,,,,https://www.amazon.com/gp/customer-reviews/R3M37GYDDDQ5IJ/ref=cm_cr_getr_d_rvw_ttl?ie=UTF8&ASIN=B08C2Q49MR,Suzanne H.,"https://images-na.ssl-images-amazon.com/images/S/amazon-avatars-global/default._CR0,0,1024,1024_SX48_.png",US,https://www.amazon.com/gp/profile/amzn1.account.AFDZA7SCNSC2XYOLMR5BLXVAGAAQ/ref=cm_cr_getr_d_gw_btm?ie=UTF8,,2024-08-22
B08L4WXHBB,T shirts,One shirt was the right size 4 others was way to small very disappointed,Y,,"Size: XX-Large | Color: 5 Pack Black, Dark Grey, Dark Blue, Light Grey, Green",1,0,,,,,https://www.amazon.com/gp/customer-reviews/R2NNELLKEO0DQF/ref=cm_cr_getr_d_rvw_ttl?ie=UTF8&ASIN=B08C2Q49MR,Ricky Latiolais,"https://images-na.ssl-images-amazon.com/images/S/amazon-avatars-global/default._CR0,0,1024,1024_SX48_.png",US,https://www.amazon.com/gp/profile/amzn1.account.AF2AN463K4JTIFQ74BPSPWR5JECA/ref=cm_cr_getr_d_gw_btm?ie=UTF8,,2024-08-22
B08JGC83PH,Good quality but,Good quality but smaller than you'd think. Get a size higher.,Y,,"Size: Large | Color: 7 Pack Black, Dark Grey, Light Grey, Navy, Blue, Red, Dark Green",3,0,,,,,https://www.amazon.com/gp/customer-reviews/R3PVLO6P90XK35/ref=cm_cr_getr_d_rvw_ttl?ie=UTF8&ASIN=B08C2Q49MR,Matthew Moseman,"https://images-na.ssl-images-amazon.com/images/S/amazon-avatars-global/a5a62da8-028c-43f7-90a1-c4592c5b6437._CR0,25.0,282,282_SX48_.jpg",US,https://www.amazon.com/gp/profile/amzn1.account.AHCA7RN557HYSPQI3SC5DEFPVDMQ/ref=cm_cr_getr_d_gw_btm?ie=UTF8,,2024-08-22
B0BWQR8WXY,See Through,"I ordered these while I was counseling at a summer camp and running out of cloths to wear because of the weather. I got them and pulled them out of the package and they were 100% see through.
So much for having a backup pair of shorts!",Y,,Size: 3X-Large | Color: Black,1,1,,,,,https://www.amazon.com/gp/customer-reviews/R3U65GL7I6050Z/ref=cm_cr_getr_d_rvw_ttl?ie=UTF8&ASIN=B08C2Q49MR,Eliza,"https://images-na.ssl-images-amazon.com/images/S/amazon-avatars-global/default._CR0,0,1024,1024_SX48_.png",US,https://www.amazon.com/gp/profile/amzn1.account.AG4D5W3M4H42EGTRNQKXS2DJWYJQ/ref=cm_cr_getr_d_gw_btm?ie=UTF8,,2024-08-21
B08PYQRD1Y,Better than expected for the $,"The shorts are quality manufactured with both a sturdy expansion band and an inside string tie, for a comfortable fit.  Two side pockets go deep.  This five pair package is a true bargain.  👍🏻",Y,,"Size: X-Large | Color: 5 Pack Black, Dark Grey, Dark Grey, Navy, Dark Green",4,0,,,,,https://www.amazon.com/gp/customer-reviews/R3OL4GP3ZGGSC3/ref=cm_cr_getr_d_rvw_ttl?ie=UTF8&ASIN=B08C2Q49MR,brian koza,"https://images-na.ssl-images-amazon.com/images/S/amazon-avatars-global/default._CR0,0,1024,1024_SX48_.png",US,https://www.amazon.com/gp/profile/amzn1.account.AG2MDN2FLFHG37ZASH3XZ2H7BGLA/ref=cm_cr_getr_d_gw_btm?ie=UTF8,,2024-08-20
B08JGBB9N1,Run small and thin-ish material,"I bought these shirts for myself (female) as comfy, around the house shorts because women’s shorts don’t have deep pockets and are always booty shorts. I really don’t want my booty hanging out for my house full of son’s to view when I’m doing chores. I’m sure they are thanking me profusely. Anyway, I wanted really roomy, big shorts with long, large pockets. These shorts run SMALL for their size. I bought a size large and it fits like a size medium. It fits but it’s not roomy. Again, only my husband would appreciate it’s form fit. The pockets are deep and big. I asked my son if he would like to have them to save me the ugh hassle of returning them and he felt them and said nope. He wears boxer underwear and said “things would be seen if he wore these shorts”.  Ummm ooookay I’m definitely returning them.  However, I don’t mind the thin material because I don’t have that problem so I will just re-order a larger size.",Y,,"Size: Large | Color: 5 Pack Black, Black, Navy, Dark Grey, Light Grey",3,4,1,https://m.media-amazon.com/images/I/810MxZ1OLWL._SY200.jpg,,,https://www.amazon.com/gp/customer-reviews/R29ZD69UY4F57K/ref=cm_cr_getr_d_rvw_ttl?ie=UTF8&ASIN=B08C2Q49MR,jb,"https://images-na.ssl-images-amazon.com/images/S/amazon-avatars-global/default._CR0,0,1024,1024_SX48_.png",US,https://www.amazon.com/gp/profile/amzn1.account.AFEIQMJTSH5QGKLXQT3FVCK6D43Q/ref=cm_cr_getr_d_gw_btm?ie=UTF8,,2024-08-19
B08JG3T2SY,Fit,"These shorts were a disappointment. They are NOT true to size. In fact, they run one size too small. I triple checked the label to make sure they were the size I had ordered. Due to the fact that I won't return clothing once package is opened, I gave them to my 12 year old nephew. The one positive about them is that they are lightweight and may be comfortable if they fit.",Y,,"Size: X-Large | Color: 5 Pack Black, Black, Navy, Dark Grey, Light Grey",3,0,,,,,https://www.amazon.com/gp/customer-reviews/R2H3Q6X5U6TX66/ref=cm_cr_getr_d_rvw_ttl?ie=UTF8&ASIN=B08C2Q49MR,Sharon Bradford,"https://images-na.ssl-images-amazon.com/images/S/amazon-avatars-global/default._CR0,0,1024,1024_SX48_.png",US,https://www.amazon.com/gp/profile/amzn1.account.AEWAAXTUO2AYIFQOKHJ34MV3G36A/ref=cm_cr_getr_d_gw_btm?ie=UTF8,,2024-08-17
B0BWQRRR3X,ok,Covers my butt,Y,,"Size: 3X-Large | Color: 5 Pack Black, Navy, Blue, Dark Grey, Light Grey",4,0,,,,,https://www.amazon.com/gp/customer-reviews/RWQMO7BPGFGQX/ref=cm_cr_getr_d_rvw_ttl?ie=UTF8&ASIN=B08C2Q49MR,customer,"https://images-na.ssl-images-amazon.com/images/S/amazon-avatars-global/default._CR0,0,1024,1024_SX48_.png",US,https://www.amazon.com/gp/profile/amzn1.account.AHFXU66ZX2CATJUOLETVJQEOEWBQ/ref=cm_cr_getr_d_gw_btm?ie=UTF8,,2024-08-17
B08PYK1G6H,"Great shorts, miss the netting","I'll be quite candid with you, person reading this review: if you are a dude, your machinery will be quite visible due to the lack of netting, whether or not you wear underwear. My Starter shorts that I bought in 2007 don't have this problem, because they were double-knitted. This isn't really a problem for me, because I'm not ashamed of my masculinity, but I'm just throwing that out there.
Nice color variation, the fabric is really glossy, so keep that in mind. I've worn mine to work, and I work in IT, and got more than one askance glance, so generally you don't wear glossy party shorts to work.
Unfortunately, not one of my work sessions has ever ended with a pool party.",Y,,"Size: Large | Color: 5 Pack Black, Dark Grey, Dark Grey, Navy, Dark Green",4,0,,,,,https://www.amazon.com/gp/customer-reviews/R248ABD9MZJK7Q/ref=cm_cr_getr_d_rvw_ttl?ie=UTF8&ASIN=B08C2Q49MR,Tiredclouds,"https://images-na.ssl-images-amazon.com/images/S/amazon-avatars-global/default._CR0,0,1024,1024_SX48_.png",US,https://www.amazon.com/gp/profile/amzn1.account.AHAWWXLGHYOYKABZO6AT3CCKSQKQ/ref=cm_cr_getr_d_gw_btm?ie=UTF8,,2024-08-17
B08C2K4XKR,Small,"Ran pretty small, otherwise I love the way they looked and felt.",Y,,"Size: XX-Large | Color: 3 Pack Black, Black, Dark Grey",3,0,,,,,https://www.amazon.com/gp/customer-reviews/R3IGR85YGXETGK/ref=cm_cr_getr_d_rvw_ttl?ie=UTF8&ASIN=B08C2Q49MR,Josiah Stump,"https://images-na.ssl-images-amazon.com/images/S/amazon-avatars-global/92cdf1cf-a5b3-4f41-a039-4329a612c66a._CR13,0,474,474_SX48_.jpg",US,https://www.amazon.com/gp/profile/amzn1.account.AFCVUHHZR4OSIZOWS6C2T246A2XA/ref=cm_cr_getr_d_gw_btm?ie=UTF8,,2024-08-15
B08JG3T2SY,Thin and shorter than expected,"Decent shorts, but thinner and shorter than I had hoped. Good amount of clothing for price.",Y,,"Size: X-Large | Color: 5 Pack Black, Black, Navy, Dark Grey, Light Grey",4,0,,,,,https://www.amazon.com/gp/customer-reviews/R391R2KXCN0NCO/ref=cm_cr_getr_d_rvw_ttl?ie=UTF8&ASIN=B08C2Q49MR,Jennifer,"https://images-na.ssl-images-amazon.com/images/S/amazon-avatars-global/default._CR0,0,1024,1024_SX48_.png",US,https://www.amazon.com/gp/profile/amzn1.account.AGDUHWHHXO5CEHXRQLNGZDXAO7AQ/ref=cm_cr_getr_d_gw_btm?ie=UTF8,,2024-08-15
B08JG3T2SY,Not the same length as shown,"Although, they're comfortable and the right waist size, they don't have a 7"" inseam as the description says.",Y,,"Size: X-Large | Color: 5 Pack Black, Black, Navy, Dark Grey, Light Grey",4,0,,,,,https://www.amazon.com/gp/customer-reviews/R22E81R5TV32MB/ref=cm_cr_getr_d_rvw_ttl?ie=UTF8&ASIN=B08C2Q49MR,Bob Muise,"https://images-na.ssl-images-amazon.com/images/S/amazon-avatars-global/default._CR0,0,1024,1024_SX48_.png",US,https://www.amazon.com/gp/profile/amzn1.account.AFFI2MPGV3BEN6INGEZGAQFGFFAA/ref=cm_cr_getr_d_gw_btm?ie=UTF8,,2024-08-14
B08JG8DNVQ,Thin material,"We got these shorts for my teenager for sports. Price was good but material was too thin, so decided to return.",Y,,"Size: Small | Color: 5 Pack Black, Black, Navy, Dark Grey, Light Grey",3,0,,,,,https://www.amazon.com/gp/customer-reviews/R1V1D7KA3M4DEX/ref=cm_cr_getr_d_rvw_ttl?ie=UTF8&ASIN=B08C2Q49MR,Shilpa Gupta,"https://images-na.ssl-images-amazon.com/images/S/amazon-avatars-global/default._CR0,0,1024,1024_SX48_.png",US,https://www.amazon.com/gp/profile/amzn1.account.AHFW6JRJN6HGZVUGVXNOJGMV5N7Q/ref=cm_cr_getr_d_gw_btm?ie=UTF8,,2024-08-13
B08JGB2NFB,Size charge,"Is the size chart is inaccurate. I chose this item because I thought that it was the best for my money. But since they don't fit, that's not true.",Y,,"Size: XX-Large | Color: 7 Pack Black, Dark Grey, Light Grey, Navy, Blue, Red, Dark Green",1,1,,,,,https://www.amazon.com/gp/customer-reviews/R1J2Y81KE72EKY/ref=cm_cr_getr_d_rvw_ttl?ie=UTF8&ASIN=B08C2Q49MR,Jim Jiles,"https://images-na.ssl-images-amazon.com/images/S/amazon-avatars-global/default._CR0,0,1024,1024_SX48_.png",US,https://www.amazon.com/gp/profile/amzn1.account.AE4XOMCV4NPCBHDWW2KWC5E6TN5A/ref=cm_cr_getr_d_gw_btm?ie=UTF8,,2024-08-12
B08C21RGFD,"Just a little too long for my taste, but overall good","These are great quality shorts, I've used them for the last 2 months, and after many washings, they hold up very well. The only thing I dislike about them, and it's not their fault, is that they go all the way to your knees. Not to be vain or anything, but I work out my legs, and I'm proud of my legs, not only that but I like to have air or a breeze going around my legs. And these shorts cut off any ventilation knee up. If that makes any sense. LOL it's kind of hard to find shorts that are mid length, but anyhow, these shorts are great but just remember that they are pretty long. They are truly basketball shorts. And those are long",Y,,"Size: XX-Large | Color: 2 Pack Black, Navy",4,1,,,,,https://www.amazon.com/gp/customer-reviews/R2B92EUHDDMU74/ref=cm_cr_getr_d_rvw_ttl?ie=UTF8&ASIN=B08C2Q49MR,Firstinlastout74,"https://images-na.ssl-images-amazon.com/images/S/amazon-avatars-global/3bd4fd3a-d2cf-42f1-b988-a51824b5e255._CR0,0,500,500_SX48_.jpg",US,https://www.amazon.com/gp/profile/amzn1.account.AF63JIAC77OVDXQA7KFM5FEZJR5A/ref=cm_cr_getr_d_gw_btm?ie=UTF8,,2024-08-11
B08JGBB9N1,They look horrible,"The design of the shorts is so bad
 Pockets stick out as if there is tennis balls in there
The shorts bends so weird down the leg as if the stitching is off somewhere and tight just terrible",Y,,"Size: Large | Color: 5 Pack Black, Black, Navy, Dark Grey, Light Grey",1,1,,,,,https://www.amazon.com/gp/customer-reviews/RLF62IR5T6WVK/ref=cm_cr_getr_d_rvw_ttl?ie=UTF8&ASIN=B08C2Q49MR,waheeda,"https://images-na.ssl-images-amazon.com/images/S/amazon-avatars-global/default._CR0,0,1024,1024_SX48_.png",US,https://www.amazon.com/gp/profile/amzn1.account.AEF2A5NKLJP4JJYHWY324ZP5CH7A/ref=cm_cr_getr_d_gw_btm?ie=UTF8,,2024-08-10
B08C26G4J6,Good item for the money.,I would think about going one size above your normal size.,Y,,"Size: X-Large | Color: 3 Pack Black, Black, Dark Grey",4,1,,,,,https://www.amazon.com/gp/customer-reviews/RFNMZETGU2JUH/ref=cm_cr_getr_d_rvw_ttl?ie=UTF8&ASIN=B08C2Q49MR,3Days,"https://images-na.ssl-images-amazon.com/images/S/amazon-avatars-global/default._CR0,0,1024,1024_SX48_.png",US,https://www.amazon.com/gp/profile/amzn1.account.AHZCDZ3DAY7YES62RNGQ3QDWQQVQ/ref=cm_cr_getr_d_gw_btm?ie=UTF8,,2024-08-10
B08JGJ93CK,A bit long,These are great shorts but they are close to the knee which I didn't realize until they got here.,Y,,"Size: Medium | Color: 7 Pack Black, Dark Grey, Light Grey, Navy, Blue, Red, Dark Green",4,0,,,,,https://www.amazon.com/gp/customer-reviews/R3MN2EIEG4M3OV/ref=cm_cr_getr_d_rvw_ttl?ie=UTF8&ASIN=B08C2Q49MR,Candy S Mancini,"https://images-na.ssl-images-amazon.com/images/S/amazon-avatars-global/default._CR0,0,1024,1024_SX48_.png",US,https://www.amazon.com/gp/profile/amzn1.account.AFKBVOGMJRVIZWWZE7XREYIQFHDA/ref=cm_cr_getr_d_gw_btm?ie=UTF8,,2024-08-10
B0BWQRYSCL,What a deal,Great shorts for walking around in because they have pockets and they are super light and airy. I wear them all the time.,Y,,"Size: 3X-Large | Color: 5 Pack Black, Dark Grey, Dark Grey, Navy, Dark Green",4,0,,,,,https://www.amazon.com/gp/customer-reviews/R1HU0II0T3DGKX/ref=cm_cr_getr_d_rvw_ttl?ie=UTF8&ASIN=B08C2Q49MR,Michael Blue,"https://images-na.ssl-images-amazon.com/images/S/amazon-avatars-global/default._CR0,0,1024,1024_SX48_.png",US,https://www.amazon.com/gp/profile/amzn1.account.AEVUD4XE7PG4ZV2NP2N3KTSSGYEA/ref=cm_cr_getr_d_gw_btm?ie=UTF8,,2024-08-10
B08JGC83PH,Got lucky.,"Was tempted but hesitant to buy these for a while, but turned out to be a great purchase; lightweight, durable, and perfect.",Y,,"Size: Large | Color: 7 Pack Black, Dark Grey, Light Grey, Navy, Blue, Red, Dark Green",4,0,,,,,https://www.amazon.com/gp/customer-reviews/R1S9TM5VI7IE5X/ref=cm_cr_getr_d_rvw_ttl?ie=UTF8&ASIN=B08C2Q49MR,Jesse Brauner,"https://images-na.ssl-images-amazon.com/images/S/amazon-avatars-global/default._CR0,0,1024,1024_SX48_.png",US,https://www.amazon.com/gp/profile/amzn1.account.AEFNAHR4V7OKBN72XMTUB4PYV2WA/ref=cm_cr_getr_d_gw_btm?ie=UTF8,,2024-08-09
B08PYQRD1Y,Good Value,"Comfortable, great for the house, and gym.",Y,,"Size: X-Large | Color: 5 Pack Black, Dark Grey, Dark Grey, Navy, Dark Green",4,0,,,,,https://www.amazon.com/gp/customer-reviews/R2SCK1EIC3N7NC/ref=cm_cr_getr_d_rvw_ttl?ie=UTF8&ASIN=B08C2Q49MR,charles duane,"https://images-na.ssl-images-amazon.com/images/S/amazon-avatars-global/default._CR0,0,1024,1024_SX48_.png",US,https://www.amazon.com/gp/profile/amzn1.account.AEV6WSFJ2ZNESVDP4TPZNAVXE4XA/ref=cm_cr_getr_d_gw_btm?ie=UTF8,,2024-08-06
B08PYNVKW1,Poor quality shorts.,"These shorts are only a few wears old. Like five wears, two of the five have come apart in the seam.  Not a smart purchase",Y,,"Size: XX-Large | Color: 5 Pack Black, Dark Grey, Dark Grey, Navy, Dark Green",1,1,,,,,https://www.amazon.com/gp/customer-reviews/RM9RVBW6N45K7/ref=cm_cr_getr_d_rvw_ttl?ie=UTF8&ASIN=B08C2Q49MR,Jefferson R.,"https://images-na.ssl-images-amazon.com/images/S/amazon-avatars-global/default._CR0,0,1024,1024_SX48_.png",US,https://www.amazon.com/gp/profile/amzn1.account.AHQZCW42GUAYGPV7CUTROK4UIEOA/ref=cm_cr_getr_d_gw_btm?ie=UTF8,,2024-08-03
B08C27277D,Calidad Regular,En lo personal no era la calidad que esperaba,Y,,"Size: Medium | Color: 3 Pack Black, Black, Dark Grey",2,0,,,,,https://www.amazon.com/gp/customer-reviews/R1TQA4PJD3DWYF/ref=cm_cr_getr_d_rvw_ttl?ie=UTF8&ASIN=B08C2Q49MR,JRW,"https://images-na.ssl-images-amazon.com/images/S/amazon-avatars-global/6eb2a2fa-8708-48fd-b8be-8180700d4ee4._CR62,0,375,375_SX48_.jpg",US,https://www.amazon.com/gp/profile/amzn1.account.AE46UWISWYA5JVOHJOMH7PCBKB5Q/ref=cm_cr_getr_d_gw_btm?ie=UTF8,,2024-08-03
B08L4X623C,Tight elastic waistband,"Love the material but the elastic is too tight!
I bought this for my husband in his usual size and he couldn't stand how tight the elastic is on them. They would be perfect if they just had the drawstring and a looser elastic waistband.",Y,,"Size: Medium | Color: 5 Pack Black, Dark Grey, Dark Blue, Milddle Blue, Army Green",3,1,,,,,https://www.amazon.com/gp/customer-reviews/R1NJMG1C9BHWQA/ref=cm_cr_getr_d_rvw_ttl?ie=UTF8&ASIN=B08C2Q49MR,Vivian,"https://images-na.ssl-images-amazon.com/images/S/amazon-avatars-global/default._CR0,0,1024,1024_SX48_.png",US,https://www.amazon.com/gp/profile/amzn1.account.AHCYLNR5TYOIC57WWTXLVUS4OHMQ/ref=cm_cr_getr_d_gw_btm?ie=UTF8,,2024-08-03
B08PYNVKW1,Loved to cooling,"He really liked these when it’s a 110 out side.  Fit is comfy, no sticking to him.  This is our second time purchasing.  Will get them again.",Y,,"Size: XX-Large | Color: 5 Pack Black, Dark Grey, Dark Grey, Navy, Dark Green",4,0,,,,,https://www.amazon.com/gp/customer-reviews/R1KOEVU18P06I8/ref=cm_cr_getr_d_rvw_ttl?ie=UTF8&ASIN=B08C2Q49MR,Leesa Roberts,"https://images-na.ssl-images-amazon.com/images/S/amazon-avatars-global/default._CR0,0,1024,1024_SX48_.png",US,https://www.amazon.com/gp/profile/amzn1.account.AHWHKBMNEDFBKYJP4HUVIQQFTZXA/ref=cm_cr_getr_d_gw_btm?ie=UTF8,,2024-08-03
B08C291LRW,poor stitching on wasteband. Now falling apart,poor quality control,Y,,"Size: Large | Color: 5 Pack Black, Navy, Blue, Dark Grey, Light Grey",1,1,,,,,https://www.amazon.com/gp/customer-reviews/R2LFZD72E0W3Z4/ref=cm_cr_getr_d_rvw_ttl?ie=UTF8&ASIN=B08C2Q49MR,John T Hulley,"https://images-na.ssl-images-amazon.com/images/S/amazon-avatars-global/default._CR0,0,1024,1024_SX48_.png",US,https://www.amazon.com/gp/profile/amzn1.account.AEAFGQ256DKVN6SV7AQEXL5VKNYA/ref=cm_cr_getr_d_gw_btm?ie=UTF8,,2024-08-02
B08PYNVKW1,runs small,Runs small based off of the noted measurements,Y,,"Size: XX-Large | Color: 5 Pack Black, Dark Grey, Dark Grey, Navy, Dark Green",3,0,,,,,https://www.amazon.com/gp/customer-reviews/R2JWCA1LMVJSHY/ref=cm_cr_getr_d_rvw_ttl?ie=UTF8&ASIN=B08C2Q49MR,Amazon Customer,"https://images-na.ssl-images-amazon.com/images/S/amazon-avatars-global/default._CR0,0,1024,1024_SX48_.png",US,https://www.amazon.com/gp/profile/amzn1.account.AGAUGVGBQDLVXTIBPGCAKUAKJVMQ/ref=cm_cr_getr_d_gw_btm?ie=UTF8,,2024-07-31
B08C291LRW,Really baggy,Seemed high quality. So baggy it almost looked like a skort,Y,,"Size: Large | Color: 5 Pack Black, Navy, Blue, Dark Grey, Light Grey",3,0,,,,,https://www.amazon.com/gp/customer-reviews/RXUZXQGP6YF7A/ref=cm_cr_getr_d_rvw_ttl?ie=UTF8&ASIN=B08C2Q49MR,Rachelle,"https://images-na.ssl-images-amazon.com/images/S/amazon-avatars-global/default._CR0,0,1024,1024_SX48_.png",US,https://www.amazon.com/gp/profile/amzn1.account.AHTMCGJNS6EYPHLPV4CTU7OQC2SA/ref=cm_cr_getr_d_gw_btm?ie=UTF8,,2024-07-31
B08JG3T2SY,a little on the long side,"I bought these for gym workouts - needed something inexpensive and able to work out in.  These work great for that.  Amazon for some reason recommended 2XL (based on common purchases), but my size would run in the Xl according to the size chart.  These fit very well (I ordered XL as I am 5'10"" and around 200 pounds.  The only negative is they are a bit longer than I would like, but for the  money spent and the use I plan - they are fine.",Y,,"Size: X-Large | Color: 5 Pack Black, Black, Navy, Dark Grey, Light Grey",4,1,,,,,https://www.amazon.com/gp/customer-reviews/R2WK0UK4T3MDUV/ref=cm_cr_getr_d_rvw_ttl?ie=UTF8&ASIN=B08C2Q49MR,T. Smith,"https://images-na.ssl-images-amazon.com/images/S/amazon-avatars-global/default._CR0,0,1024,1024_SX48_.png",US,https://www.amazon.com/gp/profile/amzn1.account.AEFDEZUU5WCAAL6M2XIW7TUQ42CA/ref=cm_cr_getr_d_gw_btm?ie=UTF8,,2024-07-31
B08C28MML2,Not bad.,"Aside from them fitting a little snug, They definitely serve their purpose.  I Love the colors. Would recommend after informing that they run a little small.",Y,,"Size: X-Large | Color: 5 Pack Black, Navy, Blue, Dark Grey, Light Grey",3,0,,,,,https://www.amazon.com/gp/customer-reviews/R1W7GYTT0FWG93/ref=cm_cr_getr_d_rvw_ttl?ie=UTF8&ASIN=B08C2Q49MR,David,"https://images-na.ssl-images-amazon.com/images/S/amazon-avatars-global/default._CR0,0,1024,1024_SX48_.png",US,https://www.amazon.com/gp/profile/amzn1.account.AHXOF745AP4STGTHQBFMN6VUIXBQ/ref=cm_cr_getr_d_gw_btm?ie=UTF8,,2024-07-29
B08JGBB9N1,Horrible,I hate everything about it and now I can’t return it just great,Y,,"Size: Large | Color: 5 Pack Black, Black, Navy, Dark Grey, Light Grey",1,1,,,,,https://www.amazon.com/gp/customer-reviews/R19Y9DV9RQMZXA/ref=cm_cr_getr_d_rvw_ttl?ie=UTF8&ASIN=B08C2Q49MR,Vidal Rivera,"https://images-na.ssl-images-amazon.com/images/S/amazon-avatars-global/default._CR0,0,1024,1024_SX48_.png",US,https://www.amazon.com/gp/profile/amzn1.account.AFMTSSIW6GBDETZC77Z7PWOGXA7Q/ref=cm_cr_getr_d_gw_btm?ie=UTF8,,2024-07-27
B08JGB2NFB,Very comfortable,"This shorts are comfortable, breathable, appear to be of decent quality. The fit is a little on the slim side. The length is a little shorter than expected but overall for the price and quantity I think they are worth it.",Y,,"Size: XX-Large | Color: 7 Pack Black, Dark Grey, Light Grey, Navy, Blue, Red, Dark Green",4,1,,,,,https://www.amazon.com/gp/customer-reviews/R2J8YUOU6E55Y2/ref=cm_cr_getr_d_rvw_ttl?ie=UTF8&ASIN=B08C2Q49MR,Tayjuss,"https://images-na.ssl-images-amazon.com/images/S/amazon-avatars-global/default._CR0,0,1024,1024_SX48_.png",US,https://www.amazon.com/gp/profile/amzn1.account.AEVRDEMLS57RNJTCOF2NMXTPEO7Q/ref=cm_cr_getr_d_gw_btm?ie=UTF8,,2024-07-27
B08C2MWVFD,Pourly made,Well I wanted to like these. They are very lightweight and very comfortable. Unfortunately the material is very thin and is separating at the seams after hardly 2 months. See images. So overal disappointed. If you want something that will last I would not recommend these af all.,Y,,"Size: Large | Color: 3 Pack Black, Dark Grey, Blue",2,2,3,"https://m.media-amazon.com/images/I/713g+GPsz4L._SY200.jpg
https://m.media-amazon.com/images/I/71FCdDpVmlL._SY200.jpg
https://m.media-amazon.com/images/I/91PBe38aGLL._SY200.jpg",,,https://www.amazon.com/gp/customer-reviews/R1MS2PZ6UDB096/ref=cm_cr_getr_d_rvw_ttl?ie=UTF8&ASIN=B08C2Q49MR,Ed,"https://images-na.ssl-images-amazon.com/images/S/amazon-avatars-global/1a36b2d1-bd46-4a2f-9714-abbae5ac0db9._CR0,0,440,440_SX48_.jpg",US,https://www.amazon.com/gp/profile/amzn1.account.AE43473HA4BGDMW4OCZWW5PBLJVQ/ref=cm_cr_getr_d_gw_btm?ie=UTF8,,2024-07-26
B08JGBB9N1,Comfortable fast shipping,Nice shorts at a great price,Y,,"Size: Large | Color: 5 Pack Black, Black, Navy, Dark Grey, Light Grey",4,0,,,,,https://www.amazon.com/gp/customer-reviews/R2ZU6136JR7K04/ref=cm_cr_getr_d_rvw_ttl?ie=UTF8&ASIN=B08C2Q49MR,matthew hayes,"https://images-na.ssl-images-amazon.com/images/S/amazon-avatars-global/default._CR0,0,1024,1024_SX48_.png",US,https://www.amazon.com/gp/profile/amzn1.account.AFAU2S73IVPKRO3VVHGFR536WSZA/ref=cm_cr_getr_d_gw_btm?ie=UTF8,,2024-07-26
B08JGBB9N1,Good but one item had a hole in it.,Great for the price. Only grievance is one of the shorts had a hole in them. Not really worth the hassle of replacing.,Y,,"Size: Large | Color: 5 Pack Black, Black, Navy, Dark Grey, Light Grey",4,2,1,https://m.media-amazon.com/images/I/91ogjYksNNL._SY200.jpg,,,https://www.amazon.com/gp/customer-reviews/RLGDOMP5X9PSO/ref=cm_cr_getr_d_rvw_ttl?ie=UTF8&ASIN=B08C2Q49MR,Travis,"https://images-na.ssl-images-amazon.com/images/S/amazon-avatars-global/default._CR0,0,1024,1024_SX48_.png",US,https://www.amazon.com/gp/profile/amzn1.account.AH54XZHHLO7F42YOWIGAO4LB3EKA/ref=cm_cr_getr_d_gw_btm?ie=UTF8,,2024-07-25
B08JGC83PH,Best purchase in some time,"Sometimes its a gamble when you buy cloths off Amazon cause you never know what your going to get.
This one a good one for me. Quality  was better than expected, good assortment of colors and the stretch waste band was great.",Y,,"Size: Large | Color: 7 Pack Black, Dark Grey, Light Grey, Navy, Blue, Red, Dark Green",4,0,,,,,https://www.amazon.com/gp/customer-reviews/R1AFDGU0CQJD9J/ref=cm_cr_getr_d_rvw_ttl?ie=UTF8&ASIN=B08C2Q49MR,Ronald A Feaster,"https://images-na.ssl-images-amazon.com/images/S/amazon-avatars-global/default._CR0,0,1024,1024_SX48_.png",US,https://www.amazon.com/gp/profile/amzn1.account.AE7SQZDZVUZAGT75LRNKCVLL4AMA/ref=cm_cr_getr_d_gw_btm?ie=UTF8,,2024-07-25
B08JGJ93CK,Functional but pajama-ish,"Got these for my son to take to camp, given he will need plenty of changes and I don’t want him to lose or damage his nice stuff. He really likes them. They are a bit longer than I’d like and the material is kind of like pajamas, but they do trick if you’re not trying to impress.",Y,,"Size: Medium | Color: 7 Pack Black, Dark Grey, Light Grey, Navy, Blue, Red, Dark Green",3,0,,,,,https://www.amazon.com/gp/customer-reviews/R37UYT5E0NMCHY/ref=cm_cr_getr_d_rvw_ttl?ie=UTF8&ASIN=B08C2Q49MR,Deezmo,"https://images-na.ssl-images-amazon.com/images/S/amazon-avatars-global/default._CR0,0,1024,1024_SX48_.png",US,https://www.amazon.com/gp/profile/amzn1.account.AGJOWNPA5SIXHBZGTPG2EIGSDOWQ/ref=cm_cr_getr_d_gw_btm?ie=UTF8,,2024-07-24
B08PYK1G6H,Run Small,"I had to return the shorts because they were to small even though I ordered from the size chart.
They seemed to be of decent quality, but I thought the pockets were not deep enough.",Y,,"Size: Large | Color: 5 Pack Black, Dark Grey, Dark Grey, Navy, Dark Green",3,0,,,,,https://www.amazon.com/gp/customer-reviews/R3AW4BOED9LJKN/ref=cm_cr_getr_d_rvw_ttl?ie=UTF8&ASIN=B08C2Q49MR,KW,"https://images-na.ssl-images-amazon.com/images/S/amazon-avatars-global/default._CR0,0,1024,1024_SX48_.png",US,https://www.amazon.com/gp/profile/amzn1.account.AG6AWGCKXPFHSI6CTM6S7T2SX6SQ/ref=cm_cr_getr_d_gw_btm?ie=UTF8,,2024-07-23
B08JGHDWNP,Comfy But Thin,"These are what I expected for the price. They are very comfortable all around and fit as expected. I can't speak on durability yet, but they survived the first wash and wear with no ill effect. They look fine for around the house, quick shopping trips or to the gym. My only caveat is make sure to wear plain underwear and definitely don't go commando. They are very thin and in the right conditions, the lighter colors are practically transparent.",Y,,"Size: XX-Large | Color: 5 Pack Black, Black, Navy, Dark Grey, Light Grey",3,0,,,,,https://www.amazon.com/gp/customer-reviews/R2XIOF1UMZGRHH/ref=cm_cr_getr_d_rvw_ttl?ie=UTF8&ASIN=B08C2Q49MR,Nick Bartolo,"https://images-na.ssl-images-amazon.com/images/S/amazon-avatars-global/46ef0eb6-f00e-45f1-b3fb-8fe1f19e955e._CR0,0,370,370_SX48_.jpg",US,https://www.amazon.com/gp/profile/amzn1.account.AEYCUXUVPOFIL7YPBHYUFUMOGHXQ/ref=cm_cr_getr_d_gw_btm?ie=UTF8,,2024-07-20
B08PYDPG47,Nice but...,"Finally shorts that use rubber bands instead of drawstrings only, the only reason I did not gave it 5 stars is that the rubber bands are too tight in the waist. Probably you shouldf order a size bigger as some suggested.",Y,,"Size: Medium | Color: 5 Pack Black, Dark Grey, Dark Grey, Navy, Dark Green",4,0,,,,,https://www.amazon.com/gp/customer-reviews/R1U66LLO6HPVQO/ref=cm_cr_getr_d_rvw_ttl?ie=UTF8&ASIN=B08C2Q49MR,TJ,"https://images-na.ssl-images-amazon.com/images/S/amazon-avatars-global/default._CR0,0,1024,1024_SX48_.png",US,https://www.amazon.com/gp/profile/amzn1.account.AFWMO3PZ3BGF23C3RFN7FGI3WF4A/ref=cm_cr_getr_d_gw_btm?ie=UTF8,,2024-07-20
B08PYDPG47,Men shorts,"Purchased these for my son, some what thin but comfortable.",Y,,"Size: Medium | Color: 5 Pack Black, Dark Grey, Dark Grey, Navy, Dark Green",4,0,,,,,https://www.amazon.com/gp/customer-reviews/R3HKK6UCH53TZ5/ref=cm_cr_getr_d_rvw_ttl?ie=UTF8&ASIN=B08C2Q49MR,Mayra,"https://images-na.ssl-images-amazon.com/images/S/amazon-avatars-global/default._CR0,0,1024,1024_SX48_.png",US,https://www.amazon.com/gp/profile/amzn1.account.AFEBVBD4Z6SYRILG3XPYYJZA62NQ/ref=cm_cr_getr_d_gw_btm?ie=UTF8,,2024-07-20
B08JGC1D2G,Great value runs a bit small,Super comfy runs a bit small but not too much,Y,,"Size: Medium | Color: 5 Pack Black, Black, Navy, Dark Grey, Light Grey",4,0,,,,,https://www.amazon.com/gp/customer-reviews/R2M7LGB3Q9EEI5/ref=cm_cr_getr_d_rvw_ttl?ie=UTF8&ASIN=B08C2Q49MR,Amazon Customer,"https://images-na.ssl-images-amazon.com/images/S/amazon-avatars-global/default._CR0,0,1024,1024_SX48_.png",US,https://www.amazon.com/gp/profile/amzn1.account.AHXJDV2VN5KOVD35THMTPV7GJY7Q/ref=cm_cr_getr_d_gw_btm?ie=UTF8,,2024-07-16
B08JGHDWNP,Used,"Bought new items , I was sent used.",Y,,"Size: XX-Large | Color: 5 Pack Black, Black, Navy, Dark Grey, Light Grey",1,1,,,,,https://www.amazon.com/gp/customer-reviews/R3NOBHAN4F2MOI/ref=cm_cr_getr_d_rvw_ttl?ie=UTF8&ASIN=B08C2Q49MR,baker1dad,"https://images-na.ssl-images-amazon.com/images/S/amazon-avatars-global/default._CR0,0,1024,1024_SX48_.png",US,https://www.amazon.com/gp/profile/amzn1.account.AFG5NUJWKSARHUZ7CCFTETYT3IQA/ref=cm_cr_getr_d_gw_btm?ie=UTF8,,2024-07-15
B08C2LZ7JK,Go a size up!,"Fit great out of the package, but after washing they shrunk significantly...they fit like yoga pants now, not a good look for me! Felt nice at proper size, so reordered a size larger.",Y,,"Size: XX-Large | Color: 5 Pack Black, Navy, Blue, Dark Grey, Light Grey",3,0,,,,,https://www.amazon.com/gp/customer-reviews/RE61UX6HQRG11/ref=cm_cr_getr_d_rvw_ttl?ie=UTF8&ASIN=B08C2Q49MR,Garry C,"https://images-na.ssl-images-amazon.com/images/S/amazon-avatars-global/default._CR0,0,1024,1024_SX48_.png",US,https://www.amazon.com/gp/profile/amzn1.account.AE2UVWFTIBOWVL2ZHGGMHYSEKXIQ/ref=cm_cr_getr_d_gw_btm?ie=UTF8,,2024-07-15
B08JG3T2SY,SO Thin!,"We got these shorts for my husband. He was long overdue for new athletic shorts that weren’t grubby, but just needed something basic to wear around the house, for yard work, and a weekly volleyball league. These fit the bill and seemed like a fair price! The sizing is accurate and he likes that they have pockets. However, they are SO THIN - we actually laughed when he tried them on! Needless to say, a couple of the colors he probably shouldn’t wear in public because they’re too see through.",Y,,"Size: X-Large | Color: 5 Pack Black, Black, Navy, Dark Grey, Light Grey",3,0,,,,,https://www.amazon.com/gp/customer-reviews/R9K8UNOWS4JK2/ref=cm_cr_getr_d_rvw_ttl?ie=UTF8&ASIN=B08C2Q49MR,ACM,"https://images-na.ssl-images-amazon.com/images/S/amazon-avatars-global/default._CR0,0,1024,1024_SX48_.png",US,https://www.amazon.com/gp/profile/amzn1.account.AEKZBFM7VWFLIUYAR3FTHEWBMJVA/ref=cm_cr_getr_d_gw_btm?ie=UTF8,,2024-07-15
B08JGC1D2G,Too small,My husband wears a medium and I should have bought a large. They were bought as night wear and are very thin and airy so perfect with that in mind. Just buy one size up.,Y,,"Size: Medium | Color: 5 Pack Black, Black, Navy, Dark Grey, Light Grey",4,0,,,,,https://www.amazon.com/gp/customer-reviews/RQOAUT5QOYXS9/ref=cm_cr_getr_d_rvw_ttl?ie=UTF8&ASIN=B08C2Q49MR,Dawn Eubanks,"https://images-na.ssl-images-amazon.com/images/S/amazon-avatars-global/default._CR0,0,1024,1024_SX48_.png",US,https://www.amazon.com/gp/profile/amzn1.account.AHM7ZPFOLURLGHAQDHP5F3RC4GJA/ref=cm_cr_getr_d_gw_btm?ie=UTF8,,2024-07-15
B08JGC1D2G,Good for price,"This set was well priced for so many items. My husband likes how breathable and light the shorts are. They aren’t see through at all, but he does think they’re a bit too short. Overall they aren’t very thick so can be a bit revealing if not worn properly.  The pockets are sturdy and he likes how keep they are.",Y,,"Size: Medium | Color: 5 Pack Black, Black, Navy, Dark Grey, Light Grey",4,0,,,,,https://www.amazon.com/gp/customer-reviews/R2JCH3YIWKXZ5U/ref=cm_cr_getr_d_rvw_ttl?ie=UTF8&ASIN=B08C2Q49MR,Sierra,"https://images-na.ssl-images-amazon.com/images/S/amazon-avatars-global/default._CR0,0,1024,1024_SX48_.png",US,https://www.amazon.com/gp/profile/amzn1.account.AHIQULKF26DRHKTDHQXASSJJWDEA/ref=cm_cr_getr_d_gw_btm?ie=UTF8,,2024-07-15
B08L4XDQWC,Shorts,"Cheap, cheap and cheap
Not made well at all",Y,,"Size: X-Large | Color: 5 Pack Black, Dark Grey, Dark Blue, Light Grey, Green",1,1,,,,,https://www.amazon.com/gp/customer-reviews/R3GL8QM71KECBS/ref=cm_cr_getr_d_rvw_ttl?ie=UTF8&ASIN=B08C2Q49MR,jamie,"https://images-na.ssl-images-amazon.com/images/S/amazon-avatars-global/default._CR0,0,1024,1024_SX48_.png",US,https://www.amazon.com/gp/profile/amzn1.account.AF3II3YOKQYH6QXDSKPNFDIITFVA/ref=cm_cr_getr_d_gw_btm?ie=UTF8,,2024-07-14
B08L4X6T2V,Do not hold up washed once and ruined,Waist of money the waist bands are terrible and after you wash them they are trash,Y,,"Size: X-Large | Color: 5 Pack Black, Dark Grey, Dark Blue, Milddle Blue, Army Green",1,1,,,,,https://www.amazon.com/gp/customer-reviews/R2SCLJGN5BY1QP/ref=cm_cr_getr_d_rvw_ttl?ie=UTF8&ASIN=B08C2Q49MR,Mellissa,"https://images-na.ssl-images-amazon.com/images/S/amazon-avatars-global/default._CR0,0,1024,1024_SX48_.png",US,https://www.amazon.com/gp/profile/amzn1.account.AFV3BN4BURTXSTZC7GTFHAFGNHUQ/ref=cm_cr_getr_d_gw_btm?ie=UTF8,,2024-07-14
B0BWQMXHMR,Made Cheap,Fit was accurate but the material was thin and they weren't made well. After first wear and wash 2 pairs were falling apart at the seam beyond repair and were thrown away. Overall waste of money.,Y,,"Size: 3X-Large | Color: 5 Pack Black, Black, Navy, Dark Grey, Light Grey",1,1,,,,,https://www.amazon.com/gp/customer-reviews/R3IPLV9AGKUNK5/ref=cm_cr_getr_d_rvw_ttl?ie=UTF8&ASIN=B08C2Q49MR,Amazon Customer,"https://images-na.ssl-images-amazon.com/images/S/amazon-avatars-global/default._CR0,0,1024,1024_SX48_.png",US,https://www.amazon.com/gp/profile/amzn1.account.AECQE4LA6RYRMUZBWKBEQZA7QTYQ/ref=cm_cr_getr_d_gw_btm?ie=UTF8,,2024-07-14
B08C2CMHYR,Not Sized for Athletic Legs,"The breathability and material on these seems great. Unfortunately they are not sized well.

For background: I'm 6'1"" and normally wear a 34 in athletic shorts. While the waist on these was plenty big enough, the legs are not. They might work for people who are tall and thin (i.e., straight frame), but if you've got muscular or substantial thighs or butt, they won't.

While they are comfortable enough to work out in, my wife says that these are ""inside shorts"" fit for home workouts only. She says that they reveal my package and give me ""reverse cameltoe"".",Y,,"Size: Large | Color: 2 Pack Black, Dark Grey",3,1,,,,,https://www.amazon.com/gp/customer-reviews/R3REDBBIGC24K9/ref=cm_cr_getr_d_rvw_ttl?ie=UTF8&ASIN=B08C2Q49MR,melchi,"https://images-na.ssl-images-amazon.com/images/S/amazon-avatars-global/default._CR0,0,1024,1024_SX48_.png",US,https://www.amazon.com/gp/profile/amzn1.account.AFODNAPZKX4OCO3PYNF3VAC2YU4Q/ref=cm_cr_getr_d_gw_btm?ie=UTF8,,2024-07-13
B08C25ZP5R,thinner than shown,really thin. not sure if i will go outside as cliingy. need under pants. almost bought many just two though. glad!  really thin!,Y,,"Size: XX-Large | Color: 2 Pack Black, Dark Grey",3,0,,,,,https://www.amazon.com/gp/customer-reviews/R1B211WQB1MUHF/ref=cm_cr_getr_d_rvw_ttl?ie=UTF8&ASIN=B08C2Q49MR,MIKE ROSS,"https://images-na.ssl-images-amazon.com/images/S/amazon-avatars-global/default._CR0,0,1024,1024_SX48_.png",US,https://www.amazon.com/gp/profile/amzn1.account.AGKWUMT67R7VG6GXMYLDI4BMMEXQ/ref=cm_cr_getr_d_gw_btm?ie=UTF8,,2024-07-13
B0BWQSDNZ6,fit,Inseam was too short for a 3x,Y,,"Size: 3X-Large | Color: 7 Pack Black, Dark Grey, Light Grey, Navy, Blue, Red, Dark Green",3,0,,,,,https://www.amazon.com/gp/customer-reviews/R2DB9NI85RKBGR/ref=cm_cr_getr_d_rvw_ttl?ie=UTF8&ASIN=B08C2Q49MR,Dan,"https://images-na.ssl-images-amazon.com/images/S/amazon-avatars-global/default._CR0,0,1024,1024_SX48_.png",US,https://www.amazon.com/gp/profile/amzn1.account.AETCC3AVFV4FUNA3VWHKFTP3WLVQ/ref=cm_cr_getr_d_gw_btm?ie=UTF8,,2024-07-13
B08JGC1D2G,Shorts,Seem to fit and work fine. How long they last obviously don’t know.,Y,,"Size: Medium | Color: 5 Pack Black, Black, Navy, Dark Grey, Light Grey",4,0,,,,,https://www.amazon.com/gp/customer-reviews/R24O5H3CLBGWAN/ref=cm_cr_getr_d_rvw_ttl?ie=UTF8&ASIN=B08C2Q49MR,edward bayer,"https://images-na.ssl-images-amazon.com/images/S/amazon-avatars-global/default._CR0,0,1024,1024_SX48_.png",US,https://www.amazon.com/gp/profile/amzn1.account.AFYLXAP7V5ZAFJQN5WN2SHWOEU6Q/ref=cm_cr_getr_d_gw_btm?ie=UTF8,,2024-07-13
B08L4XG4CM,Very pleased! Highly recommend.,"I got these as a cheap workout/ around the house short. I like my inseam around the 5-7in, these are 9. Working out just roll the waist 1 time and I don’t notice at all. Great short, breathable, and so far handles everything I’ve thrown at it. 2 work outs a day 5 days a week.",Y,,"Size: Small | Color: 5 Pack Black, Dark Grey, Dark Blue, Milddle Blue, Army Green",4,0,,,,,https://www.amazon.com/gp/customer-reviews/R2W4W5MF63489A/ref=cm_cr_getr_d_rvw_ttl?ie=UTF8&ASIN=B08C2Q49MR,Dylan Mishler,"https://images-na.ssl-images-amazon.com/images/S/amazon-avatars-global/default._CR0,0,1024,1024_SX48_.png",US,https://www.amazon.com/gp/profile/amzn1.account.AG742EMWOZRQRY6V76DV6ZYE2E7A/ref=cm_cr_getr_d_gw_btm?ie=UTF8,,2024-07-12
B0BWQRYSCL,Returned.,Paper thin. Did not fit well.,Y,,"Size: 3X-Large | Color: 5 Pack Black, Dark Grey, Dark Grey, Navy, Dark Green",1,1,,,,,https://www.amazon.com/gp/customer-reviews/RF3AJ2BSBOCMQ/ref=cm_cr_getr_d_rvw_ttl?ie=UTF8&ASIN=B08C2Q49MR,Joe,"https://images-na.ssl-images-amazon.com/images/S/amazon-avatars-global/default._CR0,0,1024,1024_SX48_.png",US,https://www.amazon.com/gp/profile/amzn1.account.AFJX3LOIEBROEBPG22XJDBOTAXRQ/ref=cm_cr_getr_d_gw_btm?ie=UTF8,,2024-07-11
B08JGBB9N1,Sighhhh….,Sighhhh… I bought these for my lil bro who ain’t so little no mo. He’s a big mf! Who told me he was a size large but he in fact was NOT a size large lmaooo😭 the quality of the shorts is good but im so not sure if they either run small or if my little brother who claimed to be a size large got fat over the week and a half it took for these shorts to arrive!💀,Y,,"Size: Large | Color: 5 Pack Black, Black, Navy, Dark Grey, Light Grey",3,0,,,,,https://www.amazon.com/gp/customer-reviews/R1TJJHONK19UK8/ref=cm_cr_getr_d_rvw_ttl?ie=UTF8&ASIN=B08C2Q49MR,Sarai,"https://images-na.ssl-images-amazon.com/images/S/amazon-avatars-global/default._CR0,0,1024,1024_SX48_.png",US,https://www.amazon.com/gp/profile/amzn1.account.AEUVJ6WKVLL6AAWKAPBBFEJ6TOOQ/ref=cm_cr_getr_d_gw_btm?ie=UTF8,,2024-07-09
B08L4X2BJX,Nice,"Good shorts; can be a bit lower quality, but good value.",Y,,"Size: Large | Color: 5 Pack Black, Dark Grey, Dark Blue, Milddle Blue, Army Green",4,0,,,,,https://www.amazon.com/gp/customer-reviews/R101LWOBHFEH93/ref=cm_cr_getr_d_rvw_ttl?ie=UTF8&ASIN=B08C2Q49MR,Kid Green,"https://images-na.ssl-images-amazon.com/images/S/amazon-avatars-global/default._CR0,0,1024,1024_SX48_.png",US,https://www.amazon.com/gp/profile/amzn1.account.AEQ62XDYV3X3ONS3GAPQAEYMI7NA/ref=cm_cr_getr_d_gw_btm?ie=UTF8,,2024-07-08
B08C24KLXH,Very bad quality,"Fabric starts ripping off itself, very babad quality,was a waste of maoney",Y,,"Size: XX-Large | Color: 3 Pack Black, Navy, Light Grey",1,1,,,,,https://www.amazon.com/gp/customer-reviews/RB5HFP6JBDFBH/ref=cm_cr_getr_d_rvw_ttl?ie=UTF8&ASIN=B08C2Q49MR,Carlos Salazar,"https://images-na.ssl-images-amazon.com/images/S/amazon-avatars-global/default._CR0,0,1024,1024_SX48_.png",US,https://www.amazon.com/gp/profile/amzn1.account.AHR66EAMYWX5RKIDIRREQ3BWOYLQ/ref=cm_cr_getr_d_gw_btm?ie=UTF8,,2024-07-06
B08JGC1D2G,Wouldn't wear these in public,"The material these shorts are made from is silky and shiny.  The shorts are durable and comfortable, but they are also immodest.  I wouldn't wear these shorts in public, which diminishes their usefulness.  Good value.  Fit runs small.",Y,,"Size: Medium | Color: 5 Pack Black, Black, Navy, Dark Grey, Light Grey",2,0,,,,,https://www.amazon.com/gp/customer-reviews/RFD8ZTIGEB4AR/ref=cm_cr_getr_d_rvw_ttl?ie=UTF8&ASIN=B08C2Q49MR,Matthew,"https://images-na.ssl-images-amazon.com/images/S/amazon-avatars-global/default._CR0,0,1024,1024_SX48_.png",US,https://www.amazon.com/gp/profile/amzn1.account.AHEFZOTER3KVE4YPBCISYBAKXFWQ/ref=cm_cr_getr_d_gw_btm?ie=UTF8,,2024-07-06
B08C2N55W8,Stitching doesn't hold,Wor e once and noticed holes down the seams on all 3 pair,Y,,"Size: X-Large | Color: 3 Pack Black, Dark Grey, Blue",3,0,,,,,https://www.amazon.com/gp/customer-reviews/R2P72DS67S6RL1/ref=cm_cr_getr_d_rvw_ttl?ie=UTF8&ASIN=B08C2Q49MR,Josh nickolls,"https://images-na.ssl-images-amazon.com/images/S/amazon-avatars-global/default._CR0,0,1024,1024_SX48_.png",US,https://www.amazon.com/gp/profile/amzn1.account.AEJM57AYGVMILMKSNW42VLTRFMRQ/ref=cm_cr_getr_d_gw_btm?ie=UTF8,,2024-07-05
B08C2N55W8,runs very small,"way too small. in the size chart, size XL corresponds to waistband 39-41"". my waistband is 38"" and i ordered XL for a looser fit, yet the shorts are very tight on me and unflattering. recommend ordering 2-3 sizes up if you do get these.",Y,,"Size: X-Large | Color: 3 Pack Black, Dark Grey, Blue",2,0,,,,,https://www.amazon.com/gp/customer-reviews/R1Z1L5DS22EEVZ/ref=cm_cr_getr_d_rvw_ttl?ie=UTF8&ASIN=B08C2Q49MR,Shane,"https://images-na.ssl-images-amazon.com/images/S/amazon-avatars-global/default._CR0,0,1024,1024_SX48_.png",US,https://www.amazon.com/gp/profile/amzn1.account.AEYS5IQJBXGOOU4OJZWYU5HSH2CQ/ref=cm_cr_getr_d_gw_btm?ie=UTF8,,2024-07-01
B08PYNVKW1,Quality,Have had these for about a month and they are already starting to fall apart.,Y,,"Size: XX-Large | Color: 5 Pack Black, Dark Grey, Dark Grey, Navy, Dark Green",1,1,,,,,https://www.amazon.com/gp/customer-reviews/R18H4X9PB4YUO6/ref=cm_cr_getr_d_rvw_ttl?ie=UTF8&ASIN=B08C2Q49MR,AgentOrange,"https://images-na.ssl-images-amazon.com/images/S/amazon-avatars-global/default._CR0,0,1024,1024_SX48_.png",US,https://www.amazon.com/gp/profile/amzn1.account.AEGHCEHDAJQVQ6O2237TOAI7K4DQ/ref=cm_cr_getr_d_gw_btm?ie=UTF8,,2024-06-29
B08JGC1D2G,Quality very low,Bought these for my adult son. Very dissapointed! You can see through the shorts! Not what we expected.,Y,,"Size: Medium | Color: 5 Pack Black, Black, Navy, Dark Grey, Light Grey",1,1,,,,,https://www.amazon.com/gp/customer-reviews/R2I3AYUFDTKXML/ref=cm_cr_getr_d_rvw_ttl?ie=UTF8&ASIN=B08C2Q49MR,Carol,"https://images-na.ssl-images-amazon.com/images/S/amazon-avatars-global/default._CR0,0,1024,1024_SX48_.png",US,https://www.amazon.com/gp/profile/amzn1.account.AHLU3TISIO3DCBNL3OFLYDUFHYUQ/ref=cm_cr_getr_d_gw_btm?ie=UTF8,,2024-06-29
B08C291LRW,Just keep getting smaller,I got the size my husband normally wear and they looked small when we got them. With every wash they continue to shrink 😮. Gonna have to give them to a toddler at this point.,Y,,"Size: Large | Color: 5 Pack Black, Navy, Blue, Dark Grey, Light Grey",2,0,,,,,https://www.amazon.com/gp/customer-reviews/RB2A83IZDJUR4/ref=cm_cr_getr_d_rvw_ttl?ie=UTF8&ASIN=B08C2Q49MR,Kristen gryder,"https://images-na.ssl-images-amazon.com/images/S/amazon-avatars-global/default._CR0,0,1024,1024_SX48_.png",US,https://www.amazon.com/gp/profile/amzn1.account.AEHJG3T7FJT5LSU5G52VPTJXE5SA/ref=cm_cr_getr_d_gw_btm?ie=UTF8,,2024-06-29
B08JGHDWNP,Good Buy,Item arrived earlier than expected. Item was exactly as described and true to size. I would purchase this item again.,Y,,"Size: XX-Large | Color: 5 Pack Black, Black, Navy, Dark Grey, Light Grey",4,0,,,,,https://www.amazon.com/gp/customer-reviews/R28VOWN9H03OQX/ref=cm_cr_getr_d_rvw_ttl?ie=UTF8&ASIN=B08C2Q49MR,Carrie Luna,"https://images-na.ssl-images-amazon.com/images/S/amazon-avatars-global/default._CR0,0,1024,1024_SX48_.png",US,https://www.amazon.com/gp/profile/amzn1.account.AHQTHLQMVBMFAUCASN73MPSJOCWQ/ref=cm_cr_getr_d_gw_btm?ie=UTF8,,2024-06-29
B08C28MML2,Nice price,They are good shorts for working around the yard too. Wash and dry easily,Y,,"Size: X-Large | Color: 5 Pack Black, Navy, Blue, Dark Grey, Light Grey",4,0,,,,,https://www.amazon.com/gp/customer-reviews/R39QO5YG3JMYUX/ref=cm_cr_getr_d_rvw_ttl?ie=UTF8&ASIN=B08C2Q49MR,Amazon Customer,"https://images-na.ssl-images-amazon.com/images/S/amazon-avatars-global/default._CR0,0,1024,1024_SX48_.png",US,https://www.amazon.com/gp/profile/amzn1.account.AGYHLYPOUZC37SMSR6DEU3TUJSJA/ref=cm_cr_getr_d_gw_btm?ie=UTF8,,2024-06-28
B08JGBB9N1,Size,Good quality. I ordered my regular and it didn’t fit. I gave it to my 11-year son and fit perfect for kid size. Recommend ordering one size larger than what you are.,Y,,"Size: Large | Color: 5 Pack Black, Black, Navy, Dark Grey, Light Grey",3,0,,,,,https://www.amazon.com/gp/customer-reviews/RG71X7AH6RKEF/ref=cm_cr_getr_d_rvw_ttl?ie=UTF8&ASIN=B08C2Q49MR,Melissa,"https://images-na.ssl-images-amazon.com/images/S/amazon-avatars-global/e3fe1649-ac1e-4d4d-8f83-7d6bce675cf8._CR0,0,375,375_SX48_.jpg",US,https://www.amazon.com/gp/profile/amzn1.account.AG4AFMWC64RZYDGGMVBQJGLLJJQA/ref=cm_cr_getr_d_gw_btm?ie=UTF8,,2024-06-27
B08L4XD1JB,Nice sport shorts.,Nice colors and comfortable.  Wash up nicely.,Y,,"Size: Large | Color: 5 Pack Black, Dark Grey, Dark Blue, Light Grey, Green",4,0,,,,,https://www.amazon.com/gp/customer-reviews/R8TZ4JCV45ZVH/ref=cm_cr_getr_d_rvw_ttl?ie=UTF8&ASIN=B08C2Q49MR,Aidan's mom,"https://images-na.ssl-images-amazon.com/images/S/amazon-avatars-global/default._CR0,0,1024,1024_SX48_.png",US,https://www.amazon.com/gp/profile/amzn1.account.AHQAQWYP5O2MSWYPMHP3XAHYQ35Q/ref=cm_cr_getr_d_gw_btm?ie=UTF8,,2024-06-27
B08JG3T2SY,Shrinks over time,"I liked the thought of purchasing 4 pairs for my husband for a decent price, but over time they begin to shrink and dig into your hips. Not super comfortable for longer wear.",Y,,"Size: X-Large | Color: 5 Pack Black, Black, Navy, Dark Grey, Light Grey",2,0,,,,,https://www.amazon.com/gp/customer-reviews/R317SZMW1HXCSP/ref=cm_cr_getr_d_rvw_ttl?ie=UTF8&ASIN=B08C2Q49MR,Ashley,"https://images-na.ssl-images-amazon.com/images/S/amazon-avatars-global/default._CR0,0,1024,1024_SX48_.png",US,https://www.amazon.com/gp/profile/amzn1.account.AGMSNK6ISXPHBALOHXUNFMMDXAYA/ref=cm_cr_getr_d_gw_btm?ie=UTF8,,2024-06-26
B08JGJ93CK,Thin,"They're good for what you pay for em. A bit thin, but they're good to work out on.",Y,,"Size: Medium | Color: 7 Pack Black, Dark Grey, Light Grey, Navy, Blue, Red, Dark Green",4,0,,,,,https://www.amazon.com/gp/customer-reviews/RDI7UBKY07RX5/ref=cm_cr_getr_d_rvw_ttl?ie=UTF8&ASIN=B08C2Q49MR,Margil Abiel Nicolas Cantu III,"https://images-na.ssl-images-amazon.com/images/S/amazon-avatars-global/default._CR0,0,1024,1024_SX48_.png",US,https://www.amazon.com/gp/profile/amzn1.account.AEFVIG3FRZXMLQM7NLSZF3ENKKRA/ref=cm_cr_getr_d_gw_btm?ie=UTF8,,2024-06-26
B08JG3T2SY,Fine...for the price,"These are ok.  Bought them for my son.  Not great or stylish,  but work fine for cheap gym shorts.",Y,,"Size: X-Large | Color: 5 Pack Black, Black, Navy, Dark Grey, Light Grey",3,0,,,,,https://www.amazon.com/gp/customer-reviews/RG9U0GUBOG9VB/ref=cm_cr_getr_d_rvw_ttl?ie=UTF8&ASIN=B08C2Q49MR,T...N,"https://images-na.ssl-images-amazon.com/images/S/amazon-avatars-global/default._CR0,0,1024,1024_SX48_.png",US,https://www.amazon.com/gp/profile/amzn1.account.AEDMI4XUT4Y2XZW2MSFBXOF6IOJQ/ref=cm_cr_getr_d_gw_btm?ie=UTF8,,2024-06-25
B08JG3T2SY,Elastic is super weak,Cheap materials.,,,"Size: X-Large | Color: 5 Pack Black, Black, Navy, Dark Grey, Light Grey",3,0,,,,,https://www.amazon.com/gp/customer-reviews/RS9A60TEOIVMZ/ref=cm_cr_getr_d_rvw_ttl?ie=UTF8&ASIN=B08C2Q49MR,Michael Cox,"https://images-na.ssl-images-amazon.com/images/S/amazon-avatars-global/default._CR0,0,1024,1024_SX48_.png",US,https://www.amazon.com/gp/profile/amzn1.account.AGKAAOBZBJLEPIO7FFO7NGEBFJ4Q/ref=cm_cr_getr_d_gw_btm?ie=UTF8,,2024-06-25
B0BWQMXHMR,I thought they were longer... sigh,"These are fine, I just thought they were longer. I hoped they would hit my leg at the knee, but they're clearly above the knee, unfortunately. Oh well, they're still decent shorts for the money.",Y,,"Size: 3X-Large | Color: 5 Pack Black, Black, Navy, Dark Grey, Light Grey",4,0,,,,,https://www.amazon.com/gp/customer-reviews/R2XF2NWAKZCARR/ref=cm_cr_getr_d_rvw_ttl?ie=UTF8&ASIN=B08C2Q49MR,cinephiliagal,"https://images-na.ssl-images-amazon.com/images/S/amazon-avatars-global/default._CR0,0,1024,1024_SX48_.png",US,https://www.amazon.com/gp/profile/amzn1.account.AFGWQ7TWTDDJDH2H3IMBF5VPM6HA/ref=cm_cr_getr_d_gw_btm?ie=UTF8,,2024-06-19
B08C2QLNKV,Comfortable,Comfortable and feel great. I use them for lounging so they’re great for that purpose,Y,,"Size: Large | Color: 3 Pack Black, Black, Dark Grey",4,0,,,,,https://www.amazon.com/gp/customer-reviews/R25XY3CHRVI6R4/ref=cm_cr_getr_d_rvw_ttl?ie=UTF8&ASIN=B08C2Q49MR,Abo,"https://images-na.ssl-images-amazon.com/images/S/amazon-avatars-global/default._CR0,0,1024,1024_SX48_.png",US,https://www.amazon.com/gp/profile/amzn1.account.AHYZFEI624T64ZSGEQ4QKH47FDLA/ref=cm_cr_getr_d_gw_btm?ie=UTF8,,2024-06-19
B08PYQRD1Y,Sent back,They felt too thin and silky for my liking.,Y,,"Size: X-Large | Color: 5 Pack Black, Dark Grey, Dark Grey, Navy, Dark Green",2,0,,,,,https://www.amazon.com/gp/customer-reviews/RCDGFFHJP5MKH/ref=cm_cr_getr_d_rvw_ttl?ie=UTF8&ASIN=B08C2Q49MR,Tolstoy,"https://images-na.ssl-images-amazon.com/images/S/amazon-avatars-global/default._CR0,0,1024,1024_SX48_.png",US,https://www.amazon.com/gp/profile/amzn1.account.AF2GBCI3JWG6NCF7XIOQ3NB3LZNA/ref=cm_cr_getr_d_gw_btm?ie=UTF8,,2024-06-17
B08PYNVKW1,loose strings from seams,After washing 2-3 times there are quite a few seams/strings coming loose off of the shorts.,Y,,"Size: XX-Large | Color: 5 Pack Black, Dark Grey, Dark Grey, Navy, Dark Green",2,0,,,,,https://www.amazon.com/gp/customer-reviews/RUN9GCH0UJYV3/ref=cm_cr_getr_d_rvw_ttl?ie=UTF8&ASIN=B08C2Q49MR,Mike B.,"https://images-na.ssl-images-amazon.com/images/S/amazon-avatars-global/default._CR0,0,1024,1024_SX48_.png",US,https://www.amazon.com/gp/profile/amzn1.account.AGBIAW62QO7LQQ6S2G4ZA3WZHUBA/ref=cm_cr_getr_d_gw_btm?ie=UTF8,,2024-06-16
B08C266BFB,These shorts are so uncomfortable.,They are too tight and you can't move easily.,Y,,"Size: Large | Color: 2 Pack Black, Navy",1,1,,,,,https://www.amazon.com/gp/customer-reviews/R1ALACU0SOAEPP/ref=cm_cr_getr_d_rvw_ttl?ie=UTF8&ASIN=B08C2Q49MR,Edwin,"https://images-na.ssl-images-amazon.com/images/S/amazon-avatars-global/default._CR0,0,1024,1024_SX48_.png",US,https://www.amazon.com/gp/profile/amzn1.account.AGYUCGUIWGAT5ZJ3JZ35K2VTAZVQ/ref=cm_cr_getr_d_gw_btm?ie=UTF8,,2024-06-15
B08JG3T2SY,Very thin,Very thin. You can see straight through them.,Y,,"Size: X-Large | Color: 5 Pack Black, Black, Navy, Dark Grey, Light Grey",1,1,,,,,https://www.amazon.com/gp/customer-reviews/R2AXGVWESW8280/ref=cm_cr_getr_d_rvw_ttl?ie=UTF8&ASIN=B08C2Q49MR,Shorty,"https://images-na.ssl-images-amazon.com/images/S/amazon-avatars-global/default._CR0,0,1024,1024_SX48_.png",US,https://www.amazon.com/gp/profile/amzn1.account.AG4UEILPHL57NMIKZQ2CNLBGELAA/ref=cm_cr_getr_d_gw_btm?ie=UTF8,,2024-06-15
B08C24KLXH,Shorts run at least a size small,The quality looks to be nice but you will definitely want to order at least one size larger than indicated.,Y,,"Size: XX-Large | Color: 3 Pack Black, Navy, Light Grey",4,0,,,,,https://www.amazon.com/gp/customer-reviews/R3HTNFLB2P17XE/ref=cm_cr_getr_d_rvw_ttl?ie=UTF8&ASIN=B08C2Q49MR,bjordan1138,"https://images-na.ssl-images-amazon.com/images/S/amazon-avatars-global/default._CR0,0,1024,1024_SX48_.png",US,https://www.amazon.com/gp/profile/amzn1.account.AH4J3WVVWCTYSUTNHYPPOPDRVROA/ref=cm_cr_getr_d_gw_btm?ie=UTF8,,2024-06-15
B08C2RJZW5,Short,I like it,Y,,"Size: Medium | Color: 2 Pack Black, Dark Grey",4,0,,,,,https://www.amazon.com/gp/customer-reviews/R29MPUA8PG2LNE/ref=cm_cr_getr_d_rvw_ttl?ie=UTF8&ASIN=B08C2Q49MR,Antonia p.simpson,"https://images-na.ssl-images-amazon.com/images/S/amazon-avatars-global/default._CR0,0,1024,1024_SX48_.png",US,https://www.amazon.com/gp/profile/amzn1.account.AHRI5N5CPDMPJ37UUUMKVMNS7HTA/ref=cm_cr_getr_d_gw_btm?ie=UTF8,,2024-06-15
B08C28MML2,Snug fit,"Very nice garment, well made, breathable and good material however the sizing may be off for Western customers as the garments run smaller sized.",Y,,"Size: X-Large | Color: 5 Pack Black, Navy, Blue, Dark Grey, Light Grey",3,0,,,,,https://www.amazon.com/gp/customer-reviews/R1WVXTWXZR7DR3/ref=cm_cr_getr_d_rvw_ttl?ie=UTF8&ASIN=B08C2Q49MR,Paul R Price,"https://images-na.ssl-images-amazon.com/images/S/amazon-avatars-global/default._CR0,0,1024,1024_SX48_.png",US,https://www.amazon.com/gp/profile/amzn1.account.AEJDRZFFLGZEBPKISIB7GNMJASRQ/ref=cm_cr_getr_d_gw_btm?ie=UTF8,,2024-06-14
B08JG3T2SY,Perfect for summer lounging,Bought these for my son and they are very lightweight and good quality for the summer heat. They wash well and are a good length.,Y,,"Size: X-Large | Color: 5 Pack Black, Black, Navy, Dark Grey, Light Grey",4,0,,,,,https://www.amazon.com/gp/customer-reviews/R3BZSODQUO96IG/ref=cm_cr_getr_d_rvw_ttl?ie=UTF8&ASIN=B08C2Q49MR,Ricki,"https://images-na.ssl-images-amazon.com/images/S/amazon-avatars-global/default._CR0,0,1024,1024_SX48_.png",US,https://www.amazon.com/gp/profile/amzn1.account.AF6YCSNNIYE6EKUKCISUVZRIVJZA/ref=cm_cr_getr_d_gw_btm?ie=UTF8,,2024-06-14
B08JGBB9N1,Not a relaxed fit,I find the shorts to be comfortable and lightweight. However if you go by the sizing that is recommended you should expect that it will be an exact fit. Go a size up if you prefer a relaxed fit on your gym shorts.,Y,,"Size: Large | Color: 5 Pack Black, Black, Navy, Dark Grey, Light Grey",3,0,,,,,https://www.amazon.com/gp/customer-reviews/R1QEPQWO7WVCVE/ref=cm_cr_getr_d_rvw_ttl?ie=UTF8&ASIN=B08C2Q49MR,Tampa Tim,"https://images-na.ssl-images-amazon.com/images/S/amazon-avatars-global/default._CR0,0,1024,1024_SX48_.png",US,https://www.amazon.com/gp/profile/amzn1.account.AG5M2RFJLMJDGFB2UCGPTSLCSIIQ/ref=cm_cr_getr_d_gw_btm?ie=UTF8,,2024-06-12
B08JG8DNVQ,Good value comfort,"Purchased for my teen son. The price was great, good quality. He was happy to see these had pockets. I waited to review until he wore these and they were washed a couple of times. They've held up well so far.",Y,,"Size: Small | Color: 5 Pack Black, Black, Navy, Dark Grey, Light Grey",4,6,,,,,https://www.amazon.com/gp/customer-reviews/R2A9U7QPONI95V/ref=cm_cr_getr_d_rvw_ttl?ie=UTF8&ASIN=B08C2Q49MR,Kylie,"https://images-na.ssl-images-amazon.com/images/S/amazon-avatars-global/28aa521b-ad1e-4aea-a628-915d2c74e7b0._CR0,26.0,281,281_SX48_.jpg",US,https://www.amazon.com/gp/profile/amzn1.account.AGQWDOLECP36QHSAQSCZSPLKT5FA/ref=cm_cr_getr_d_gw_btm?ie=UTF8,,2024-06-11
B08JG3T2SY,one item had a defective pocket,One item defective send replacement,Y,,"Size: X-Large | Color: 5 Pack Black, Black, Navy, Dark Grey, Light Grey",3,0,1,https://m.media-amazon.com/images/I/81xIE3G3SJL._SY200.jpg,,,https://www.amazon.com/gp/customer-reviews/R3CLJ4UCHBUPXI/ref=cm_cr_getr_d_rvw_ttl?ie=UTF8&ASIN=B08C2Q49MR,william cook,"https://images-na.ssl-images-amazon.com/images/S/amazon-avatars-global/default._CR0,0,1024,1024_SX48_.png",US,https://www.amazon.com/gp/profile/amzn1.account.AHYZRUQ5IURVKJR42XZPH2W4V3OQ/ref=cm_cr_getr_d_gw_btm?ie=UTF8,,2024-06-10
B08C2CW11V,great for price,Good shorts for price.,Y,,"Size: X-Large | Color: 2 Pack Black, Dark Grey",4,0,,,,,https://www.amazon.com/gp/customer-reviews/R2HIIZ49772F2Y/ref=cm_cr_getr_d_rvw_ttl?ie=UTF8&ASIN=B08C2Q49MR,Chris,"https://images-na.ssl-images-amazon.com/images/S/amazon-avatars-global/default._CR0,0,1024,1024_SX48_.png",US,https://www.amazon.com/gp/profile/amzn1.account.AEYKZHZ6HOBHR4PY2FD4GJHQHRZQ/ref=cm_cr_getr_d_gw_btm?ie=UTF8,,2024-06-09
B08JGL9H1X,Odd fit,"They don't fall right on thighs
They bunch up on butt",Y,,"Size: X-Large | Color: 7 Pack Black, Dark Grey, Light Grey, Navy, Blue, Red, Dark Green",2,0,,,,,https://www.amazon.com/gp/customer-reviews/R7V9E6W442YIC/ref=cm_cr_getr_d_rvw_ttl?ie=UTF8&ASIN=B08C2Q49MR,Leotol,"https://images-na.ssl-images-amazon.com/images/S/amazon-avatars-global/default._CR0,0,1024,1024_SX48_.png",US,https://www.amazon.com/gp/profile/amzn1.account.AF4KZSF3IT3CG7326GGR35EDY3WQ/ref=cm_cr_getr_d_gw_btm?ie=UTF8,,2024-06-08
B08C24YSMP,Very sheer fabric,"I was very disappointed in the quality of fabric for the price I paid. Not your typical basketball shorts.  Very thin...almost see through... with no lining.  Elastic waist with draw string. They have pockets. Knee length.
True to size. Should have returned!!!!
Husband said he will just wear them for pajamas.
Will not buy again.",Y,,"Size: Large | Color: 3 Pack Black, Navy, Light Grey",2,0,,,,,https://www.amazon.com/gp/customer-reviews/R1IV3QR448FEIH/ref=cm_cr_getr_d_rvw_ttl?ie=UTF8&ASIN=B08C2Q49MR,Judy Fabing,"https://images-na.ssl-images-amazon.com/images/S/amazon-avatars-global/ef2ba37e-fdfa-40c0-9c4a-60b347607d86._CR0,0,375,375_SX48_.jpg",US,https://www.amazon.com/gp/profile/amzn1.account.AEIPGQRPBXADQCNTMDMJGDZRHKHA/ref=cm_cr_getr_d_gw_btm?ie=UTF8,,2024-06-08
B08C2QLNKV,Too hot,Like wear a plastic bag on for shorts...sorry I bought...false advertising..buyer beware..these are the most uncomfortable plastic shorts I have ever worn...pure garbage and a rip-off,Y,,"Size: Large | Color: 3 Pack Black, Black, Dark Grey",1,1,,,,,https://www.amazon.com/gp/customer-revamazon.com/gp/profile/amzn1.acco://www.amazon.com/gp/profile/amzn1.accountl/40ca7ec6-6b56-41a8-ac1c-f867fdc38abe._CR0,0,355,355_SX48_.jpg",US,https://www.amazon.com/gp/profitars-global/default._CR0,0,1024,1024_SX48_.png",US,https://www.amazon.com/gp/profile/amzn1.account.AFEX4FUTHQVZBAUKTOB3BEO6DK2Q/ref=cm_cr_getr_d_gw_btm?ie=UTF8,,2021-06-077GV7VUDPCL2Q/ref=cm_cr_getr_d_gw_btm?ie=UTF8,,2023-03-21
B09WXSHZZK,Great non-brand gymwear :),"Bought these for my partner to workout in, he's into simple minimalist looks in his apparels. These logo-less shorts with built in spandex layer and zipper went perfect with his Gymshark/Nike logo top at the gym. They  were short enough to not be cumbersome during the current above-knee trend for men, yet had great coverage for when he's lying down doing barbells or moving around in general. Usually these black edge zippers from other non-brand manufacturers are flimsy, but the one on this pair of shorts were great and this is a case of paying for the comfort/quality of material without paying for the brand. Would recommend to look good while saving a buck! ^ ^",Y,,Size: Medium | Color: Black,4,1,,,,,https://www.amazon.com/gp/customer-reviews/R12G4RM2AO73ZH/ref=cm_cr_getr_d_rvw_ttl?ie=UTF8&ASIN=B09XDN75MJ,Madison S. Straus,"https://images-na.ssl-images-amazon.com/images/S/amazon-avatars-global/830f36ef-49e0-4