cst,关键词翻译,AC推荐词,流量占比,流量词类型,预估周曝光量,相关产品,相关ASIN,ABA周排名,月搜索量,月购买量,购买率,展示量,点击量,SPR,标题密度,商品数,需供比,广告竞品数,点击集中度,前三ASIN转化总占比,PPC竞价,建议竞价范围,#1 前三ASIN,#1 点击共享,#1 转化共享,#2 前三ASIN,#2 点击共享,#2 转化共享,#3 前三ASIN,#3 点击共享,#3 转化共享,前十ASIN,matched_text
gym shorts men zipper pockets,,,,自然搜索词,0,1,B09XQVCZ8B,"1,554,130",915,31,3.42%,"19,874",453,1,0,"2,233",0.4,24,21.70%,4.20%,$1.38 ,$1.14 - $1.79,B08LTBLD95,10.00%,4.20%,B08LT9MJM2,6.70%,0.00%,B08LTB9SZW,5.00%,0.00%,"B08LTBLD95,B09P3WHTC8,B0D2TJ12XX,B09PYVH5XT,B0CJ1D8N79,B0CSN9NG6Y,B09XQVCZ8B,B0D2S385WC,B08TZYQTLR,B0BX7KWDWY","Zipper Pocket, Zipper, gym, Shorts"
gym shorts men with pocket,,,,自然搜索词,0,1,B01AK7Y102,,,,,,,,,0,,0,,,,-,,,,,,,,,,,"Shorts, Pocket, gym"
gym shorts men with liner,带衬里的男士运动短裤,,,SP广告词,0,1,B09P3T8X61,"1,162,637",980,33,3.42%,"28,052",489,1,0,"1,465",0.7,4,22.20%,0.00%,$1.37 ,$1.12 - $1.64,B09WXSHZZK,9.50%,0.00%,B0D2RLHHJ9,7.90%,0.00%,B08R7GNZTD,4.80%,0.00%,"B09WXSHZZK,B0BNW5DWR1,B0D2RLHHJ9,B08XM7421N,B08346K3ZS,B07XLTV4TR,B0D1QWYNH7,B0CPDRDRLJ,B09VBRB3KL,B0BWQD4FF9","Shorts, gym"
gym shorts men under armour,男士Under Armour运动短裤,,,自然搜索词,0,3,B01AK7Y102/B09XQVCZ8B/B0C4GS3QJD,"1,015,696","1,263",37,2.94%,"35,745",576,1,0,436,2.9,4,16.40%,2.00%,$1.37 ,$1.02 - $1.71,B0728BNL9X,5.80%,0.00%,B071P2P4JB,5.50%,2.00%,B0714D4Q4B,5.10%,0.00%,"B0942X45Y3,B082BGKDV1,B0942R17Z5,B07CZCCGY8,B08875T7XG,B0C12XJ159,B089MQNZ41,B09X6J9T51,B093LV4DT1,B0872MJ9P8","Shorts, gym, Under Armour"
gym shorts men nike,耐克男士运动短裤,,,自然搜索词,0,1,B09XQVCZ8B,"1,121,770","1,447",39,2.74%,"33,999",641,1,0,"1,356",1.1,5,17.60%,12.20%,$1.37 ,$1.17 - $1.71,B087M3MJ1L,7.30%,4.90%,B07C93ZRT9,6.90%,0.00%,B07C95LZK2,3.50%,7.30%,"B087M3MJ1L,B01AK7XJS2,B071WL718C,B0B6JTW2F5,B07CZC664D,B0723CZCRJ,B000JC0YJQ,B07NJNRHL5,B0BPB5JVT4,B09PG3R54G","Shorts, NIKE, gym"
gym shorts men long,,,,自然搜索词,0,1,B01AK7Y102,,,,,,,,,0,,0,,,,-,,,,,,,,,,,"Long, Shorts, gym"
gym shorts men big and tall,,,,自然搜索词,0,2,B00AKSCXEI/B08JGBB9N1,,,,,,,,,"8,421",,4,,,,-,,,,,,,,,,,"big, Big And Tall, Tall, gym, Shorts"
gym shorts men adidas,,,,自然搜索词,0,1,B09P3T8X61,,,,,,,,,946,,0,,,,-,,,,,,,,,,,"Adidas, Shorts, gym"
gym shortd,,,,自然搜索词,0,2,B08JGBB9N1/B09P3T8X61,,,,,,,,,"11,569",,20,,,,-,,,,,,,,,,,"gym, Short"
gym short with pocket,,,,自然搜索词,0,2,B00AKSCXEI/B08JGBB9N1,,,,,,,,,0,,25,,,,-,,,,,,,,,,,"Pocket, gym, Short"
gym short men,健身房矮个子男人,,,自然搜索词,0,2,B01AK7Y102/B08JGBB9N1,"1,632,367","1,121",33,2.99%,"26,138",528,1,0,"8,321",0.1,4,14.10%,0.00%,$1.45 ,$1.14 - $1.85,B09LTQWRV7,7.80%,0.00%,B01AK7Y12A,3.10%,0.00%,B07H5QPL1R,3.10%,0.00%,"B0CRHF41F7,B08JGBB9N1,B085NF55WL,B09PYSSR6D,B09LTQWRV7,B07H5QPL1R,B0CRRF28SH,B0BNW2CZNM,B0036OS6KI,B07NDP7HYC","gym, Short"
gym shoets,,,,自然搜索词,0,1,B08JGBB9N1,,,,,,,,,"11,492",,20,,,,-,,,,,,,,,,,gym
gym shoes men,男式运动鞋,,,SP广告词,0,1,B0CHMQ6Z7W,"40,055","44,075","4,332",9.83%,"1,238,903","19,479",99,0,"3,371",13.1,173,7.60%,0.10%,$0.89 ,$0.68 - $1.12,B08FRB6FRZ,3.20%,0.10%,B07N64QLYM,2.60%,0.00%,B0C7VR1B3W,1.90%,0.00%,"B09XBVM335,B087TGZQRZ,B0BHPSHTR8,B0BGQQHJFF,B07B41529L,B0C7VR1B3W,B0BG91KJ45,B098SGY494,B08KKDSM4Z,B07RJTNWMV","gym, Shoes"
gym shiorts,,,,自然搜索词,0,1,B09P3T8X61,,,,,,,,,0,,0,,,,-,,,,,,,,,,,gym
gym shark shorts for woman,,,,SP广告词,0,1,B09P3T8X61,,,,,,,,,0,,162,,,,-,,,,,,,,,,,"Woman, Shorts, gym"
gym shark mens shorts,,,,自然搜索词,0,1,B01AK7Y102,,,,,,,,,195,,0,,,,-,,,,,,,,,,,"Shorts, gym"
gym shark men shorts,,,,自然搜索词,0,1,B01AK7Y102,,,,,,,,,159,,25,,,,-,,,,,,,,,,,"Shorts, gym"
gym set for men,男士健身房套装,,,自然搜索词,0,1,B08JGBB9N1,"1,919,299","1,250",35,2.87%,"37,030",539,1,0,"6,778",0.2,43,22.10%,0.00%,$0.79 ,$0.63 - $0.98,B0C14BB4B7,10.30%,0.00%,B09FYTG37V,5.90%,0.00%,B09SPW1QYT,5.90%,0.00%,"B0C14BB4B7,B09SPW1QYT,B09TQCT86D,B0CL52N3NK,B0C615HBP1,B0BRN8D56D,B01LR5SM74,B08SM2ZX81,B0C619291K,B0BKLTLSPN","gym, Set"
gym men shorts,,,,自然搜索词,0,2,B08JGBB9N1/B0C1365SJV,,,,,,,,,"7,691",,25,,,,-,,,,,,,,,,,"Shorts, gym"
gym for men,男子健身房,,,自然搜索词,0,1,B01AK7Y102,"1,102,636","1,262",117,9.35%,"33,466",528,3,0,"35,456",0,9,14.50%,28.60%,$3.99 ,$2.99 - $4.96,B09W9TYLW9,6.60%,28.60%,B0BZDLXKTS,5.30%,0.00%,1955710279,2.60%,0.00%,"B077ZJXCTS,B09W9TYLW9,B0785VMVF4,B09LTQWRV7,B07GSJ45CF,B08ZSCHSNV,B08RYRJW2L,B07JG7WN8L,B08BBYCN46,B09PYSSR6D",gym
gym clothing men,,,,自然搜索词,0,1,B08JGBB9N1,"2,037,205",,,,,,,,"21,840",,10,,,,-,,,,,,,,,,,"Clothing, gym"
gym clothes for men set,,,,自然搜索词,0,1,B08JGBB9N1,,,,,,,,,"8,731",,10,,,,-,,,,,,,,,,,"gym, Set"
gym ahorts,,,,自然搜索词,0,2,B08JGBB9N1/B09P3T8X61,,,,,,,,,"11,897",,8,,,,-,,,,,,,,,,,gym
guy shorts,男短裤,,,自然搜索词,0,3,B00AKSCXEI/B08JGBB9N1/B0BFDSVMPF,"1,674,334",438,12,2.92%,"9,444",180,1,0,"1,414",0.3,9,21.60%,0.00%,$1.17 ,$1.05 - $1.37,B0BZPJW6G4,10.80%,0.00%,B0151E6OUY,5.40%,0.00%,B0151E6WPQ,5.40%,0.00%,"B08JGBB9N1,B0BLKKW3M4,B085NF55WL,B0BZPJW6G4,B08CMSZS9N,B07YP9J4VS,B00CYY53V6,B07NF3V7M5,B07PHVTYT5,B09DCTLVCC",Shorts
guy gym shorts,,,,SP广告词,0,1,B0BFDTMBGP,,,,,,,,,0,,0,,,,-,,,,,,,,,,,"Shorts, gym"
gum shorts,口香糖短裤,,,自然搜索词,0,1,B01AK7Y102,"1,358,966",871,23,2.76%,"20,158",399,1,0,722,1.2,4,24.10%,9.10%,$0.99 ,$0.73 - $1.09,B09N8K6B43,12.10%,9.10%,B0BDLZDV83,6.90%,0.00%,B0BNJTX2WD,5.20%,0.00%,"B0BNJTX2WD,B09N8K6B43,B0723CZCRJ,B0C2K4VK4R,B0BQMXR51P,B09PYSSR6D,B0BNH6PKYR,B0BN5T11MK,B0151E6PBM,B08D2PB97C",Shorts
gtrhsb,,,,SP广告词,0,1,B09WMZX9C2,,,,,,,,,0,,116,,,,-,,,,,,,,,,,
grey golf shorts,灰色高尔夫球短裤,,,SP广告词,0,1,B0C4GV51WK,"1,517,510",800,21,2.63%,"18,893",322,1,0,"9,389",0.1,4,30.90%,0.00%,$0.92 ,$0.68 - $1.14,B096YN9ZLL,10.90%,0.00%,B0BPLVMWMF,10.90%,0.00%,B0CYPH2B74,9.10%,0.00%,"B07PPXVTXJ,B0BPLWM5QP,B0CYPH2B74,B0B82HSB97,B095RS8C7J,B096YN9ZLL,B06Y5H23LF,B00P3YVNC2,B0C1BRS1W8,B07F441GZ4","Golf, grey, Shorts"
green nike shorts,绿色耐克短裤,,,视频广告词,0,1,B0BFDTMBGP,"1,592,358",610,20,3.35%,"17,562",294,1,0,516,1.2,5,40.00%,0.00%,$0.80 ,$0.61 - $1.09,B0BXZ3TTH7,20.00%,0.00%,B07HR5R13C,13.30%,0.00%,B0C6B4YCBY,6.70%,0.00%,"B0BKN541BH,B0B6KKVFL3,B0BXZ3TTH7,B0B1DNQ8JC,B0CJHWGYV9,B0C6B4YCBY,B0C67KPQJR,B0BXYXWVRZ,B072JVHHM4,B0B4C9CSH2","Green, Shorts, NIKE"
green cargo shorts,绿色工装短裤,,,SP广告词,0,1,B0BFDRQLNC,"1,229,374","1,306",38,2.96%,"35,489",503,1,1,"3,501",0.4,9,13.20%,2.90%,$0.61 ,$0.44 - $0.69,B0CG8RRG76,4.50%,0.00%,B0CPDTGNM5,4.50%,0.00%,B0CQZ3RHG7,4.20%,2.90%,"B0CQZ3RHG7,B01JQTH70G,B0711D12BP,B0CT4NPR1V,B017URQNWE,B0CX8RSKNP,B0C4C7SZMH,B07YPDRHBX,B0CQZ5YN1B,B08NZPV35Y","Green, Shorts, Cargo, Cargo Shorts"
graphic basketball shorts men,,,,自然搜索词,0,1,B0C1365SJV,"2,243,269",,,,,,,,"4,296",,9,,,,-,,,,,,,,,,,"Basketball, Shorts, Graphic"
gore wear cycling men,戈尔穿骑自行车的人,,,SP广告词,0,1,B0CHMM393V,"1,812,596",696,3,0.49%,"15,596",308,1,0,241,2.9,16,21.50%,0.00%,$1.20 ,$0.89 - $1.50,B075V4HCYF,7.80%,0.00%,B07WLXKRSW,7.80%,0.00%,B07WCB8CKL,5.90%,0.00%,"B07W71LNMC,B07WLY87Y5,B075V536LR,B075S2Q65K,B082YDX8P6,B0CRZD6FT9,B002BXIXEO,B0CRZG23KS,B075V5F1VJ,B0B5B1SKB3",
goodstoworld,,,,SP广告词,0,1,B0C4GQTCJK,,,,,,,,,0,,20,,,,-,,,,,,,,,,,Goodstoworld
golfing shorts for men,男士高尔夫球短裤,,,自然搜索词,0,1,B09P3T8X61,"1,141,769","1,265",32,2.58%,"37,000",493,1,0,"1,678",0.8,4,21.40%,1.90%,$1.50 ,$1.12 - $1.87,B0CSDJ69RQ,8.90%,0.00%,B096YLSDLP,8.10%,1.90%,B0CFDQTRRF,4.40%,0.00%,"B0CSDJ69RQ,B096YLSDLP,B07PMTLHHP,B01JQTBSU6,B08TSYTWP8,B07FHBPYYV,B0BPLVMWMF,B08LNYDVC2,B00P3YV3NG,B0775B4YQ2",Shorts
golf prime day deals,,,,自然搜索词,0,1,B0B4RQCZR1,,,,,,,,,"167,553",,80,,,,-,,,,,,,,,,,"Golf, Prime"
golf gifts for men funny,,,,SP广告词,0,1,B09WMYXNJ9,,,,,,,,,0,,44,,,,-,,,,,,,,,,,"Golf, Funny"
golf deals of the day,,,,自然搜索词,0,1,B0C4GV51WK,,,,,,,,,"8,440",,55,,,,-,,,,,,,,,,,Golf
golf athletic dresses with built in bra shorts,,,,SP广告词,0,1,B09WMZR2XM,,,,,,,,,0,,56,,,,-,,,,,,,,,,,"Golf, Shorts, Athletic"
gingtto men cargo shorts,,,,SP广告词,0,1,B09P3T8X61,,,,,,,,,0,,0,,,,-,,,,,,,,,,,"Shorts, Cargo, Cargo Shorts"
gildan shorts for men,gildan 男士短裤,Y,,AC推荐词,0,2,B0151E6WPQ/B08JGBB9N1,"1,763,278",959,32,3.35%,"20,488",438,1,0,807,1.2,4,22.60%,0.00%,$1.21 ,$0.91 - $1.50,B0151E6WPQ,8.10%,0.00%,B07H5QPL1R,8.10%,0.00%,B0151E6TM2,6.50%,0.00%,"B0151E6WPQ,B08JGBB9N1,B077ZKV826,B07H5PTQML,B08JSBZ884,B09T3R578C,B082G9PZQ8,B000MND7HS,B07RJSL1TL,B077ZMJKPF","Shorts, Gildan"
gildan shorts,,Y,,AC推荐词,0,3,B0151E6WPQ/B08JGBB9N1/B09P3T8X61,"1,863,300",,,,,,,,811,,7,,,,-,,,,,,,,,,,"Shorts, Gildan"
gifts for men who work out,送给健身男士的礼物,,,自然搜索词,0,1,B0BFDVPFKX,"1,083,443","1,359",13,0.96%,"27,890",611,1,0,"1,924",0.7,2,21.20%,10.80%,$1.26 ,$0.94 - $1.59,B0CRR1XXC4,8.40%,2.70%,B0BFF5MN6T,6.90%,2.70%,B00BP570Z2,5.80%,5.40%,"B0CRR1XXC4,B0BFF5MN6T,B00IO3LLM6,B00BP570Z2,B081TQB6BC,B077ZLX2TG,B07PFCGH26,B08RYMG8VQ,B07KQR9VXG,B08BC88KG1", work
gifts for disabled men,,,,自然搜索词,0,1,B0151E6WPQ,,,,,,,,,0,,0,,,,-,,,,,,,,,,,Gift
gifted for men,,,,SP广告词,0,2,B0B9G7J8C7/B0BFF67H1W,,,,,,,,,"2,944",,94,,,,-,,,,,,,,,,,Gift
germany shorts,,,,SP广告词,0,1,B09P3T8X61,,,,,,,,,0,,24,,,,-,,,,,,,,,,,Shorts
geekera,,,,SP广告词,0,1,B0C4GQTCJK,,,,,,,,,0,,0,,,,-,,,,,,,,,,,
gaglg,gaglg,,,SP广告词,0,1,B0BFDRQLNC,"1,065,473","2,371",70,2.99%,"52,565","1,050",2,0,39,60.8,27,33.80%,10.70%,$1.35 ,$1.00 - $1.69,B09W9J74JC,15.70%,4.80%,B09PYTB8SD,10.20%,4.80%,B09PYSSR6D,7.90%,1.20%,"B09PYTB8SD,B0C27FN2BN,B08GLXZSV7,B0BZPJW6G4,B0BXWDSX7X,B0CN173JQ3,B07SJQQHWW,B094F5SQ84,B0BS3S1MHC,B0BYZDHRK8",
g gradual bermuda shorts,,,,SP广告词,0,1,B01AK7Y102,,,,,,,,,0,,0,,,,-,,,,,,,,,,,"Shorts, Bermuda shorts"
fruit of the loom cotton shorts,织机的果实棉短裤,Y,,AC推荐词,0,1,B09T3QHVVM,"1,973,956",610,16,2.75%,"17,230",246,1,0,601,1,3,40.00%,12.50%,,-,B09T3QHVVM,22.20%,12.50%,B0B193DXXS,11.10%,0.00%,B0D918VXCW,6.70%,0.00%,"B09T3QHVVM,B0151E6XTG,B0BVMTKGVY,B0B193DXXS,B08FBJJBC2,B000KK693C,B00719WZ7Y,B07RJSL1TL,B08GZQ3SPN,B0BTTPSSR2","Cotton, Shorts, Fruit of the Loom, Fruit"
french terry shorts men,毛圈布短裤男士,,,SP广告词,0,1,B0BFDSVMPF,"665,223","2,444",71,2.93%,"52,281","1,113",2,0,490,5,4,15.40%,3.70%,$0.79 ,$0.58 - $0.99,B0BJDCNLTJ,6.90%,0.00%,B0BJDCGKHB,5.40%,0.00%,B0BB883KN5,3.20%,3.70%,"B0BJDCNLTJ,B0BB883KN5,B08VHLYGCD,B09XC8P994,B00AKSCYBA,B0C12HT8K8,B0C5K3TMLQ,B0872MJ9P8,B01BUJ0L0I,B000MND7GO","Shorts, French, Terry"
free fly shorts,自由飞短裤,,,自然搜索词,0,1,B09WMYXNJ9,"1,252,196","1,140",29,2.63%,"23,974",454,1,0,574,2,4,17.40%,0.00%,$3.88 ,$2.91 - $4.84,B0BX27SS2N,5.80%,0.00%,B0C6CV2LRL,5.80%,0.00%,B0CBL2DBX1,5.80%,0.00%,"B0BX1YWS38,B0BX22112P,B0CVSHSCQS,B0C6B1SJ87,B0BX2118KX,B0CBKZXHTB,B0C6B35HN7,B0CBKZK4ZN,B0C6CGZM7F,B0BX22CFZW","Fly, Shorts"
free country shorts mens,自由乡村短裤男装,,,自然搜索词,0,1,B01AK7Y102,"2,166,984",556,17,3.09%,"12,457",272,1,0,125,4.5,9,26.20%,100.00%,$1.13 ,$0.86 - $1.41,B09P3SJKJL,9.50%,100.00%,B092Q44MG8,9.50%,0.00%,B09W9DH19G,7.10%,0.00%,"B09P3V2ZCD,B0723CZCRJ,B0C2C4LV36,B0CPJQ8N4P,B0C53PCLJ4,B092Q44MG8,B09SL3RQ1M,B08V19XFS2,B09W9DH19G,B09VGN8V72","Shorts, Country"
free country shorts,,,,自然搜索词,0,1,B01AK7Y102,,,,,,,,,357,,5,,,,-,,,,,,,,,,,"Shorts, Country"
fourth of july shorts men,,,,SP广告词,0,1,B0B9G7J8C7,,,,,,,,,0,,0,,,,-,,,,,,,,,,,Shorts
fourth of july mens outfit,,,,SP广告词,0,1,B0BFDVPFKX,,,,,,,,,0,,0,,,,-,,,,,,,,,,,Outfit
football shorts for men,男式足球短裤,,,SP广告词,0,2,B08JGBB9N1/B09P3T8X61,"1,329,596","1,203",35,2.97%,"33,646",566,1,0,"8,390",0.1,4,13.80%,0.00%,$1.12 ,$0.79 - $1.42,B082XS4MGN,6.20%,0.00%,B08JGBB9N1,4.20%,0.00%,B08JG3T2SY,3.50%,0.00%,"B08JGBB9N1,B094JKXP76,B08T6MSSKL,B087M3MJ1L,B0D1QWYNH7,B07CZDPVRJ,B08D2TC7BT,B0CRRF28SH,B07PGD2SD1,B0728KK8VK","Football, Shorts"
flx shorts for men,flx 男士短裤,,,SP广告词,0,1,B0BFDTMBGP,"1,629,972",982,28,2.91%,"25,276",429,1,0,121,8.1,6,14.30%,0.00%,$1.24 ,$0.93 - $1.54,B09SKW1M62,4.80%,0.00%,B0BS3S1MHC,4.80%,0.00%,B0C1TYTY6Z,4.80%,0.00%,"B0C1TYTY6Z,B0C1JKXQJW,B09XQWRBHB,B0BS3S1MHC,B0BVT9V2XD,B0BFDSKS9H,B0BQL1HGZ4,B0CTBP1JX8,B0BT7541WJ,B07QV7SBW7",Shorts
fleetwood clothing for men,,,,视频广告词,0,1,B0BFDTMBGP,,,,,,,,,0,,0,,,,-,,,,,,,,,,,Clothing
fleece shorts for men,,,,自然搜索词,0,1,B0151E6WPQ,,,,,,,,,"2,509",,4,,,,-,,,,,,,,,,,"Shorts, Fleece"
fleece mens shorts,,,,自然搜索词,0,1,B0151E6WPQ,,,,,,,,,"2,435",,24,,,,-,,,,,,,,,,,"Shorts, Fleece"
fleece jersey,,,,自然搜索词,0,1,B0151E6WPQ,,,,,,,,,0,,41,,,,-,,,,,,,,,,,"Fleece, Jersey"
flag shorts,,,,SP广告词,0,2,B0BFDTMBGP/B0BFDVPFKX,,,,,,,,,"25,276",,24,,,,-,,,,,,,,,,,"Shorts, Flag"
fitness wear for men,,,,自然搜索词,0,1,B09WMZR2XM,,,,,,,,,0,,0,,,,-,,,,,,,,,,,Fitness
fitness shorts men,健身短裤男士,,,自然搜索词,0,1,B08JGBB9N1,"1,329,289","1,437",28,1.97%,"32,469",602,1,0,"2,768",0.5,24,15.30%,0.00%,$1.50 ,$1.12 - $1.87,B08XM7421N,5.70%,0.00%,B089JY3L85,5.00%,0.00%,B08LGWPRBQ,4.70%,0.00%,"B09LTQWH1Z,B085NF55WL,B08XM7421N,B08LGWPRBQ,B08JGBB9N1,B083463RFH,B0BWQD4FF9,B07NDP7HYC,B09P3RHNSY,B09PYSW3SM","Fitness Shorts, Shorts, Fitness"
fitness shorts,健身短裤,,,SP广告词,0,1,B09P3T8X61,"1,590,074","1,619",47,2.95%,"48,214",759,2,2,"6,047",0.3,9,12.30%,0.00%,$0.95 ,$0.72 - $1.20,B097D5ZP88,5.20%,0.00%,B0BQMXR51P,4.10%,0.00%,B08XM7421N,3.10%,0.00%,"B085NF55WL,B08XM7421N,B09N8K6B43,B0BJQ81RJL,B0C142F9K3,B0C1BJ6LVQ,B09L11GW8X,B091DDT2BV,B0BD87CNBF,B09ST54LFT","Fitness Shorts, Shorts, Fitness"
fitness clothes with long sleeves for men,,,,SP广告词,0,1,B0BFF67H1W,,,,,,,,,0,,0,,,,-,,,,,,,,,,,"Long Sleeve, Long, Fitness"
fit seamless workout shorts,,,,SP广告词,0,2,B09WMZR2XM/B09WMZX9C2,,,,,,,,,0,,0,,,,-,,,,,,,,,,,"Workout, Shorts"
fishing clothing fishing clothing,,,,自然搜索词,0,1,B09WMYXNJ9,,,,,,,,,0,,0,,,,-,,,,,,,,,,,"Fishing, Clothing"
fila mens shorts,,,,自然搜索词,0,1,B01AK7Y102,,,,,,,,,0,,0,,,,-,,,,,,,,,,,Shorts
fashion-t-shirts,,,,SP广告词,0,1,B0C4GV51WK,,,,,,,,,0,,65,,,,-,,,,,,,,,,,T-shirt
fabric shorts men,,,,自然搜索词,0,1,B00AKSCXEI,,,,,,,,,0,,7,,,,-,,,,,,,,,,,"Shorts, Fabric"
fabletics the one short,,,,自然搜索词,0,1,B09XQVCZ8B,,,,,,,,,261,,15,,,,-,,,,,,,,,,,Short
exercise shorts mens,,,,自然搜索词,0,2,B01AK7Y102/B08JGBB9N1,"2,164,633",641,23,3.64%,"17,167",309,1,0,"12,843",0.1,5,19.10%,0.00%,$1.38 ,$1.25 - $1.61,B082XS4MGN,6.40%,0.00%,B09WY9ZDCB,6.40%,0.00%,B0CKMBRZXC,6.40%,0.00%,"B08JGBB9N1,B07H5QPL1R,B0CRRGWXMS,B08CXW8ZJD,B09PYTHR82,B09P3RHNSY,B0BWQD4FF9,B072JBQRLG,B0CSN9VJZN,B0151E6WTW",Shorts
exercise shorts men,男士运动短裤,Y,,自然搜索词/AC推荐词,0,1,B08JGBB9N1,"1,204,363","1,291",34,2.66%,"31,780",513,1,0,"12,544",0.1,8,14.60%,7.80%,$1.41 ,$1.07 - $1.77,B0728KK8VK,7.50%,2.60%,B072JBQRLG,3.60%,2.60%,B07H5QPL1R,3.60%,2.60%,"B07H5QPL1R,B08JGBB9N1,B08CXW8ZJD,B09P3RHNSY,B0CRRGWXMS,B09PYTHR82,B072JBQRLG,B00KUL0W1G,B0CRHF41F7,B0151E6WTW",Shorts
exercise clothes for men,男士运动服,,,自然搜索词,0,1,B08JGBB9N1,"1,120,190","1,546",7,0.48%,"31,363",603,1,0,"43,448",0,10,13.20%,1.50%,$0.79 ,$0.58 - $0.99,B07BLXWXP8,5.40%,0.00%,B08BBYCN46,5.10%,0.00%,B0CT3HL8KK,2.70%,1.50%,"B08BBYCN46,B07DRNTL8K,B07H5QPL1R,B07D123XY9,B08RYV6SJ3,B083463RFH,B07NWYM9LG,B07MBR1WZV,B09H79QJSH,B08JGBB9N1",
everlast shorts for men,男士永恒短裤,,,自然搜索词,0,1,B00AKSCXEI,"2,096,053",535,13,2.55%,"15,235",213,1,0,225,2.4,0,17.10%,0.00%,$1.21 ,$0.91 - $1.50,B000JC0YP0,7.30%,0.00%,B00KUL0W1G,4.90%,0.00%,B0BZPMDBPM,4.90%,0.00%,"B00719ZMUG,B08JGBB9N1,B0C6VR981X,B000JBZ636,B07H5Q7BNT,B08D2QCQT7,B01BUJ0P2M,B01AK7Y12A,B006CV3QZW,B01ES415H0",Shorts
everlast shorts,永恒的短裤,,,自然搜索词,0,2,B00AKSCXEI/B08JGBB9N1,"1,628,789",140,22,15.80%,"3,438",55,1,0,288,0.5,4,18.20%,0.00%,$1.17 ,$0.83 - $1.41,B00719ZMUG,6.10%,0.00%,B09GPGZ5SS,6.10%,0.00%,B0C64FXK7S,6.10%,0.00%,"B07NDP7ZTX,B00719ZGNO,B08JGBB9N1,B08JTQP6VY,B01AK7Y12A,B0728KK8VK,B09YXVKZ4F,B09GPHH49R,B0C64L6P92,B01ES415H0",Shorts
essentials shorts men,,,,自然搜索词,0,1,B0151E6WPQ,,,,,,,,,"1,935",,0,,,,-,,,,,,,,,,,"Essential, Shorts"
essential shorts men,,,,自然搜索词,0,2,B0151E6WPQ/B08JGBB9N1,,,,,,,,,"1,949",,4,,,,-,,,,,,,,,,,"Essential, Shorts"
elastic waist shorts,弹性腰部短裤,,,自然搜索词,0,1,B09T3QHVVM,"1,670,209",491,17,3.51%,"12,880",238,1,5,"14,449",0,9,10.20%,16.70%,$1.33 ,$0.87 - $1.65,B000MND79Q,5.10%,0.00%,B08MVRP48F,2.60%,16.70%,B000KK2NAA,2.60%,0.00%,"B0151E6WTW,B08JHJZMXV,B01NB10GAT,B08PYNVKW1,B09T3QHVVM,B01N5XFTON,B000MND79Q,B083LHRJR1,B07BDD8441,B01AK7YF80","Shorts, Elastic, Elastic Waist"
elastic waist mens shorts,,,,自然搜索词,0,2,B08JGBB9N1/B09T3QHVVM,,,,,,,,,"10,180",,9,,,,-,,,,,,,,,,,"Shorts, Elastic, Elastic Waist"
elastic shorts,弹性短裤,,,自然搜索词,0,1,B09T3QHVVM,"1,628,283","1,292",48,3.73%,"25,944",644,2,2,"148,522",0,0,8.50%,6.70%,$1.20 ,$0.77 - $1.53,B07ZRLPBNX,2.80%,6.70%,B08JHJ137C,2.80%,0.00%,B08JHJXT8S,2.80%,0.00%,"B08JGBB9N1,B08JHJ137C,B01JQTDXZE,B0151E6WTW,B0723CZCRJ,B00AKSCZ28,B01ES419IU,B0BWNMWLJX,B01NB10GAT,B07XJCK47H","Shorts, Elastic"
easter basket stuffers men,,,,SP广告词,0,1,B0BFDVPFKX,,,,,,,,,0,,125,,,,-,,,,,,,,,,,Easter
e e shorts,,,,SP广告词,0,1,B0BFDSVMPF,,,,,,,,,0,,0,,,,-,,,,,,,,,,,Shorts
dxl shorts,dxl 短裤,,,SP广告词,0,1,B0BFDSVMPF,"2,163,211",803,22,2.74%,"22,426",322,1,0,177,4.5,24,20.00%,9.10%,$0.94 ,$0.70 - $1.19,B09TMG3WFJ,9.10%,0.00%,B078KJQ5CN,7.30%,0.00%,B072JBQRLG,3.60%,9.10%,"B017GAFO4S,B0831F2XC1,B007OX75LI,B0BHZNB17Y,B072JBQRLG,B09TMG3WFJ,B09ZMDZ265,B00VKV6CVE,B07YP993WH,B094633MKZ","Shorts, DXL"
duramo speed men,,,,视频广告词,0,1,B0BFDTMBGP,,,,,,,,,38,,0,,,,-,,,,,,,,,,,
dry quick,,,,视频广告词,0,1,B0BFDTMBGP,,,,,,,,,0,,0,,,,-,,,,,,,,,,,
driworks shorts men,,,,自然搜索词,0,1,B08JGBB9N1,"1,807,731",140,3,2.52%,"3,940",53,1,0,117,1.2,4,21.90%,0.00%,,-,B0BVTJRPZ8,9.40%,0.00%,B0BTKQZS75,6.30%,0.00%,B0BVT9V2XD,6.30%,0.00%,"B09XQW6R59,B0BTKR17WW,B08JTTR45F,B0C4GT8GJG,B09SKW1M62,B0CT65T479,B08JGBB9N1,B08SC6M96R,B0C2T5Q8SQ,B00NLL1ERS",Shorts
dri-fit shorts,直筒短裤,Y,,自然搜索词/AC推荐词,0,2,B08JGBB9N1/B09XQVCZ8B,"1,328,019","1,955",60,3.07%,"51,779",806,2,0,"3,319",0.6,9,15.40%,3.60%,$1.29 ,$0.98 - $1.62,B0CPTG74GX,5.70%,0.00%,B07DZDCK95,5.50%,0.00%,B07BPL162D,4.20%,3.60%,"B07BPMTVPX,B08JGBB9N1,B09XQVCZ8B,B07H5QPL1R,B087M3MJ1L,B01AK7XUGS,B0B1LS2RCT,B0CH8B3GWS,B08LTB9SZW,B0BZPMDBPM",Shorts
dri fit shorts men,dri fit 短裤 男士,Y,,自然搜索词/AC推荐词,0,2,B08JGBB9N1/B09P3T8X61,"1,160,445","1,346",185,13.77%,"37,725",672,5,0,"1,774",0.8,9,15.40%,18.80%,$1.12 ,$0.81 - $1.37,B07NF3FLNV,7.70%,6.30%,B08JGBB9N1,3.90%,6.30%,B09XLL648Z,3.90%,6.30%,"B08JGBB9N1,B08LTB9SZW,B07H5QPL1R,B01AK7XUGS,B07BPLHK9T,B08JTQP6VY,B08LG561T3,B08RJBP7VY,B0B1LS2RCT,B0BZPJW6G4",Shorts
dri fit golf shorts for men,,,,SP广告词,0,1,B0BFDSVMPF,"1,226,988","1,287",32,2.52%,"31,488",528,1,1,638,2,4,28.20%,2.20%,$1.11 ,$0.82 - $1.38,B06XWG34NP,15.60%,2.20%,B096YLSDLP,8.30%,0.00%,B08TBXGXSJ,4.40%,0.00%,"B096YLSDLP,B07PPXVTXJ,B0872CZR28,B07DX4H4M4,B00P3YV426,B0BMTGD9CP,B0CFDVLKML,B08TBSD3GP,B089N9WHYL,B079VQJSF4","Golf, Shorts"
drawstring shorts for men,男士抽绳短裤,,,自然搜索词,0,1,B0151E6WPQ,"1,226,953","1,738",63,3.66%,"35,215",707,2,0,"7,480",0.2,20,10.70%,4.70%,$1.02 ,$0.91 - $1.27,B01JQTME5E,4.00%,1.60%,B06XWMWW9D,3.80%,0.00%,B07NF3V7M5,2.90%,3.10%,"B0BWNMWLJX,B07NF3V7M5,B07XJCK47H,B0C26JCDM4,B09MW2F6CC,B08JHJXT8S,B01JQTEO8Y,B0CRRDY4Q3,B00M0QFMSW,B07DXCLSBN","Shorts, Drawstring"
drawstring mens shorts,,,,自然搜索词,0,2,B0151E6WPQ/B09P3T8X61,,,,,,,,,"6,074",,4,,,,-,,,,,,,,,,,"Shorts, Drawstring"
dragon ball z shorts,龙珠 z 短裤,,,自然搜索词/SP广告词,0,1,B0BFDRQLNC,"1,384,779",826,20,2.52%,"23,689",334,1,0,167,5,5,26.80%,0.00%,$0.46 ,$0.40 - $0.56,B0CL9XZ7GF,10.70%,0.00%,B0CL9YRBRK,8.90%,0.00%,B0CY4VLNTZ,7.10%,0.00%,"B0CL9XZ7GF,B08NXV2Q82,B0CQRJ77HZ,B0C573V13H,B0C65HJXKS,B09VLKNLQN,B0CWPPZNPP,B0BNBRB3K2,B0CY4VLNTZ,B0CXF2HZ9B","Shorts, Ball"
dolphin shorts with pockets,,,,SP广告词,0,1,B0CHMQ6Z7W,,,,,,,,,632,,4,,,,-,,,,,,,,,,,"Shorts, Dolphin shorts"
dockers shorts men 7 inch inseam,洛克斯短裤男士7英寸内裤,,,SP广告词,0,1,B09T3QHVVM,"2,161,885",803,21,2.70%,"22,268",324,1,0,61,13.2,5,36.40%,0.00%,,-,B07QV6QDVS,14.60%,0.00%,B0D3QP11B7,12.70%,0.00%,B08Q79X6XL,9.10%,0.00%,"B07QV6QDVS,B08Q7N1Q8B,B07F27YVN8,B0784LX25D,B0C2VZN75W,B00BBW2XZG,B0C4YP661B,B08JDWV1FL,B07F28CWQF,B073M6N2BM","Shorts, Inseam"
docker shorts,码头短裤,,,SP广告词,0,1,B0BFDRQLNC,"1,669,098","1,586",54,3.44%,"38,461",748,2,0,304,5.2,4,30.80%,0.00%,$0.50 ,$0.37 - $0.63,B0BGFVMW7R,12.10%,0.00%,B009CTU9T2,9.90%,0.00%,B0D91Q766B,8.80%,0.00%,"B009CTU9T2,B07QV6QD83,B08Q7N1Q8B,B08Q6Z7YDN,B08BT7LR4D,B09YDNXRNK,B01JQTBO5U,B07HNVZFWH,B09YDQ91PV,B0C2VZN75W",Shorts
discounts,折扣,,,SP广告词,0,1,B0CHMN8TDS,"2,234,358",684,20,3.08%,"19,483",313,1,0,"6,233",0.1,1,16.00%,20.00%,$3.90 ,$2.30 - $4.48,B082YQ4QWW,8.00%,20.00%,B0043P0IAK,4.00%,0.00%,B0CBNC2MP9,4.00%,0.00%,"B0043P0IAK,B082YQ4QWW,B000S5VEA2,B00MNSEQW0,B000RVLU2Y,B013JKW8Z2,B002TSA90M,B003CP12QG,B0BQMRJF4Z,B09V2PXXF9",Disco
degree mens,学位男士,,,SP广告词,0,1,B0BFDRQLNC,"1,712,186",699,24,3.46%,"19,868",322,1,0,373,1.9,18,47.10%,47.40%,$1.50 ,$0.82 - $1.96,B00TPRG5D0,17.70%,10.50%,B075JRT85B,15.70%,26.30%,B0061JPJ3M,13.70%,10.50%,"B00TPRG5D0,B002VUAM46,B075JRT85B,B08YRRL1LX,B006VTINTY,B071WK8QFZ,B0B3JRR3CN,B09NP3L2X5,B09RG53617,B001ET769Y",
dallas shorts,,,,SP广告词,0,1,B0BFDSVMPF,,,,,,,,,0,,0,,,,-,,,,,,,,,,,Shorts
czym shorts,,,,自然搜索词,0,1,B09P3T8X61,,,,,,,,,0,,0,,,,-,,,,,,,,,,,Shorts
customize beach shorts,,,,品牌广告词,0,1,B0BLKN87V4,,,,,,,,,0,,17,,,,-,,,,,,,,,,,"Shorts, Beach"
custom gym shorts men,,,,自然搜索词,0,1,B01AK7Y102,,,,,,,,,0,,0,,,,-,,,,,,,,,,,"Shorts, CUSTOM, gym"
ctu,,,,SP广告词,0,1,B0C4GQTCJK,,,,,,,,,0,,4,,,,-,,,,,,,,,,,
csg shorts for men,csg 男士短裤,Y,,自然搜索词/AC推荐词,0,1,B08JGBB9N1,"1,202,663","1,270",46,3.68%,"37,003",623,2,0,164,7.7,22,20.50%,3.30%,$1.07 ,$0.89 - $1.21,B08X6WZT5N,12.40%,0.00%,B0D2S5ZFLV,5.40%,3.30%,B0BQR24NV5,2.70%,0.00%,"B0D2S5ZFLV,B00CYY53XE,B07PDK27QF,B08JGBB9N1,B08GLDWT9D,B07NDP7ZTX,B0B4V3JGJW,B07RRBQ8TN,B08R8HR3YD,B082TJ2RNH",Shorts
crz yoga 2 in 1 high waisted running shorts,crz yoga 2 in 1 高腰跑步短裤,,,视频广告词,0,1,B0BFDTMBGP,"1,625,999","1,210",35,2.93%,"29,031",533,1,1,218,5.6,8,56.50%,5.60%,,-,B0C3QN4BXR,31.40%,3.70%,B0C3QMBTCG,14.90%,1.90%,B0CCXX5XX6,10.20%,0.00%,"B0C3QN4BXR,B0BNHK88HZ,B0CPYB6YMF,B0CMWZYK5B,B0C6T9M96Y,B09XZRCZ77,B08CV6TC67,B0CSFLNBNP,B0CP1YHR5M,B0BR3H7L2Y","Shorts, Yoga, Running, High Waist"
crocs mens 14,crocs 男装 14,,,SP广告词,0,1,B0CHMN8TDS,"1,299,916","1,310",47,3.61%,"32,318",635,2,0,267,4.9,24,24.80%,14.60%,$0.34 ,$0.27 - $0.43,B005PQQ1FC,13.00%,14.60%,B0C8BJL1D3,9.00%,0.00%,B0BQC2Y6D9,2.90%,0.00%,"B005PQQ1FC,B088BD2HF1,B0010T3UUM,B01A6LTOWC,B07TSKKBPJ,B002LITTDS,B0CWRYHNQD,B0C7JQ5H1R,B0BZCSZ38P,B00E3WZARY",
cove shorts men,海湾短裤男士,,,SP广告词,0,1,B09WMZR2XM,"1,180,351","1,903",50,2.63%,"41,310",732,2,0,100,19,25,68.20%,6.30%,$5.46 ,$4.09 - $6.82,B0BTC42LSZ,39.30%,0.00%,B0BTC3HMYK,19.10%,6.30%,B0C3NK23V5,9.80%,0.00%,"B0BTC3HMYK,B09VBRK6DZ,B0C1JKXQJW,B09PYSW3SM,B0BS3S1MHC,B0B6VNB9SP,B09PYTB8SD,B0BYYNBHFG,B0861WT87B,B09VBL9XGY",Shorts
cotton workout shorts men,棉质运动短裤男士,,,SP广告词,0,2,B09T3QHVVM/B0BFDVPFKX,"1,046,013","1,472",44,3.04%,"31,806",585,1,0,"3,496",0.4,13,13.50%,2.70%,$1.66 ,$1.22 - $2.21,B0151E6WX8,5.50%,1.30%,B0BVMXG7PM,4.50%,0.00%,B09TKHXCWZ,3.60%,1.30%,"B0151E6WX8,B0BVMXG7PM,B00AKSCXES,B09T3S3BCX,B007PXVAKE,B07FJNNLMF,B0D2S5ZFLV,B08SQXB1FG,B00M0QFGRY,B092ZVW9HQ","Cotton, Workout, Shorts"
cotton sweat shorts men,男士纯棉运动短裤,Y,,AC推荐词,0,1,B0151E6WPQ,"1,249,383",596,17,2.95%,"13,604",275,1,0,"1,331",0.5,4,18.20%,0.00%,$1.25 ,$0.94 - $1.58,B0151E6WPQ,9.10%,0.00%,B000MND7GO,4.60%,0.00%,B00M0QFGRY,4.60%,0.00%,"B0151E6WPQ,B00M0QFGRY,B000MND7GO,B0CWJB6XZJ,B0BB883KN5,B00AKSCZ6Y,B09SYB9BY9,B08SQXB1FG,B09T3PJWSR,B09M744F5R","Cotton, Shorts"
cotton sweat shorts,棉质运动短裤,Y,,AC推荐词,0,3,B0151E6WPQ/B0BFDTMBGP/B0CHMN8TDS,"1,855,859",804,24,3.07%,"23,696",356,1,15,"8,225",0.1,9,14.50%,0.00%,$0.77 ,$0.69 - $1.05,B09QSYMWNC,5.50%,0.00%,B0BN3PZT2X,5.50%,0.00%,B0151E6TM2,3.60%,0.00%,"B0151E6WPQ,B09QT1Q5LR,B0CR2RG24X,B00M0QFGRY,B0BN3PZT2X,B0D5949GMZ,B000MND7GO,B0BYNQCNF6,B08JGC5C3T,B0BZVTK869","Cotton, Shorts"
cotton shorts pack,,,,自然搜索词,0,1,B0151E6WPQ,,,,,,,,,"32,477",,4,,,,-,,,,,,,,,,,"Cotton, Shorts, Pack"
cotton shorts mens,,,,SP广告词,0,2,B00AKSCXEI/B0151E6WPQ,,,,,,,,,"5,895",,23,,,,-,,,,,,,,,,,"Cotton, Shorts"
cotton shorts men 7 inch,棉质短裤男士7寸,,,自然搜索词,0,1,B09T3QHVVM,"1,756,781",558,16,3.02%,"16,445",251,1,0,"1,532",0.4,4,21.40%,0.00%,$1.00 ,$0.75 - $1.25,B08JDWY3KJ,11.90%,0.00%,B08PKW6MDJ,4.80%,0.00%,B09SV3ZC4Y,4.80%,0.00%,"B08PKW6MDJ,B0BVMXG7PM,B0151E6WX8,B0CMCJYFC1,B0D5MF6NH9,B07F27YVN8,B0CNJQYLTS,B09M3RPRWS,B0C4YPY5K5,B09SV3ZC4Y","Cotton, Shorts"
cotton shorts for men with pockets,,Y,,AC推荐词,0,2,B0151E6WPQ/B09T3QHVVM,,,,,,,,,"13,328",,8,,,,-,,,,,,,,,,,"Cotton, Shorts"
cotton short,,Y,,AC推荐词,0,1,B0151E6WPQ,,,,,,,,,"30,447",,4,,,,-,,,,,,,,,,,"Cotton, Short"
cotton running shorts men,棉质跑步短裤男士,,,SP广告词,0,1,B0BFDSVMPF,"1,586,097",442,13,2.95%,"12,652",188,1,0,"2,302",0.2,9,16.20%,0.00%,$1.50 ,$1.19 - $1.80,B0151E6XTG,5.40%,0.00%,B08SQXB1FG,5.40%,0.00%,B09T3QR3Y1,5.40%,0.00%,"B0151E6XTG,B07FJNNLMF,B0BVMXG7PM,B09WDTS9VC,B09T3S3BCX,B072PQMMFM,B00M0QFGRY,B0BWJXPK34,B086J4WBVW,B0D1K729M3","Cotton, Shorts, Running"
cotton men shorts,棉质男士短裤,Y,,AC推荐词,0,2,B0151E6WPQ/B09T3QHVVM,"2,090,686",754,28,3.73%,"19,042",375,1,0,"8,311",0.1,4,15.10%,12.50%,$1.27 ,$1.02 - $1.62,B0863H2XQZ,5.70%,0.00%,B09TKHXCWZ,5.70%,0.00%,B07H5QPL1R,3.80%,12.50%,"B0151E6OUY,B00M0QFMSW,B09T3QJ8ZY,B00AKSCZ6Y,B007PXVAKE,B0D2S31XSL,B0BVMXG7PM,B09DCTLVCC,B08L4XD1JB,B08RBJ9M2L","Cotton, Shorts"
cotton lounge shorts men,棉质休闲短裤男士,Y,,AC推荐词,0,2,B0151E6WPQ/B09T3QHVVM,"1,586,094","1,356",40,2.96%,"39,534",523,1,0,"1,656",0.8,22,14.10%,25.00%,$1.39 ,$1.00 - $1.87,B0151E6WPQ,6.40%,12.50%,B0151E6TM2,3.90%,12.50%,B00M0QFDU4,3.90%,0.00%,"B0151E6WPQ,B09T3QHVVM,B07RJSL1TL,B07PN75241,B0C28Y21RZ,B007PXVAIQ,B012VOXUQ8,B001UHN2D4,B00AKSCXES,B08399PLH3","Cotton, Lounge, Shorts"
cotton knit shorts for men,,Y,,AC推荐词,0,1,B0151E6WPQ,,,,,,,,,0,,23,,,,-,,,,,,,,,,,"Knit, Cotton, Shorts"
cotton basketball shorts for men,,,,自然搜索词,0,1,B0151E6WPQ,,,,,,,,,"3,483",,0,,,,-,,,,,,,,,,,"Basketball, Cotton, Shorts"
cotton basketball shorts,,Y,,AC推荐词,0,1,B0151E6WPQ,,,,,,,,,"3,489",,0,,,,-,,,,,,,,,,,"Basketball, Cotton, Shorts"
cotton athletic shorts men,棉质运动短裤男士,Y,,自然搜索词/AC推荐词,0,2,B0151E6WPQ/B0BFDTMBGP,"1,225,657","1,665",47,2.86%,"49,764",788,2,0,"5,694",0.3,9,15.60%,1.10%,$1.33 ,$1.15 - $1.79,B0151E6WPQ,5.80%,1.10%,B01DL9UJXE,4.90%,0.00%,B0728KK8VK,4.90%,0.00%,"B0151E6WPQ,B00AKSCZ6Y,B000MND796,B0BVMXG7PM,B00M0QFMSW,B09T3QPWDJ,B000KK2NAA,B0009GA6YA,B09BJMGD5M,B08L4XD1JB","Athletic, Cotton, Shorts"
cotton athletic shorts,棉质运动短裤,Y,,AC推荐词,0,1,B0151E6WPQ,"2,158,763",514,14,2.88%,"13,859",242,1,0,"9,500",0.1,9,15.00%,0.00%,$1.44 ,$1.05 - $1.79,B000MND796,5.00%,0.00%,B00AKSCZ6Y,5.00%,0.00%,B0151E6OUY,5.00%,0.00%,"B0151E6WPQ,B000MND796,B0BVMW2HZX,B00AKSCZ6Y,B09T3QPWDJ,B0009GD62O,B09N8PKWXR,B00M0QFMSW,B0BTTP7ZMM,B0D1JQXVSZ","Athletic, Cotton, Shorts"
corto,,,,自然搜索词,0,1,B09WMZX9C2,,,,,,,,,0,,0,,,,-,,,,,,,,,,,
cooling shorts for men,男士降温短裤,,,SP广告词,0,1,B0BFF67H1W,"1,249,268","2,115",64,3.05%,"53,846",927,2,0,"17,794",0.1,22,13.20%,2.50%,$1.22 ,$0.92 - $1.52,B0728KK8VK,6.30%,1.30%,B07H5P8M39,3.50%,0.00%,B07H5PTQML,3.30%,1.30%,"B07HFFQ41J,B08LT9MJM2,B07H5P8M39,B09P3V21PZ,B075MYDWW1,B08JG3T2SY,B07NVYSDSJ,B0BQ1Y468B,B0CRRGWXMS,B0728KK8VK","Shorts, Cooling"
coofandy men's sportswear,,,,SP广告词,0,1,B09P3T8X61,,,,,,,,,0,,0,,,,-,,,,,,,,,,,Coofandy
coofandy gym shorts men,,,,自然搜索词,0,1,B01AK7Y102,,,,,,,,,0,,0,,,,-,,,,,,,,,,,"Shorts, gym, Coofandy"
coofandy gym shorts,,,,自然搜索词,0,1,B01AK7Y102,,,,,,,,,0,,0,,,,-,,,,,,,,,,,"Shorts, gym, Coofandy"
comfy shorts men,舒适的短裤男士,Y,,自然搜索词/AC推荐词,0,2,B08JGBB9N1/B09T3QHVVM,"2,307,333",700,19,2.74%,"20,004",285,1,0,"3,875",0.2,8,19.60%,5.30%,$1.45 ,$1.21 - $1.80,B01BUJ0NZQ,7.80%,5.30%,B01BUJ0P2M,5.90%,0.00%,B09DCTLVCC,5.90%,0.00%,"B08JGBB9N1,B01BUJ0P2M,B00M0QFMSW,B09DCTLVCC,B0CRRGWXMS,B08VFC3W7S,B09T3QHVVM,B00AKSCZWI,B07PM93Y17,B08JTQP6VY","Shorts, Comfy"
comfy mens shorts,,,,自然搜索词,0,2,B08JGBB9N1/B09T3QHVVM,,,,,,,,,"15,015",,16,,,,-,,,,,,,,,,,"Shorts, Comfy"
comfortable and breathable men's shorts,,Y,,自然搜索词/AC推荐词,0,1,B09P3T8X61,,,,,,,,,0,,0,,,,-,,,,,,,,,,,"Comfortable, Breathable, Shorts"
combat iron apparel men shorts,,,,视频广告词,0,1,B0BFDTMBGP,,,,,,,,,115,,0,,,,-,,,,,,,,,,,Shorts
columbia shorts pfg,哥伦比亚短裤 pfg,,,SP广告词,0,1,B09WMZR2XM,"1,966,058",874,25,2.98%,"24,287",427,1,0,111,7.9,4,37.90%,0.00%,$0.88 ,$0.67 - $1.11,B0C6415M5N,15.50%,0.00%,B0CH63K2CS,12.10%,0.00%,B00DNNMFY0,10.30%,0.00%,"B00DNNZ3BW,B00L2JBSKO,B0C6415M5N,B00ZV47CXS,B01GSMNJN8,B0C6NXX8JJ,B00ZV47N7S,B0B1KQ14Y9,B0B2KTB771,B07DQ7GN8W","Columbia, Shorts"
coaches shorts men,教练 短裤 男士,,,自然搜索词,0,1,B01AK7Y102,"1,965,632",140,4,3.42%,"4,137",66,1,0,413,0.3,4,24.20%,25.00%,$1.25 ,$0.93 - $1.55,B072JBQRLG,12.10%,0.00%,B072JPX1Q1,6.10%,25.00%,B0874VF3TC,6.10%,0.00%,"B088GNXXKZ,B0874VF3TC,B09HGSMD63,B09P3SYCGN,B09Y5662YL,B071ZVQ7GF,B0B41THVQZ,B09SKRFJHL,B07PMTLK6P,B0BZCLTFNK",Shorts
coaches shorts,教练短裤,,,自然搜索词,0,2,B01AK7Y102/B08JGBB9N1,"1,511,063",671,22,3.35%,"16,523",295,1,1,410,1.6,22,26.50%,0.00%,$1.25 ,$0.98 - $1.45,B088GNXXKZ,14.30%,0.00%,B09FJ2LJ56,6.10%,0.00%,B09XQTGV2X,6.10%,0.00%,"B0B1LS2RCT,B088GNXXKZ,B09HGSMD63,B071ZVQ7GF,B07BPLHK9T,B08JGBB9N1,B07DZV6X3J,B0723CZCR8,B072J36KT1,B09Y5662YL",Shorts
clothing mens,,,,自然搜索词,0,1,B08JGBB9N1,,,,,,,,,"176,785",,5,,,,-,,,,,,,,,,,Clothing
clothes for outside work,,,,SP广告词,0,1,B0C4GQTCJK,,,,,,,,,0,,22,,,,-,,,,,,,,,,, work
climbing shorts,,,,自然搜索词,0,1,B0BFDSVMPF,,,,,,,,,"8,147",,9,,,,-,,,,,,,,,,,Shorts
clearance mens shorts,,,,自然搜索词,0,4,B00AKSCXEI/B0151E6WPQ/B09T3QHVVM/B0C1365SJV,"2,306,351",,,,,,,,0,,0,,,,-,,,,,,,,,,,"Clearance, Shorts"
clearance mens,,,,SP广告词,0,2,B0BFDTMBGP/B0BFF67H1W,,,,,,,,,"202,051",,0,,,,-,,,,,,,,,,,Clearance
clearance for men,男士通关,,,视频广告词,0,1,B0BFDTMBGP,"2,388,393",140,3,2.63%,"4,002",61,1,0,"221,622",0,0,10.40%,0.00%,$0.87 ,$0.50 - $1.25,B004QF0TG0,3.50%,0.00%,B071ZH5Y4V,3.50%,0.00%,B077ZJXCTS,3.50%,0.00%,"B077ZKDQLV,B08F2P8CS9,B0BB8572WR,B0BWTW5DX2,B0CNL19TQG,B09VL4VLTQ,B0B9DC2M89,B07VDM8Z2Q,B00ZRPJK0Y,B00D1G8XA4",Clearance
christian basketball shorts,,,,SP广告词,0,1,B0BFDSVMPF,,,,,,,,,0,,0,,,,-,,,,,,,,,,,"Basketball, Shorts"
chors.para hombre,,,,自然搜索词,0,1,B01AK7Y102,"2,024,837",362,11,3.17%,"7,449",169,1,0,232,1.6,5,20.00%,0.00%,$0.56 ,$0.28 - $0.81,B08C2Q49MR,8.60%,0.00%,B095S5YSM3,5.70%,0.00%,B0D99PVTYV,5.70%,0.00%,"B08JGC1D2G,B000N8X3SK,B0CXH9N23X,B095X815P8,B0CJYHBY4L,B07W81P36Q,B08XM7421N,B075JNQWFZ,B0BQR24NV5,B0C69DB2M3",Hombre
chores de hombre,,,,自然搜索词,0,1,B01AK7Y102,,,,,,,,,580,,0,,,,-,,,,,,,,,,,Hombre
chicago bulls shorts for men,芝加哥公牛队男士短裤,,,自然搜索词,0,1,B09WMYXNJ9,"1,325,395",898,70,7.85%,"24,789",435,2,0,462,1.9,12,22.00%,16.70%,$0.28 ,$0.25 - $0.31,B076LW337P,10.20%,16.70%,B0994K1SCW,8.50%,0.00%,B07N9NC43V,3.40%,0.00%,"B076LSJTVT,B0BX4PKWNP,B0BX4NCF27,B0BX4MNDDB,B08THSTCKV,B07N9KWGN9,B07N9NC43Y,B0C6B4Q1CX,B09W2B8GVR,B000ASGJ84",Shorts
cheap stuff for men,男人便宜的东西,,,视频广告词,0,1,B0BFDTMBGP,"1,045,348","1,365",6,0.48%,"40,289",680,1,0,"6,408",0.2,5,25.40%,30.40%,$1.04 ,$0.79 - $1.30,B00MSZK0G4,14.10%,17.40%,B0CX1PWNLG,7.80%,8.70%,B0CLTSC6FL,3.50%,4.40%,"B00MSZK0G4,B00L1GHHV2,B0CX1PWNLG,B07D5HJST1,B078LL773F,B09N1B6LL3,B0CLTSC6FL,B0B9DC2M89,B0CLH8N1LJ,B0BYNJCW7P",Cheap
cheap shorts for men,便宜的男士短裤,,,自然搜索词,0,2,B00AKSCXEI/B0C1365SJV,"1,158,420","1,495",53,3.57%,"37,943",708,2,0,"43,926",0,1,9.30%,0.00%,$0.99 ,$0.64 - $1.48,B07H5QPL1R,3.30%,0.00%,B08LTC53FR,3.00%,0.00%,B0D49GL3TM,3.00%,0.00%,"B0CSN5DGQ7,B08LTC53FR,B0BNW4VZPK,B08JG3T2SY,B08D2PB97C,B0151E6OUY,B01ES419IU,B0CRHR9D5R,B0D49GL3TM,B0BTV3L1PV","Shorts, Cheap"
cheap shorts,便宜的短裤,,,自然搜索词,0,1,B08JGBB9N1,"1,224,751","1,253",33,2.70%,"29,922",559,1,0,"76,556",0,4,9.80%,0.00%,$0.92 ,$0.68 - $1.14,B0D11VY3V3,4.00%,0.00%,B0BJQ81RJL,3.30%,0.00%,B0BJQ73P3F,2.50%,0.00%,"B0151E6WX8,B016YKKHWU,B0BTTNCV3N,B0BJQ81RJL,B08JGBB9N1,B01ES40ZBW,B00HJTK33O,B000MND796,B0CTXZQ1XN,B0CH93CMLB","Shorts, Cheap"
cheap mens shorts,廉价男士短裤,,,自然搜索词,0,3,B00AKSCXEI/B09T3QHVVM/B0C1365SJV,"2,387,112",898,23,2.58%,"21,139",374,1,0,"43,824",0,4,18.60%,0.00%,$1.53 ,$1.15 - $1.92,B0151E6OUY,6.80%,0.00%,B0151E6WPQ,6.80%,0.00%,B0863H2XQZ,5.10%,0.00%,"B08LTC53FR,B0151E6OUY,B0BNW4VZPK,B08JG3T2SY,B0CRHR9D5R,B0BTV3L1PV,B0C5D43ZPV,B0CSN5DGQ7,B07H5Q7BNT,B005SZFAN4","Shorts, Cheap"
champs shorts men,,,,自然搜索词,0,1,B01AK7Y102,,,,,,,,,271,,9,,,,-,,,,,,,,,,,Shorts
champion sports,,,,自然搜索词,0,1,B00AKSCXEI,,,,,,,,,0,,4,,,,-,,,,,,,,,,,"Champion, Sports"
champion shorts for men with pockets,,,,SP广告词,0,1,B01AK7Y102,,,,,,,,,438,,4,,,,-,,,,,,,,,,,"Shorts, Champion"
champion shorts for men mesh,男士网眼冠军短裤,,,自然搜索词,0,1,B00AKSCXEI,"1,907,735",781,21,2.73%,"19,518",300,1,0,853,0.9,1,20.40%,5.60%,$0.93 ,$0.69 - $1.15,B00KUL0W1G,7.40%,0.00%,B01LY4AV86,7.40%,0.00%,B000J9YQOS,5.60%,5.60%,"B0036OS6LC,B0CV7QCX8D,B07TKLNDJQ,B0CJSM512X,B07SHY6CQ9,B00719ZR9M,B08BX5PF5C,B0CJST3RGG,B08BX63SMQ,B0CYTWBGDY","Mesh, Shorts, Champion"
champion shorts for men 7 inch,,,,自然搜索词,0,1,B09XQVCZ8B,,,,,,,,,"2,765",,,,,,-,,,,,,,,,,,"Shorts, Champion"
champion running shorts men,,,,自然搜索词,0,1,B09XQVCZ8B,,,,,,,,,669,,4,,,,-,,,,,,,,,,,"Shorts, Running, Champion"
champion mesh shorts for men,男士冠军网眼短裤,,,自然搜索词,0,2,B00AKSCXEI/B01AK7Y102,"1,964,395",853,28,3.35%,"22,507",398,1,0,219,3.9,20,28.10%,8.30%,$1.25 ,$0.93 - $1.55,B000J9YQOS,12.30%,8.30%,B0036OS6KI,8.80%,0.00%,B0036OS6LC,7.00%,0.00%,"B0036OS6LC,B07TKLNDJQ,B0CV7QCX8D,B00719ZR9M,B0CJST3RGG,B095JCG7WP,B0CJSM512X,B07SHY6CQ9,B08BX5PF5C,B0CYTWBGDY","Mesh, Shorts, Champion"
champion mens mesh shorts,,,,自然搜索词,0,1,B00AKSCXEI,,,,,,,,,151,,1,,,,-,,,,,,,,,,,"Mesh, Shorts, Champion"
champion men shorts,冠军男士短裤,,,自然搜索词,0,1,B00AKSCXEI,"1,802,732","1,114",29,2.63%,"24,303",440,1,0,"3,389",0.3,4,23.50%,0.00%,$0.88 ,$0.67 - $1.11,B00KUL0W1G,11.80%,0.00%,B01AK7Y102,5.90%,0.00%,B0D2S9965H,5.90%,0.00%,"B01AK7Y12A,B00AKSCZ1E,B0036OS6LC,B08BX5PF5C,B0868VS5GY,B07DGMZLH1,B07BYCM5MF,B00022SZ8U,B0CQ2ZJ5F8,B07TKLNDJQ","Shorts, Champion"
champion gym shorts,冠军运动短裤,,,自然搜索词,0,1,B00AKSCXEI,"1,201,482","1,250",34,2.74%,"32,855",500,1,2,"2,017",0.6,4,25.80%,3.50%,$1.30 ,$1.01 - $1.50,B00KUL0W1G,13.50%,1.80%,B0009GA6YA,7.30%,1.80%,B000J9YQOS,5.00%,0.00%,"B000J9YQOS,B00KUL0W1G,B0009GA6YA,B00AKSCXEI,B08BX5PF5C,B0CQ31GJC7,B00719ZR9M,B07TKLNDJQ,B014WCVGFO,B07CBCM67M","Shorts, gym, Champion"
champion for men,男子冠军,,,自然搜索词,0,1,B00AKSCXEI,"1,028,690","1,873",221,11.81%,"41,273",740,6,0,"12,852",0.2,4,9.90%,2.90%,$0.81 ,$0.63 - $0.93,B078GMT64C,3.80%,0.00%,B0CRHCLH3R,3.20%,0.00%,B078LC7GCX,3.00%,2.90%,"B078LC7GCX,B09PF6Q6YV,B01MYWGRYW,B073R29T2P,B078GLNW6P,B00FSB61A4,B071GWC9FZ,B078GMT64C,B081KMJ963,B00KUL0W1G",Champion
champion compression shorts for men,男士冠军压缩短裤,,,自然搜索词,0,1,B01AK7Y102,"1,353,052",729,124,17.04%,"21,399",343,3,0,604,1.2,5,53.90%,9.10%,$0.80 ,$0.46 - $1.60,B0BNJW49BM,36.50%,0.00%,B0BNJRR7TC,9.60%,9.10%,B0BNJSQSNW,7.70%,0.00%,"B0BNJRR7TC,B0BNJW49BM,B09PF7VR4Q,B0874W39FT,B00GYX2N20,B0BNK5KDMX,B0BNJSQSNW,B0BNJRZ91K,B094JNWX7S,B09PF7PPMP","Shorts, Champion, Compression"
champion capri,,,,SP广告词,0,1,B01AK7Y102,,,,,,,,,0,,37,,,,-,,,,,,,,,,,"Capri, Champion"
champion briefs men,冠军三角裤男士,,,自然搜索词,0,1,B01AK7Y102,"1,411,951","1,441",41,2.86%,"42,205",550,1,0,154,9.4,1,36.70%,23.50%,$2.30 ,$2.00 - $2.59,B09PF6Q6YV,21.50%,11.80%,B09PF7CGN1,8.90%,8.80%,B09PF7NPPZ,6.30%,2.90%,"B09PF6Q6YV,B07QS6P9S9,B09PF7NPQ1,B09PF9VFCP,B09PF7VR4Q,B09PF792N9,B082PL4GL5,B09PF6JV1H,B082WYSLPG,B07TWRTL36","Briefs, Champion"
champion big and tall shorts,冠军高大短裤,,,自然搜索词,0,1,B00AKSCXEI,"2,386,902",671,20,3.02%,"17,054",318,1,1,"1,315",0.5,2,30.60%,16.70%,$1.10 ,$0.82 - $1.37,B0BNJTQWR9,14.30%,0.00%,B0CQ2YRPB5,10.20%,16.70%,B0CQ2ZF4HX,6.10%,0.00%,"B0868VYVS1,B0CQ2YRPB5,B07CBFD8HL,B09DQ4ZZL1,B0CYTWBGDY,B07Q3399KJ,B000J9YQOS,B00AKSCXEI,B01AK7Y12A,B00PXT5J5E","big, Tall, Big And Tall, Champion, Shorts"
champion big and tall,冠军又大又高,,,自然搜索词,0,1,B00AKSCXEI,"1,201,481","1,447",134,9.30%,"35,538",611,4,16,"12,731",0.1,13,11.70%,0.00%,$1.05 ,$0.85 - $1.37,B0BPF1R9CW,4.90%,0.00%,B01MYWGRYW,3.90%,0.00%,B0D2SBCZG7,2.90%,0.00%,"B0868VMVT2,B0BPF1R9CW,B01MYWGRYW,B08QSRGG5H,B07NSMBPX2,B07K436YG2,B0CQ2ZDRXW,B0CQ2ZKPNT,B0868VYL7G,B07G7LZQ3L","big, Tall, Big And Tall, Champion"
champion athletic wear,冠军运动服,,,自然搜索词,0,2,B00AKSCXEI/B01AK7Y102,"2,228,327",853,24,2.83%,"22,805",354,1,0,"4,090",0.2,4,17.50%,0.00%,$1.29 ,$0.98 - $1.62,B0D2S7X1ST,8.80%,0.00%,B0D2SC5S8L,5.30%,0.00%,B0009GA6YA,3.50%,0.00%,"B00FSB5YHK,B01MYWGRYW,B01I8JLUCQ,B073R29T2P,B00AKSCXEI,B01AK7Y12A,B0BMD9635K,B00HFJTP2I,B01IE1OMX2,B01N6DJGVA","Athletic, Champion"
champion athletic shorts men,冠军运动短裤男,,,自然搜索词,0,2,B00AKSCXEI/B01AK7Y102,"1,411,949","1,342",40,3.05%,"38,142",530,1,0,"2,337",0.6,4,25.80%,4.80%,$1.40 ,$1.27 - $1.65,B01AK7Y102,10.20%,3.20%,B00KUL0W1G,9.10%,0.00%,B0009GA6YA,6.40%,1.60%,"B000J9YQOS,B01AK7Y12A,B00AKSCXEI,B08BX4YRYJ,B0009GA6YA,B07TKLNDJQ,B0CQ2ZJ5F8,B0C159BSX8,B07DGNXKX7,B08HSDZ5C4","Athletic, Shorts, Champion"
champion athletic shorts,,,,自然搜索词,0,1,B00AKSCXEI,,,,,,,,,282,,,,,,-,,,,,,,,,,,"Athletic, Shorts, Champion"
celtics shorts men,,,,SP广告词,0,1,B09P3T8X61,,,,,,,,,0,,0,,,,-,,,,,,,,,,,Shorts
causal shorts,,,,自然搜索词,0,1,B09T3QHVVM,,,,,,,,,0,,0,,,,-,,,,,,,,,,,Shorts
casual shorts for men 7 inch inseam,,,,自然搜索词,0,1,B09P3T8X61,,,,,,,,,"29,026",,0,,,,-,,,,,,,,,,,"Shorts, Casual, Inseam"
casual short,,,,自然搜索词,0,1,B09T3QHVVM,,,,,,,,,0,,17,,,,-,,,,,,,,,,,"Casual, Short"
casual men's short,,,,SP广告词,0,1,B09P3T8X61,,,,,,,,,0,,0,,,,-,,,,,,,,,,,"Casual, Short"
casual gym shorts for men,,,,自然搜索词,0,1,B09T3QHVVM,,,,,,,,,0,,0,,,,-,,,,,,,,,,,"Shorts, Casual, gym"
casual athletic shorts for men,,,,自然搜索词,0,2,B00AKSCXEI/B0BFDTMBGP,"1,963,908","1,156",38,3.29%,"34,387",571,1,0,"19,132",0.1,9,13.20%,0.00%,$1.23 ,$0.92 - $1.47,B0CRHF41F7,5.90%,0.00%,B07NDP7ZTX,4.40%,0.00%,B0BLKLL611,2.90%,0.00%,"B0CRHF41F7,B0CRRGWXMS,B00KUL0W1G,B07H5P8M39,B0728KK8VK,B07NDP7ZTX,B0BLKKW3M4,B08C291LRW,B0BZPMDBPM,B016Y8268U","Athletic, Shorts, Casual"
carhartt work shirts,卡哈特工作衬衫,,,SP广告词,0,1,B0BFDVPFKX,"1,475,625",898,29,3.26%,"20,533",426,1,0,"2,783",0.3,5,25.40%,0.00%,$1.12 ,$0.83 - $1.39,B0CN82VHLG,10.20%,0.00%,B0CN822PDN,8.50%,0.00%,B004HTURZ8,6.80%,0.00%,"B002GHC19I,B009ND4KUQ,B096VSK7D5,B07FQNTM4V,B07KBPFH9L,B07C9BYB7W,B07BQGYFJN,B002GHC1IO,B083XVQP7Z,B07BQFYYJ3","Work Shirt, Carhartt"
carhartt men's loose fit midweight fleece short,,,,视频广告词,0,1,B0BFDTMBGP,,,,,,,,,0,,0,,,,-,,,,,,,,,,,"Carhartt, Loose Fit, Short, Midweight, Fleece"
carhart force,卡哈特力,,,SP广告词,0,1,B0C4GV51WK,"1,664,830",876,34,3.94%,"18,017",423,1,0,971,0.9,4,44.80%,10.00%,$0.52 ,$0.40 - $0.66,B0CN844N42,25.90%,0.00%,B096VW414M,10.30%,0.00%,B096VSK7D5,8.60%,10.00%,"B096VSK7D5,B0CN844N42,B096VTPJG7,B0CN82GV7Y,B000CD3JPS,B0CN88BH4P,B0CN82F9JB,B00HCJSQF8,B0CN83KRYH,B09T4RJNBT",
canterbury rugby shorts,坎特伯雷橄榄球短裤,,,SP广告词,0,1,B09WMZR2XM,"1,664,606",805,20,2.55%,"24,026",313,1,0,110,7.3,15,30.90%,0.00%,$0.31 ,$0.25 - $0.41,B01BLCBZSG,12.70%,0.00%,B019R613PI,10.90%,0.00%,B019I97ZTW,7.30%,0.00%,"B01BLCBZSG,B019I97ZTW,B00D6JQGMS,B019H7CPKY,B019H79CO6,B008MX9WQA,B019IAFKR0,B019I988HA,B00B8VAZ14,B019H7A3A8","Shorts, Rugby"
canghpgin mens workout athletic shorts,,,,自然搜索词,0,1,B09P3T8X61,,,,,,,,,0,,0,,,,-,,,,,,,,,,,"Athletic, Workout, Shorts"
canghpgin mens shorts,,,,自然搜索词,0,1,B09P3T8X61,,,,,,,,,187,,5,,,,-,,,,,,,,,,,Shorts
canghpgin 2 pack mens workout athletic shorts 7 inch,canghpgin 2 包 7 英寸男式健身运动短裤,,,自然搜索词,0,1,B09P3T8X61,"1,545,690","1,476",43,2.96%,"43,225",632,1,1,35,42.2,1,67.90%,10.00%,,-,B0BZPMDBPM,31.00%,6.70%,B09W9J74JC,19.10%,0.00%,B0BZPJW6G4,17.90%,3.30%,"B0BZPJW6G4,B09W9J74JC,B0CTBKMK74,B0BS3S1MHC,B0CXTQ161N,B085NF55WL,B0BYZDW9WK,B0C2T5Q8SQ,B0C6K5N78S,B0BWQD4FF9","Athletic, Pack, Shorts, Workout"
canghpgin,,,,SP广告词,0,3,B0BFDTMBGP/B0BFDVPFKX/B0C4GV51WK,,,,,,,,,0,,90,,,,-,,,,,,,,,,,
camisetas nautica,海事服,,,SP广告词,0,1,B0C4GQTCJK,"1,963,163",539,14,2.61%,"13,604",223,1,0,492,1.1,2,17.10%,25.00%,$0.43 ,$0.38 - $0.54,B073VTK57T,7.30%,25.00%,B07BRF5FVB,4.90%,0.00%,B07DJBDB84,4.90%,0.00%,"B07HRGHSQ4,B07BRF5L39,B0CMWDQTLC,B0846KGGTZ,B07HRFQ59F,B08CWZV2RF,B00JN3CFKS,B07BN4BY8Q,B01CPTE8VU,B07J6R4KCD",Nautica
camisetas básicas para hombre,,,,SP广告词,0,1,B0BFDRQLNC,"1,442,476","1,470",49,3.35%,"35,733",708,2,0,401,3.7,22,28.70%,0.00%,$0.20 ,$0.18 - $0.23,B0721D4H75,15.00%,0.00%,B077ZKDQLV,8.80%,0.00%,B077ZJXCTS,5.00%,0.00%,"B077ZJXCTS,B08F2NQ9VQ,B086L4XXGF,B0BXTFT1HT,B07GBX5GH6,B077ZJC1N9,B086L57B7J,B00NOY3JOS,B08P548QGZ,B07SB56C5W",Hombre
camisas de gym para hombre,男式运动衫,,,SP广告词,0,1,B09WMZR2XM,"1,852,517",658,20,3.13%,"18,034",292,1,0,"1,247",0.5,1,20.80%,0.00%,$0.27 ,$0.20 - $0.34,B0785VMVF4,8.30%,0.00%,B077ZJXCTS,6.30%,0.00%,B08ZRWX3F8,6.30%,0.00%,"B077ZJXCTS,B088JYGKGN,B08ZRWX3F8,B0785VMVF4,B07JFYTJD2,B0CWRY7KRY,B08BBYCN46,B0B728NH19,B0CSWGBR4L,B08XZ5QYXK","Hombre, gym"
calsonetas para hombre gym,,,,自然搜索词,0,1,B08JGBB9N1,,,,,,,,,105,,4,,,,-,,,,,,,,,,,"Hombre, gym"
calf length shorts for men,,,,SP广告词,0,1,B09WMYXNJ9,,,,,,,,,0,,0,,,,-,,,,,,,,,,,Shorts
cakulo,,,,SP广告词,0,1,B09WMYXNJ9,,,,,,,,,55,,217,,,,-,,,,,,,,,,,
brown athletic shorts,棕色运动短裤,,,SP广告词,0,1,B09P3T8X61,"1,509,099",671,23,3.51%,"16,690",310,1,0,"3,250",0.2,8,18.40%,20.00%,$0.98 ,$0.60 - $1.29,B0BTNQJKCL,6.10%,20.00%,B0C1F8JF5X,6.10%,0.00%,B0D2CP3P81,6.10%,0.00%,"B0BTNP9KGJ,B0C1F2363P,B0CR65D67L,B0D2CP3P81,B0C32JDQ9B,B0CR74VWSH,B0CYGY3LQ9,B0CYBK4SPB,B0C14RQDXC,B0BW4QJNXC","Athletic, Shorts, Brown"
brooks sherpa 7 2-in-1 short,布鲁克斯夏尔巴人 7 二合一短款,,,视频广告词,0,1,B0BFDTMBGP,"2,085,548",644,6,0.98%,"14,457",297,1,0,44,14.6,5,59.60%,25.00%,$1.25 ,$0.93 - $1.55,B08NVM5BZL,25.50%,12.50%,B0CN3416KB,21.30%,0.00%,B0CN35HL17,12.80%,12.50%,"B08NVM5BZL,B0CN33TNZB,B0CN35HL17,B0B319GD5Y,B08T85S4VH,B09M76SK3Z,B07RJ21GR2,B0CN35MPWP,B08BC862XR,B0CN6V4WN1","Brooks, Sherpa, Short"
brooks running shorts men,布鲁克斯跑步短裤男士,,,SP广告词,0,1,B09XQVCZ8B,"1,200,636","1,826",317,17.40%,"48,691",806,8,0,115,15.9,24,30.90%,3.20%,$1.29 ,$0.98 - $1.62,B0CN32YLFV,16.30%,1.60%,B0C18S1G5N,7.60%,0.00%,B0CN35HL17,7.10%,1.60%,"B0CN3416KB,B0CN35MPWP,B0C89M7TZW,B08PKW75G8,B0CN35HL17,B0C12P8YGH,B0924ZVCYZ,B0BGVXZVW5,B0CKMCYKV3,B0BMK9Z4YW","Brooks, Shorts, Running"
brooklyn shorts,布鲁克林短裤,,,自然搜索词,0,1,B09P3T8X61,"1,962,206",671,20,3.03%,"20,024",334,1,1,152,4.4,9,28.60%,0.00%,$1.20 ,$0.89 - $1.50,B0C8VLG2C6,14.30%,0.00%,B01N9SD1NF,8.20%,0.00%,B01N230R1H,6.10%,0.00%,"B0C8VLG2C6,B01N9SD1NF,B01N5PZ48Y,B0CVXNXYHN,B079JRH6KZ,B0CWLGLDQV,B076LQHBN4,B0C8JRQHCC,B0BRBRCRP7,B0BN1PBCRT",Shorts
breathable shorts,透气短裤,Y,,自然搜索词/AC推荐词,0,1,B09P3T8X61,"1,474,722",757,25,3.31%,"21,439",341,1,0,"38,546",0,24,17.00%,0.00%,$1.07 ,$0.93 - $1.32,B01ES41BW4,5.70%,0.00%,B0723CZCRJ,5.70%,0.00%,B0728KK8VK,5.70%,0.00%,"B00719Z9SQ,B08C26G4J6,B09P3T8X61,B075MXVDYS,B08RN5DTW7,B0CRHCZTNH,B01ES41BW4,B07NF3V7M5,B0CRHQ8RBR,B0BXCVWCMP","Shorts, Breathable"
breathable mens shorts,,,,自然搜索词,0,2,B00AKSCXEI/B09P3T8X61,,,,,,,,,"185,477",,0,,,,-,,,,,,,,,,,"Shorts, Breathable"
breathable lightweight mens shorts,,,,自然搜索词,0,1,B09P3T8X61,,,,,,,,,0,,0,,,,-,,,,,,,,,,,"Shorts, Lightweight, Breathable"
breathable lightweight athletic shorts,,Y,,自然搜索词/AC推荐词,0,1,B09P3T8X61,,,,,,,,,0,,0,,,,-,,,,,,,,,,,"Athletic, Shorts, Lightweight, Breathable"
breathable,,,,SP广告词,0,1,B08JGBB9N1,"2,383,482",,,,,,,,0,,92,,,,-,,,,,,,,,,,Breathable
brazil jersey men,巴西球衣男子,,,SP广告词,0,1,B0BFDTMBGP,"530,277","5,431",141,2.60%,"144,744","2,202",4,7,"1,453",3.7,9,13.20%,0.00%,$0.69 ,$0.51 - $0.87,B0BH1T3MFG,5.50%,0.00%,B09J1R432M,4.20%,0.00%,B0D86Z4QC9,3.60%,0.00%,"B0BHFCQRBR,B09J1R432M,B0D4C1SFBJ,B0BLNC2M2D,B0BN17FDLK,B093RVQPTD,B07BD5KZGQ,B0BH1T3MFG,B0D8H8YQ5Y,B0D46FFNS6",Jersey
boxing trunks for men,男士拳击裤,,,SP广告词,0,2,B0BFDSVMPF/B0CHMN8TDS,"1,200,438",629,18,2.96%,"17,061",249,1,20,967,0.7,36,13.10%,0.00%,$0.74 ,$0.55 - $0.93,B07HPH23SC,4.40%,0.00%,B09SM4SJLL,4.40%,0.00%,B0B48H79W3,4.40%,0.00%,"B006CV3Q6G,B006CV3QZW,B0B48H79W3,B01BT62G6E,B07HPH23SC,B07HPC8JDV,B07SH7ZW51,B07FMZL9XJ,B07RKK3YND,B07NSR96WZ",Boxing
boxers for men nautica,,,,SP广告词,0,1,B0CHMNB423,,,,,,,,,165,,4,,,,-,,,,,,,,,,,Nautica
boojo,,,,SP广告词,0,2,B08JGBB9N1/B0C4GQTCJK,,,,,,,,,439,,34,,,,-,,,,,,,,,,,
blue lululemon shorts,蓝色Lululemon短裤,,,视频广告词,0,1,B0BFDTMBGP,"2,151,798",140,4,2.96%,"3,088",63,1,0,581,0.2,0,35.50%,0.00%,$0.46 ,$0.34 - $0.57,B09WDQ3YN6,22.60%,0.00%,B0BR7Y3KNK,6.50%,0.00%,B0C6XB7W84,6.50%,0.00%,"B09WDQ3YN6,B0CK284CPB,B097D3Q6Q5,B0CGLTYP48,B09XDS2M1G,B09PDW2FPF,B0BRPZWY26,B0C6XCJSD9,B0CMZPLFBP,B0D3ZY6NZZ","lululemon, Shorts, Blue"
black under armour shorts men,黑色盔甲短裤男士,,,自然搜索词,0,1,B09XQVCZ8B,"1,473,852",539,16,3.02%,"11,030",220,1,0,224,2.4,3,22.00%,0.00%,$0.98 ,$0.74 - $1.23,B089MMKSCY,7.30%,0.00%,B09X6J38JQ,7.30%,0.00%,B0C12XJ159,7.30%,0.00%,"B0C12L95VD,B089MQNZ41,B082BGKDV1,B093MKHH1P,B0874WH9YZ,B0C12NMD9K,B07PPXRFHC,B07YXNBMCW,B078BDT81N,B09WCTD611","Black, Shorts, Under Armour"
black sports shorts for men,,,,自然搜索词,0,1,B09P3T8X61,,,,,,,,,0,,0,,,,-,,,,,,,,,,,"Black, Shorts, Sports"
black sport shorts men,,,,自然搜索词,0,1,B09P3T8X61,,,,,,,,,0,,0,,,,-,,,,,,,,,,,"Black, Shorts"
black spandex shorts men,,,,自然搜索词,0,1,B09P3T8X61,,,,,,,,,0,,0,,,,-,,,,,,,,,,,"Black, Spandex, Shorts"
black shorts men 7 inch,,,,自然搜索词,0,1,B09P3T8X61,,,,,,,,,"2,462",,4,,,,-,,,,,,,,,,,"Black, Shorts"
black shorts men 5 inch,黑色短裤男士 5 英寸,,,SP广告词,0,1,B0BFDTMBGP,"1,351,207",854,29,3.48%,"19,989",404,1,0,"1,709",0.5,4,36.80%,16.70%,$1.05 ,$0.80 - $1.33,B07F1521RT,14.00%,8.30%,B07R1J9J3J,14.00%,8.30%,B087RDQ6NF,8.80%,0.00%,"B0CQ89H4T2,B087RCKT6H,B07F1521RT,B0C27G2172,B07R1J9J3J,B0D1R1TZP3,B09PYRLHK4,B0CQ893MT7,B0CN15QC17,B0D1YCPVF3","Black, Shorts"
black short,黑色短裤,,,自然搜索词,0,3,B09P3T8X61/B0BFDRQLNC/B0BFDTMBGP,"1,027,579","1,296",1,0.06%,"35,794",496,1,0,"49,919",0,81,10.00%,4.60%,$1.29 ,$0.97 - $1.65,B0BJQ7BBZG,3.90%,0.00%,B0BS6FWS3H,3.20%,4.60%,B0BJQ81RJL,2.90%,0.00%,"B0BS6GF3FD,B0BJQ7BBZG,B07R7S44Y1,B0948G7V4Q,B0151E6OUY,B09QSXPG75,B07R6PGGT9,B07RM7DHWF,B07H1DT2PS,B0C1BJ6LVQ","Black, Short"
black running shorts men,黑色跑步短裤男士,,,SP广告词,0,1,B0BFDTMBGP,"1,157,007","1,384",291,21.09%,"39,755",564,7,0,"18,457",0.1,23,22.60%,2.70%,$1.62 ,$1.22 - $2.03,B0BR7DNZBM,7.90%,2.70%,B07QV7SBW7,7.50%,0.00%,B07R1J9J3J,7.20%,0.00%,"B0BXWDVDXC,B0BR7DNZBM,B07R1J9J3J,B09XQWCCGR,B0C27FN2BN,B0CN16LDBN,B09P3RHNSY,B094F825VS,B0723CZCQT,B0CRHR9D5R","Black, Running, Shorts"
black mens shorts athletic,,,,自然搜索词,0,1,B09P3T8X61,,,,,,,,,"8,575",,9,,,,-,,,,,,,,,,,"Athletic, Black, Shorts"
black men shorts,黑色男士短裤,,,SP广告词,0,1,B0BFDTMBGP,"1,044,217","1,530",53,3.48%,"39,942",725,2,0,"5,583",0.3,25,12.50%,0.00%,$1.66 ,$1.46 - $2.08,B0151E6OUY,5.90%,0.00%,B07QV7SBW7,3.40%,0.00%,B0BQR24NV5,3.10%,0.00%,"B01JQTAD66,B009CTUIF2,B0151E6OUY,B09XQWCCGR,B0728KK8VK,B0BQQYDHLG,B08JG671Z8,B0D1G5SV9M,B087M3MJ1L,B0BXWDK38F","Black, Shorts"
black jeans shorts for men,男士黑色牛仔裤短裤,,,SP广告词,0,1,B09P3T8X61,"1,850,065",140,5,3.62%,"3,603",67,1,0,"1,667",0.1,0,26.90%,0.00%,$0.68 ,$0.50 - $0.85,B08NLTKTLG,11.50%,0.00%,B08DJXX7FD,7.70%,0.00%,B0C7358LP9,7.70%,0.00%,"B08NLTKTLG,B016A9E76W,B01JL7REJ2,B072Q7S2ZS,B08JDWKQC3,B07D1LD4YZ,B07MZVXYQQ,B08JDWYN1X,B0CST2DV9S,B0BTP1C7B1","Jeans, Black, Shorts"
black cotton shorts men,黑色棉质短裤男,,,自然搜索词,0,1,B01AK7Y102,"1,223,055",900,24,2.76%,"21,829",407,1,0,"2,392",0.4,4,16.90%,33.30%,$1.40 ,$1.23 - $1.79,B07F2NNFWS,6.80%,0.00%,B0151E6OUY,5.10%,33.30%,B000MND796,5.10%,0.00%,"B0151E6OUY,B09T3QPWDJ,B07F2NNFWS,B000MND796,B092ZVSQ5W,B07RHP772N,B0BTV3KXML,B0D5CVLKH8,B0BVMWWMBW,B00AKSCXBQ","Cotton, Black, Shorts"
black adidas shorts,黑色阿迪达斯短裤,,,自然搜索词,0,2,B0BFDRQLNC/B0BFDTMBGP,"1,379,719",731,20,2.80%,"16,492",307,1,0,"4,631",0.2,4,25.00%,14.30%,$1.11 ,$0.82 - $1.38,B015SSVBGA,9.60%,14.30%,B010DKQO2E,7.70%,0.00%,B09XLLXN5F,7.70%,0.00%,"B010DKQO2E,B0878Y9CGH,B087C7VWV4,B09Y2SZ95Z,B096YJD183,B015SSVBGA,B07F2NPS3F,B091JF8JBW,B091MPZ2TS,B08793LZ9B","Adidas, Black, Shorts"
big tall shorts for men,,,,自然搜索词,0,1,B09T3QHVVM,,,,,,,,,"42,962",,3,,,,-,,,,,,,,,,,"big, Tall, Shorts"
big tall shorts,,,,自然搜索词,0,1,B08JGBB9N1,,,,,,,,,"61,931",,4,,,,-,,,,,,,,,,,"big, Tall, Shorts"
big size for men,,,,SP广告词,0,1,B0BLKN87V4,,,,,,,,,0,,9,,,,-,,,,,,,,,,,big
big mens shorts 4xl,,,,自然搜索词,0,1,B09T3QHVVM,,,,,,,,,"2,005",,4,,,,-,,,,,,,,,,,"big, Shorts"
big mens cargo shorts,大号男士工装短裤,,,SP广告词,0,1,B09WMZR2XM,"1,116,337","1,840",59,3.24%,"51,589",787,2,0,"3,049",0.6,4,13.00%,0.00%,$1.44 ,$0.89 - $2.14,B09QT6H6NQ,4.90%,0.00%,B09LSKRRFG,4.70%,0.00%,B07YP9JK3F,3.40%,0.00%,"B017GAFO3E,B07YP9JK3F,B09LSKRRFG,B00XKYLJDU,B008I5816E,B00PI5FJHG,B01MXES2OS,B01JQTRMEC,B0D3HQVQ47,B0CQ4GW67K","big, Shorts, Cargo, Cargo Shorts"
big men's shorts,,,,自然搜索词,0,2,B00AKSCXEI/B09T3QHVVM,,,,,,,,,"42,982",,25,,,,-,,,,,,,,,,,"big, Shorts"
big men shorts,大男人短裤,,,自然搜索词,0,1,B09T3QHVVM,"1,136,094","1,576",45,2.88%,"34,358",744,2,0,"44,377",0,4,14.20%,2.10%,$0.95 ,$0.79 - $1.15,B09461YZGK,5.30%,2.10%,B072JBQRLG,5.30%,0.00%,B07YP9JK3F,3.60%,0.00%,"B09461YZGK,B017YONTU2,B0D1CVYY1G,B07YP9JK3F,B017GAFO3E,B08JG3T2SY,B075MRNRJC,B07SCK5SSX,B00XKYLJDU,B09T3QHVVM","big, Shorts"
big man shorts,大人短裤,,,自然搜索词,0,2,B00AKSCXEI/B09T3QHVVM,"1,296,492","1,363",44,3.29%,"30,162",613,1,0,"42,939",0,3,16.80%,1.80%,$0.95 ,$0.70 - $1.20,B0723CZCRJ,9.90%,0.00%,B09461YZGK,3.70%,1.80%,B07YP9JK3F,3.30%,0.00%,"B017GAFO3E,B0D1CVYY1G,B07YP9JK3F,B0945GZPMB,B08JG3T2SY,B017YONTZC,B0831DQQ1G,B0CT4PBWVC,B0CT64L4Y1,B07SCK5SSX","big, Shorts, Man"
big and tall workout shorts for men,男士大而高的运动短裤,,,自然搜索词,0,2,B00AKSCXEI/B08JGBB9N1,"1,959,774",473,14,3.10%,"12,871",202,1,0,"8,647",0.1,4,23.70%,0.00%,,-,B0728KK8VK,7.90%,0.00%,B082XSSZZB,7.90%,0.00%,B09464J5CN,7.90%,0.00%,"B083463RFH,B09461YZGK,B08JGBB9N1,B000J9YQOS,B08LTB9SZW,B07H5PTQML,B0D2RLHHJ9,B0723CZCQT,B0CQ2ZNNKZ,B01AK7Y12A","big, Tall, Big And Tall, Shorts, Workout"
big and tall shorts for men 4xl,大码男士短裤 4xl,,,自然搜索词,0,2,B09T3QHVVM/B0BFDRQLNC,"1,662,018",877,22,2.60%,"18,582",341,1,0,"2,293",0.4,1,15.50%,0.00%,,-,B07NDP7ZTX,5.20%,0.00%,B0945H945X,5.20%,0.00%,B09QT6H6NQ,5.20%,0.00%,"B0945GZPMB,B07HNWFWRG,B0BZHDP4VX,B09T3QHVVM,B0058CUV3G,B08LTBN75C,B08B8YGQV7,B0BX7LHL7R,B01DL9UJXE,B08X1RP36Y","big, Tall, Big And Tall, Shorts"
big and tall men's shorts,又大又高的男士短裤,,,自然搜索词,0,1,B09T3QHVVM,"1,409,457",877,24,2.80%,"20,365",368,1,0,"42,963",0,4,15.50%,0.00%,$1.54 ,$1.10 - $2.93,B08P66V373,5.20%,0.00%,B09464J5CN,5.20%,0.00%,B0CQ2ZJ5F8,5.20%,0.00%,"B017GAFO3E,B0CQ2ZJ5F8,B0D1CVYY1G,B07YP9JK3F,B008I581P0,B0831FGTCZ,B09461YZGK,B08JGHDWNP,B017YONTZC,B092187Z3D","big, Tall, Big And Tall, Shorts"
big and tall gym shorts for men,大而高的男士健身短裤,,,自然搜索词,0,3,B00AKSCXEI/B01AK7Y102/B08JGBB9N1,"1,116,324","1,560",43,2.81%,"36,419",697,1,0,"7,939",0.2,4,14.10%,1.50%,,-,B0723CZCQT,8.70%,0.00%,B08JLFDRWM,2.90%,0.00%,B0CQ2XYD1X,2.60%,1.50%,"B0945GZPMB,B0CQ2XYD1X,B08B8ZS65T,B0723CZCQT,B08JGBB9N1,B0CRHF41F7,B0728BNL9X,B0036OS6KS,B08346K3ZS,B0BNJQ67KT","big, Tall, Big And Tall, gym, Shorts"
big and tall gym shorts,又大又高的运动短裤,,,自然搜索词,0,2,B01AK7Y102/B08JGBB9N1,"1,903,355",561,19,3.50%,"14,073",262,1,0,"13,403",0,4,31.00%,0.00%,$1.40 ,$1.05 - $1.75,B072JBQRLG,14.30%,0.00%,B08DRSDXBQ,11.90%,0.00%,B0CQ2XYD1X,4.80%,0.00%,"B0945GZPMB,B0CQ2XYD1X,B072JBQRLG,B08JGBB9N1,B0C25V1N5Y,B0CYVCM3H6,B0036OS6KS,B09T3S3BCX,B0CRHF41F7,B0151E6WX8","big, Tall, Big And Tall, gym, Shorts"
big and tall for men,大而高的男人,,,自然搜索词,0,1,B08JGBB9N1,"1,620,715","1,274",91,7.15%,"28,062",541,3,0,"75,566",0,6,14.50%,0.00%,$0.81 ,$0.66 - $1.08,B0CBDDQJGG,6.60%,0.00%,B0CBDHMCHK,5.30%,0.00%,B00JUM78Y0,2.60%,0.00%,"B0BPDXWXXP,B002GHC19I,B08LT9MJM2,B00FSB5TNE,B09LS5TV1F,B07D126W6P,B08NWJL7VX,B0B48C9DST,B0BKWHG7Z6,B086L79Q6X","big, Tall, Big And Tall"
big and tall basketball shorts,又大又高的篮球短裤,,,自然搜索词,0,1,B0C1365SJV,"1,296,460","1,202",1,0.07%,"32,364",505,1,0,"18,333",0.1,8,20.90%,0.00%,$1.24 ,$0.93 - $1.54,B07RRBBFM2,10.50%,0.00%,B06XJ965R6,6.00%,0.00%,B08DRSDXBQ,4.50%,0.00%,"B09SYBQJKJ,B0CYVDTTLK,B0D2MRK7G4,B0CQ2Z5R91,B0723CZCRJ,B08B8ZS65T,B06XJ965R6,B08HJRFBKM,B0CBL63RJM,B0BLN5S1QX","Basketball, big, Tall, Big And Tall, Shorts"
big & tall clothes,,,,自然搜索词,0,1,B09WMYXNJ9,,,,,,,,,0,,132,,,,-,,,,,,,,,,,"big, Tall"
best shorts for men,最佳男士短裤,,,自然搜索词/HR推荐词,0,2,B00AKSCXEI/B0C1365SJV,"1,061,019","2,848",101,3.55%,"80,595","1,161",3,0,"42,972",0.1,11,8.00%,0.00%,$1.48 ,$1.25 - $1.90,B09QT6H6NQ,3.30%,0.00%,B078VZ5QBW,2.60%,0.00%,B0D918VL7H,2.10%,0.00%,"B078VZ5QBW,B016Y8268U,B07GYFV13T,B078BHGGNC,B08TB8595Q,B0CQZ44ZQB,B07MMTLFB6,B01AK7ZK7A,B074HGJJJ5,B00AKSCXEI",Shorts
best selling shorts for men,,,,自然搜索词,0,2,B08JGBB9N1/B0C1365SJV,,,,,,,,,"16,608",,4,,,,-,,,,,,,,,,,Shorts
best sellers items,畅销商品,,,SP广告词,0,1,B0BFDRQLNC,"1,043,961","1,256",45,3.59%,"35,998",503,2,0,662,1.9,1,12.80%,0.00%,$1.10 ,$0.69 - $1.34,B0C8BJL1D3,4.80%,0.00%,B0168CNYD8,4.40%,0.00%,B00949CTQQ,3.70%,0.00%,"B076DMS9L8,B0BSR85M24,B002LC9OES,B07X7KMGBX,B08SWFJLDL,B08RRLJDGM,B0BTMXPHJY,B07PVBS863,B00L1GHHV2,B00YFQ1JH8",
best mens t shirts,最好的男式T桖,,,SP广告词,0,1,B0C4GQTCJK,"1,581,379","1,103",33,3.04%,"27,408",523,1,0,"57,069",0,10,13.40%,0.00%,$1.63 ,$1.23 - $2.04,B0787P86ZZ,4.50%,0.00%,B08XTM65LN,4.50%,0.00%,B08XV3WZ2K,4.50%,0.00%,"B08F2NSN4G,B0785VMVF4,B086KXNGKY,B01MYWGRYW,B081J8DXR8,B00NOY3JPC,B09KTMHS7S,B08NWJL7VX,B07NFSTB2Z,B078L9XPC2",Shirt
best mens shorts,,,,自然搜索词,0,1,B00AKSCXEI,,,,,,,,,"14,859",,4,,,,-,,,,,,,,,,,Shorts
best men's workout shorts,最佳男士运动短裤,,,自然搜索词,0,1,B00AKSCXEI,"2,019,180",986,96,9.74%,"28,710",408,3,0,"8,782",0.1,1,12.70%,14.30%,$2.08 ,$1.03 - $4.19,B0CRQGTCGV,4.80%,0.00%,B0D2S9965H,4.80%,0.00%,B08CXW8ZJD,3.20%,14.30%,"B01AK7XUGS,B07BPL162D,B00AKSCXEI,B000J9YQOS,B00719ZR9M,B0BLS19JVR,B0723CZCQT,B0B69FBQ18,B085NF55WL,B07H5PTQML","Workout, Shorts"
best men's shorts,,,,自然搜索词,0,2,B00AKSCXEI/B09T3QHVVM,,,,,,,,,"34,947",,4,,,,-,,,,,,,,,,,Shorts
best fathers day gifts,,,,SP广告词,0,1,B0BFDRQLNC,,,,,,,,,0,,128,,,,-,,,,,,,,,,,Father
beach shorts for women summer,,,,品牌广告词,0,1,B0BLKN87V4,,,,,,,,,0,,261,,,,-,,,,,,,,,,,"Shorts, Beach, Summer"
beach shorts 2pcs,,,,品牌广告词,0,1,B0BLKN87V4,,,,,,,,,0,,5,,,,-,,,,,,,,,,,"Shorts, Beach"
beach gifts for men,男士沙滩礼物,,,SP广告词,0,1,B0BFDVPFKX,"951,291","1,642",141,8.60%,"38,429",670,4,0,"53,411",0,2,13.80%,2.00%,$1.82 ,$1.37 - $2.15,B091FSSRL1,4.80%,2.00%,B07D18RYFQ,4.80%,0.00%,B08Y7D2HRB,4.20%,0.00%,"B01LXZBAC4,B091FSSRL1,B0B17NB28N,B08V3YJQ15,B000J3Z7TC,B07Q5VMTZS,B00DF0ZAP2,B079HV3TC9,B085XBQFVM,B08Y7D2HRB",Beach
bcg shorts,bcg 短裤,,,自然搜索词,0,1,B08JGBB9N1,"1,958,892",630,22,3.57%,"15,827",306,1,0,304,2.1,4,19.60%,0.00%,$1.19 ,$0.88 - $1.49,B07R1J9J3J,8.70%,0.00%,B0CZF2H3QZ,6.50%,0.00%,B09YNRM2M8,4.40%,0.00%,"B07R1J9J3J,B0723CZCRJ,B0CRHF41F7,B09P3RHNSY,B09PYR9YWK,B09PYTB8SD,B09G272YSB,B08HMSBPNG,B08JTQP6VY,B07NF3G29P",Shorts
basketballshorts,,Y,,AC推荐词,0,1,B0C1365SJV,,,,,,,,,0,,0,,,,-,,,,,,,,,,,Basketball
basketball shorts mesh,篮球短裤网眼,,,自然搜索词,0,1,B0C1365SJV,"1,797,811",807,25,3.22%,"23,931",386,1,0,"3,509",0.2,4,12.70%,11.10%,$1.29 ,$0.98 - $1.62,B099RSXNQH,5.50%,0.00%,B08JT243GF,3.60%,11.10%,B000J9YQOS,3.60%,0.00%,"B01ES40ZBW,B000J9YQOS,B00719ZQG6,B08LTBN75C,B0B49XX2N2,B076DJ5PWB,B001DB6ZA4,B0CRP9YDKN,B08HYQ24DW,B0D1JYKPZW","Basketball, Mesh, Shorts"
basketball shorts men with pockets,,,,自然搜索词,0,3,B01AK7Y102/B0BFDRQLNC/B0C1365SJV,,,,,,,,,"11,209",,4,,,,-,,,,,,,,,,,"Basketball, Shorts"
basketball shorts men pack,篮球短裤男装,,,自然搜索词,0,2,B0C1365SJV/B0CHMN8TDS,"1,027,024","1,318",38,2.92%,"36,852",584,1,0,"14,728",0.1,4,11.90%,5.80%,$1.12 ,$0.91 - $1.36,B08JTQP6VY,5.60%,0.00%,B08JGBB9N1,3.50%,1.90%,B07NDP7ZTX,2.80%,3.90%,"B08JG3T2SY,B07NDP7ZTX,B0CRHDQ8DX,B08S99RBHL,B0D46HCPDF,B0D2MRK7G4,B0BNW2KC41,B07WC2PK5C,B08B8ZS65T,B096K8V2JR","Basketball, Pack, Shorts"
basketball shorts for men with pockets,,,,自然搜索词,0,2,B01AK7Y102/B0C1365SJV,,,,,,,,,"12,198",,4,,,,-,,,,,,,,,,,"Basketball, Shorts"
basketball shorts for man,,,,自然搜索词,0,1,B0C1365SJV,,,,,,,,,0,,21,,,,-,,,,,,,,,,,"Basketball, Shorts, Man"
basketball shorts big and tall,篮球短裤又大又高,,,自然搜索词,0,1,B0C1365SJV,"2,018,171",630,15,2.51%,"15,324",250,1,0,"17,517",0,4,19.60%,0.00%,$1.33 ,$1.00 - $1.65,B072JBQRLG,6.50%,0.00%,B07NDP7ZTX,6.50%,0.00%,B08DRSDXBQ,6.50%,0.00%,"B09SYBQJKJ,B08JGHDWNP,B0CQ2Z5R91,B0723CZCRJ,B0CYVDTTLK,B06XJ965R6,B0868STX1N,B07CZJ4F29,B08HJRFBKM,B08LTBNKPC","Basketball, big, Big And Tall, Tall, Shorts"
basketball shorts and1,,,,自然搜索词,0,1,B08JGBB9N1,,,,,,,,,127,,8,,,,-,,,,,,,,,,,"Basketball, Shorts"
basketball shorts 10 inch inseam,,,,自然搜索词,0,1,B0BFDRQLNC,"2,018,170",,,,,,,,0,,0,,,,-,,,,,,,,,,,"Basketball, Shorts, Inseam"
basketball mesh shorts,,,,自然搜索词,0,1,B0C1365SJV,,,,,,,,,"3,563",,4,,,,-,,,,,,,,,,,"Basketball, Mesh, Shorts"
basketball logo shorts,,,,自然搜索词,0,1,B0C1365SJV,,,,,,,,,0,,0,,,,-,,,,,,,,,,,"Basketball, Shorts"
basketball jersey short,,,,自然搜索词,0,1,B0151E6WPQ,,,,,,,,,0,,,,,,-,,,,,,,,,,,"Basketball, Jersey, Short"
basketball gifts for men,男士篮球礼物,,,HR推荐词,0,3,B0BFDRQLNC/B0BFDVPFKX/B0C4GV51WK,"1,156,320",140,1,1.09%,"3,884",66,1,1,"8,864",0,68,28.10%,33.30%,$0.70 ,$0.58 - $0.94,B07B1N67J5,9.40%,33.30%,1683583086,9.40%,0.00%,B08SK9XP91,9.40%,0.00%,"B0845LMJ2S,B0CBN9ZNKZ,B07B1N67J5,1683583086,B0BRDCMZP1,B0BXT7QQSZ,B09C7QZ5P1,B083HDM8S4,B01HBSKFF8,B0BLGN7Q75",Basketball
basketball gear men,篮球装备男,,,自然搜索词,0,1,B08JGBB9N1,"2,297,045",446,13,2.96%,"9,303",193,1,0,"21,326",0,20,21.60%,20.00%,$1.22 ,$0.92 - $1.52,B0BX2V6Y37,8.10%,20.00%,B0BRDCMZP1,8.10%,0.00%,B09X2KQSZ8,5.40%,0.00%,"B0CBN9ZNKZ,B0BRDCMZP1,B0BX2V6Y37,B0BNQ5H5T9,B00M1E9E0U,B07DLFP8Q5,B09Q3K8ZQ8,B0B1ZXBB8P,B0874W9LW2,B0B7BD9THP",Basketball
basketball clothing,,,,自然搜索词,0,1,B08JGBB9N1,,,,,,,,,"93,348",,5,,,,-,,,,,,,,,,,"Basketball, Clothing"
basketbal shorts,,,,SP广告词,0,2,B0BFDRQLNC/B0C1365SJV,,,,,,,,,0,,17,,,,-,,,,,,,,,,,Shorts
basketabll shorts,,Y,,AC推荐词,0,1,B0C1365SJV,,,,,,,,,0,,0,,,,-,,,,,,,,,,,Shorts
basic editions shorts,基本款短裤,,,自然搜索词,0,1,B09T3QHVVM,"1,750,102",672,21,3.13%,"18,368",303,1,0,355,1.9,14,14.30%,0.00%,$0.79 ,$0.58 - $0.99,B09RFD92ZN,6.10%,0.00%,B073DCXC3Y,4.10%,0.00%,B082XK4W7W,4.10%,0.00%,"B0151E6Y2W,B0BVMVJ8MY,B0BRKV5HR3,B073DCXC3Y,B016YKKHOI,B09VR6H493,B092LZMSW9,B09RDSMHQ4,B09XVBFSHC,B09T3QHVVM","Shorts, Basic"
baseball 101 shorts,,,,自然搜索词,0,1,B0BFDTMBGP,,,,,,,,,0,,0,,,,-,,,,,,,,,,,Shorts
bandana shorts men,头巾短裤男士,,,SP广告词,0,1,B01AK7Y102,"1,958,318",140,4,3.09%,"3,061",67,1,1,217,0.7,1,33.30%,0.00%,$0.62 ,$0.41 - $0.79,B0BYNB7511,12.10%,0.00%,B0CTJH6LYY,12.10%,0.00%,B0CS56QC8H,9.10%,0.00%,"B0CS56QC8H,B0CMWLQK88,B0BYNB7511,B0CXXGWJFX,B0CTJH6LYY,B0CJJHQCPH,B0D1GNRJLT,B0D6YHVZXP,B0D1VM1SSC,B092HWGZHK",Shorts
balennz workout shirts for men,,,,自然搜索词,0,1,B08JGBB9N1,,,,,,,,,219,,2,,,,-,,,,,,,,,,,Workout
balennz athletic shorts for men with pockets and elastic,,Y,,自然搜索词/AC推荐词/SP广告词,0,2,B08JGBB9N1/B0BFDTMBGP,,,,,,,,,42,,2,,,,-,,,,,,,,,,,"Athletic, Shorts, Elastic"
balennz athletic shorts for men,,Y,,AC推荐词,0,1,B08JGBB9N1,,,,,,,,,221,,5,,,,-,,,,,,,,,,,"Athletic, Shorts"
balennz,,Y,,自然搜索词/AC推荐词/SP广告词,0,1,B08JGBB9N1,,,,,,,,,418,,22,,,,-,,,,,,,,,,,len
baleaf men's square,,,,SP广告词,0,1,B0BFDTMBGP,,,,,,,,,0,,0,,,,-,,,,,,,,,,,baleaf
baketaball shorts men,,,,自然搜索词,0,1,B0C1365SJV,,,,,,,,,0,,0,,,,-,,,,,,,,,,,Shorts
badminton wear men,,,,SP广告词,0,2,B0BFDSVMPF/B0C4GV51WK,,,,,,,,,0,,0,,,,-,,,,,,,,,,,Mint
austrian flag beach shorts,,,,品牌广告词,0,1,B0BLKN87V4,,,,,,,,,0,,28,,,,-,,,,,,,,,,,"Shorts, Beach, Flag"
atletic shorts,,,,自然搜索词,0,2,B00AKSCXEI/B08JGBB9N1,,,,,,,,,"31,144",,8,,,,-,,,,,,,,,,,Shorts
athletic、,,,,自然搜索词,0,1,B0C1365SJV,,,,,,,,,0,,0,,,,-,,,,,,,,,,,Athletic
athletics shorts men,,,,SP广告词,0,4,B0BFDRQLNC/B0BFDSVMPF/B0BFDTMBGP/B0C1365SJV,,,,,,,,,0,,0,,,,-,,,,,,,,,,,"Athletic, Shorts"
athletics,,,,自然搜索词,0,1,B0C1365SJV,,,,,,,,,"21,410",,0,,,,-,,,,,,,,,,,Athletic
athletic-shorts,,,,自然搜索词,0,1,B01AK7Y102,,,,,,,,,0,,0,,,,-,,,,,,,,,,,Athletic
athletic wear for men,男士运动服,Y,,自然搜索词/AC推荐词,0,1,B08JGBB9N1,"1,349,572","1,533",7,0.46%,"38,044",742,1,0,"106,571",0,10,8.40%,0.00%,$0.70 ,$0.52 - $0.88,B0785VMVF4,2.90%,0.00%,B087G2XPB2,2.90%,0.00%,B0962P6RDC,2.60%,0.00%,"B0785VMVF4,B087G2XPB2,B07NWZ6PBF,B0B728NH19,B09KDLYX46,B07H5QPL1R,B07DRN7QQD,B08JGBB9N1,B07PMTKK34,B00FSB5YHK",Athletic
athletic sports casual,,,,SP广告词,0,1,B0BFDSVMPF,,,,,,,,,0,,32,,,,-,,,,,,,,,,,"Athletic, Casual, Sports"
athletic shorts pack,运动短裤包,,,自然搜索词,0,2,B08JGBB9N1/B0C1365SJV,"1,115,500","1,397",39,2.86%,"34,432",581,1,0,"22,227",0.1,23,10.90%,0.00%,$1.00 ,$0.69 - $1.17,B08SM975K6,5.10%,0.00%,B0CGR74G6C,3.10%,0.00%,B09FZ47RDB,2.70%,0.00%,"B08JGBB9N1,B07H5QPL1R,B0CRQFLWT3,B08LTBLD95,B09FZ47RDB,B09X8WHSQ8,B08JTQP6VY,B0CGR6VWSN,B082XK4W7W,B08PJFG619","Athletic, Pack, Shorts"
athletic shorts men with pockets,,,,自然搜索词,0,1,B0C1365SJV,,,,,,,,,0,,44,,,,-,,,,,,,,,,,"Athletic, Shorts"
athletic shorts men 9 inch,男式运动短裤 9英寸,,,自然搜索词,0,3,B00AKSCXEI/B08JGBB9N1/B0CHMN8TDS,"2,295,328",686,18,2.73%,"13,911",267,1,0,"2,001",0.3,8,12.00%,9.10%,$1.46 ,$1.10 - $1.83,B0BFDVJ414,4.00%,9.10%,B00AKSCXEI,4.00%,0.00%,B07NDP7ZTX,4.00%,0.00%,"B0BFDVJ414,B08JGBB9N1,B000JC0YJQ,B08P57B616,B0CX54JVDP,B0BVT9V2XD,B0723CZCQT,B07NDP7ZTX,B00AKSCXEI,B0BQ1STY4G","Athletic, Shorts"
athletic shorts men 7 inch,男式运动短裤 7 英寸,,,自然搜索词,0,1,B09P3T8X61,"1,660,222","1,313",34,2.66%,"37,657",548,1,0,"2,548",0.5,4,11.40%,0.00%,$1.46 ,$1.10 - $1.83,B09W9J74JC,3.80%,0.00%,B0CJSM512X,3.80%,0.00%,B0CRQFLWT3,3.80%,0.00%,"B0BXWCF25S,B085NF55WL,B0BNW4VZPK,B08BX4YRYJ,B0CRQFLWT3,B0CJSM512X,B0D1C18PXQ,B09NXV4PD6,B0BZPJW6G4,B0D3P9XTKV","Athletic, Shorts"
athletic shorts for mrn,,,,自然搜索词,0,2,B09P3T8X61/B0C1365SJV,,,,,,,,,0,,0,,,,-,,,,,,,,,,,"Athletic, Shorts"
athletic shorts for men with pockets,男士有口袋运动短裤,,,自然搜索词,0,1,B0C1365SJV,"1,847,237",140,4,3.51%,"3,255",65,1,1,"24,530",0,4,18.20%,0.00%,,-,B00KUL0W1G,6.10%,0.00%,B01AK7Y102,6.10%,0.00%,B08C2Q49MR,6.10%,0.00%,"B0CRHF41F7,B08JG3T2SY,B00KUL0W1G,B0CRRF28SH,B08LTBLD95,B08JTQP6VY,B0CJ1D8N79,B07NDP7ZTX,B07BPLHK9T,B072JBQRLG","Athletic, Shorts"
athletic shorts for men with liner,,,,SP广告词,0,1,B0BFDSVMPF,,,,,,,,,"2,000",,1,,,,-,,,,,,,,,,,"Athletic, Shorts"
athletic shorts for men 9 inch inseam,,Y,,自然搜索词/AC推荐词,0,2,B01AK7Y102/B08JGBB9N1,,,,,,,,,"1,578",,9,,,,-,,,,,,,,,,,"Athletic, Shorts, Inseam"
athletic shorts for men 5 inch,,,,SP广告词,0,1,B0BFDTMBGP,,,,,,,,,"1,969",,4,,,,-,,,,,,,,,,,"Athletic, Shorts"
athletic shorts 7in,,,,自然搜索词,0,1,B09P3T8X61,,,,,,,,,0,,0,,,,-,,,,,,,,,,,"Athletic, Shorts"
athletic short,运动短裤,,,自然搜索词,0,3,B00AKSCXEI/B08JGBB9N1/B09P3T8X61,"1,408,176","1,341",47,3.53%,"30,340",627,2,37,"30,423",0,9,10.70%,5.00%,$1.10 ,$0.81 - $1.26,B0B3JNKRWM,4.30%,0.00%,B09MKMXMWN,3.20%,5.00%,B08TM8T3ZX,3.20%,0.00%,"B0CRHF41F7,B09XZRCZ77,B08JGBB9N1,B09MKMXMWN,B0BRSSDZBP,B0C12LDLN4,B09MM6TWP3,B0723CZCQT,B07S58P8LD,B0CP1Y8BH7","Athletic, Short"
athletic shoets,,,,自然搜索词,0,2,B01AK7Y102/B0BFDTMBGP,,,,,,,,,"27,294",,0,,,,-,,,,,,,,,,,Athletic
athletic running shorts,,,,SP广告词,0,1,B09P3T8X61,,,,,,,,,0,,24,,,,-,,,,,,,,,,,"Athletic, Shorts, Running"
athletic mens shorts,男式运动短裤,,,自然搜索词,0,3,B09P3T8X61/B09XQVCZ8B/B0C1365SJV,"1,541,772","1,450",45,3.17%,"35,071",659,2,0,"18,002",0.1,78,12.90%,1.40%,$1.54 ,$1.15 - $1.94,B0723CZCRJ,5.80%,0.00%,B0CRHF41F7,3.70%,1.40%,B08XM7421N,3.40%,0.00%,"B08JG3T2SY,B0CRHF41F7,B00KUL0W1G,B072JBQRLG,B0C1365SJV,B0CRRF28SH,B0BQ1YTS18,B07BPLHK9T,B08JTQP6VY,B09PYTB8SD","Athletic, Shorts"
athletic gym shorts men,,,,自然搜索词,0,4,B00AKSCXEI/B01AK7Y102/B08JGBB9N1/B09XQVCZ8B,,,,,,,,,0,,20,,,,-,,,,,,,,,,,"Athletic, Shorts, gym"
athletic gear,,,,自然搜索词,0,1,B08JGBB9N1,,,,,,,,,"12,964",,25,,,,-,,,,,,,,,,,Athletic
atheltic shorts men,,,,自然搜索词,0,6,B00AKSCXEI/B0151E6WPQ/B08JGBB9N1/B09P3T8X61/B09XQVCZ8B/B0C1365SJV,,,,,,,,,"18,050",,9,,,,-,,,,,,,,,,,Shorts
asics running shorts,亚瑟士跑步短裤,,,自然搜索词,0,1,B09P3T8X61,"1,135,183","1,374",45,3.29%,"29,132",617,2,0,284,4.8,19,17.60%,0.00%,$1.48 ,$1.11 - $1.85,B0C4YSKB7R,6.40%,0.00%,B071JPKSCN,5.80%,0.00%,B0C4YS95TX,5.40%,0.00%,"B0C4YSKB7R,B071JPKSCN,B0BTML68WL,B0BHY1ST4S,B01BLS6O5O,B0BV7FHV45,B0BTMN5KHR,B01BCRP69O,B09LYQKXML,B083V66WCN","Shorts, Running"
asics mens shorts,asics 男士短裤,,,自然搜索词,0,1,B09XQVCZ8B,"1,077,849","1,477",44,3.03%,"31,218",616,1,0,172,8.6,4,20.20%,9.10%,$1.28 ,$0.97 - $1.61,B0C4YSKB7R,9.10%,4.60%,B0C4YS95TX,6.80%,0.00%,B0BTMLHST2,4.20%,4.60%,"B0C4YSKB7R,B0BTMLHST2,B0BHY1ST4S,B01BLS6O5O,B0BTMLD5XT,B0BTMK69WX,B0BV7FHV45,B0BFDSB9YG,B083V66WCN,B0C4YQY8SC",Shorts
arsuxeo shorts,短裤,,,自然搜索词,0,1,B09XQVCZ8B,"1,471,843",878,20,2.32%,"17,672",397,1,0,52,16.9,5,19.00%,6.70%,$1.19 ,$0.88 - $1.49,B072DVQ11Z,6.90%,0.00%,B07SJG2H9Q,6.90%,0.00%,B07VSQWFGG,5.20%,6.70%,"B07SHGG9BS,B07VSQWFGG,B08CN5811R,B072DVQ11Z,B094Z9J36J,B0B4R4WFVZ,B07T2HRWPD,B07WZ856N4,B09YV57SQ7,B09VS6YSQS",Shorts
arjen kroos mens shorts,,,,SP广告词,0,1,B0151E6WPQ,,,,,,,,,0,,0,,,,-,,,,,,,,,,,"Arjen Kroos, Shorts"
aptro,,,,SP广告词,0,1,B0BFDVPFKX,,,,,,,,,133,,55,,,,-,,,,,,,,,,,
apparel for men,,,,SP广告词,0,1,B09P3T8X61,,,,,,,,,0,,0,,,,-,,,,,,,,,,,
anti chafe running shorts,,,,SP广告词,0,1,B0BFDTMBGP,,,,,,,,,0,,0,,,,-,,,,,,,,,,,"Shorts, Running"
anime shorts men,,,,视频广告词,0,1,B0BFDTMBGP,,,,,,,,,891,,0,,,,-,,,,,,,,,,,Shorts
andi shorts for men,,,,自然搜索词,0,2,B00AKSCXEI/B08JGBB9N1,,,,,,,,,98,,3,,,,-,,,,,,,,,,,Shorts
american flag shirt and shorts,,,,SP广告词,0,1,B0BFDTMBGP,,,,,,,,,0,,0,,,,-,,,,,,,,,,,"American, Shirt, Shorts, Flag"
amazon men's shorts,亚马逊男士短裤,,,自然搜索词,0,2,B0151E6WPQ/B0BFDRQLNC,"2,145,963","1,251",37,2.99%,"29,791",615,1,0,"3,582",0.4,16,12.20%,0.00%,$1.47 ,$0.72 - $2.25,B0723CZCRJ,4.10%,0.00%,B077RTN23Y,4.10%,0.00%,B0D3S8M18H,4.10%,0.00%,"B0728KK8VK,B07F27YVN8,B06XWMC24B,B07752LYQS,B07FHBNY51,B08JDWSNWX,B07DZVVBSK,B01JQTM148,B08JHQCZHT,B096YLSDLP","Amazon, Shorts"
amazon men shorts,,,,自然搜索词,0,1,B0151E6WPQ,,,,,,,,,"2,893",,4,,,,-,,,,,,,,,,,"Amazon, Shorts"
amazon essentials shorts men,亚马逊必需品短裤男士,,,自然搜索词,0,1,B0151E6WPQ,"1,115,082","1,693",54,3.24%,"39,915",721,2,0,778,2.2,4,13.00%,4.40%,$1.19 ,$0.88 - $1.49,B0728KK8VK,4.50%,2.90%,B0723CZCQT,4.50%,1.50%,B01JQTBSU6,4.00%,0.00%,"B0728KK8VK,B01JQTBSU6,B07F27YVN8,B07752LYQS,B096YLSDLP,B077S1TQ7M,B07F2K9PXX,B07F1521RT,B08JDWSP2H,B01JQTME5E","Amazon, Shorts, Amazon Essentials"
amazon essentials mens shorts 7 inch inseam,亚马逊 Essentials 男士短裤 7 英寸内缝,,,自然搜索词,0,1,B0151E6WPQ,"1,748,183","1,283",39,3.04%,"36,761",554,1,0,189,6.8,4,19.90%,0.00%,,-,B07F2KFQQ7,9.60%,0.00%,B07FHBCC58,5.20%,0.00%,B0CH2Y38M5,5.20%,0.00%,"B07F2KFQQ7,B077RTN23Y,B07FHBCC58,B08JDTYKH7,B07XJCK47H,B0C4YP661B,B07T1F7L49,B0CT63LG9V,B08JDWXD4B,B0C4YJ14JK","Amazon, Shorts, Amazon Essentials, Inseam"
amazon essentials mens gym shorts,,,,自然搜索词,0,3,B0151E6WPQ/B08JGBB9N1/B09XQVCZ8B,,,,,,,,,420,,4,,,,-,,,,,,,,,,,"Amazon, Shorts, gym, Amazon Essentials"
amazon essentials men's shorts,亚马逊 Essentials 男士短裤,,,自然搜索词,0,1,B0151E6WPQ,"1,115,081","1,444",46,3.22%,"37,961",647,2,0,619,2.3,1,14.60%,1.40%,$1.32 ,$0.81 - $2.65,B01JQTBSU6,6.00%,0.00%,B0728KK8VK,4.80%,1.40%,B0CZRSBVT4,3.80%,0.00%,"B01JQTBSU6,B0728KK8VK,B07F27YVN8,B096YLSDLP,B07752LYQS,B08JDWSP2H,B0C4YP81XD,B07F2K9PXX,B0C4YHVSY6,B07XMY6MZV","Amazon, Shorts, Amazon Essentials"
amazon essentials men's classic-fit 9 short,,,,自然搜索词,0,1,B00AKSCXEI,,,,,,,,,702,,2,,,,-,,,,,,,,,,,"Amazon, Short, Amazon Essentials"
amazon essentials men shorts,亚马逊必需品男士短裤,,,自然搜索词,0,1,B0151E6WPQ,"1,795,761","1,372",37,2.76%,"34,057",560,1,0,629,2.2,7,16.70%,20.00%,$1.25 ,$0.94 - $1.58,B0728KK8VK,9.00%,0.00%,B0CZRSBVT4,5.10%,0.00%,B077RTN23Y,2.60%,20.00%,"B01JQTN8SQ,B07F27YVN8,B071W2JZRP,B07752LYQS,B096YLSDLP,B07F1521RT,B08JDWSP2H,B0C4YR3N74,B077S1TQ7M,B07FHBDJ8F","Amazon, Shorts, Amazon Essentials"
amazon essentials gym shorts men,,,,自然搜索词,0,1,B0151E6WPQ,,,,,,,,,0,,0,,,,-,,,,,,,,,,,"Amazon, Shorts, gym, Amazon Essentials"
amazon essential shorts men,,,,自然搜索词,0,2,B0151E6WPQ/B09T3QHVVM,,,,,,,,,638,,3,,,,-,,,,,,,,,,,"Amazon, Shorts, Essential"
amazon essential mens shorts,亚马逊必备男士短裤,,,自然搜索词,0,2,B0151E6WPQ/B08JGBB9N1,"1,010,145","1,495",48,3.22%,"41,293",657,2,0,638,2.3,16,14.30%,1.40%,$0.97 ,$0.76 - $1.09,B0728KK8VK,5.00%,1.40%,B01JQTBSU6,5.00%,0.00%,B07F27YVN8,4.40%,0.00%,"B01JQTBSU6,B07F27YVN8,B071W2JZRP,B096YLSDLP,B07752LYQS,B0C4YHVSY6,B08JDX7MRF,B07F1521RT,B01JQTME5E,B077S1TQ7M","Amazon, Shorts, Essential"
amazon basics men's shorts,,,,自然搜索词,0,1,B0151E6WPQ,,,,,,,,,274,,0,,,,-,,,,,,,,,,,"Amazon, Shorts"
amazon basic shorts men,亚马逊基本款短裤男士,,,自然搜索词,0,2,B09T3QHVVM/B0BLKN87V4,"2,015,530","1,357",38,2.88%,"32,199",635,1,0,210,6.5,4,22.00%,7.70%,$1.17 ,$0.88 - $1.48,B0723CZCQT,9.80%,0.00%,B07NF3FLNV,7.30%,0.00%,B0728KK8VK,4.90%,7.70%,"B0723CZCQT,B01JQTBO5U,B07F2KFQQ7,B07F283XRT,B01JQTF1CC,B08D2PB97C,B07FHB3MGG,B08JDX7HMX,B08JTQP6VY,B07XJCK47H","Amazon, Shorts, Basic"
amazon basic mens shorts,亚马逊基本款男士短裤,,,自然搜索词,0,1,B09T3QHVVM,"1,377,645","1,169",30,2.63%,"26,784",494,1,0,102,11.5,1,17.50%,2.00%,$0.82 ,$0.62 - $1.03,B01JQTBO5U,7.10%,0.00%,B0728KK8VK,5.60%,0.00%,B0723CZCQT,4.80%,2.00%,"B0723CZCQT,B01JQTBO5U,B07F2KFQQ7,B07F283XRT,B01JQTF1CC,B08JTQP6VY,B0C4YR3N74,B08JDX7HMX,B08JG3T2SY,B08D2PB97C","Amazon, Shorts, Basic"
all cotton shorts for men,,Y,,AC推荐词,0,1,B0151E6WPQ,,,,,,,,,"20,542",,9,,,,-,,,,,,,,,,,"Cotton, Shorts"
akademiks shorts for men,akademiks 男士短裤,,,SP广告词,0,1,B0C4GV51WK,"1,702,402",631,18,2.95%,"16,969",255,1,0,103,6.1,5,26.10%,0.00%,$1.22 ,$0.92 - $1.52,B0BZH6R6LK,10.90%,0.00%,B0CNGMZQ3S,8.70%,0.00%,B083N71P4C,6.50%,0.00%,"B086Y8CQ2H,B00OTMA7TY,B0BV6HH88T,B0BZHFRP3R,B083N71P4C,B0BX92JKFS,B0CQSC2FW1,B01ISQF1CY,B07FMV7BQ9,B0BFDTRNNR",Shorts
ahorts,主播,Y,,自然搜索词/AC推荐词,0,2,B08JGBB9N1/B09P3T8X61,"1,176,156","1,321",46,3.53%,"32,496",656,2,0,"1,047",1.3,4,6.00%,0.00%,$0.89 ,$0.68 - $1.12,B09MKN1MJ5,2.50%,0.00%,B08JGBB9N1,1.80%,0.00%,B097D5ZP88,1.80%,0.00%,"B0728KK8VK,B016Y8263A,B01JQTN8SQ,B08RBHVS7K,B0151E6OUY,B085NF55WL,B01ES40ZBW,B07H5Q7BNT,B07NDP7ZTX,B009CTUGZ4",
adidas zipper shorts men,,,,自然搜索词,0,2,B09P3T8X61/B09XQVCZ8B,,,,,,,,,"2,192",,15,,,,-,,,,,,,,,,,"Adidas, Zipper, Shorts"
adidas squadra 21 shorts men,阿迪达斯 Squadra 21 男子短裤,,,视频广告词,0,1,B0BFDTMBGP,"1,244,675","1,305",46,3.55%,"31,491",638,2,0,54,24.2,3,70.80%,10.50%,$0.54 ,$0.43 - $0.68,B0878Y8YRQ,56.90%,10.50%,B08793B3RM,9.70%,0.00%,B087C7VWV4,4.20%,0.00%,"B08793B3RM,B087C7VWV4,B0878XMY9Z,B0879161HQ,B09Y2SZ95Z,B08794D1JT,B09PT2T7WS,B010DKQO2E,B09Y2VG81M,B08HJR1CNW","Adidas, Shorts"
adidas shorts with zipper pockets men,,,,自然搜索词,0,2,B09P3T8X61/B09XQVCZ8B,,,,,,,,,327,,4,,,,-,,,,,,,,,,,"Zipper, Adidas, Shorts, Zipper Pocket"
adidas shorts men zipper pocket,,,,自然搜索词,0,2,B09P3T8X61/B09XQVCZ8B,,,,,,,,,401,,4,,,,-,,,,,,,,,,,"Adidas, Zipper, Zipper Pocket, Shorts, Pocket"
adidas shorts men 7 inch,,,,自然搜索词,0,1,B09P3T8X61,,,,,,,,,241,,3,,,,-,,,,,,,,,,,"Adidas, Shorts"
adidas shorts men 5 inch,阿迪达斯短裤男士 5 英寸,,,自然搜索词,0,1,B09P3T8X61,"1,504,849","1,597",44,2.77%,"33,802",691,1,0,223,7.2,3,34.40%,0.00%,$1.37 ,$1.02 - $1.71,B0CKM9V3CZ,12.20%,0.00%,B0CV4MG7S3,12.20%,0.00%,B0CVDT8K8T,10.00%,0.00%,"B0CKM9V3CZ,B09XLLNJJ1,B0BHN3KKQC,B0BHN519DH,B0C2HWC932,B0C2HW9F3D,B0BRNXRYQ7,B0C2HSSV6X,B08777BX6H,B0BHN6H8RH","Adidas, Shorts"
adidas running shorts men 5 inch,阿迪达斯跑步短裤男士 5 英寸,,,自然搜索词,0,1,B09P3T8X61,"1,077,277","1,487",44,2.99%,"34,753",691,1,0,209,7.1,2,46.10%,0.00%,,-,B0CKM9V3CZ,19.20%,0.00%,B0CVDT8K8T,13.90%,0.00%,B0CV4MG7S3,13.00%,0.00%,"B0CKM9V3CZ,B09XLLNJJ1,B0BHN519DH,B0C2HW9F3D,B0BHN3W8P6,B0CCQGMKW5,B07QV7SBW7,B0C2JQM55N,B0C2HWC932,B0BHN3KKQC","Adidas, Shorts, Running"
adidas mens shorts with zipper pockets,阿迪达斯男士短裤带拉链口袋,,,自然搜索词,0,2,B09P3T8X61/B09XQVCZ8B,"1,407,194",987,29,2.95%,"28,917",438,1,0,404,2.4,2,34.90%,0.00%,,-,B09XLL648Z,12.70%,0.00%,B09Y2VG81M,12.70%,0.00%,B0878Y8YRQ,9.50%,0.00%,"B0CHR3J39C,B09Y2VG81M,B0B4CNWW82,B08HJRFBKM,B09XLL648Z,B09XWX6T3G,B09Y2TBL2J,B0878Y9T33,B08MT2SHX3,B09XLK5TLT","Zipper, Adidas, Shorts, Zipper Pocket"
adidas mens running shorts,阿迪达斯男士跑步短裤,,,自然搜索词,0,1,B09P3T8X61,"1,899,067","1,534",50,3.26%,"41,116",736,2,0,544,2.8,3,34.40%,0.00%,$1.32 ,$0.88 - $1.59,B0CKM9V3CZ,18.30%,0.00%,B0CV4MG7S3,11.80%,0.00%,B091MVTN8G,4.30%,0.00%,"B0CKM9V3CZ,B091MVTN8G,B093RDRVNF,B09XLL648Z,B09KHCLXWC,B0D8WQCH9G,B08798SD8N,B0CCQJWNKW,B0BHN4XN69,B091M4SQG8","Adidas, Shorts, Running"
adidas gym shorts,阿迪达斯运动短裤,,,自然搜索词,0,1,B01AK7Y102,"1,795,023",945,32,3.48%,"22,377",443,1,0,511,1.9,3,34.40%,0.00%,$1.36 ,$1.01 - $1.70,B09XLLMB2B,18.00%,0.00%,B0D918GKBT,9.80%,0.00%,B09Y2T5J38,6.60%,0.00%,"B09Y2WTTCS,B09XLLMB2B,B010DKQO2E,B09XWD44P5,B091MD89GM,B0CHR3J39D,B08HJRFBKM,B07F2D9C7Q,B09XWP4MV5,B091M53MNM","Adidas, Shorts, gym"
adidas firebird shorts,,,,SP广告词,0,1,B01AK7Y102,"2,216,619",631,21,3.40%,"14,308",311,1,0,57,11.1,16,26.10%,0.00%,,-,B0878X9CQX,10.90%,0.00%,B09Y2TXRD1,8.70%,0.00%,B0878Y1TPD,6.50%,0.00%,"B0878X9CQX,B09Y2TT1SS,B0878ZZ3K5,B0878YFBDQ,B087985MC5,B09HJNHV3Y,B09XC7XSCT,B0878TVFR6,B07F2NPS35,B091M6KGBZ","Adidas, Shorts"
adidas condivo 22 short,,,,SP广告词,0,1,B09P3T8X61,,,,,,,,,40,,5,,,,-,,,,,,,,,,,"Adidas, Short"
adidas boxers for men,阿迪达斯男款拳击手,,,SP广告词,0,1,B0CHMM393V,"1,059,709","1,513",46,3.07%,"31,535",670,2,0,108,14,17,17.00%,2.80%,$0.98 ,$0.77 - $1.40,B0886F87C9,7.40%,0.00%,B0886DW78N,5.00%,0.00%,B0886F5GT4,4.70%,2.80%,"B0886F87C9,B087MVJHGZ,B087MTGSRN,B0BZQXV8JF,B0BZQXCPFT,B0BZQYQ1GP,B0BCSLQ719,B09Y9JCPVD,B0CHN9RY8W,B0CHLB6J99",Adidas
adidas active shorts,,,,自然搜索词,0,1,B09P3T8X61,,,,,,,,,0,,0,,,,-,,,,,,,,,,,"Adidas, Shorts, Active"
adidas 7 inch shorts men,阿迪达斯 7 英寸短裤男,,,自然搜索词,0,1,B09P3T8X61,"2,144,871",475,14,3.13%,"13,338",228,1,0,278,1.7,3,47.40%,0.00%,$1.37 ,$1.02 - $1.71,B09XLL648Z,31.60%,0.00%,B093RDRVNF,7.90%,0.00%,B0D484PZGD,7.90%,0.00%,"B09XLL648Z,B093RDRVNF,B091MCPHR6,B0BHN4XN69,B09Y2VJ64C,B010DKQ7WG,B0BHN8CVH8,B091L79GJT,B07F2D9C7Q,B09Y2TBL2J","Adidas, Shorts"
adidas 5 inch shorts men,阿迪达斯 5 英寸短裤男,,,自然搜索词,0,1,B09P3T8X61,"1,134,489","1,727",53,3.07%,"36,306",718,2,0,236,7.3,3,42.10%,3.10%,$1.34 ,$1.00 - $1.67,B0CKM9V3CZ,18.50%,0.00%,B09XLLNJJ1,13.20%,3.10%,B0CV4MG7S3,10.40%,0.00%,"B0CKM9V3CZ,B09XLLNJJ1,B0BHN3KKQC,B0C2HWC932,B0C2HSSV6X,B0BRNXRYQ7,B0BHN519DH,B08777BX6H,B0BHN6H8RH,B0C2HW9F3D","Adidas, Shorts"
activewear shorts for men,,,,自然搜索词,0,2,B00AKSCXEI/B08JGBB9N1,,,,,,,,,"14,970",,9,,,,-,,,,,,,,,,,"Shorts, Active"
activeshorts,,,,自然搜索词,0,1,B08JGBB9N1,,,,,,,,,0,,21,,,,-,,,,,,,,,,,Active
a few good men 4k,几个好男人 4k,,,视频广告词,0,1,B0BFDTMBGP,"1,077,154","1,086",62,5.71%,"24,704",481,2,1,12,90.5,1,100.00%,100.00%,$0.94 ,$0.70 - $1.05,B079NBPNTF,95.50%,100.00%,B000OQF6KE,3.00%,0.00%,B0756SZ22D,1.50%,0.00%,"B079NBPNTF,B000OQF6KE,B0756SZ22D,B07TLZS2SG,B094QMBFRC,B07V4NLYGV,B074N1BHPR,B0771SN5HX,B000RJEHJY,B000OMD3MQ",
9inch basketball,,,,SP广告词,0,1,B0BFDVPFKX,,,,,,,,,0,,22,,,,-,,,,,,,,,,,Basketball
90 degree shorts for men,90 度男士短裤,,,自然搜索词,0,1,B08JGBB9N1,"1,658,413",448,15,3.46%,"13,202",207,1,0,315,1.4,3,29.70%,16.70%,$1.10 ,$0.99 - $1.24,B0B1JQHQ3M,13.50%,0.00%,B09X7HDC4K,8.10%,16.70%,B091V1TPX1,8.10%,0.00%,"B091V15ZQT,B085NF55WL,B094G1NNXR,B07HFHM5MV,B08JGBB9N1,B09X7G7564,B07SBHJBSR,B09VBHXCCZ,B0CMV2WM2T,B07SM96ZXL",Shorts
9 shorts men,,,,自然搜索词,0,3,B00AKSCXEI/B0C4GV51WK/B0CHMN8TDS,,,,,,,,,"2,998",,4,,,,-,,,,,,,,,,,Shorts
9 inseam shorts,,,,HR推荐词,0,1,B0BFDSVMPF,,,,,,,,,0,,0,,,,-,,,,,,,,,,,"Shorts, Inseam"
9 inch shorts pocket,,,,HR推荐词/SP广告词,0,1,B0C4GRTZJR,,,,,,,,,0,,0,,,,-,,,,,,,,,,,"Shorts, Pocket"
9 inch shorts men,9寸短裤男,,,自然搜索词,0,1,B00AKSCXEI,"1,197,774","1,358",36,2.70%,"39,398",520,1,0,"2,901",0.5,9,12.70%,0.00%,$1.03 ,$0.77 - $1.29,B01JQTB84C,5.10%,0.00%,B01JQTN8SQ,4.10%,0.00%,B016Y825WW,3.40%,0.00%,"B01JQTN8SQ,B0CSPV7417,B08JDTV536,B08NX99GH4,B0C4YLNGRV,B07F25B6N4,B0CRKD7JZY,B0CX54JVDP,B09P3RHNSY,B07XQ4G1V4",Shorts
9 inch mens shorts,,,,自然搜索词,0,1,B00AKSCXEI,,,,,,,,,"2,459",,4,,,,-,,,,,,,,,,,Shorts
8 inseam shorts men,8下裆短裤男,,,SP广告词,0,1,B0BFDTMBGP,"2,215,829",660,18,2.73%,"15,267",266,1,0,"1,699",0.4,4,33.30%,0.00%,$0.94 ,$0.70 - $1.19,B08JDWYN83,14.60%,0.00%,B0D91Q766B,10.40%,0.00%,B0BJS4R88Z,8.30%,0.00%,"B08Q7N1Q8B,B07HNWC5M9,B06XFFTCBS,B0BJS4R88Z,B0CPW81V5B,B00IEUPBL6,B07F2N88Y9,B0C12PYQ1V,B0CYPRD1W4,B0BPLWM5QP","Shorts, Inseam"
8 inch inseam shorts men,8寸下裆短裤男,,,SP广告词,0,1,B0BFDTMBGP,"1,042,514","1,815",45,2.51%,"39,271",734,2,0,891,2,4,22.80%,0.00%,$1.12 ,$0.86 - $1.28,B08Q7N1Q8B,9.70%,0.00%,B07F2552QK,6.80%,0.00%,B06XFFTCBS,6.30%,0.00%,"B08Q7N1Q8B,B06XFFTCBS,B07F2552QK,B0C12PYQ1V,B0CPW81V5B,B0BZ8FQCJQ,B0BJS4R88Z,B0BNJWZ8PJ,B0CSQJZPNW,B0BLKKQ4SX","Shorts, Inseam"
7inch mens shorts athletic,,,,自然搜索词,0,1,B08JGBB9N1,"1,470,441",945,34,3.61%,"21,248",381,1,0,"39,870",0,9,18.00%,0.00%,$1.77 ,$1.34 - $2.23,B07QV7SBW7,6.60%,0.00%,B0CRQFLWT3,6.60%,0.00%,B0872XZ3KD,4.90%,0.00%,"B0BXWCF25S,B0D3P9XTKV,B09NXV4PD6,B0D1C18PXQ,B085NF55WL,B0CRQFLWT3,B0BZPJW6G4,B0BNW4VZPK,B09CGWK6PR,B08BX4YRYJ","Athletic, Shorts"
7in inseam shorts men,7英寸长的短裤男士,,,自然搜索词,0,1,B09P3T8X61,"1,617,151","1,238",34,2.80%,"27,263",488,1,0,"2,862",0.4,4,14.70%,0.00%,$0.97 ,$0.73 - $1.21,B08JDX6QDR,5.90%,0.00%,B07F25B4GC,4.40%,0.00%,B0BXWBMBW9,4.40%,0.00%,"B07F25B4GC,B0BXWDK38F,B08JDTYHGC,B085NF55WL,B0D1GB9TZ4,B077RV5TZ5,B09DCVRMX6,B07F27XC6G,B0CSPRWDYN,B0BPLWM5QP","Shorts, Inseam"
7 inseam athletic shorts men,,,,自然搜索词,0,1,B09P3T8X61,,,,,,,,,0,,0,,,,-,,,,,,,,,,,"Athletic, Shorts, Inseam"
7 inch running shorts men,7寸跑步短裤男,,,自然搜索词,0,2,B09XQVCZ8B/B0BFDTMBGP,"1,794,435","1,165",207,17.81%,"33,099",559,5,0,"2,027",0.6,8,14.50%,25.00%,$1.64 ,$1.21 - $1.83,B0BXWBMBW9,5.80%,25.00%,B085NF55WL,4.40%,0.00%,B0872XZ3KD,4.40%,0.00%,"B0BXWDVDXC,B0C12XJ159,B09P3RHNSY,B085NF55WL,B09XQVCZ8B,B08BX4YRYJ,B06ZYBSMGM,B0C9MDHMXM,B0D1C18PXQ,B0CHHS25GL","Shorts, Running"
7 inch mens shorts,7寸男士短裤,,,自然搜索词,0,1,B09P3T8X61,"1,898,349",988,31,3.22%,"25,970",470,1,0,"3,615",0.3,4,19.10%,0.00%,$1.00 ,$0.75 - $1.25,B08JDWY3KJ,7.90%,0.00%,B08JDWVDGZ,6.40%,0.00%,B08GLXZSV7,4.80%,0.00%,"B08JDYVDRB,B0BXWDK38F,B07F25B4GC,B0C4YR3NRY,B0C26JGHGY,B077RTN23Y,B09DCVRMX6,B07F2553DV,B0D1C18PXQ,B0D1GB9TZ4",Shorts
7 inch inseam shorts men gym,7英寸内裤男士健身短裤,,,自然搜索词,0,1,B09P3T8X61,"1,437,796",988,31,3.20%,"28,059",466,1,0,"1,410",0.7,9,15.90%,18.20%,$1.40 ,$1.25 - $1.80,B085NF55WL,6.40%,9.10%,B08BX4YRYJ,4.80%,9.10%,B0BXWDK38F,4.80%,0.00%,"B0BXWDK38F,B085NF55WL,B08BX5PF5C,B0D3P9XTKV,B0BZPJW6G4,B0BVMW2HZX,B0D1C18PXQ,B0BNW2Q62D,B09NY1DK1N,B09XQVD5H9","Shorts, gym, Inseam"
7 inch inseam athletic shorts men,,,,自然搜索词,0,1,B09P3T8X61,,,,,,,,,0,,0,,,,-,,,,,,,,,,,"Athletic, Shorts, Inseam"
7 inch gym shorts men,7寸健身短裤男,,,自然搜索词,0,1,B09P3T8X61,"1,844,836",784,24,3.08%,"21,541",363,1,0,"1,731",0.5,4,18.50%,0.00%,$1.36 ,$1.01 - $1.70,B0CRQFLWT3,7.40%,0.00%,B07T4LXBG4,5.60%,0.00%,B0BXWBMBW9,5.60%,0.00%,"B0BXWDK38F,B0CRQFLWT3,B085NF55WL,B0D1C18PXQ,B08BX5PF5C,B0CLRRJRF2,B0CMCJYFC1,B0BZPMDBPM,B0B69FBQ18,B0CJSM512X","Shorts, gym"
7 gym shorts men,,,,自然搜索词,0,1,B09P3T8X61,,,,,,,,,"2,272",,4,,,,-,,,,,,,,,,,"Shorts, gym"
5xl shorts,5xl 短裤,,,自然搜索词,0,1,B09T3QHVVM,"1,077,026","1,543",42,2.74%,"43,306",673,1,0,"1,232",1.3,4,25.50%,7.60%,$1.37 ,$1.14 - $1.54,B072JBQRLG,16.00%,0.00%,B0BNW2X964,4.90%,5.70%,B0945CQ5J9,4.60%,1.90%,"B0945CQ5J9,B0BNWCS686,B0CQ2ZNNKZ,B0868VS5GY,B072JBQRLG,B077XQMB7G,B08LTBCJNT,B0B3QLGR2Q,B0C2JQGDBX,B08LTC53FR",Shorts
4xl shorts for men,4xl 男士短裤,Y,,自然搜索词/AC推荐词,0,1,B09T3QHVVM,"2,215,259",140,3,2.50%,"3,258",54,1,0,"2,442",0.1,8,15.60%,16.70%,$1.13 ,$0.86 - $1.41,B08D2TC7BT,6.30%,0.00%,B09T3R84XZ,6.30%,0.00%,B0CCY32XLR,3.10%,16.70%,"B09T3QHVVM,B08LTBN75C,B08X1RP36Y,B0945GZPMB,B0BZHDP4VX,B0058CUV3G,B01DL9UJXE,B09GYJ7SMW,B06XJCSP17,B07HNWFWRG",Shorts
4xl mens shorts,4xl 男士短裤,,,自然搜索词,0,1,B09T3QHVVM,"1,175,717","1,381",37,2.76%,"35,873",554,1,0,"2,448",0.6,4,12.80%,4.70%,$0.87 ,$0.79 - $1.11,B0945GZPMB,5.10%,3.10%,B0BZHDP4VX,4.00%,1.60%,B07H5QPL1R,3.70%,0.00%,"B0945GZPMB,B08LTBN75C,B08X1RP36Y,B09T3QHVVM,B0BZHDP4VX,B0BX7LHL7R,B0058CUV3G,B01DL9UJXE,B01MQSRBAL,B0BNW34W34",Shorts
4xl,4xl,,,SP广告词,0,1,B0CHMN7XFY,"1,539,941","1,238",48,3.90%,"26,786",590,2,2,"25,712",0.1,5,7.60%,7.40%,$1.19 ,$0.95 - $1.55,B06W588HD6,3.20%,3.70%,B071HG8GSV,2.40%,3.70%,B07T7KZZDJ,2.00%,0.00%,"B06W588HD6,B071HG8GSV,B076124BL3,B08GZLFQVB,B08DP59T9K,B01L8JJ7YG,B0B9VC9N8F,B0BPDYQT14,B07T7KZZDJ,B01MRG7I30",4x
3xl shorts,3xl 短裤,Y,,自然搜索词/AC推荐词,0,2,B08JGBB9N1/B0BFDTMBGP,"1,470,101","1,261",42,3.40%,"32,862",614,1,0,"6,875",0.2,4,20.50%,2.90%,$1.26 ,$0.94 - $1.59,B0728KK8VK,11.80%,0.00%,B08D2TC7BT,4.60%,0.00%,B08D366S6N,4.20%,2.90%,"B08JGBB9N1,B08D2TC7BT,B08D366S6N,B09T3Q8N7W,B094692JQ8,B000MNA0NW,B0174TL954,B00719ZGNO,B01BUJ0JVY,B09WMZK9HG",Shorts
32 degree cool stretch performance mens shorts,,,,SP广告词,0,1,B0C4GV51WK,,,,,,,,,0,,0,,,,-,,,,,,,,,,,"Cool, Performance, Stretch, Shorts"
3 xl,,,,SP广告词,0,1,B0C4GQTCJK,,,,,,,,,0,,20,,,,-,,,,,,,,,,,
3 pack shorts men,,,,自然搜索词,0,1,B0C4GS3QJD,,,,,,,,,"3,757",,5,,,,-,,,,,,,,,,,"Pack, Shorts"
2xl shorts for men,2xl 男士短裤,,,SP广告词,0,1,B0BFDTMBGP,"1,746,220","1,122",33,2.95%,"23,032",491,1,0,"9,833",0.1,4,17.20%,4.20%,$0.86 ,$0.64 - $1.08,B08JGHDWNP,6.30%,4.20%,B0BZH6R6LK,6.30%,0.00%,B08D2TC7BT,4.70%,0.00%,"B0CRHF41F7,B08JG3T2SY,B0BZHGGZGD,B08JTQP6VY,B07H5P8M39,B0CRRF28SH,B08LT98HPS,B00AKSD00Y,B07NDPC6SZ,B071LGZ66P",Shorts
2xl shorts,,,,自然搜索词,0,1,B09XQVCZ8B,,,,,,,,,"11,551",,13,,,,-,,,,,,,,,,,Shorts
2pcs beach shorts,,,,品牌广告词,0,1,B0BLKN87V4,,,,,,,,,0,,5,,,,-,,,,,,,,,,,"Shorts, Beach"
2 in1shorts men,,,,SP广告词,0,1,B0C4GQTCJK,,,,,,,,,0,,25,,,,-,,,,,,,,,,,Shorts
2 in 1 shorts men 5 inch,2合1短裤男5寸,,,SP广告词,0,1,B0BFDSVMPF,"1,657,326",925,4,0.54%,"26,307",445,1,0,271,3.4,1,20.00%,0.00%,$1.39 ,$1.04 - $1.75,B08XM7421N,6.70%,0.00%,B09VBK13ZV,6.70%,0.00%,B0CN15QC17,6.70%,0.00%,"B08BNFYKXR,B09VBK13ZV,B0CPDQB29G,B0CN15QC17,B09WXSHZZK,B0C77BP6F6,B0CN6PDYL7,B0989DYW1X,B09VBRK6DZ,B096Y3XL9D",Shorts
13 inch shorts for men,,,,SP广告词,0,1,B0CHMN8TDS,,,,,,,,,0,,0,,,,-,,,,,,,,,,,Shorts
12angry men,,,,视频广告词,0,1,B0BFDTMBGP,"1,615,986",,,,,,,,0,,0,,,,-,,,,,,,,,,,
11 inch shorts for men,,,,自然搜索词,0,1,B0BFDRQLNC,,,,,,,,,"1,299",,4,,,,-,,,,,,,,,,,Shorts
100 percent cotton gym shorts,百分之百纯棉运动短裤,Y,,自然搜索词/AC推荐词,0,1,B00AKSCXEI,"1,175,194","1,574",50,3.18%,"34,175",697,2,0,246,6.4,6,16.60%,0.00%,$1.29 ,$1.00 - $1.46,B01DL9UJXE,6.80%,0.00%,B0863H2XQZ,5.60%,0.00%,B09T3R578C,4.20%,0.00%,"B0151E6XTG,B0BVMXG7PM,B092ZVW9HQ,B09T3Q83HG,B00M0QFGRY,B007PXVAKE,B0009GA6YA,B00AKSCXEI,B09WDTS9VC,B000KK2NAA","Cotton, Shorts, gym"
10 inch shorts men,,,,自然搜索词,0,1,B08JGBB9N1,,,,,,,,,"3,115",,4,,,,-,,,,,,,,,,,Shorts
gym short,健身房短裤,Y,0.03%,自然搜索词/AC推荐词,"1,464",4,B01AK7Y102/B09P3T8X61/B08JGBB9N1/B09XQVCZ8B,"564,747","3,045",6,0.20%,"65,445","1,475",1,45,"11,204",0.3,22,8.40%,5.30%,$1.35 ,$1.00 - $1.69,B09N8K6B43,3.60%,0.00%,B09PYSSR6D,2.40%,5.30%,B089JY3L85,2.40%,0.00%,"B09PYSSR6D,B0CRHF41F7,B0723CZCRJ,B08JGBB9N1,B09N8K6B43,B0B3RHJD23,B08CXW8ZJD,B07NDP7HYC,B0BWNLRK26,B08LGWPRBQ","gym, Short"
shorts men nike,短裤 男士 耐克,,0.03%,自然搜索词,"1,459",1,B09XQVCZ8B,"213,730","8,429",258,3.07%,"204,590","4,208",6,0,"3,217",2.6,27,9.80%,1.50%,$1.34 ,$1.07 - $1.63,B0CPTG74GX,3.60%,0.00%,B087M3MJ1L,3.30%,0.80%,B07BPLHK9T,2.90%,0.80%,"B07BPLHK9T,B087M3MJ1L,B01JIPH51Y,B0B6KQR5JP,B07NJPDSSX,B07CZC664D,B01AK7XJS2,B09CPFXGD2,B08NYKGWR2,B09PG3392C","Shorts, NIKE"
mens exercise shorts,男式运动短裤,Y,0.03%,自然搜索词/AC推荐词,"1,456",1,B08JGBB9N1,"222,966","11,159",84,0.76%,"264,337","5,086",2,0,"12,309",0.9,9,12.90%,1.10%,$1.54 ,$1.33 - $1.82,B072JBQRLG,7.70%,0.20%,B07H5QPL1R,2.80%,0.40%,B07H5PTQML,2.40%,0.40%,"B08JGBB9N1,B07H5QPL1R,B08CXW8ZJD,B072JBQRLG,B09PYTHR82,B00KUL0W1G,B0C12XJ159,B09P3RHNSY,B0BWQD4FF9,B0151E6WTW",Shorts
gym shorts men 9 inch,男士 9 英寸运动短裤,,0.03%,自然搜索词,"1,454",3,B00AKSCXEI/B08JGBB9N1/B0BFDRQLNC,"389,293","4,219",118,2.80%,"112,376","1,816",3,0,"2,814",1.5,81,7.30%,1.00%,$1.37 ,$1.00 - $1.62,B08JGBB9N1,2.80%,0.00%,B08JGHDWNP,2.30%,1.00%,B08JG3T2SY,2.30%,0.00%,"B08JGBB9N1,B01AK7Y12A,B07H5P8M39,B0BFDZ81ZQ,B0CX54JVDP,B000JC0YJQ,B07NDP7HYC,B08JTQP6VY,B0CRRF28SH,B09LHCQCV6","Shorts, gym"
men sport shorts,男士运动短裤,,0.03%,自然搜索词,"1,439",3,B0C1365SJV/B0151E6WPQ/B00AKSCXEI,"581,017","3,343",118,3.55%,"82,047","1,326",3,0,"17,875",0.2,42,8.20%,3.00%,$1.37 ,$1.02 - $1.73,B0728KK8VK,2.80%,0.80%,B0BFDV4HHP,2.80%,0.80%,B0CRHF41F7,2.60%,1.50%,"B0CRHF41F7,B08JGC1D2G,B07H5QPL1R,B0C1365SJV,B0CRRF28SH,B07BPLHK9T,B07NDP7ZTX,B08LT9MJM2,B01AK7ZK7A,B087M3RDVK",Shorts
mens pink shorts,男士粉色短裤,,0.03%,自然搜索词,"1,428",1,B0C1365SJV,"211,294","7,445",220,2.96%,"152,141","3,246",6,0,"11,274",0.7,26,11.10%,1.80%,$0.99 ,$0.74 - $1.24,B0CPYBTWBQ,4.50%,0.90%,B089PK61LW,3.30%,0.40%,B0C26LGFRP,3.30%,0.40%,"B089PK61LW,B0CQZ4JG1K,B08CMSZS9N,B0C1TXQYMY,B0C26LGFRP,B096858XP9,B08P64BCHP,B09C8R78HW,B0CCRYM7LX,B0CPYBTWBQ","Shorts, Pink"
mens running shorts 7 inch,男士跑步短裤 7 英寸,,0.03%,自然搜索词/SP广告词,"1,403",1,B09XQVCZ8B,"231,553","7,742",54,0.71%,"201,722","3,410",2,0,"1,982",3.9,54,9.00%,0.30%,$1.50 ,$1.12 - $1.87,B0BXWBMBW9,3.40%,0.30%,B0BFDSKS9H,3.00%,0.00%,B089JY3L85,2.70%,0.00%,"B0BXWDVDXC,B0C12XJ159,B085NF55WL,B09P3RHNSY,B09XQVCZ8B,B0D1C18PXQ,B0CLRRJRF2,B09XQWCCGR,B01FJNR4JW,B0CHHS25GL","Shorts, Running"
mens athletic shorts with pockets,男式带口袋运动短裤,,0.03%,SP广告词,"1,401",3,B0C1365SJV/B0BFDVPFKX/B09XQVCZ8B,"228,115","8,261","1,618",19.60%,"227,145","3,178",37,0,"24,501",0.3,95,14.60%,1.00%,$1.02 ,$0.68 - $1.75,B072JBQRLG,8.80%,0.50%,B08JGBB9N1,3.40%,0.00%,B08JG3T2SY,2.40%,0.50%,"B0CRHF41F7,B08JG3T2SY,B00KUL0W1G,B0CRRF28SH,B0D2XLMYGW,B07BPLHK9T,B0C1365SJV,B0BWNHZCCR,B072JBQRLG,B00719ZR9M","Athletic, Shorts"
active shorts men,运动短裤男士,Y,0.03%,自然搜索词/AC推荐词,"1,399",2,B08JGBB9N1/B09XQVCZ8B,"401,001","4,824",444,9.22%,"131,200","2,248",11,0,"3,312",1.5,9,12.30%,4.20%,$1.45 ,$1.09 - $1.80,B0723CZCRJ,6.30%,0.00%,B08JGBB9N1,3.80%,3.50%,B08JGC1D2G,2.30%,0.70%,"B08JGBB9N1,B0CRHF41F7,B08JTWR1S3,B07NDP7ZTX,B01AK7Z1ZG,B09PYTB8SD,B07BPLHK9T,B0BQ1WFHVV,B085NF55WL,B0723CZCQT","Shorts, Active"
men mesh shorts,男士网眼短裤,,0.03%,自然搜索词,"1,380",4,B0C1365SJV/B00AKSCXEI/B08JGBB9N1/B01AK7Y102,"591,888","2,588",8,0.34%,"67,770","1,121",1,1,"11,332",0.2,10,10.00%,0.00%,$1.05 ,$0.80 - $1.33,B08JLFDRWS,3.50%,0.00%,B0CT2FRFBW,3.50%,0.00%,B0CRQFLWT3,3.00%,0.00%,"B000JC0YJQ,B000J9YQOS,B01ES40ZBW,B08JGBB9N1,B00719ZR9M,B07CZBPF1B,B00719ZMA6,B07NDP7HYC,B0CRQFLWT3,B08JTQP6VY","Mesh, Shorts"
womens shorts,女式短裤,,0.03%,SP广告词,"1,379",1,B0BFDTMBGP,682,"810,596","2,107",0.26%,"22,130,870","326,391",48,3,"57,461",14.1,643,4.10%,0.80%,$0.92 ,$0.68 - $1.14,B0C9FVG38X,1.60%,0.00%,B016YKK7CA,1.30%,0.30%,B0BJQ3J716,1.20%,0.50%,"B074H73H4D,B016YKKHWU,B096MYKHL8,B096N1FWXY,B08P1SB5TZ,B08SQPHGQS,B08SQ6NFHS,B0BJQ3J716,B08B4PVJCH,B07R6PGGT9",Shorts
gymshark men,健身鲨男士,,0.03%,自然搜索词,"1,370",1,B09XQVCZ8B,"84,790","22,656",645,2.85%,"660,877","9,612",15,0,762,29.7,20,10.10%,0.90%,$1.26 ,$0.87 - $1.47,B077ZJXCTS,4.10%,0.50%,B0BZDLXKTS,3.40%,0.00%,B09VBK13ZV,2.50%,0.50%,"B077ZJXCTS,B0C1JKXQJW,B07JGTXY2F,B08NWMR7LT,B09VBK13ZV,B07QV7SBW7,B08ZRWX3F8,B07WRNVZR2,B07QMCBVS3,B09H7BQWT5",gymshark
black nike shorts,黑色耐克短裤,,0.03%,自然搜索词/SP广告词,"1,365",1,B09XQVCZ8B,"229,407","6,431",947,14.73%,"157,337","2,956",22,0,"2,582",2.5,29,21.90%,4.00%,$1.17 ,$0.88 - $1.48,B087M3MJ1L,7.90%,4.00%,B001MB1MPS,7.60%,0.00%,B001MAZSSQ,6.40%,0.00%,"B087M3MJ1L,B01JIPGJMU,B0B6KQR5JP,B001MB1MPS,B072118MKS,B07NJNW4QL,B001MAZSSQ,B088XWQ8TH,B08CNP7NS1,B01FYZ2GBG","Black, NIKE, Shorts"
basketball shorts for men,男子篮球短裤,,0.03%,自然搜索词,"1,363",1,B0C1365SJV,"222,573","8,624",855,9.92%,"200,906","3,981",20,1,"16,541",0.5,85,8.60%,1.00%,$0.99 ,$0.74 - $1.24,B07NDP7ZTX,4.10%,0.00%,B094G2MSJ4,2.60%,0.40%,B0CRHF41F7,1.90%,0.70%,"B08JGHDWNP,B0CRHF41F7,B07NDP7ZTX,B08S99RBHL,B0CRRF28SH,B01AK7Z5BG,B07BPLHK9T,B0036OS6LC,B08LTBN75C,B0D46GM438","Basketball, Shorts"
athletic shorts for men 7 inch inseam,男式运动短裤 7 英寸内缝,,0.03%,自然搜索词,"1,356",3,B09P3T8X61/B09XQVCZ8B/B08JGBB9N1,"600,458","2,902",2,0.10%,"64,181","1,169",1,0,"1,937",1.5,20,13.60%,0.70%,,-,B0BNW4VZPK,5.30%,0.00%,B0CRQFLWT3,4.90%,0.70%,B09W9J74JC,3.50%,0.00%,"B08CXW8ZJD,B0D3P9XTKV,B0BNW4VZPK,B08BX4YRYJ,B0D1C18PXQ,B0C1TXY8W2,B09439RD8Y,B0CJSM512X,B094346J66,B0CRQFLWT3","Athletic, Shorts, Inseam"
black athletic shorts men,黑色运动短裤男士,,0.03%,自然搜索词,"1,354",2,B09P3T8X61/B09XQVCZ8B,"232,970","7,182",93,1.30%,"208,003","3,209",3,0,"9,872",0.7,45,24.20%,3.40%,$1.47 ,$1.32 - $1.70,B072JBQRLG,14.00%,0.30%,B07R1J9J3J,7.50%,1.30%,B08JG31VTR,2.70%,1.90%,"B0CRHQSFQQ,B08JG31VTR,B0CRHF41F7,B012JZ187M,B0728KK8VK,B08JTQP6VY,B0BXWCF25S,B0BXWDK38F,B0CSNTYBY1,B0BR7DNZBM","Athletic, Black, Shorts"
adidas shorts men,阿迪达斯男士短裤,,0.03%,自然搜索词,"1,351",2,B0CHMN8TDS/B09P3T8X61,"17,632","83,447",342,0.41%,"1,995,805","38,759",8,0,837,99.7,65,15.10%,2.70%,$0.79 ,$0.46 - $0.99,B09XLL648Z,6.00%,1.60%,B0878Y8YRQ,5.50%,0.80%,B0C3WXGQX9,3.60%,0.30%,"B0C2JRLYH8,B09Y2SZ95Z,B08793B3RM,B08HJTYRPQ,B09XLL648Z,B0C3WXGQX9,B09Y2VG81M,B010DKQO2E,B0CHR3J39D,B08791PX1J","Adidas, Shorts"
deals,交易,,0.03%,SP广告词,"1,349",3,B0B4RQCZR1/B0BFDVPFKX/B0BFDTMBGP,"3,533","204,049","1,979",0.97%,"4,604,100","86,933",45,12,"4,483",45.5,373,8.40%,9.10%,$2.05 ,$1.54 - $2.57,B07BGLT25K,3.40%,4.10%,B0CDZJ9JJC,2.70%,3.30%,B0CC8X9W29,2.30%,1.80%,"B07BGLT25K,B0CDZJ9JJC,B0CC5C3GYR,B0CPFXMMBH,B00CZ7VOTW,B0CC8X9W29,B0C2CY22B8,B00L2MWLMK,B09NW92T8Q,B07814LW39",
pack of shorts for men,男装短裤,Y,0.03%,自然搜索词/AC推荐词,"1,332",3,B0CHMN8TDS/B0C1365SJV/B08JGBB9N1,"416,325","4,275",514,12.03%,"106,841","1,838",12,0,"18,398",0.2,5,14.10%,7.20%,$0.97 ,$0.73 - $1.14,B0BNW2Q62D,6.60%,4.80%,B08LT8LY5N,4.10%,0.80%,B0BNW29CRN,3.40%,1.60%,"B08JGBB9N1,B0CRHF41F7,B0BNW29CRN,B07NDP7ZTX,B08LT8LY5N,B0D2S2Y2RQ,B07H5QPL1R,B0BNW2KC41,B0D2MRK7G4,B0BX7JC52G","Pack, Shorts"
workout sets for men,男士健身套装,,0.03%,自然搜索词,"1,328",1,B08JGBB9N1,"221,671","7,646",32,0.43%,"224,291","3,306",1,0,"11,888",0.6,23,17.00%,2.70%,$1.36 ,$1.01 - $1.70,B0B9RW6T5N,11.00%,2.70%,B0CDRH8BVK,3.10%,0.00%,B0BNW2CZNM,2.90%,0.00%,"B0C14BB4B7,B0BNW2CZNM,B0CL52N3NK,B09SPW1QYT,B0BRNB4JBL,B0BKLTLSPN,B07DRMT92L,B077ZKDQLV,B07BLXXSP3,B09SPY46LP",Workout
men's exercise shorts,男士运动短裤,Y,0.03%,自然搜索词/AC推荐词,"1,324",2,B0CHMN8TDS/B08JGBB9N1,"247,784","13,049",386,2.97%,"376,755","5,467",9,0,"12,246",1.1,28,7.90%,0.00%,$1.54 ,$0.99 - $3.10,B09PYGS29Y,3.00%,0.00%,B079N49KN2,2.80%,0.00%,B0723CZCRJ,2.20%,0.00%,"B07H5QPL1R,B08JGBB9N1,B09P3RHNSY,B0CRRGWXMS,B072JBQRLG,B09PYTHR82,B0C12XJ159,B00KUL0W1G,B08CXW8ZJD,B0151E6WTW",Shorts
mens comfy shorts,男士舒适短裤,Y,0.03%,自然搜索词/AC推荐词,"1,318",3,B09T3QHVVM/B08JGBB9N1/B09XQVCZ8B,"439,425","3,824",436,11.42%,"107,224","1,526",10,0,"10,670",0.4,53,9.30%,2.50%,$1.04 ,$0.81 - $1.33,B08JGBB9N1,4.20%,2.50%,B09N8PKWXR,2.60%,0.00%,B09DCTLVCC,2.50%,0.00%,"B08JGBB9N1,B0CRRGWXMS,B09DCTLVCC,B01BUJ0P2M,B07H5Q7BNT,B00M0QFMSW,B07PM93Y17,B00AKSCZWI,B085DZVM4B,B09T3QHVVM","Shorts, Comfy"
athletic works shorts men,运动短裤男,,0.03%,自然搜索词,"1,310",2,B00AKSCXEI/B08JGBB9N1,"431,899","3,768",123,3.28%,"95,093","1,745",3,0,"3,615",1,27,14.10%,2.30%,$1.24 ,$0.93 - $1.54,B08JGBB9N1,6.10%,0.80%,B08JTQP6VY,4.50%,0.80%,B08JG3T2SY,3.60%,0.80%,"B08JGBB9N1,B01ES4116U,B0CRQFLWT3,B0BFDV4HHP,B07NF2Z4RJ,B09XQXCG6C,B00719ZR9M,B08JTQP6VY,B0BRCL4VRD,B072JBQRLG","Athletic, Shorts"
men's tennis shorts,男子网球短裤,,0.03%,自然搜索词,"1,310",2,B09P3T8X61/B08JGBB9N1,"410,527","5,077",182,3.59%,"117,296","2,029",5,2,"2,424",2.1,18,12.20%,1.70%,$1.28 ,$0.87 - $2.58,B0C664PFY5,4.20%,0.00%,B09XLMJ3XX,4.00%,0.80%,B0C66789T5,3.90%,0.80%,"B0C66789T5,B0BTJDD9XB,B0C1JHLB6Y,B09XLMJ3XX,B0BVSSZLSJ,B08797294F,B09XLLCGL4,B0C53QJGTX,B09Y2SX673,B0CTBP1JX8","Shorts, Tennis"
spandex shorts men,氨纶短裤男士,,0.03%,自然搜索词,"1,290",1,B09P3T8X61,"224,904","7,933",111,1.41%,"207,001","3,302",3,0,"4,693",1.7,30,21.40%,9.00%,$1.32 ,$0.99 - $1.64,B0CSS7DZ1G,8.50%,5.30%,B094JKXP76,6.70%,2.90%,B094JNYK97,6.30%,0.80%,"B094JKXP76,B094JNYK97,B0962XT4X8,B0874X78ZL,B01ES407HO,B0CSS7DZ1G,B082WDVVRR,B0CGR7CC4B,B089T92G5J,B06XRPYZDW","Shorts, Spandex"
men's basketball shorts with pockets,男式带口袋篮球短裤,,0.03%,自然搜索词,"1,287",3,B01AK7Y102/B0C1365SJV/B00AKSCXEI,"620,950","2,825",96,3.40%,"65,309","1,315",3,0,"12,184",0.2,21,12.00%,3.40%,,-,B07NDP7ZTX,7.10%,1.40%,B0CRHF41F7,2.70%,0.70%,B0CRRF28SH,2.20%,1.40%,"B08JGHDWNP,B07NDP7ZTX,B0CRHF41F7,B0CRRF28SH,B08JTQP6VY,B09P2189MX,B0D2MRK7G4,B0D46GM438,B0036OS6KI,B0D48YDHXK","Basketball, Shorts"
dri fit shorts,舒适的短裤,Y,0.03%,自然搜索词/AC推荐词,"1,286",3,B09P3T8X61/B09XQVCZ8B/B08JGBB9N1,"651,021","2,804",77,2.77%,"76,009","1,210",2,0,"3,443",0.8,24,8.80%,0.00%,$1.13 ,$0.81 - $1.37,B0BVT9V2XD,4.20%,0.00%,B09XQVCZ8B,2.60%,0.00%,B07H5QPL1R,2.00%,0.00%,"B08JGBB9N1,B07H5QPL1R,B09XQVCZ8B,B08LTB9SZW,B08JLCW32G,B087M3MJ1L,B0B1LS2RCT,B083W47YW5,B01AK7XUGS,B08RJBP7VY",Shorts
drawstring shorts men,抽绳短裤男士,,0.03%,自然搜索词,"1,283",1,B0151E6WPQ,"238,636","8,654","1,534",17.73%,"188,692","3,376",35,0,"6,081",1.4,113,9.20%,0.00%,$1.02 ,$0.92 - $1.27,B06XWMWW9D,3.30%,0.00%,B01JQTC2HY,3.20%,0.00%,B0C26D741D,2.70%,0.00%,"B0BWNMWLJX,B0C26D741D,B07NF3V7M5,B07XJCK47H,B08S6MQKKJ,B01JQTE4HU,B0BLKKW3M4,B08JHJXT8S,B00M0QH4K6,B0C26JCDM4","Shorts, Drawstring"
hanes jersey pocket shorts women,HANES 女式针织口袋短裤,,0.03%,自然搜索词,"1,283",1,B0151E6WPQ,"244,634","3,796",118,3.13%,"101,869","1,566",3,0,267,14.2,24,36.40%,10.60%,,-,B016YKK7CA,17.30%,3.40%,B016YKKHOI,9.70%,4.80%,B016YKKHWU,9.40%,2.40%,"B016YKK3LA,B0170AD4BE,B0BTTND3T4,B0BVMVJ8MY,B0BN4RVSTQ,B08B4Q4MDH,B016LJ86G8,B0BTTP9Z3W,B082XK4W7W,B016LJ8FVO","Shorts, Pocket, Jersey, Hanes"
basket ball shorts,篮球短裤,,0.03%,自然搜索词,"1,269",2,B0BFDRQLNC/B0C1365SJV,"426,132","3,269",14,0.43%,"66,156","1,397",1,0,"13,632",0.2,10,21.00%,6.60%,$0.81 ,$0.62 - $1.01,B07NDP7ZTX,11.40%,5.20%,B0728KK8VK,7.10%,0.00%,B0CRHF41F7,2.50%,1.50%,"B0CRHF41F7,B07NDP7ZTX,B08JG3T2SY,B0D46GM438,B08JTQP6VY,B07BPLHK9T,B08LTBN75C,B0D2MRK7G4,B08S934M55,B0723CZCRJ","Shorts, Ball"
northyard,北院,Y,0.03%,自然搜索词/AC推荐词/SP广告词,"1,262",3,B0CHMN7XFY/B0BFDRQLNC/B0BFDTMBGP,"261,810","8,924",260,2.92%,"248,045","3,503",6,256,267,33.4,128,11.00%,1.50%,$7.98 ,$5.98 - $9.97,B0BFDSKS9H,4.50%,0.40%,B0D3XT936N,3.60%,0.00%,B0BXCFMHHB,2.90%,1.10%,"B09P3RHNSY,B0BVMD965M,B0BXCFMHHB,B0BQ23HZ2H,B0BXCBZ7R1,B0BXC9J7BL,B0BVW3WSCS,B0CY25YZN3,B0CLCFN4DJ,B0BFDXWSZY",
men shorts with zipper pockets,拉链口袋男士短裤,,0.03%,自然搜索词,"1,253",2,B09XQVCZ8B/B0BFDRQLNC,"247,783","7,089",253,3.57%,"157,040","3,374",6,0,"4,096",1.7,26,9.90%,0.00%,$1.62 ,$1.22 - $2.02,B0BQT4KHWT,3.90%,0.00%,B0BG5263ZM,3.10%,0.00%,B0B1LGYYKB,2.90%,0.00%,"B0B1LGYYKB,B0CJ1D8N79,B08YY9HW63,B09VT6R6C7,B0BX7KWDWY,B0D2TJ12XX,B08LT9MJM2,B08LTBLD95,B0CX54JVDP,B08VRDJ55L","Zipper, Shorts, Zipper Pocket"
nylon shorts men,尼龙短裤男,Y,0.03%,自然搜索词/AC推荐词,"1,252",2,B08JGBB9N1/B09P3T8X61,"326,486","6,315",173,2.75%,"180,232","2,748",4,0,"14,246",0.4,14,19.30%,2.00%,$1.25 ,$0.93 - $1.55,B0723CZCRJ,9.60%,0.70%,B0C26GLSZN,6.10%,0.00%,B0C26C41RZ,3.80%,1.40%,"B0C26GLSZN,B083VR377G,B00719ZSHS,B08JGBB9N1,B0CJ1D8N79,B075MYDWW1,B08JTQP6VY,B08D2QCQT7,B0BGG6MWC1,B07NF3V7M5","Nylon, Shorts"
casual shorts for men,男士休闲短裤,,0.02%,自然搜索词/SP广告词,"1,211",1,B09T3QHVVM,"104,181","21,279","3,042",14.30%,"582,467","9,922",70,0,"24,874",0.9,44,8.70%,0.30%,$1.45 ,$1.09 - $1.80,B0CRZ8TSYQ,3.60%,0.00%,B009CTUG04,2.80%,0.00%,B0BLKKW3M4,2.30%,0.30%,"B0CRZ8TSYQ,B009CTUG04,B0BLKKW3M4,B016Y8263A,B07YP9TWCX,B01JQTN8HM,B0B1LMFBDV,B078VZ5QBW,B0CRKQFTDG,B07H5P8M39","Shorts, Casual"
basketball jersey for men,男子篮球衫,,0.02%,自然搜索词,"1,206",1,B0151E6WPQ,"104,948","18,764",37,0.20%,"555,950","7,736",1,5,"11,280",1.7,66,8.40%,1.50%,$1.22 ,$0.92 - $1.52,B09XB83GP8,3.00%,0.40%,B09Z81VVVJ,2.80%,0.00%,B07QCGZ4PX,2.70%,1.10%,"B07QCGZ4PX,B09XB83GP8,B009KKYLD8,B0C8LHV4RN,B0C1ZV5QYL,B00CJMFVU6,B077NS16ZF,B0CFTG4P5Q,B0B9KCGJKS,B07T12VPN8","Basketball, Jersey"
training shorts men,男子训练短裤,,0.02%,自然搜索词,"1,201",2,B09P3T8X61/B09WMYXNJ9,"258,736","6,439",587,9.12%,"155,656","2,483",14,0,"3,703",1.7,113,11.70%,0.60%,$1.37 ,$1.02 - $1.73,B072JBQRLG,6.20%,0.00%,B089JY3L85,3.30%,0.00%,B08XM7421N,2.30%,0.60%,"B0CRHF41F7,B01AK7Y12A,B08BCK9G6R,B08JG3T2SY,B0723CZCQT,B0987C93NK,B0D1QZ7464,B09VBK13ZV,B09PYSSR6D,B087M3MJ1L","Shorts, Training"
under armour gym shorts for men,Under Armour 男士健身短裤,,0.02%,自然搜索词,"1,200",3,B0C4GS3QJD/B01AK7Y102/B09XQVCZ8B,"440,468","3,148",71,2.28%,"72,017","1,265",2,0,425,7.4,30,14.00%,0.80%,$0.90 ,$0.53 - $1.80,B0728BNL9X,5.50%,0.00%,B071P2P4JB,5.00%,0.00%,B0714D4Q4B,3.60%,0.80%,"B07CZCCGY8,B0942X45Y3,B082BGKDV1,B0942R17Z5,B0C12XJ159,B08875T7XG,B089MQNZ41,B09X6J9T51,B093LV4DT1,B09JL25VRT","Shorts, gym, Under Armour"
nike workout shorts men,耐克运动短裤男,,0.02%,自然搜索词,"1,192",2,B09P3T8X61/B09XQVCZ8B,"469,175","3,121",230,7.37%,"75,053","1,263",6,0,"1,274",2.5,12,12.20%,5.00%,$1.39 ,$1.04 - $1.75,B087M3MJ1L,4.80%,1.00%,B07BPL162D,4.20%,3.00%,B001MB1MPS,3.20%,1.00%,"B07BPL162D,B087M3MJ1L,B071WL718C,B09XQVCZ8B,B09CPFXGD2,B0B6KF9RVT,B01AK7Z2AU,B077XQMB7G,B07CZC664D,B07QV7SBW7","Workout, NIKE, Shorts"
work shorts for men,男士工作短裤,,0.02%,自然搜索词,"1,188",2,B01AK7Y102/B00AKSCXEI,"38,985","45,810","6,953",15.18%,"1,318,003","20,074",158,6,"21,670",2.1,199,11.40%,1.90%,$0.79 ,$0.58 - $0.99,B00EC83JQ8,4.10%,0.60%,B078VZ5QBW,3.90%,1.10%,B0953MT8P7,3.50%,0.20%,"B078VZ5QBW,B08RBHG3F9,B00EC83JQ8,B0032YVLPE,B000LNE9QW,B00XKYM2AE,B075MRS4PT,B00EC83IDW,B01M5FU6CH,B0BQQLX268",Shorts
pickleball shorts for men,男士泡菜球短裤,,0.02%,自然搜索词,"1,185",2,B01AK7Y102/B08JGBB9N1,"465,894","4,318",17,0.40%,"96,015","2,006",1,0,331,13.1,16,15.10%,1.20%,$1.13 ,$0.86 - $1.41,B07H5Q7BNT,5.90%,0.60%,B0BFDV4HHP,5.80%,0.60%,B07H5PTQML,3.40%,0.00%,"B09P3V2ZCD,B07H5Q7BNT,B09VBRK6DZ,B0BZPJW6G4,B0C66789T5,B0728KK8VK,B095GD1JG6,B09PYR7WHV,B0CHZZR6Q6,B0937K3RQ7","Shorts, pickleball"
men's sleep shorts,男士睡眠短裤,Y,0.02%,自然搜索词/AC推荐词,"1,181",1,B09T3QHVVM,"268,801","6,628","1,122",16.94%,"172,087","2,625",26,2,"4,185",1.6,13,15.40%,0.90%,$1.79 ,$1.16 - $3.60,B07PM93Y17,7.10%,0.60%,B07HPCQ8CS,5.60%,0.00%,B09V6FN1Y7,2.70%,0.30%,"B00M0QH4K6,B07PM93Y17,B09T3QHVVM,B07C3TBJWC,B0CJK4RSTC,B08VFC3W7S,B07HFGBPH8,B08L4X2BJX,B00RFHM21G,B09KP3873L",Shorts
mens gym shorts with pockets,男式带口袋运动短裤,,0.02%,自然搜索词,"1,172",3,B0CHMN8TDS/B01AK7Y102/B00AKSCXEI,"483,377","3,087",571,18.52%,"64,055","1,194",13,0,"6,351",0.5,52,11.60%,4.10%,$1.47 ,$1.10 - $1.84,B0CRHF41F7,4.50%,1.50%,B0723CZCRJ,4.30%,0.50%,B00KUL0W1G,2.80%,2.00%,"B0CRHF41F7,B08JG3T2SY,B0151E6WX8,B00719ZR9M,B01AK7Y102,B0CRRF28SH,B07NDP7ZTX,B0723CZCRJ,B0CRRGWXMS,B0CRQFLWT3","Shorts, gym"
neleus mens shorts,neeus 男士短裤,,0.02%,自然搜索词,"1,169",3,B0BFDVPFKX/B08JGBB9N1/B09XQVCZ8B,"264,072","7,798",9,0.12%,"193,968","3,636",1,0,129,60.5,61,10.50%,0.40%,$2.16 ,$1.62 - $2.70,B09SGFVQV9,3.60%,0.40%,B07PRW366G,3.60%,0.00%,B07PRV2TWG,3.40%,0.00%,"B07PRV2TWG,B08346K3ZS,B082WDVXNM,B0C33GV54L,B0C33JJJMB,B06XRWXXC7,B08YN9NXRB,B074TFTGN4,B084CZKT16,B08LTB9SZW",Shorts
mens shorts clearance,男式短裤清仓,,0.02%,自然搜索词,"1,163",2,B0C1365SJV/B00AKSCXEI,"452,121","3,069",417,13.60%,"70,437","1,217",10,0,"44,279",0.1,9,9.40%,0.00%,$1.00 ,$0.76 - $1.14,B0D17JDQRC,3.40%,0.00%,B0CZBH3N9F,3.20%,0.00%,B0D918R8D8,2.80%,0.00%,"B0BWNHZCCR,B016Y8268U,B01JQTN8SQ,B0CRHF41F7,B08LTBLD95,B0151E6OVI,B0C1365SJV,B07MMT3MH8,B0CSND5N62,B0C3WXGQX9","Clearance, Shorts"
cotton shorts for men,男士棉质短裤,,0.02%,自然搜索词/SP广告词,"1,160",3,B00AKSCXEI/B09T3QHVVM/B0151E6WPQ,"272,048","8,111",47,0.59%,"190,691","3,824",2,4,"8,233",1,48,10.30%,2.00%,$1.39 ,$1.02 - $1.55,B0151E6WPQ,4.70%,0.90%,B0151E6OUY,3.10%,0.60%,B09T3QJ8ZY,2.60%,0.60%,"B0151E6WPQ,B0151E6OUY,B09T3QJ8ZY,B00M0QFMSW,B0BVMXG7PM,B007PXVAKE,B00AKSCZWI,B07PN75241,B0D2S5ZFLV,B00AKSCZ6Y","Cotton, Shorts"
black basketball shorts men,黑色篮球短裤男,,0.02%,自然搜索词,"1,155",1,B0BFDRQLNC,"247,331","5,670",80,1.42%,"166,606","2,654",2,0,"7,602",0.8,8,23.70%,8.30%,$1.13 ,$0.81 - $1.62,B0723CZCRJ,10.30%,1.80%,B0CRHR9D5R,9.40%,4.70%,B0CRHRGYHT,4.10%,1.80%,"B0CRHR9D5R,B0723CZCRJ,B08JTQP6VY,B01ES40ZBW,B0CRRF28SH,B08JG69T9W,B09P22S6CG,B0CRHF41F7,B0BWNKWJ1H,B0036OS6KI","Basketball, Black, Shorts"
hanes black t shirts for men,hanes 男士黑色 T 恤,,0.02%,自然搜索词,"1,141",1,B0151E6WPQ,"93,688","18,698",605,3.24%,"399,756","7,321",14,0,569,32.9,40,34.40%,7.60%,$1.21 ,$0.92 - $1.51,B00KBZOTKG,13.50%,5.00%,B07KCN4G6T,10.80%,0.00%,B00KBZOR9O,10.10%,2.60%,"B00KBZOTKG,B08F2PGVHR,B0BNP7STX3,B0B28K34VW,B00UOO7IQQ,B07JDFPQTC,B00KBZTA4G,B00NOY3JPC,B00KBZQ1T8,B0C629PTFM","Black, Hanes"
men's lounge shorts,男士休闲短裤,Y,0.02%,自然搜索词/AC推荐词,"1,139",2,B09T3QHVVM/B08JGBB9N1,"519,017","3,376",93,2.77%,"96,626","1,455",3,5,"2,262",1.5,21,11.20%,0.00%,$1.41 ,$0.99 - $2.84,B0723CZCRJ,4.50%,0.00%,B0C31GSKKP,4.00%,0.00%,B07HFGYCJ9,2.70%,0.00%,"B00FDVS0ZS,B0C31GSKKP,B07HFGYCJ9,B09T3QHVVM,B08JGBB9N1,B07GXZ23KG,B0151E6TM2,B01N7GAC81,B0BNJVGP1P,B08VF995KY","Lounge, Shorts"
sport,体育,,0.02%,自然搜索词,"1,134",1,B0C1365SJV,"97,185","16,211",4,0.03%,"375,790","6,462",1,172,"109,880",0.2,301,7.30%,7.10%,$2.50 ,$1.87 - $3.13,B09DF9NWC7,2.90%,4.80%,B0CSD1DDWD,2.40%,0.00%,B0B9RW6T5N,2.00%,2.40%,"B07DX89ZHN,B0007DHT8Q,B019GU4ILQ,B001P92FMG,B09DF9NWC7,B00LZSJ642,B0CYNFWD2R,B07HSH7MVL,B08TQ8B1KH,B072T369KT",
lightweight shorts for men,男士轻便短裤,,0.02%,自然搜索词,"1,120",3,B09T3QHVVM/B09P3T8X61/B00AKSCXEI,"703,718","2,616",77,2.96%,"67,629","1,162",2,0,"17,107",0.2,18,6.80%,0.90%,$1.61 ,$1.46 - $1.91,B078VZ2HVS,2.80%,0.00%,B08PCYCQYP,2.00%,0.90%,B09SKWNB88,2.00%,0.00%,"B0B1LB9B18,B078VZ2HVS,B08PCYCQYP,B0151E6PB2,B08JG3T2SY,B016Y8268U,B0151E6TM2,B08LT9MJM2,B0BNMF7HFB,B07H5QPL1R","Shorts, Lightweight"
gym wear for men,男士运动服,,0.02%,自然搜索词,"1,104",2,B09P3T8X61/B08JGBB9N1,"486,389","3,673",403,10.98%,"95,317","1,722",10,0,"25,150",0.2,17,11.80%,1.30%,$0.75 ,$0.56 - $0.94,B0B728NH19,4.20%,1.30%,B07RP2ZQ3G,4.20%,0.00%,B077ZJXCTS,3.50%,0.00%,"B0B728NH19,B077ZJXCTS,B0785VMVF4,B07448K9DC,B08RYRJW2L,B09ZD1VP4J,B083463RFH,B096W1J4WG,B08LTBLD95,B0C14BB4B7",gym
men workout clothes,男士运动服,,0.02%,自然搜索词,"1,098",4,B09WMZR2XM/B0BFDVPFKX/B0C4GV51WK/B08JGBB9N1,"287,833","6,309",23,0.38%,"184,998","2,427",1,0,"59,462",0.1,212,12.10%,3.00%,$1.27 ,$0.95 - $1.60,B07BLXWXP8,6.20%,1.50%,B077ZJXCTS,3.30%,1.50%,B0BZDLXKTS,2.70%,0.00%,"B0785VMVF4,B083463RFH,B08BC4HDS2,B0BNW2CZNM,B077ZJXCTS,B08RYQXJPK,B07JG7WN8L,B08JGBB9N1,B09ZD82V6S,B07DRNTL8K",Workout
mens ahorts,男装,,0.02%,自然搜索词,"1,096",4,B0BFDRQLNC/B0BLKN87V4/B09T3QHVVM/B0C1365SJV,"943,857","2,022",52,2.58%,"51,658",815,2,0,"44,317",0.1,4,6.70%,1.20%,$1.28 ,$0.97 - $1.61,B07T3KL19K,2.50%,1.20%,B016Y825ZE,2.20%,0.00%,B0B1LRLY9T,2.00%,0.00%,"B07YP9TWCX,B07H5QPL1R,B016Y820AY,B0151E6PB2,B01JQTB3PG,B078W113QW,B0C26D741D,B08TB8595Q,B082TJ8LV7,B009CTU8CA",
shorts pack men,短裤包男,Y,0.02%,自然搜索词/AC推荐词,"1,095",2,B0C1365SJV/B08JGBB9N1,"511,596","2,955",76,2.60%,"85,021","1,136",2,0,"18,170",0.2,6,9.00%,3.20%,$1.09 ,$0.81 - $1.36,B08JGBB9N1,3.20%,2.10%,B08LT8LY5N,3.00%,0.00%,B0BNW2KC41,2.70%,1.10%,"B0CRHF41F7,B08JGBB9N1,B0BNW2KC41,B0BNW29CRN,B0BX7JC52G,B0D2S2Y2RQ,B08LT8LY5N,B07NDP7ZTX,B07H5QPL1R,B08LTC53FR","Pack, Shorts"
black nike shorts men,黑色耐克短裤男,,0.02%,自然搜索词,"1,090",2,B09P3T8X61/B09XQVCZ8B,"496,853","2,996",385,12.88%,"79,166","1,398",9,0,"1,842",1.6,5,20.00%,2.90%,$1.24 ,$0.93 - $1.54,B001MAZSSQ,8.40%,2.90%,B087M3MJ1L,6.60%,0.00%,B095NFCV38,5.10%,0.00%,"B087M3MJ1L,B0B6KQR5JP,B072118MKS,B001MAZSSQ,B07NJNW4QL,B001MB1MPS,B01JIPGJMU,B098N14C66,B07DX2N7JQ,B0BN4NNGGZ","Black, NIKE, Shorts"
layer 8 mens shorts,8层男士短裤,,0.02%,自然搜索词,"1,083",2,B08JGBB9N1/B0BFDRQLNC,"286,400","6,374","1,461",22.93%,"130,484","2,614",34,0,673,9.5,38,51.00%,4.10%,$1.41 ,$1.07 - $1.77,B0B191421B,24.60%,0.00%,B09YMP7YY5,14.80%,4.10%,B0B193P4T7,11.60%,0.00%,"B0B191421B,B09YMP2F12,B0C1JJDFVJ,B085NF55WL,B08LG561T3,B0BS3S1MHC,B08CVT9XVV,B0BS2NJ6S5,B072FR48XF,B09XQWCCGR",Shorts
eddie bauer mens shorts,埃迪鲍尔男士短裤,,0.02%,自然搜索词,"1,067",1,B09T3QHVVM,"108,029","20,061",708,3.53%,"413,527","8,398",17,0,715,28.1,42,16.60%,1.30%,$1.82 ,$1.50 - $2.04,B08QV3HVNQ,8.60%,0.80%,B0CCSTYVYK,5.20%,0.00%,B0CCSKDMQF,2.80%,0.60%,"B08QV3HVNQ,B0B4BMKMP1,B0BXGRKTWS,B08QVGBSJ5,B0CMGTPYW4,B01C8Q7MQI,B0BBDNSRQH,B075MY6M6B,B07HNWNXMK,B0CMGS6FHW","Shorts, Eddie Bauer"
nike mens running shorts,耐克男式跑步短裤,,0.02%,自然搜索词,"1,066",2,B09P3T8X61/B09XQVCZ8B,"502,750","2,987",78,2.63%,"84,908","1,195",2,1,"3,682",0.8,14,24.40%,2.00%,$1.47 ,$1.10 - $1.84,B0B18NMXCV,10.20%,0.00%,B0B619RFMM,7.50%,2.00%,B07YKQC8X3,6.70%,0.00%,"B0B18NMXCV,B0B619RFMM,B0BGV7PZZJ,B09YNW36K6,B087M3MJ1L,B07YKQC8X3,B0C13GRWR8,B0BSVP7CRG,B09N3ZR48X,B07BPL162D","Shorts, NIKE, Running"
shorts men gym,短裤 男子 健身房,,0.02%,自然搜索词,"1,065",4,B01AK7Y102/B0C1365SJV/B0151E6WPQ/B08JGBB9N1,"528,617","3,014",89,2.99%,"86,650","1,470",3,0,"8,420",0.4,8,8.60%,1.00%,$1.26 ,$1.02 - $1.52,B08JGBB9N1,3.20%,0.00%,B09WXSHZZK,2.70%,1.00%,B08R7GNZTD,2.70%,0.00%,"B0CRHF41F7,B08JGBB9N1,B09LTQWRV7,B085NF55WL,B09PYSSR6D,B0CRRF28SH,B0723CZCRJ,B07NDP7ZTX,B01AK7XUGS,B08LGWPRBQ","Shorts, gym"
and1 basketball shorts,和1条篮球短裤,,0.02%,自然搜索词,"1,060",1,B08JGBB9N1,"285,770","5,573",178,3.20%,"135,025","2,628",5,0,149,37.4,6,28.80%,8.10%,$1.23 ,$0.92 - $1.53,B086BPKTMM,13.30%,2.20%,B086BD27QX,10.80%,4.40%,B07NDP7ZTX,4.70%,1.50%,"B08LT9HRRS,B086BPKTMM,B08S9K15WY,B086BD27QX,B086BFY4HM,B07NDP7ZTX,B06XJ965R6,B086BQBH4G,B07BPMTVPX,B084XVW9JG","Basketball, Shorts"
men's casual shorts,男士休闲短裤,,0.02%,自然搜索词/SP广告词,"1,048",2,B09T3QHVVM/B09XQVCZ8B,"293,282","7,199",197,2.76%,"215,643","3,046",5,4,"23,915",0.3,32,10.20%,0.30%,$1.41 ,$1.00 - $2.40,B009CTUG04,4.00%,0.30%,B0CRZ8TSYQ,3.90%,0.00%,B0BGFVMW7R,2.30%,0.00%,"B0CRZ8TSYQ,B009CTUG04,B07YP9TWCX,B01JQTN8SQ,B078VZ5QBW,B016Y8263A,B07H5P8M39,B0BLKKW3M4,B0BQQRT8SP,B082THTK18","Shorts, Casual"
polo shorts for men,男士马球短裤,,0.02%,自然搜索词/品牌广告词,"1,046",1,B0BLKN87V4,"115,329","15,168","1,577",10.40%,"355,924","5,939",36,0,"15,222",1,61,18.20%,0.70%,$0.98 ,$0.77 - $1.34,B074V6JJZC,10.10%,0.70%,B07GQYTXVQ,4.10%,0.00%,B07W5QWPW8,4.00%,0.00%,"B075NWCNPP,B07GQYTXVQ,B07GPD7V38,B06XWNR25K,B07NSSSB3T,B07DKCWCV3,B074V6JJZC,B0BN77Z5NH,B07VCCQZZF,B009CTU8B6",Shorts
sport shorts,运动短裤,,0.02%,SP广告词,"1,044",3,B0C1365SJV/B00AKSCXEI/B0BFDTMBGP,"292,254","6,343",486,7.67%,"176,964","2,870",12,7,"47,411",0.1,143,6.90%,1.90%,$0.97 ,$0.70 - $1.29,B097D5ZP88,3.10%,0.00%,B0B3JNKRWM,2.00%,0.00%,B0CRHF41F7,1.90%,1.90%,"B0CRHF41F7,B08JGC1D2G,B07H5QPL1R,B0728KK8VK,B00KUL0W1G,B09PYTB8SD,B0723CZCRJ,B0CRQFLWT3,B09MKNL9M3,B07NDP7ZTX",Shorts
pantalonetas para hombre cortas,男士短裤,,0.02%,自然搜索词,"1,044",2,B01AK7Y102/B09P3T8X61,"523,702","3,019",95,3.15%,"64,776","1,397",3,0,221,13.7,23,18.90%,2.90%,,-,B0BQT4KHWT,8.10%,0.00%,B08LTB9SZW,6.30%,0.00%,B09G272YSB,4.60%,2.90%,"B08LTB9SZW,B0BQR24NV5,B085NF55WL,B08JGC1D2G,B07H5QPL1R,B0BX7GN6S3,B09G272YSB,B0CRHCZTNH,B0BS3S1MHC,B087LTC1XS",Hombre
mens shorts nike,男式短裤耐克,,0.02%,自然搜索词,"1,041",2,B09XQVCZ8B/B08JGBB9N1,"285,158","6,508",565,8.69%,"187,073","2,830",13,0,"3,257",2,50,10.30%,2.00%,$1.16 ,$0.87 - $1.46,B087M3MJ1L,3.80%,2.00%,B07C93ZRT9,3.50%,0.00%,B01JIPH51Y,3.00%,0.00%,"B07BPLHK9T,B087M3MJ1L,B0B6KQR5JP,B01JIPH51Y,B01AK7XJS2,B07NJPDSSX,B07CZC664D,B08NYKGWR2,B098NFCL3J,B09PG3392C","Shorts, NIKE"
shorts with pockets,有口袋的短裤,Y,0.02%,自然搜索词/AC推荐词,"1,037",3,B0151E6WPQ/B0C4GV51WK/B0BFDTMBGP,"297,955","5,692",169,2.99%,"136,886","2,449",4,34,"93,464",0.1,21,10.60%,3.00%,$0.89 ,$0.80 - $1.14,B0BJQ3J716,5.80%,1.80%,B09R1YD7C5,2.70%,0.60%,B0CQZG7B6Q,2.10%,0.60%,"B0BJQ3J716,B082XJFV39,B09R1YD7C5,B0728KK8VK,B093PXJ3VJ,B0BTH4ZHHV,B07QN2L4B9,B09MKNL9M3,B07PS6SV2L,B016YKKHOI",Shorts
men's mesh shorts,男士网眼短裤,,0.02%,自然搜索词,"1,036",2,B0C1365SJV/B08JGBB9N1,"555,559","3,336",714,21.43%,"90,009","1,295",17,4,"10,796",0.3,6,13.90%,2.10%,$1.37 ,$0.93 - $2.76,B0728KK8VK,7.20%,0.00%,B000J9YQOS,3.60%,0.50%,B01ES40ZBW,3.00%,1.60%,"B000J9YQOS,B01ES40ZBW,B07CZBPF1B,B08JGBB9N1,B00719ZR9M,B0CRRF28SH,B07NDP7HYC,B0CRQFLWT3,B0CT271DJC,B0723CZCRJ","Mesh, Shorts"
active shorts,活动短裤,,0.02%,自然搜索词,"1,033",1,B08JGBB9N1,"292,558","6,927",182,2.64%,"139,878","2,956",5,15,"6,059",1.1,75,7.70%,3.20%,$1.77 ,$1.13 - $2.23,B09MKN1MJ5,3.30%,0.00%,B097D5ZP88,2.20%,2.20%,B0C1F9SMFR,2.20%,1.10%,"B0C1F9SMFR,B09N8K6B43,B09MKN1MJ5,B08SM9PKLV,B07PR22X4Q,B09T9HZ8S1,B097D3Q6Q5,B08FXJJ8FQ,B08TML1GGD,B0BY8HMK7W","Shorts, Active"
polo shirts for men,男士POLO衫,,0.02%,SP广告词,"1,027",1,B0C4GQTCJK,"1,134","419,773","1,469",0.35%,"12,450,844","173,133",35,36,"15,280",27.5,635,8.80%,0.90%,$1.95 ,$1.28 - $2.60,B005LCN144,3.90%,0.50%,B09RV38GNB,2.60%,0.40%,B01MXPNV60,2.40%,0.00%,"B06VYH8K15,B005LCN144,B06WGXDZSJ,B01GH5KOZ2,B0132MFEA8,B06WD91FBL,B075LV39DB,B07BN4BY8Q,B06W5SPL6M,B01GH5GSLG",Polo Shirt
bcg shorts men,bcg 短裤 男士,Y,0.02%,自然搜索词/AC推荐词,"1,021",4,B09P3T8X61/B0BFDVPFKX/B08JGBB9N1/B09XQVCZ8B,"563,168","3,075",91,2.98%,"78,716","1,415",3,0,251,12.3,26,12.50%,8.00%,$1.19 ,$0.88 - $1.49,B09PYTB8SD,5.00%,4.00%,B08JTQP6VY,4.50%,2.70%,B07QV7SBW7,3.00%,1.30%,"B08JTQP6VY,B08D2PB97C,B08JGBB9N1,B09PYTB8SD,B0723CZCQT,B07QV7SBW7,B09P3V21PZ,B0BZPJW6G4,B08R7GNZTD,B0151E6WX8",Shorts
men pajama shorts,男士睡衣短裤,,0.02%,自然搜索词/SP广告词,"1,020",1,B09T3QHVVM,"290,580","6,412",55,0.88%,"154,467","2,565",2,0,"2,236",2.9,37,11.60%,1.00%,$2.17 ,$1.87 - $2.50,B07PM93ZL1,5.60%,0.30%,B00M0QH7BC,3.50%,0.70%,B07HPCQ8CS,2.60%,0.00%,"B07PM93ZL1,B07PN75241,B07HFGBPH8,B00RFHM1H6,B0CJK2JLJZ,B07RJSL1TL,B01BVIRPWA,B09T3PJWSR,B08VF995KY,B09KP1SG8Q","Shorts, Pajama"
nike gym shorts,耐克运动短裤,,0.02%,自然搜索词,"1,014",2,B09P3T8X61/B09XQVCZ8B,"536,812","3,254",251,7.72%,"73,503","1,556",6,0,"3,120",1,6,13.30%,3.50%,$2.96 ,$2.22 - $3.31,B087M3MJ1L,5.70%,2.40%,B07C93ZRT9,3.80%,1.20%,B07C95LZK2,3.80%,0.00%,"B087M3MJ1L,B0B6JTW2F5,B01AK7XJS2,B071WL718C,B07NJNRHL5,B07CZC664D,B09PG3R54G,B09XQVCZ8B,B09BKC82JL,B01JIPGJMU","Shorts, NIKE, gym"
mens clothing clearance sale,男装清仓大甩卖,,0.02%,自然搜索词,"1,007",1,B08JGBB9N1,"303,649","4,509",358,7.94%,"115,210","1,761",9,0,"92,439",0.1,18,6.30%,2.10%,$0.95 ,$0.72 - $1.20,B077ZKDQLV,2.20%,1.00%,B0787P86ZZ,2.20%,1.00%,B0BZDLXKTS,2.00%,0.00%,"B077ZKDQLV,B0D3LJM6NT,B078B27NBJ,B07DJBDB82,B077ZXNXG8,B086L69KCL,B08JGBB9N1,B0CXX6QCSY,B0BN5CTRBP,B01L8JJY08","Clearance, Clothing"
athletic shorts mens,运动短裤男装,,0.02%,自然搜索词/SP广告词,"1,006",3,B09P3T8X61/B0C1365SJV/B09XQVCZ8B,"849,508","2,248",80,3.57%,"47,281","1,098",2,0,"18,002",0.1,5,13.40%,0.90%,$1.52 ,$1.14 - $1.90,B072JBQRLG,7.90%,0.00%,B08JGBB9N1,3.00%,0.90%,B09PYTB8SD,2.60%,0.00%,"B0CRHF41F7,B0C1365SJV,B08JG3T2SY,B01AK7ZK7A,B0728KK8VK,B01AK7XXLU,B0CRRF28SH,B072JBQRLG,B07H5QPL1R,B09PYTB8SD","Athletic, Shorts"
mens shorts elastic waist,男式短裤弹性腰围,,0.02%,自然搜索词,999,3,B09T3QHVVM/B08JGBB9N1/B0BFDVPFKX,"302,090","6,029",194,3.22%,"166,775","2,848",5,0,"10,790",0.6,49,7.60%,2.00%,$1.27 ,$0.95 - $1.60,B0151E6XTG,2.80%,1.60%,B0151E6WTW,2.70%,0.40%,B0C373VVDJ,2.00%,0.00%,"B0151E6WTW,B08JHJ137C,B08JGBB9N1,B01NB10GAT,B01JQTE4HU,B0BWNMWLJX,B0CTG73NSM,B0C26D741D,B000MND79Q,B09T3QHVVM","Shorts, Elastic, Elastic Waist"
nike men shorts,耐克男士短裤,,0.02%,自然搜索词/SP广告词,986,1,B09XQVCZ8B,"300,656","5,946",241,4.06%,"164,404","2,845",6,0,"2,299",2.6,24,12.00%,4.40%,$1.23 ,$1.08 - $1.40,B07BPLHK9T,4.90%,3.50%,B07C95LZK2,3.60%,0.90%,B09PG3392C,3.50%,0.00%,"B07BPLHK9T,B087M3MJ1L,B0B6KQR5JP,B01JIPH244,B07T9WQJMY,B07NJPR9R3,B01AK7XJS2,B09BK8QC8B,B08NYK5GWG,B09PG3392C","Shorts, NIKE"
real men,真正的男人,,0.02%,自然搜索词,985,1,B0C1365SJV,"311,717","3,050",1,0.07%,"67,605","1,442",1,27,"72,472",0,0,47.80%,0.00%,$1.47 ,$1.10 - $1.84,B0BW29NDVL,36.10%,0.00%,B0BCDHB6FV,6.40%,0.00%,B09ST7GPV1,5.30%,0.00%,"B09ST65W8L,B0000CNY5P,B00X99CDDQ,B0BW2BD8YS,B087CKQ11Z,1984806505,B0C1365SJV,B07WG3SVBD,B0B6JPJCDY,B07JCSJF5G",
mens medium shorts,男士中短裤,,0.02%,自然搜索词,982,2,B00AKSCXEI/B08JGBB9N1,"560,483","2,581",64,2.50%,"73,267","1,007",2,0,"17,036",0.2,1,10.10%,3.60%,$1.08 ,$0.80 - $1.32,B08DRSDXBQ,3.60%,0.00%,B08JGC1D2G,3.30%,1.80%,B08LT8LY5N,3.30%,1.80%,"B0CRHF41F7,B08JGBB9N1,B08LT8LY5N,B07H5QPL1R,B07NDP7ZTX,B08JTQP6VY,B07BPLHK9T,B0BNW23GRN,B0C26DW41Y,B01AK7Y12A",Shorts
mens spandex shorts,男式氨纶短裤,,0.02%,自然搜索词,967,1,B09P3T8X61,"294,679","6,722",92,1.37%,"198,851","3,201",3,0,"4,680",1.4,10,14.50%,2.60%,$1.15 ,$0.87 - $1.45,B0CSS7DZ1G,6.10%,0.60%,B094JNYK97,5.30%,1.60%,B09SPZPLL7,3.20%,0.30%,"B0962XT4X8,B094JNYK97,B094JKXP76,B0CSS7DZ1G,B082WDVVRR,B0874X78ZL,B01ES407HO,B089T92G5J,B0CGR7CC4B,B06XRPYZDW","Shorts, Spandex"
mens work shorts,男式工作短裤,,0.02%,自然搜索词,967,2,B01AK7Y102/B00AKSCXEI,"54,670","37,657","6,616",17.58%,"1,052,230","15,894",151,0,"13,680",2.8,225,10.10%,1.30%,$1.52 ,$1.04 - $1.79,B078VZ5QBW,4.60%,0.50%,B07YP9JK3F,3.00%,0.30%,B000LNE9QW,2.60%,0.50%,"B078VZ5QBW,B000LNE9QW,B0032YVLPE,B00EC83JQ8,B00XKYM2AE,B07HNVZFWH,B07YP9TWCX,B00EC83IDW,B01M5FU6CH,B0BNJWZ8PJ",Shorts
mens short athletic shorts,男士短款运动短裤,,0.02%,自然搜索词,946,3,B0C1365SJV/B0151E6WPQ/B08JGBB9N1,"878,616","1,518",52,3.44%,"40,280",693,2,0,"17,155",0.1,4,10.70%,4.10%,$1.13 ,$0.88 - $1.30,B09G272YSB,4.00%,2.70%,B094F7T4VC,4.00%,0.00%,B0BS3S1MHC,2.80%,1.40%,"B0BS3S1MHC,B07QV7SBW7,B09PYTB8SD,B09G272YSB,B0C27FVB1R,B094F6RDCD,B08JT243GF,B0CRQFLWT3,B0CQ8RNN1C,B09VBJ44KG","Athletic, Shorts, Short"
atheltic shorts,运动短裤,,0.02%,自然搜索词,945,3,B01AK7Y102/B00AKSCXEI/B08JGBB9N1,"872,567","2,086",52,2.52%,"42,276",821,2,0,"1,169",1.8,13,10.90%,2.00%,$0.97 ,$0.73 - $1.21,B097D5ZP88,5.80%,0.00%,B09XZRCZ77,3.00%,0.00%,B09XZZH4HF,2.10%,2.00%,"B09MM6TWP3,B09XZRCZ77,B09MKMXMWN,B07S58P8LD,B08MTJ55LX,B0C12LDLN4,B097D4YNPM,B0BR3HSQXR,B0723CZCQT,B0BRSSDZBP",Shorts
polyester shorts,涤纶短裤,Y,0.02%,自然搜索词/AC推荐词,941,3,B01AK7Y102/B09P3T8X61/B0BFDTMBGP,"621,740","2,172",121,5.60%,"48,376",887,3,0,"44,046",0.1,0,10.10%,0.00%,$1.00 ,$0.81 - $1.30,B0728KK8VK,3.70%,0.00%,B08JGBB9N1,3.30%,0.00%,B0723CZCRJ,3.10%,0.00%,"B08JGBB9N1,B08D2PB97C,B0723CZCRJ,B01ES415H0,B01AK7Y102,B0BXWCF25S,B08JSBZ884,B0BWNLCRM9,B09PYTZ69Z,B0CRKQSZRG","Polyester, Shorts"
shorts athletic,运动短裤,,0.02%,自然搜索词,924,4,B01AK7Y102/B00AKSCXEI/B08JGBB9N1/B09P3T8X61,"990,533","1,838",57,3.13%,"45,683",890,2,3,"32,222",0.1,9,8.20%,0.00%,$1.62 ,$1.46 - $1.94,B0CDWDQ7B3,2.90%,0.00%,B08R7GNZTD,2.70%,0.00%,B097D5ZP88,2.70%,0.00%,"B0CRHF41F7,B08JGBB9N1,B09MKMXMWN,B0BR3HSQXR,B09XZRCZ77,B0BRSSDZBP,B0723CZCQT,B09MM6TWP3,B082XK4W7W,B08MTJ55LX","Athletic, Shorts"
amazon mens shorts,亚马逊男士短裤,,0.02%,自然搜索词,920,2,B0151E6WPQ/B00AKSCXEI,"562,931","4,134",131,3.18%,"103,793","2,055",3,0,"3,581",1.2,18,13.80%,3.80%,$1.30 ,$0.98 - $1.63,B06XWMC24B,6.40%,0.60%,B0728KK8VK,4.50%,1.90%,B0723CZCQT,2.90%,1.30%,"B06XWMC24B,B0728KK8VK,B07F27YVN8,B08JDWSNWX,B07DZVVBSK,B01JQTM148,B07752LYQS,B07FHBNY51,B08JDX7MRF,B096YLSDLP","Amazon, Shorts"
soothfeel mens shorts,舒适的男式短裤,Y,0.02%,自然搜索词/AC推荐词/SP广告词,920,3,B09XQVCZ8B/B0BFDTMBGP/B0BFDRQLNC,"337,357","4,997",125,2.52%,"148,091","1,904",3,0,108,46.3,8,34.00%,3.00%,$1.33 ,$1.00 - $1.65,B09XQWCCGR,13.10%,2.50%,B0BXKTQP3G,12.80%,0.00%,B09XQVCZ8B,8.20%,0.50%,"B09XQVCZ8B,B0C1V9B6SY,B0C5QBCGQW,B0C71166YF,B0BQ2ZK12T,B0CS33PF1G,B0BZVM5ZZB,B09CGYG3J6,B0BRNHVDR2,B0D1GB8RNH",Shorts
shorts gym,短裤 健身房,,0.02%,自然搜索词,915,4,B01AK7Y102/B09P3T8X61/B08JGBB9N1/B09XQVCZ8B,"576,999","2,851",327,11.50%,"82,227","1,371",8,0,"11,204",0.3,9,10.40%,1.80%,$0.81 ,$0.62 - $0.95,B0B3RHJD23,4.90%,0.00%,B0B3RJW9QG,3.00%,0.00%,B09PYSSR6D,2.50%,1.80%,"B0CRHF41F7,B0723CZCRJ,B08JGBB9N1,B09PYSSR6D,B0B3RHJD23,B08CXW8ZJD,B09N8K6B43,B0BWNLRK26,B0151E6XTG,B0CRRF28SH","Shorts, gym"
performance shorts men,男式短裤,,0.02%,自然搜索词,914,3,B09WMYXNJ9/B0BFDTMBGP/B09XQVCZ8B,"308,344","5,448",182,3.35%,"110,140","2,545",5,0,"8,152",0.7,54,10.90%,0.80%,$1.32 ,$0.99 - $1.64,B0BNW3CD3W,3.90%,0.00%,B0BNW3YHPX,3.50%,0.80%,B089JY3L85,3.50%,0.00%,"B0BNW3CD3W,B08346CY99,B096YJXZ6B,B08XM7421N,B075MYDWW1,B07HNVV8MV,B0BNW2D2GL,B0728KK8VK,B016Y826EE,B078T2FBSZ","Performance, Shorts"
pack of shorts,一包短裤,,0.02%,自然搜索词,913,2,B0151E6WPQ/B08JGBB9N1,"634,034","2,684",67,2.53%,"67,696","1,086",2,0,"48,408",0.1,4,8.40%,2.00%,$0.93 ,$0.69 - $1.13,B092841V1T,2.90%,0.00%,B09PQTLQKY,2.80%,2.00%,B08JGBB9N1,2.80%,0.00%,"B08JGBB9N1,B07H5QPL1R,B09PQTLQKY,B0CRHG67T6,B082XK4W7W,B08CX78988,B0BNW29F6Z,B07NDP7ZTX,B0BJQ3J716,B0728KK8VK","Pack, Shorts"
short nike para hombre,耐克短裤,,0.02%,自然搜索词,909,1,B09XQVCZ8B,"325,043","4,476",122,2.75%,"112,761","1,813",3,0,252,17.8,30,8.60%,3.70%,$1.24 ,$0.93 - $1.54,B0CPTG74GX,2.90%,0.00%,B087LTC1XS,2.80%,3.70%,B087M3MJ1L,2.80%,0.00%,"B087M3MJ1L,B07BPLHK9T,B0B6KQR5JP,B01JIPH51Y,B07NJNW4QL,B07QZKCL3D,B08SNMHPBN,B001MB1MPS,B08NYK5BF6,B07BV4LNM9","NIKE, Short, Hombre"
black shorts for men,男士黑色短裤,,0.02%,自然搜索词/SP广告词,903,2,B09XQVCZ8B/B0BLKN87V4,"323,890","4,396",910,20.72%,"109,400","1,829",21,0,"5,319",0.8,13,11.00%,1.50%,$1.17 ,$0.95 - $1.35,B0BQR24NV5,4.50%,0.00%,B009CTUIF2,3.70%,0.70%,B01JQTAD66,2.90%,0.70%,"B01JQTAD66,B009CTUIF2,B0728KK8VK,B0D1G5SV9M,B0151E6OUY,B08JG671Z8,B09T3QPWDJ,B09XQWCCGR,B087M3MJ1L,B0BQQYDHLG","Black, Shorts"
levis shorts men,李维斯短裤男,,0.02%,自然搜索词,886,1,B0BLKN87V4,"123,199","16,501",67,0.41%,"476,449","7,976",2,0,510,32.4,22,15.70%,1.60%,$0.76 ,$0.67 - $1.08,B01N7INFRE,5.50%,0.70%,B0018P065U,5.40%,0.00%,B095XF8974,4.90%,0.90%,"B0018P0344,B01611OIAE,B00GGGJB16,B08M4B358K,B01ISQF1CY,B0C5Z39PXV,B07RPZNGBY,B08KTXFFCY,B095XF8974,B07D1NB5QX","levis, Shorts"
mens dickies shorts,男士 dickies 短裤,,0.02%,自然搜索词,886,1,B0BLKN87V4,"144,627","13,948","2,350",16.86%,"407,231","6,546",54,0,650,21.5,39,20.90%,1.60%,$0.88 ,$0.67 - $1.11,B000N8X3SK,7.90%,1.40%,B00IEYGUHQ,7.50%,0.00%,B001N3IUCI,5.60%,0.20%,"B000N8X3SK,B0032YTV4M,B00EC83JQ8,B00EC83GSO,B0011RL2IA,B00EC882TC,B00EC87YQY,B0011RP5Y2,B00EC82DUQ,B08PQ3RW9F","Shorts, Dickies"
real essentials mens shorts,real Essentials 男士短裤,,0.02%,自然搜索词,882,2,B0151E6WPQ/B08JGBB9N1,"316,540","5,567",153,2.77%,"127,300","2,167",4,0,"2,054",2.7,9,29.50%,3.60%,$0.86 ,$0.77 - $0.94,B08D2TC7BT,17.00%,0.40%,B07NDP7ZTX,6.60%,1.40%,B07H5QPL1R,5.90%,1.80%,"B07H5PTQML,B07NDP7ZTX,B0BX7MRSW7,B0BX7HP26H,B08VHLYGCD,B0CT65T479,B09436ZGYM,B0945CQ5J9,B07PP86MLM,B0CTKY3RF1","Real Essentials, Shorts"
addidas shorts,阿迪达斯短裤,,0.02%,自然搜索词,881,1,B01AK7Y102,"315,469","5,655",30,0.54%,"162,051","2,526",1,0,"1,334",4.2,4,13.00%,0.80%,$1.24 ,$0.88 - $1.57,B0878TTWR3,5.60%,0.80%,B087985MC5,3.90%,0.00%,B0CKJ25CW2,3.60%,0.00%,"B0878T8CS2,B08793LNJB,B09Y2SZ95Z,B087985MC5,B0C3WXGQX9,B08HJR1G4R,B087C8GK7M,B010DKQO2E,B091MGLLF6,B09Y2VG81M",Shorts
mens 7 inch shorts athletic,男式 7 英寸短裤运动,,0.02%,自然搜索词,872,1,B08JGBB9N1,"322,934","5,276",655,12.43%,"149,943","2,598",15,0,"2,540",2.1,13,9.60%,2.60%,$1.53 ,$1.15 - $1.92,B0D1C18PXQ,4.00%,0.50%,B0BXWBMBW9,2.90%,1.10%,B0BXWDK38F,2.80%,1.10%,"B0BXWCF25S,B085NF55WL,B0D1C18PXQ,B0CRQFLWT3,B09NXV4PD6,B08BX4YRYJ,B09CGWK6PR,B0BNW4VZPK,B0CJSM512X,B0D3P9XTKV","Athletic, Shorts"
nike running shorts,耐克跑步短裤,,0.02%,自然搜索词,869,2,B0CHMM393V/B09XQVCZ8B,"141,819","15,194",612,4.03%,"332,052","6,420",14,0,"3,345",4.5,29,15.30%,4.30%,$1.42 ,$1.07 - $1.78,B07YKQC8X3,6.50%,2.20%,B09Z6VP941,4.50%,0.00%,B0C13GRWR8,4.30%,2.20%,"B01FZ027JG,B0B617HLWR,B0BXFNZ1BK,B09Z6VP941,B07YKQC8X3,B0C13GRWR8,B0BCTKSV32,B007YH861M,B087M3MJ1L,B07FKCHLJH","Shorts, NIKE, Running"
fleece shorts,羊毛短裤,,0.02%,自然搜索词,858,5,B0151E6WPQ/B09WMYXNJ9/B0BFDTMBGP/B01AK7Y102/B00AKSCXEI,"361,835","4,387",274,6.26%,"96,946","1,886",7,19,"1,906",2.3,112,15.90%,1.40%,$0.75 ,$0.56 - $0.93,B0BX3W1VS3,6.90%,0.00%,B0BYNM7MWQ,5.90%,1.40%,B09C3KLBTZ,3.10%,0.00%,"B0B6D59GST,B07DGQRNRH,B07MW5QDWD,B0BWZLGFDP,B0BGW6KJ6L,B08J9224KH,B0BB883KN5,B0C2JRLYH8,B0151E6WPQ,B07F2QWBTS","Shorts, Fleece"
jersey shorts,运动短裤,Y,0.02%,自然搜索词/AC推荐词,858,2,B0151E6WPQ/B08JGBB9N1,"659,086","2,665",1,0.06%,"62,561","1,043",1,34,"1,838",1.5,4,9.00%,1.40%,$0.92 ,$0.77 - $1.14,B0C2TTVSXK,3.80%,0.00%,B0151E6WPQ,2.70%,0.00%,B08JGBB9N1,2.50%,1.40%,"B0151E6WPQ,B08JGBB9N1,B0BTTMHWZQ,B016YKJONS,B07CJKSPK6,B0BVMSRL4J,B00AKSCXES,B09T3PJWSR,B007PXVAIQ,B0723CZCQT","Shorts, Jersey"
jean shorts men,男式牛仔短裤,,0.02%,自然搜索词,856,1,B00AKSCXEI,"18,792","72,333",412,0.57%,"1,885,462","35,783",10,0,"1,638",44.2,73,14.00%,2.40%,$0.69 ,$0.43 - $0.86,B01BGYIDP2,5.30%,1.00%,B095XF8974,4.40%,0.50%,B075MRNQ3C,4.30%,0.80%,"B075MRNQ3C,B01BGYIDP2,B01BGYIJ0Q,B00OTMA7TY,B0018OY9KE,B08M4B8GX8,B0CQZ569YB,B0CQZ4GKMY,B0C3DPJ7JL,B0CQZ53DVS",Shorts
gym shorts men pack,运动短裤男士包,,0.02%,自然搜索词,851,3,B01AK7Y102/B0151E6WPQ/B08JGBB9N1,"665,586","2,873",95,3.33%,"59,040","1,325",3,0,"8,328",0.3,27,12.10%,4.80%,$1.20 ,$1.01 - $1.32,B0BNW2Q62D,5.40%,1.90%,B08JGBB9N1,3.70%,2.90%,B07NDP7ZTX,3.00%,0.00%,"B08JGBB9N1,B0CRHF41F7,B07H5P8M39,B0BNW29F6Z,B086ZDRRFT,B0D2XMRYZW,B07NDP7HYC,B0CRQFLWT3,B08JT243GF,B0CSHCRJTV","Pack, gym, Shorts"
men’s basketball shorts,男子篮球短裤,,0.02%,自然搜索词,851,3,B0CHMNB423/B0C1365SJV/B00AKSCXEI,"346,198","5,133",160,3.13%,"112,626","2,362",4,0,"16,533",0.3,15,14.20%,1.30%,$1.27 ,$0.81 - $1.57,B0723CZCRJ,5.30%,0.00%,B07NDP7ZTX,5.20%,0.90%,B08JG3T2SY,3.80%,0.40%,"B08JG3T2SY,B07NDP7ZTX,B08JGHDWNP,B01AK7Z5BG,B07BPLHK9T,B0D46GM438,B08S99RBHL,B0036OS6LC,B08LTBN75C,B0723CZCRJ","Basketball, Shorts"
mens sleep shorts soft comfy,男士睡裤柔软舒适,,0.02%,自然搜索词,844,2,B09T3QHVVM/B08JGBB9N1,"659,765","2,627",21,0.80%,"73,535","1,206",1,0,832,3.2,48,18.30%,2.10%,$1.70 ,$1.26 - $2.13,B07PM93Y17,10.50%,0.00%,B07HPCQ8CS,5.00%,0.00%,B09V6FN1Y7,2.80%,2.10%,"B07PM93Y17,B0CJJZWWD2,B07HFHM5MV,B09T3QHVVM,B07RJSL1TL,B08VFC3W7S,B09V6FN1Y7,B0151E6XTG,B0CG6FQX83,B0C292RKHK","Shorts, Comfy, Soft"
mens lounge shorts with pockets,男式带口袋休闲短裤,Y,0.02%,自然搜索词/AC推荐词,841,2,B09T3QHVVM/B08JGBB9N1,"688,856","2,306",72,3.15%,"66,564","1,085",2,0,"1,930",1.2,1,8.70%,4.10%,,-,B08JGBB9N1,4.00%,0.80%,B00M0QFGRY,2.50%,3.30%,B01BUJ0P2M,2.30%,0.00%,"B00M0QFGRY,B01BUJ0P2M,B08JGBB9N1,B0C31GSKKP,B07GY1J8BZ,B07HFGWQX6,B0CJK2WQT5,B09SYBVJRL,B07C443M38,B0BNJSZ68Q","Lounge, Shorts"
men's elastic waist shorts,男士弹力腰短裤,,0.02%,自然搜索词,841,2,B09T3QHVVM/B08JGBB9N1,"681,252","2,788",85,3.06%,"79,126","1,180",2,0,"10,903",0.3,4,15.80%,0.00%,$1.89 ,$1.00 - $3.80,B0723CZCRJ,11.20%,0.00%,B0151E6WTW,2.50%,0.00%,B0151E6XTG,2.20%,0.00%,"B08JHJ137C,B0151E6WTW,B08JGBB9N1,B07HNXRR5M,B0C26D741D,B09T3QHVVM,B0BWNMWLJX,B01NB10GAT,B0CT4P9669,B07BDD8441","Shorts, Elastic, Elastic Waist"
men's t-shirts,男式T恤,,0.02%,SP广告词,839,2,B09WMZR2XM/B0CHMN8TDS,"3,941","182,567","7,211",3.95%,"3,700,862","70,994",164,2,"62,028",2.9,199,3.90%,0.60%,$1.24 ,$0.86 - $2.05,B0BZDLXKTS,1.80%,0.00%,B07JDGBX9D,1.20%,0.20%,B086KY66P9,0.90%,0.40%,"B077ZKDQLV,B00W66LQFO,B093136ND2,B08F2NSN4G,B0787P86ZZ,B077ZL5935,B086KY66P9,B086KXNGKY,B086KTFMBY,B00VTVCR3C",T-shirt
gym men,健身房男子,,0.02%,自然搜索词,834,1,B01AK7Y102,"332,968","4,957",205,4.14%,"132,476","2,119",5,2,"27,392",0.2,12,14.60%,6.50%,$1.26 ,$1.00 - $1.50,B07QP13BJ9,7.10%,6.50%,B0BZDLXKTS,3.90%,0.00%,B077ZJXCTS,3.60%,0.00%,"B0785VMVF4,B077ZJXCTS,B07QP13BJ9,B09W9TYLW9,B01L8JJ5KC,B07GSJ45CF,B08ZSCHSNV,B07JG7WN8L,B09PYSSR6D,B07WTSQ55M",gym
lightning deals of today prime,今日黄金闪电交易,,0.02%,HR推荐词,830,1,B0CHMN8TDS,"1,495","528,628","10,942",2.07%,"15,716,980","248,120",249,7,"8,066",65.5,528,8.40%,5.00%,$0.66 ,$0.60 - $0.74,B0CC8X9W29,3.60%,2.40%,B0BMF7PJ4X,2.70%,1.80%,B0CM6HJKKM,2.20%,0.70%,"B0C6RG22VN,B09FF2JYXF,B0D4Q45G4M,B00TRLVKW0,B074SK5229,B07814LW39,B0BWDK6BZ8,B0CHMN8TDS,B0BMW2985V,B08R6S1M1K","Light, Prime"
elastic shorts for men,男士弹力短裤,,0.02%,自然搜索词,826,2,B09T3QHVVM/B08JGBB9N1,"717,854","2,400",65,2.71%,"49,119","1,030",2,0,"17,202",0.1,4,17.90%,1.60%,$1.01 ,$0.76 - $1.26,B07F2N41JS,7.90%,0.80%,B0C26D741D,5.40%,0.00%,B08JGBB9N1,4.60%,0.80%,"B08JHJ137C,B08JGBB9N1,B0151E6WTW,B0C26D741D,B09T3QHVVM,B08JTQP6VY,B01N5XFTON,B000MND79Q,B07SCK5SSX,B0BWNMWLJX","Shorts, Elastic"
fishing clothes for men,男士钓鱼服,,0.02%,自然搜索词,822,1,B09WMYXNJ9,"332,852","5,402",9,0.17%,"116,206","2,487",1,1,"62,620",0.1,28,9.10%,3.40%,$1.07 ,$0.80 - $1.34,B09C5PKT5G,3.30%,3.40%,B08B1N359D,3.00%,0.00%,B07GSZQVX2,2.90%,0.00%,"B08B1N359D,B08Z31CGYG,B07PWWN8PM,B09C5PKT5G,B07MJG6V7Y,B0BW3NHC4S,B0C7ZKGG7T,B09BLNF1ZN,B00DNNWQUI,B07RL6H1QR",Fishing
mens stretch shorts,男士弹力短裤,,0.02%,自然搜索词,821,2,B0C4GV51WK/B01AK7Y102,"135,194","15,127","2,084",13.79%,"424,642","5,849",48,0,"15,334",1,28,11.50%,0.60%,$1.12 ,$0.83 - $1.39,B016Y8268U,4.90%,0.20%,B07YP9TWCX,4.00%,0.40%,B09QT6H6NQ,2.60%,0.00%,"B07YP9TWCX,B0D1G5SV9G,B016Y8268U,B075MXZ12G,B096YLSDLP,B0CRKG3QH8,B08JDX7HMX,B0C7LF8HW3,B07MMT3MH8,B082TJ8LV7","Shorts, Stretch"
croft and barrow mens shorts,croft and barrow 男士短裤,,0.02%,自然搜索词,815,1,B09T3QHVVM,"349,433","3,669",108,2.96%,"99,800","1,616",3,0,436,8.4,9,21.80%,0.90%,$1.16 ,$0.87 - $1.46,B01N3WA4L6,10.70%,0.90%,B083WP7QQP,6.40%,0.00%,B089YVHPJL,4.80%,0.00%,"B01N3WA4L6,B013KPYHQE,B000RK4OYQ,B07R1JN4XF,B01E1BRH9K,B07YPDRHBP,B000OF2MA2,B07HNX6NQH,B07MVW6CFB,B016Y825ZE",Shorts
baseball shorts,棒球短裤,Y,0.02%,自然搜索词/AC推荐词,811,2,B08JGBB9N1/B09XQVCZ8B,"367,809","4,565",152,3.35%,"99,869","1,768",4,1,"5,938",0.8,26,13.80%,0.00%,$1.12 ,$0.76 - $1.27,B09T53VPSN,6.30%,0.00%,B09T5L9S99,4.60%,0.00%,B0CYY4BQMZ,2.80%,0.00%,"B09HGSMD63,B08XM7421N,B08JGBB9N1,B09PYSW3SM,B087LZR1BM,B00B8I9CHU,B09HGSF7DZ,B00719ZAE4,B07Y82DWJH,B0B1KQN6PZ",Shorts
russell shorts,罗赛尔短裤,,0.02%,自然搜索词,804,2,B09XQVCZ8B/B08JGBB9N1,"690,247","2,237",158,7.11%,"56,914",884,4,0,224,10,13,13.90%,0.00%,$0.64 ,$0.49 - $0.81,B00719ZMUG,5.20%,0.00%,B00719ZGNO,4.50%,0.00%,B0076KPIPY,4.30%,0.00%,"B00719ZGNO,B000MND796,B071ZVQ7GF,B00BBS3OE4,B0B41THVQZ,B0836XZ6PS,B07DNHN32L,B000MN8ODK,B08RJBP7VY,B072JBQRLG","Shorts, russell"
ropa hombre,男装,Y,0.02%,自然搜索词/AC推荐词,801,1,B08JGBB9N1,"350,474","4,354",2,0.05%,"93,688","2,135",1,0,555,7.9,23,12.20%,0.00%,$0.75 ,$0.56 - $0.93,B0BZDLXKTS,5.10%,0.00%,B077ZJXCTS,4.10%,0.00%,B0CLH53WVN,3.00%,0.00%,"B077ZJXCTS,B0CCC48TKC,B072QRN7HR,B08NWMDV6V,B078GLLX3W,B0785VMVF4,B0BV257YG8,B09V29HJDF,B086L69KCL,B0C8NT7R47",Hombre
shorts gym men,短裤 健身房 男士,,0.02%,自然搜索词,798,4,B01AK7Y102/B09P3T8X61/B0151E6WPQ/B08JGBB9N1,"975,665","1,410",42,3.03%,"35,682",573,1,0,"8,312",0.2,20,9.60%,2.80%,$1.39 ,$1.23 - $1.61,B08JGBB9N1,3.40%,2.80%,B09PYSSR6D,3.10%,0.00%,B0CQ8RNN1C,3.10%,0.00%,"B08JGBB9N1,B0CRRF28SH,B09LTQWRV7,B0CRHF41F7,B09PYSSR6D,B07NDP7HYC,B085NF55WL,B0036OS6KI,B07H5QPL1R,B01AK7Z1ZG","Shorts, gym"
workout gear for men,男性运动装备,,0.02%,自然搜索词,795,1,B08JGBB9N1,"350,948","4,886",58,1.20%,"137,457","2,130",2,0,"35,446",0.1,41,15.80%,9.00%,$0.79 ,$0.58 - $0.99,B07QKML1SL,6.80%,3.60%,B09F925LQC,4.60%,1.80%,B0BFF5MN6T,4.50%,3.60%,"B08RYQXJPK,B0BFF5MN6T,B07H5PTQML,B0785VV446,B09W9TYLW9,B0BNW3FXQR,B09F925LQC,B07JG7WN8L,B0CFYGP7G4,B07QKML1SL",Workout
sleeping shorts,睡衣短裤,,0.02%,自然搜索词,791,1,B09T3QHVVM,"369,330","3,961",2,0.07%,"82,267","1,774",1,2,"5,259",0.8,26,8.60%,1.80%,$1.98 ,$1.49 - $2.48,B083BCP15Q,3.00%,0.90%,B09V6FN1Y7,2.90%,0.90%,B07PM93ZL1,2.70%,0.00%,"B094X7WVCF,B07RJSL1TL,B07HFGWQX6,B09T3QHVVM,B07PM93ZL1,B0CDCPZBNG,B07GXZ23KG,B08VFC3W7S,B09KP3873L,B0CX2T4HKY","sleeping, Shorts"
casual shorts,休闲短裤,,0.02%,自然搜索词,789,1,B09T3QHVVM,"374,669","4,620",707,15.32%,"116,822","2,196",17,10,"11,197",0.4,14,6.60%,0.00%,$1.02 ,$0.79 - $1.21,B016Y8263A,3.00%,0.00%,B0BLKKW3M4,1.90%,0.00%,B088MF2JKV,1.80%,0.00%,"B016Y8263A,B0BLKKW3M4,B07YP9TWCX,B009CTUGW2,B08S6MQKKJ,B0CRZ8M4KX,B07H5P8M39,B00BBW2YKU,B0BQQRT8SP,B09T3QHVVM","Shorts, Casual"
mens jogging shorts,男士慢跑短裤,,0.02%,自然搜索词,786,2,B0BFDRQLNC/B08JGBB9N1,"688,854","2,173",68,3.13%,"55,784",947,2,0,"6,505",0.3,4,8.70%,2.50%,$1.47 ,$1.10 - $1.84,B072JBQRLG,3.50%,0.00%,B089JY3L85,2.80%,0.80%,B08JGBB9N1,2.40%,1.70%,"B07H5P8M39,B0CRHF41F7,B08JGBB9N1,B094F6RDCD,B0151E6WTW,B0D1QZ7464,B011KF62BO,B09PYRLHK4,B072JBQRLG,B00719ZR9M","jogging, Shorts"
workout shorts,运动短裤,,0.02%,SP广告词,783,4,B0C4GV51WK/B09XQVCZ8B/B0BFDTMBGP/B09P3T8X61,"9,572","130,752",353,0.27%,"3,467,007","62,035",9,55,"3,823",34.2,286,9.10%,1.40%,$0.75 ,$0.56 - $0.93,B0B3RJW9QG,3.60%,0.20%,B0BJQ3J716,3.00%,0.90%,B0B3RHJD23,2.60%,0.20%,"B0B3RJW9QG,B0BJQ3J716,B0CP4VG9VB,B09KNHRSP4,B0BL1M83Y8,B09XZRCZ77,B0C2K4VK4R,B087JF92DJ,B09T9H3K58,B0C1F9SMFR","Workout, Shorts"
ropa para gym hombres,ropa para 健身房 hombres,,0.02%,自然搜索词,779,1,B08JGBB9N1,"369,208","4,067",139,3.42%,"108,697","1,585",4,0,"1,998",2,13,12.90%,1.70%,$0.94 ,$0.75 - $1.17,B0C14BB4B7,5.90%,1.70%,B08SM156YN,3.70%,0.00%,B0BZDLXKTS,3.20%,0.00%,"B0BNW2CZNM,B08RYQXJPK,B077ZJXCTS,B083463RFH,B0C14BB4B7,B07JG7WN8L,B0CSWHJ9BS,B09SPW1QYT,B0C7WM1QNG,B07NWX5MV3","Hombre, gym"
clearance,清除,,0.02%,SP广告词,769,2,B0BFDVPFKX/B0C4GV51WK,"4,862","151,078","1,148",0.76%,"4,182,247","62,874",27,6,"4,369",34.6,555,8.90%,4.10%,$1.74 ,$0.98 - $2.09,B07LDTSTB7,3.60%,0.10%,B08NT4SLK2,3.00%,1.00%,B09QKBBNCX,2.30%,3.00%,"B08MHBH8WX,B07LDTSTB7,B08W38VRN2,B07414VS5L,B09QKBBNCX,B08LV3Q5CQ,B07JBS59X1,B08NT4SLK2,B0BP4SNVKG,B0CC8X9W29",Clearance
black,黑色,,0.02%,SP广告词,768,2,B0BFDVPFKX/B0BFDTMBGP,"4,694","160,269","4,247",2.66%,"3,877,227","66,572",98,119,"197,661",0.8,255,58.20%,0.00%,$1.07 ,$0.80 - $1.34,B015IVPIRU,22.40%,0.00%,B0B5W6S7C2,21.10%,0.00%,B0BZMC1ZRG,14.70%,0.00%,"B07JDFPQTC,B0CHHL5VJP,B0CP9YF9W7,B0BL962XSP,B019G5TJRE,B0032RMX3U,B07R1P66NJ,B09B6V9Q8J,B07FCCPQ5W,B01829EORK",Black
men's under armour shorts,男士防弹短裤,,0.02%,自然搜索词/SP广告词,768,1,B01AK7Y102,"377,766","4,453",115,2.59%,"107,579","1,768",3,0,667,6.7,15,12.60%,4.70%,$1.19 ,$0.69 - $2.39,B093MH7CRF,5.60%,2.00%,B093MF88RV,3.70%,0.70%,B093LVSY6P,3.30%,2.00%,"B077XP82NT,B093MH7CRF,B07CZBPF1B,B07CZLCJP4,B0C12XJ159,B082BFSFP1,B0942ZZYV9,B0C12RDLCP,B093LW24H2,B08R5KG7FL","Shorts, Under Armour"
free fly apparel,自由飞行服装,,0.02%,SP广告词,766,2,B09WMYXNJ9/B09P3T8X61,"50,374","36,328","1,195",3.29%,"894,694","15,939",28,0,"2,581",14.1,132,20.40%,0.60%,$5.80 ,$4.36 - $7.26,B0BX11H1G4,12.10%,0.40%,B0D7YW47B8,4.80%,0.00%,B0BXCFMHHB,3.50%,0.20%,"B0BX16LCTS,B0BX11H1G4,B0BWZW1R2X,B0BX1YWS38,B0BWZTMWWN,B0BX26928K,B0C6CLDLNY,B0BX146XYL,B0BX1TZ2TN,B0CVSHSCQS",Fly
mens mesh shorts with pockets,男式带口袋网眼短裤,,0.02%,自然搜索词,765,1,B0C1365SJV,"368,800","5,270",161,3.07%,"142,443","2,384",4,0,"2,575",2.1,24,16.10%,1.80%,$1.26 ,$0.94 - $1.59,B072JBQRLG,10.80%,0.70%,B01ES415H0,2.70%,0.40%,B08C28MML2,2.60%,0.70%,"B01ES415H0,B000J9YQOS,B08C28MML2,B00719ZR9M,B08JTQP6VY,B07CZHT6VC,B0CRHF41F7,B08LT8S1WQ,B0CRQFLWT3,B07TKLNDJQ","Mesh, Shorts"
mens jersey,男式球衣,,0.02%,自然搜索词,754,1,B0151E6WPQ,"371,036","4,176",2,0.07%,"93,522","1,841",1,0,"39,716",0.1,16,8.30%,0.00%,$0.83 ,$0.75 - $1.09,B0BQRH5YMX,3.40%,0.00%,B0BQRGJCRW,2.60%,0.00%,B09XB6K8GW,2.30%,0.00%,"B08S71NLNG,B0BQRH5YMX,B00PCRN0XU,B09XB83GP8,B0CW7JGXSC,B0B8CNSMZB,B09YHGS2C7,B091K1BJJN,B09CKHDYSX,B009KKZ6JG",Jersey
mens hanes shorts,男士短裤,Y,0.02%,AC推荐词,751,3,B09T3QHVVM/B08JGBB9N1/B0151E6WPQ,"728,185","2,151",58,2.70%,"53,341",864,2,0,"1,627",1.3,4,21.80%,2.20%,$0.58 ,$0.38 - $0.75,B0151E6OUY,8.10%,2.20%,B0151E7192,8.10%,0.00%,B00M0QGQO6,5.60%,0.00%,"B0151E6WTW,B00M0QFGRY,B01ES415H0,B0BTTMHWZQ,B09T3QHVVM,B0CKLXVKVX,B0BB85RXTF,B0BTTPLGL3,B0BPVYL687,B06ZXWRYTK","Shorts, Hanes"
training shorts,训练短裤,,0.02%,自然搜索词,746,3,B09P3T8X61/B08JGBB9N1/B0BFDTMBGP,"722,698","2,231",178,7.98%,"64,876",956,5,8,"4,919",0.5,24,14.90%,0.00%,$0.70 ,$0.52 - $0.88,B072JBQRLG,6.30%,0.00%,B089JY3L85,5.40%,0.00%,B0B4PGCZMS,3.20%,0.00%,"B01AK7Y12A,B09VBK13ZV,B08XM7421N,B07CZBPFTM,B08BCK9G6R,B09PYSSR6D,B0987C93NK,B07BPMTVPX,B087M3MJ1L,B0B69FBQ18","Shorts, Training"
gym essentials men,健身房必备男士,,0.01%,自然搜索词,744,2,B0151E6WPQ/B08JGBB9N1,"289,014","6,163",41,0.68%,"181,421","2,827",1,0,"8,863",0.7,102,16.00%,11.60%,$1.25 ,$0.93 - $1.55,B0BG7WY5BW,6.50%,1.10%,B07QP13BJ9,5.10%,8.40%,B07S1BNNYD,4.40%,2.10%,"B07QP13BJ9,B07S1BNNYD,B09P1DV7D8,B0785VMVF4,B09MZJPS6T,B0BG7WY5BW,B09R5KPNHZ,B081TQB6BC,B07KSLCPYY,B09F925LQC","Essential, gym"
running shorts for men 7 inch,男士跑步短裤 7 英寸,,0.01%,自然搜索词,742,2,B09XQVCZ8B/B0BFDTMBGP,"387,694","4,550",694,15.27%,"92,450","1,778",16,1,"1,996",2.3,13,7.30%,1.50%,$1.75 ,$1.30 - $2.19,B085NF55WL,2.60%,1.00%,B08CXW8ZJD,2.50%,0.00%,B0C12XJ159,2.20%,0.50%,"B0BXWDVDXC,B0C12XJ159,B09P3RHNSY,B085NF55WL,B0CHHS25GL,B09XQVCZ8B,B0D1C18PXQ,B0C9MDHMXM,B08BX4YRYJ,B01FJNR4JW","Shorts, Running"
nike shorts men 7 inch,耐克短裤男士 7 英寸,,0.01%,自然搜索词,741,2,B0C4GRTZJR/B09P3T8X61,"380,143","4,564",442,9.70%,"107,922","1,873",11,0,516,8.8,21,16.20%,2.20%,$1.36 ,$1.01 - $1.70,B087M3MJ1L,8.10%,2.20%,B087LTC1XS,4.20%,0.00%,B09YNWPHT2,4.00%,0.00%,"B087M3MJ1L,B07QXC37XZ,B089MMJ8DL,B09YNWPHT2,B08BX5PF5C,B08CXW8ZJD,B07FKCHLJH,B001MB1MPS,B09DCVRMX6,B0C13GRWR8","Shorts, NIKE"
champion mesh shorts,冠军网眼短裤,,0.01%,自然搜索词,732,2,B01AK7Y102/B00AKSCXEI,"716,951","2,609",630,24.16%,"56,518","1,245",15,0,474,5.5,1,21.50%,3.00%,$1.05 ,$0.85 - $1.27,B0036OS6LW,8.80%,0.00%,B000J9YQOS,8.30%,3.00%,B0174TL954,4.40%,0.00%,"B0036OS6KI,B008HASFLQ,B07TKLNDJQ,B00719ZR9M,B07SHY6CQ9,B0CV7QCX8D,B08BX5PF5C,B0CJST3RGG,B014WBHXO8,B0CYTWBGDY","Mesh, Shorts, Champion"
mens 9 inch shorts,男式 9 英寸短裤,,0.01%,自然搜索词,725,1,B00AKSCXEI,"394,703","4,070",124,3.05%,"113,837","1,779",3,0,"2,922",1.4,17,11.30%,0.00%,$0.95 ,$0.79 - $1.07,B07FHB3MGG,4.30%,0.00%,B01JQTN8SQ,3.80%,0.00%,B07F282VLG,3.20%,0.00%,"B01JQTN8SQ,B0C4YLNGRV,B016Y825WW,B0CSPV7417,B08NX99GH4,B0CX54JVDP,B08JDTV536,B07FHB3MGG,B0C4GTL6T3,B0CRKD7JZY",Shorts
tennis shorts men,网球短裤男,,0.01%,自然搜索词,725,2,B09P3T8X61/B08JGBB9N1,"730,690","2,746",20,0.74%,"76,860","1,089",1,0,"6,681",0.4,26,19.40%,4.10%,$1.34 ,$1.00 - $1.67,B0C664PFY5,8.20%,1.00%,B09XLMJ3XX,7.00%,2.00%,B09XWBPYGR,4.20%,1.00%,"B0BTJDD9XB,B0C66789T5,B09XLMJ3XX,B0C1JHLB6Y,B08797294F,B00R3VF8BA,B0728KK8VK,B0C53QJGTX,B09XLL648Z,B0CBTWK87B","Shorts, Tennis"
leg3nd,第三条腿,,0.01%,自然搜索词,724,1,B08JGBB9N1,"399,649","3,936",118,3.02%,"79,992","1,685",3,1,100,39.4,8,41.40%,3.50%,$0.34 ,$0.27 - $0.40,B0CYQGHN9M,35.70%,0.00%,B0BZPQ68WL,3.20%,0.00%,B0CT3HL8KK,2.50%,3.50%,"B0C1JKXQJW,B0C1TZ7CCN,B0CT3HL8KK,B0BS2P3K7D,B0CYQGHN9M,B09ZD82V6S,B0BS3S1MHC,B07NF2Z4RJ,B09XQTGV2X,B08JGBB9N1",
champion men,冠军男子,,0.01%,自然搜索词,716,1,B00AKSCXEI,"391,223","4,493",396,8.82%,"132,326","1,934",9,94,"11,794",0.4,19,10.10%,7.20%,$1.42 ,$1.04 - $1.78,B078GMT64C,3.60%,0.00%,B01MYWGRYW,3.50%,0.00%,B0799BNLTZ,3.00%,7.20%,"B078LC7GCX,B071GWC9FZ,B01MYWGRYW,B073R28JZZ,B078GLNW6P,B078GMT64C,B09PF7CGN1,B00FSB5YHK,B0799BNLTZ,B09PF7NPPZ",Champion
men's gym wear,男士健身服,,0.01%,自然搜索词,710,2,B09P3T8X61/B08JGBB9N1,"791,823","1,737",18,1.09%,"35,598",812,1,0,"11,339",0.2,5,13.50%,0.00%,$1.10 ,$0.92 - $1.52,B07RP2ZQ3G,4.80%,0.00%,B0BZDLXKTS,4.80%,0.00%,B0B728NH19,3.90%,0.00%,"B0B728NH19,B0785VMVF4,B077ZJXCTS,B08RYRJW2L,B09H79QJSH,B083463RFH,B08LTBLD95,B0CRHF41F7,B0C14BB4B7,B087G2XPB2",gym
mens big and tall,男式大而全,,0.01%,自然搜索词,709,2,B0C1365SJV/B08JGBB9N1,"299,094","7,612",520,6.84%,"227,907","3,264",12,3,"72,864",0.1,24,6.40%,0.00%,$1.45 ,$1.14 - $1.98,B01MYWGRYW,2.40%,0.00%,B0BQR24NV5,2.10%,0.00%,B0D91QFWXN,1.90%,0.00%,"B0C3D8VZVB,B08NWJL7VX,B01GH5KOZ2,B01MYWGRYW,B00FSB5TNE,B07HRFSNL4,B0000ANHT7,B0BPDXWXXP,B07PH2VWX1,B0B48C9DST","big, Tall, Big And Tall"
nike athletic shorts men,耐克运动短裤男,,0.01%,自然搜索词/SP广告词,706,2,B09P3T8X61/B0BFDSVMPF,"384,938","3,865",919,23.80%,"107,578","1,510",21,0,"3,424",1.1,28,16.50%,5.00%,$1.47 ,$1.30 - $2.17,B087M3MJ1L,8.30%,2.50%,B087LTC1XS,4.70%,2.50%,B07QV7SBW7,3.50%,0.00%,"B07BPLHK9T,B087M3MJ1L,B07BPL162D,B0B6KJS75Q,B01AK7XJS2,B072118MKS,B077XLKW1K,B07YGWRC23,B07CZC664D,B07NJPDSSX","Athletic, Shorts, NIKE"
for men only,仅适用于男性,,0.01%,自然搜索词,705,1,B0C1365SJV,"381,901","3,779",313,8.29%,"87,792","1,743",8,15,"10,497",0.4,22,57.30%,52.50%,$0.80 ,$0.60 - $1.00,1601424450,41.10%,48.20%,B01LZOCUZR,8.40%,3.70%,B00DGYRONI,7.90%,0.60%,"1601424450,B01LZOCUZR,1601424442,B01CUUDVZ8,B07VF6N878,B073D2J5ZS,1601424744,B006ZR8VWG,B0BG3R9XZM,B0CY8KKJM9",ONLY
shorts for men pack,男装短裤,Y,0.01%,自然搜索词/AC推荐词,700,2,B0C1365SJV/B08JGBB9N1,"793,999","2,018",338,16.75%,"58,312",854,8,1,"19,623",0.1,12,11.50%,1.90%,$1.12 ,$0.92 - $1.32,B0BNW2Q62D,5.30%,1.90%,B08LT8LY5N,3.60%,0.00%,B0BNW4Q4BR,2.60%,0.00%,"B0CRHF41F7,B08JGBB9N1,B07H5QPL1R,B08LT8LY5N,B0BNW29CRN,B07NDP7ZTX,B0BX7JC52G,B0CJ11X2MY,B0CRRF28SH,B0BNW2KC41","Pack, Shorts"
men sleep shorts,男士睡裤,Y,0.01%,自然搜索词/AC推荐词,698,1,B09T3QHVVM,"421,785","3,945",28,0.71%,"91,130","1,759",1,0,"4,530",0.9,18,17.30%,1.10%,$1.96 ,$1.47 - $2.45,B07PM93Y17,8.50%,1.10%,B07HPCQ8CS,4.80%,0.00%,B09V6FN1Y7,4.00%,0.00%,"B07PM93Y17,B09T3QHVVM,B00M0QFMSW,B07HFGBPH8,B07C3TBJWC,B08L4X2BJX,B08VFC3W7S,B0CJK4RSTC,B09V6MZNQ2,B0CRMM4J7P",Shorts
ropa de gym para hombre,ropa de gym para hombre,,0.01%,自然搜索词,695,1,B08JGBB9N1,"395,206","3,794",125,3.31%,"88,787","1,741",3,0,"2,104",1.8,38,11.50%,0.00%,$0.20 ,$0.18 - $0.21,B0BZDLXKTS,5.90%,0.00%,B077ZJXCTS,3.50%,0.00%,B083463RFH,2.10%,0.00%,"B077ZJXCTS,B0BNW2CZNM,B0C7WM1QNG,B07JW9S29Z,B08RYRJW2L,B09SPW1QYT,B0C14BB4B7,B083463RFH,B0CSWHJ9BS,B0B728NH19","Hombre, gym"
t shorts for men,男士短裤,,0.01%,自然搜索词,691,1,B08JGBB9N1,"392,882","4,228",559,13.24%,"120,678","2,038",13,3,"6,226",0.7,30,14.60%,3.50%,$1.20 ,$0.89 - $1.50,B0787P86ZZ,7.00%,2.80%,B09B5BQ3YX,4.50%,0.00%,B08F2NQ9VQ,3.20%,0.70%,"B0787P86ZZ,B08F2NQ9VQ,B077ZXTZW5,B086KXNGKY,B078LC7GCX,B00NOY3JOS,B07GBV9RF9,B09B5BQ3YX,B07HRGTLBC,B086KY66PH",Shorts
soothfeel,舒缓的感觉,,0.01%,自然搜索词/SP广告词,688,2,B09XQVCZ8B/B0BFDRQLNC,"416,809","4,808",124,2.59%,"134,760","2,075",3,133,340,14.1,324,11.90%,5.70%,$1.16 ,$0.87 - $1.46,B0CP1W7KNV,4.10%,1.90%,B0CP1X5W5X,4.10%,1.00%,B09XQVCZ8B,3.70%,2.90%,"B09YYDP35B,B09XQVCZ8B,B08LKRRM6G,B0CBMTTKLZ,B09656TLCW,B0CP1W7KNV,B0CY4KW4ZK,B0CVLCVF9J,B0957SSJW2,B0CV3HRD7P",
mens shorts with elastic waistband,男式弹性腰带短裤,,0.01%,自然搜索词,686,2,B09T3QHVVM/B08JGBB9N1,"812,220","2,039",60,2.95%,"55,716",922,2,0,"5,804",0.4,21,16.60%,0.00%,$0.87 ,$0.59 - $1.74,B08JHJ137C,8.00%,0.00%,B09SKWNB88,4.50%,0.00%,B01N5XFTON,4.20%,0.00%,"B01N5XFTON,B08JHJZMXV,B0151E6WTW,B07HNXRR5M,B01N3C2EPT,B08JGBB9N1,B000OF4ON0,B0C26D741D,B0CPW8JB12,B075MYHSBN","Shorts, Elastic, Waistband, Elastic Waist"
mesh basketball shorts,网眼篮球短裤,,0.01%,自然搜索词,681,1,B0C1365SJV,"387,247","4,121",16,0.40%,"109,978","1,776",1,17,"4,238",1,28,11.10%,0.90%,$1.12 ,$0.88 - $1.25,B099RSXNQH,4.10%,0.00%,B01ES40ZBW,4.00%,0.90%,B08LTBN75C,3.10%,0.00%,"B01ES40ZBW,B000J9YQOS,B00719ZR9M,B094356LKB,B08LTBN75C,B076DJ5PWB,B0D1JYKPZW,B0B49XX2N2,B08HYQ24DW,B0CBL63RJM","Basketball, Mesh, Shorts"
mens loose fit shorts,男士宽松短裤,,0.01%,自然搜索词,679,3,B09T3QHVVM/B08JGBB9N1/B0BFDTMBGP,"812,208","1,776",54,3.09%,"52,837",867,2,0,"11,266",0.2,4,11.30%,0.00%,$1.14 ,$0.98 - $1.28,B072JBQRLG,5.10%,0.00%,B078VZGQH7,3.80%,0.00%,B000N8X3T4,2.40%,0.00%,"B078VZGQH7,B08JGBB9N1,B08RBHG3F9,B09QHG7R1L,B0D1DFDG29,B000MND7A0,B000N8X3T4,B082TJ2RNH,B072JBQRLG,B01IT4UQO8","Shorts, Loose Fit"
devops shorts for men,男士 devops 短裤,,0.01%,自然搜索词,672,2,B0BFDRQLNC/B08JGBB9N1,"798,849","2,022",57,2.86%,"59,807",774,2,0,146,13.9,4,37.10%,3.30%,$1.08 ,$0.86 - $1.32,B07SM96ZXL,18.00%,1.70%,B07SL69SV7,9.70%,1.70%,B07X31QZ66,9.50%,0.00%,"B07SM96ZXL,B07RXYCN9L,B0BLN5S1QX,B08JGBB9N1,B0723CZCQT,B08D2PB97C,B07PRW366G,B08JTQP6VY,B09LTQWH1Z,B07S52FCPB",Shorts
men sleeping shorts,男士睡裤,,0.01%,自然搜索词,666,2,B09T3QHVVM/B08JGBB9N1,"855,121","1,814",61,3.40%,"47,322",851,2,0,"5,709",0.3,7,9.60%,1.50%,$1.51 ,$1.11 - $2.00,B07PM93ZL1,3.60%,0.00%,B07PP86MLM,3.00%,1.50%,B07C3TBJWC,3.00%,0.00%,"B09T3QHVVM,B07PM93ZL1,B07C3TBJWC,B00M0QFMSW,B08VFC3W7S,B07HFGWQX6,B0C2911HYL,B0151E6XTG,B09V6FN1Y7,B0CJK21ZCH","sleeping, Shorts"
under armor shorts,铠甲短裤,,0.01%,自然搜索词,661,4,B0C4GS3QJD/B0BFDSVMPF/B0CHMN8TDS/B09XQVCZ8B,"238,282","8,649",113,1.31%,"207,816","4,270",3,0,403,21.5,40,10.50%,1.50%,$1.03 ,$0.75 - $1.16,B07SHVD7S4,4.20%,0.00%,B0C12XJ159,4.10%,0.50%,B0C12FKWG8,2.20%,1.00%,"B0872DYSTQ,B082BFSFP1,B0C12XJ159,B0874WM8MH,B08875KHBB,B0C12FKWG8,B093LXBMMG,B07PMTLHHP,B089MPC471,B0874WPW3F",Shorts
busos deportivos pas hombre,,,0.01%,自然搜索词/SP广告词,660,1,B0C4GV51WK,"429,286","3,233",113,3.51%,"96,142","1,578",3,0,5,646.6,7,16.80%,0.00%,$1.10 ,$0.82 - $1.37,B0CXCL2MMN,10.90%,0.00%,B0CT3HL8KK,3.00%,0.00%,B09YV7VJHF,2.90%,0.00%,"B0B9VQ4P33,B0CT3HL8KK,B0BDWLT9W4,B098S94KQB,B093NYH7TB,B0CH8X2W33,B09CD5QCJJ,B0C58NK4GH,B07PD1622X,B08F3JXQGY",Hombre
athletic works shorts,运动短裤,,0.01%,自然搜索词,654,2,B08JGBB9N1/B0BFDTMBGP,"440,912","4,104",119,2.92%,"82,801","1,723",3,0,"43,186",0.1,39,15.50%,0.00%,$1.46 ,$1.10 - $1.83,B09V72ZLPM,6.50%,0.00%,B08JTWKLXB,4.60%,0.00%,B09V6V5W9L,4.50%,0.00%,"B08JTQP6VY,B01ES4116U,B016YKJAX2,B00719ZQG6,B0728KK8VK,B08SPX7N5Q,B0151E6XTG,B0BWRKPSPC,B0CRRF28SH,B08LT8S1WQ","Athletic, Shorts"
men's dri fit shorts,男士短裤（Dri fit shorts,Y,0.01%,自然搜索词/AC推荐词,639,1,B08JGBB9N1,"455,405","4,893",148,3.03%,"131,139","2,303",4,0,"2,124",2.3,9,11.40%,0.50%,,-,B0723CZCRJ,6.30%,0.00%,B07NF3FLNV,3.00%,0.00%,B08LTB9SZW,2.10%,0.50%,"B0B1LS2RCT,B07H5QPL1R,B08JGBB9N1,B08LTB9SZW,B08JTQP6VY,B07BPLHK9T,B089N9WHYL,B01AK7XUGS,B0723CZCRJ,B0BZPJW6G4",Shorts
mens workout shorts 5 inch inseam,男士运动短裤 5 英寸内缝,,0.01%,自然搜索词,635,2,B08JGBB9N1/B0BFDTMBGP,"186,717","9,952",34,0.35%,"279,828","4,568",1,1,"1,299",7.7,69,12.80%,1.60%,$1.06 ,$0.78 - $1.70,B07R1J9J3J,6.40%,0.60%,B0CQ8RNN1C,3.20%,0.00%,B09VBK13ZV,3.20%,0.90%,"B09VBK13ZV,B09LTQWH1Z,B09PYTB8SD,B0CQ893MT7,B08XPZ3MYM,B0BLRWCWCB,B08BNQFZJP,B0CPDRDRLJ,B09PYRPHP4,B07QV7SBW7","Workout, Shorts, Inseam"
mens basketball shorts multipack,,Y,0.01%,自然搜索词/AC推荐词,629,1,B08JGBB9N1,"452,107","3,903",115,2.96%,"106,154","1,542",3,0,302,12.9,24,12.70%,2.00%,,-,B0D2XLMYGW,5.00%,1.00%,B07NDP7ZTX,4.60%,1.00%,B08JGBB9N1,3.20%,0.00%,"B08JGBB9N1,B0CRHF41F7,B07NDP7ZTX,B08LTC53FR,B08JTWR1S3,B0D2XLMYGW,B0CRRF28SH,B0D46HCPDF,B0723CZCRJ,B09P2189MX","Basketball, Shorts"
mens knit shorts,男士针织短裤,Y,0.01%,自然搜索词/AC推荐词,625,1,B0151E6WPQ,"458,734","3,778",17,0.46%,"81,603","1,786",1,0,"4,487",0.8,43,8.50%,1.10%,$1.00 ,$0.81 - $1.21,B0151E6WPQ,3.70%,0.60%,B00M0QH7BC,2.60%,0.00%,B0CS6M4KM1,2.20%,0.60%,"B0151E6WPQ,B09T3PJWSR,B00M0QFMSW,B0151E6XTG,B00AKSCZ4G,B08L4X623C,B0BTV3L1PV,B07PN58J9N,B0BVMW2H8V,B0CM8ZHCBJ","Knit, Shorts"
men's shorts 7 inch inseam,男式短裤 7 英寸内缝,,0.01%,自然搜索词,620,1,B09P3T8X61,"169,827","12,633","2,051",16.24%,"358,086","5,210",47,0,"2,770",4.6,22,14.00%,1.30%,$1.77 ,$0.97 - $3.56,B07F25B4GC,6.30%,0.30%,B08JDYVDRB,4.20%,1.10%,B07FH9S76H,3.60%,0.00%,"B08JDTYHGC,B07F25B4GC,B077RTN23Y,B0BXWDK38F,B08JDYVDRB,B0C4YPY5K5,B0CSPRWDYN,B0D1GB9TZ4,B085NF55WL,B0BPLWM5QP","Shorts, Inseam"
pocket,口袋,,0.01%,自然搜索词,620,1,B0151E6WPQ,"419,245","3,349",130,3.90%,"73,070","1,333",3,335,"75,523",0,113,6.70%,7.10%,$1.54 ,$1.22 - $1.78,B007HAE5GQ,2.30%,7.10%,B0CG19FGQ5,2.30%,0.00%,B00ZS3DC4K,2.10%,0.00%,"B086L4XXGF,0300253745,B007HAE5GQ,B07BJM2WR4,1643751549,B002I6I9IO,B00JULYW3G,B00Z9GGDYM,B0CKQBXQND,B0B824PKTF",Pocket
mens adidas shorts,男式阿迪达斯短裤,,0.01%,自然搜索词,619,2,B01AK7Y102/B09P3T8X61,"93,882","22,855",262,1.15%,"599,314","11,370",6,0,837,27.3,35,19.90%,3.60%,$1.23 ,$0.92 - $1.53,B0878Y8YRQ,8.70%,2.40%,B0C3WXGQX9,5.70%,0.20%,B09XLL648Z,5.40%,1.10%,"B010DKQO2E,B0C3WXGQX9,B09Y2SZ95Z,B08MTBLLRM,B09Y2VG81M,B0CHR3J39D,B09XLL648Z,B08791PX1J,B08CXHQHTH,B0C2JRLYH8","Adidas, Shorts"
mems shorts,短裤,,0.01%,自然搜索词,615,2,B01AK7Y102/B08JGBB9N1,"878,545","2,209",75,3.44%,"63,479",858,2,0,473,4.7,4,7.90%,0.00%,$1.67 ,$1.25 - $2.09,B01M9CKNQP,2.90%,0.00%,B0CLCWF31Q,2.70%,0.00%,B0C26DW41Y,2.30%,0.00%,"B0C26DW41Y,B081W8R8RN,B08JGBB9N1,B01M9CKNQP,B06XWG34NP,B08S6LS9MM,B009CTUGW2,B07FH9V6JK,B0CLCWF31Q,B09PYSSR6D",Shorts
mens training shorts,男式训练短裤,,0.01%,自然搜索词,613,1,B09P3T8X61,"455,424","4,012",371,9.26%,"103,000","1,807",9,0,"3,924",1,9,7.00%,1.70%,$1.39 ,$1.04 - $1.75,B089JY3L85,2.80%,0.00%,B09PYTB8SD,2.30%,1.70%,B08BCKC89W,2.00%,0.00%,"B01AK7Y12A,B08BCK9G6R,B0CRHF41F7,B09PYSSR6D,B09VBK13ZV,B0987C93NK,B07CZBPFTM,B0723CZCQT,B09P3T8X61,B0C2HTXSH3","Shorts, Training"
mens gifts,男式礼物,,0.01%,SP广告词,612,3,B09WMZR2XM/B0C4GV51WK/B09P3T8X61,"13,972","87,664",841,0.96%,"2,243,616","43,022",20,7,"68,045",1.3,241,9.50%,3.70%,$1.79 ,$1.50 - $2.19,B08VPSGX5G,3.60%,0.30%,1450845800,3.00%,3.00%,B09BDG5RP3,2.90%,0.40%,"B08VPSGX5G,B08LW662KP,B01GH5JNRW,B08VF9GN6V,B0BYBHRZ7T,B06W2JXS48,B00B354UUC,B00OJI35GA,B0B9DC2M89,B0CLRDLL96",Gift
mens fabletics shorts,男士寓言短裤,,0.01%,自然搜索词,606,1,B09P3T8X61,"462,190","3,941",23,0.59%,"114,382","1,853",1,0,336,11.7,4,17.40%,1.20%,$1.98 ,$1.55 - $2.27,B0B52HFQHW,8.00%,1.20%,B0C75DD541,4.90%,0.00%,B0B52GZL87,4.50%,0.00%,"B0B528M528,B0BT6V92HH,B0B69BLBK5,B0B52HFQHW,B0BQCLHBGB,B0C5K5P236,B0BL5DK3YB,B0C75J712P,B0C75LPBPR,B08XM7421N",Shorts
5 inch running shorts men,5寸跑步短裤男,,0.01%,自然搜索词,597,1,B0BFDTMBGP,"425,938","3,821",20,0.54%,"87,151","1,841",1,0,"1,747",2.2,35,16.20%,3.00%,$1.69 ,$1.34 - $1.88,B07R1J9J3J,7.10%,0.00%,B09PYSSR6D,5.10%,2.00%,B0CQ8RNN1C,3.90%,1.00%,"B07R1J9J3J,B0CQ89H4T2,B0CPDRDRLJ,B09PYTB8SD,B0C12P8YGH,B0CJLV654D,B073P3HRXJ,B0CMZSXR3T,B0CKMDKGS3,B0CV4VKTM4","Shorts, Running"
short para gym hombre,运动短裤,,0.01%,自然搜索词,595,2,B09P3T8X61/B08JGBB9N1,"857,633","1,485",39,2.63%,"34,929",600,1,0,529,2.8,4,12.60%,5.30%,$1.16 ,$1.00 - $1.36,B0CWKPHB2F,5.20%,0.00%,B09LTQWRV7,3.90%,0.00%,B09G272YSB,3.60%,5.30%,"B09LTQWRV7,B0CRHF41F7,B0BNW3CD3W,B07H5PTQML,B09G272YSB,B08LTBLD95,B0CRRF28SH,B09PQCFRZS,B09PYSSR6D,B08XM7421N","Hombre, gym, Short"
nike tech,耐克科技,,0.01%,视频广告词,591,1,B0BFDTMBGP,"2,433","142,825",285,0.20%,"3,624,947","54,657",7,10,"2,266",63,33,35.20%,1.40%,$0.56 ,$0.43 - $0.72,B0CRP66QC1,15.10%,0.00%,B0CPYPTXSY,12.20%,1.40%,B09P9V6VF5,7.90%,0.00%,"B0CPYPTXSY,B08GBPNWN7,B08GBYV8B1,B0CJYH9KQ7,B08DNL16YG,B08GC25T7P,B0C4PHTQYJ,B08L438J4N,B08HJ8HZJK,B0C9TLFSNZ",NIKE
pink mens shorts,粉色男士短裤,,0.01%,自然搜索词,586,1,B0C1365SJV,"449,193","3,150",97,3.09%,"79,873","1,413",3,0,"5,149",0.6,0,10.10%,1.80%,$0.89 ,$0.68 - $1.12,B089PK61LW,3.90%,0.90%,B0CPYBTWBQ,3.40%,0.00%,B0C26LGFRP,2.80%,0.90%,"B089PK61LW,B0BLRZH6MN,B0CQZ4JG1K,B08CMSZS9N,B0C26LGFRP,B0CCRYM7LX,B0D1VLZKW4,B096858XP9,B0CPYBXPTW,B0C1TXQYMY","Shorts, Pink"
3xl shorts for men,3xl 男士短裤,Y,0.01%,自然搜索词/AC推荐词,586,2,B08JGBB9N1/B0BFDTMBGP,"496,435","3,766",103,2.74%,"108,242","1,475",3,0,"5,021",0.8,32,10.30%,4.20%,$1.00 ,$0.77 - $1.40,B08D2TC7BT,4.90%,1.20%,B08JGBB9N1,2.90%,0.00%,B0BWQMXHMR,2.40%,3.00%,"B08JGBB9N1,B08D2TC7BT,B01BUJ0JVY,B0CRH7CXNC,B077XQMB7G,B01F2B1EIS,B094692JQ8,B000MNA0NW,B0BZY4MTXR,B08JTQP6VY",Shorts
mens xl shorts,男士 xl 短裤,,0.01%,SP广告词,585,3,B0C4GV51WK/B09T3QHVVM/B09P3T8X61,"943,926","2,005",65,3.29%,"48,033",961,2,0,"13,417",0.2,23,11.20%,1.70%,$1.32 ,$0.99 - $1.64,B07NDP7ZTX,4.20%,0.90%,B08JTQP6VY,3.50%,0.90%,B01AK7XQQC,3.50%,0.00%,"B0CRHF41F7,B07NDP7ZTX,B08JTQP6VY,B08PYQRD1Y,B01AK7XQQC,B0151E6WTW,B08LT8LY5N,B07H5P8M39,B087M3RDVK,B0723CZCRJ",Shorts
mens shorta,男装短裤,,0.01%,自然搜索词,582,3,B09T3QHVVM/B09P3T8X61/B0BLKN87V4,"903,545","2,121",65,3.07%,"46,087","1,017",2,0,"44,461",0.1,4,7.80%,0.00%,$1.03 ,$0.77 - $1.29,B08JGBB9N1,3.80%,0.00%,B0CRHF41F7,2.10%,0.00%,B0D918R8D8,1.90%,0.00%,"B07YP9TWCX,B07H5QPL1R,B016Y820AY,B0151E6PB2,B01JQTB3PG,B078W113QW,B0C26D741D,B08TB8595Q,B082TJ8LV7,B009CTU8CA",Short
men's shorts pack,男士短裤包,,0.01%,自然搜索词,582,2,B0C1365SJV/B08JGBB9N1,"903,489","2,272",59,2.61%,"49,536",955,2,0,"28,063",0.1,1,6.40%,1.30%,$2.13 ,$1.34 - $4.28,B07NDP7ZTX,2.20%,0.00%,B08LT8LY5N,2.20%,0.00%,B0BNW3NJ7L,2.00%,1.30%,"B0CRHF41F7,B08JGBB9N1,B07H5QPL1R,B07NDP7ZTX,B0BNW29CRN,B0D2MRK7G4,B08LT8LY5N,B0CJ11X2MY,B0BX7JC52G,B0BNW2KC41","Pack, Shorts"
sport clothes for men,男士运动装,,0.01%,自然搜索词,579,2,B0C1365SJV/B08JGBB9N1,"947,473","1,320",1,0.07%,"37,945",617,1,0,"50,056",0,2,10.00%,0.00%,$1.30 ,$0.98 - $1.63,B091F4LQWS,4.20%,0.00%,B0785VMVF4,3.50%,0.00%,B08MLHY4JD,2.30%,0.00%,"B0785VMVF4,B07VTSD48H,B01GH5GSLG,B08MLHY4JD,B07DRNTL8K,B0874X381F,B07BBQV9KB,B08JGBB9N1,B083LPBWMY,B0CSWHJ9BS",
nike running shorts for men,耐克男士跑步短裤,,0.01%,自然搜索词,579,2,B09P3T8X61/B09XQVCZ8B,"904,212","2,016",72,3.62%,"55,102","1,001",2,0,"3,698",0.6,5,20.80%,13.30%,$1.40 ,$1.20 - $1.61,B0B18NMXCV,7.70%,10.00%,B0B619RFMM,6.60%,3.30%,B0C13GRWR8,6.60%,0.00%,"B0B619RFMM,B0BGV7PZZJ,B09YNW36K6,B0B18NMXCV,B087M3MJ1L,B0C13GRWR8,B0BSVP7CRG,B07YKQC8X3,B08CRJHPLV,B07BPL162D","Shorts, NIKE, Running"
mens shorts a,,,0.01%,自然搜索词,574,3,B0BFDTMBGP/B0C1365SJV/B0BLKN87V4,"903,546","2,752",84,3.08%,"55,725","1,301",2,0,"56,093",0.1,4,11.90%,0.00%,$1.33 ,$1.12 - $1.72,B079N49KN2,5.60%,0.00%,B0B1LS5DM3,3.60%,0.00%,B09QT6H6NQ,2.70%,0.00%,"B078VZ5QBW,B016Y825ZE,B07YP9TWCX,B07H5PTQML,B009CTU8CU,B06XWNJ6Z7,B07BPLHK9T,B07NDP7ZTX,B08Q77K2VF,B0CSQK15Q1",Shorts
mens athletic shorts 7 inch inseam,男式运动短裤 7 英寸内缝,,0.01%,自然搜索词,572,3,B09P3T8X61/B09XQVCZ8B/B08JGBB9N1,"916,656","1,952",299,15.32%,"39,885",928,7,0,"1,921",1,4,10.60%,3.50%,$0.94 ,$0.67 - $1.88,B0CRQFLWT3,4.00%,1.20%,B0D3P9XTKV,3.30%,2.40%,B0BNW4VZPK,3.30%,0.00%,"B0D3P9XTKV,B09439RD8Y,B08GLXZSV7,B08BX4YRYJ,B0D1C18PXQ,B0BNW4VZPK,B09XQVD5H9,B0CRQFLWT3,B0C1TXY8W2,B0CJSM512X","Athletic, Shorts, Inseam"
hanes sleep shorts,hanes 睡裤,,0.01%,自然搜索词,570,1,B09T3QHVVM,"490,269","3,038",591,19.48%,"84,039","1,378",14,0,606,5,7,35.40%,8.70%,$0.92 ,$0.68 - $1.14,B0CX26MKL8,17.10%,1.50%,B0CX2LH9D3,9.40%,5.80%,B0CDCPZBNG,8.90%,1.50%,"B0CX2S4F6J,B0CDCPZBNG,B07RJSL1TL,B00M0QFMSW,B07PN7C1QC,B0CX2HLFX4,B07V5NCT9X,B09T3PJWSR,B0CX2T56VM,B0151E6XTG","Shorts, Hanes"
mens black athletic shorts,男士黑色运动短裤,,0.01%,自然搜索词/SP广告词,570,1,B09P3T8X61,"458,728","3,236",767,23.74%,"65,279","1,364",18,0,"9,896",0.3,14,21.00%,4.40%,$1.52 ,$1.14 - $1.90,B072JBQRLG,13.00%,1.50%,B07R1J9J3J,4.40%,1.50%,B094G3G6V4,3.70%,1.50%,"B094G3G6V4,B0BXWCF25S,B0CRHF41F7,B08JG31VTR,B0CRHQSFQQ,B072JBQRLG,B012JZ187M,B0CSNTYBY1,B09XQWCCGR,B0C27FN2BN","Athletic, Black, Shorts"
gym clothes men,运动服男,,0.01%,自然搜索词,569,1,B08JGBB9N1,"482,780","3,939",305,7.76%,"94,468","1,592",7,0,"20,909",0.2,19,10.80%,1.10%,$0.69 ,$0.41 - $0.76,B077ZJXCTS,4.60%,1.10%,B077ZKDQLV,3.70%,0.00%,B0BZDLXKTS,2.70%,0.00%,"B0BNW2CZNM,B077ZJXCTS,B0785VMVF4,B0B728NH19,B083463RFH,B08BBYCN46,B07WTSQ55M,B09LTQWRV7,B09BTBDVXQ,B0CSWHJ9BS",gym
7 inch inseam shorts men,7寸下裆短裤男,,0.01%,自然搜索词,568,2,B0BFDSVMPF/B00AKSCXEI,"60,555","31,158","2,570",8.25%,"632,071","15,192",59,0,"2,838",11,114,8.70%,1.10%,$1.02 ,$0.76 - $1.28,B085NF55WL,3.10%,0.40%,B077RTN23Y,3.00%,0.70%,B07F2552QK,2.70%,0.00%,"B0BXWDK38F,B07F282RK2,B08JDTYHGC,B077RTN23Y,B085NF55WL,B0D1GB9TZ4,B09DCVRMX6,B0C4YPY5K5,B0BPLVMWMF,B08JDYVDRB","Shorts, Inseam"
crossfit shorts men,越野运动短裤男士,,0.01%,自然搜索词,564,1,B09P3T8X61,"489,618","3,054",3,0.10%,"89,045","1,250",1,0,311,9.8,12,9.50%,0.00%,$2.53 ,$1.90 - $3.18,B07TMQFQ9N,3.50%,0.00%,B09PYSW3SM,3.20%,0.00%,B07TMNJLV8,2.70%,0.00%,"B07TMQFQ9N,B09LTQWH1Z,B07YMSB4SP,B085NF55WL,B09PYSW3SM,B09VBK13ZV,B08D9TCJ4S,B0BT6S26VZ,B09P3T8X61,B07XVQHV6W","Shorts, CrossFit"
costco,成本价,,0.01%,自然搜索词,558,1,B0B4RQCZR1,"185,939","9,782",26,0.27%,"219,017","3,802",1,57,877,11.2,134,29.60%,23.50%,$0.23 ,$0.18 - $0.30,B08T5NRJRH,17.70%,2.90%,B09HY2CYQ6,6.90%,5.90%,1959505009,5.00%,14.70%,"B0CJQHC6G2,B08T5NRJRH,B0032JRVPI,B0928DWPVF,B01IFMSKAQ,B00LUU01R6,B093FZST13,1959505009,B0BVGGR3CY,B09HY2CYQ6",
men summer shorts,男士夏季短裤,,0.01%,自然搜索词,557,1,B08JGBB9N1,"498,567","4,017",118,2.95%,"88,081","1,704",3,0,"37,317",0.1,17,7.60%,1.60%,$1.12 ,$0.81 - $1.30,B0C1MSYWQQ,3.10%,0.80%,B0C1MSGPF9,2.40%,0.80%,B0CS6M4KM1,2.10%,0.00%,"B0CRZ94622,B0C1MSYWQQ,B0CMHNN5BD,B08S7L2S99,B0CS6M4KM1,B078W113QW,B08CMPQKG8,B0CNPNLRFX,B009CTU8CA,B016Y8268U","Shorts, Summer"
amazon shorts,亚马逊短裤,,0.01%,自然搜索词,557,1,B0151E6WPQ,"467,232","4,297",405,9.44%,"106,822","1,801",10,0,"3,589",1.2,26,18.90%,7.60%,$1.32 ,$0.99 - $1.64,B0723CZCQT,7.00%,3.80%,B0728KK8VK,6.70%,3.80%,B0723CZCRJ,5.20%,0.00%,"B0723CZCRJ,B0728KK8VK,B01JQTN8SQ,B07F27YVN8,B08JDWSNWX,B07F1521RT,B01JQTM148,B08JDX7MRF,B07752LYQS,B07XJCK47H","Amazon, Shorts"
black shorts men athletic,黑色短裤男士运动,,0.01%,自然搜索词,554,1,B09P3T8X61,"489,167","2,582",550,21.34%,"72,379","1,250",13,0,"10,423",0.3,9,18.00%,3.20%,$1.46 ,$1.10 - $1.83,B072JBQRLG,7.40%,0.80%,B0723CZCRJ,6.70%,1.60%,B08JG31VTR,3.90%,0.80%,"B0CRHF41F7,B0BXWDK38F,B0CRHQSFQQ,B0C27FN2BN,B0728KK8VK,B08JG31VTR,B012JZ187M,B0CRQG1HLW,B09XQWCCGR,B0CSNTYBY1","Athletic, Black, Shorts"
men's shorts 9 inch inseam,男式短裤 9 英寸内缝,,0.01%,自然搜索词,549,2,B00AKSCXEI/B0C4GV51WK,"479,696","4,673",143,3.07%,"124,957","2,246",4,0,"5,215",0.9,19,12.30%,1.10%,$1.67 ,$0.88 - $2.73,B0CSPV7417,4.50%,0.50%,B08JDTV536,3.90%,0.50%,B0CSQTGS92,3.90%,0.00%,"B01JQTN8SQ,B009CTUGW2,B0CSPV7417,B016Y825WW,B0C4YLNGRV,B0CX54JVDP,B075NYV2SK,B0C4GTL6T3,B0CRKD7JZY,B08JDTJ248","Shorts, Inseam"
clothes men,衣服 男人,,0.01%,自然搜索词,548,8,B0B9G7J8C7/B0BFF67H1W/B0BFDVPFKX/B0C4GV51WK/B0C1365SJV/B09P3T8X61/B09XQVCZ8B/B0BFDRQLNC,"147,128","13,804",8,0.06%,"365,596","6,237",1,0,"58,617",0.2,297,8.40%,0.00%,$1.02 ,$0.76 - $1.28,B0C8N21ZFZ,3.10%,0.00%,B09315VY54,2.70%,0.00%,B0BZDLXKTS,2.60%,0.00%,"B09315VY54,B071JYV6LN,B0BV241H3F,B086L69KCL,B07GPKFW8X,B0C8NT7R47,B0BWQMXHMR,B07776V7KW,B0CCSGJMSJ,B0C61W2MVF",
under armour running shorts men,Under Armor 跑步短裤 男士,,0.01%,自然搜索词,545,1,B01AK7Y102,"456,613","4,255",57,1.36%,"105,606","1,632",2,0,378,11.3,7,21.60%,6.40%,$0.99 ,$0.59 - $1.98,B0C12XJ159,9.40%,2.40%,B0C12S3M55,7.20%,1.60%,B0C12L95VD,5.00%,2.40%,"B0C12XJ159,B0C12P8YGH,B089MQNZ41,B0C12MNK1J,B093MLWNHL,B09WCWTHXR,B0BGW94T86,B0874WFWR8,B07CZBPDZB,B09JKYSMY2","Shorts, Running, Under Armour"
amazon basics shorts mens,亚马逊基本款短裤男装,,0.01%,自然搜索词,544,2,B09T3QHVVM/B0151E6WPQ,"979,572","1,903",61,3.22%,"42,332",813,2,0,220,8.7,1,25.10%,7.60%,$1.20 ,$0.89 - $1.50,B0728KK8VK,12.90%,2.50%,B0723CZCQT,6.30%,2.50%,B0723CZCRJ,5.80%,2.50%,"B0723CZCQT,B01JQTBO5U,B07F27X4DG,B07DZTQXPR,B07FHBNY51,B08JDWSNWX,B08JTQP6VY,B01JQTAD2A,B07T3HTPKF,B07XKJC8LB","Amazon, Shorts"
basketball shorts mens,篮球短裤男装,,0.01%,SP广告词,539,2,B0C1365SJV/B0BFDRQLNC,"529,999","3,919",115,2.95%,"109,536","1,608",3,0,"12,733",0.3,5,10.50%,2.10%,$1.35 ,$1.00 - $1.69,B07NDP7ZTX,4.10%,1.10%,B08JG3T2SY,3.80%,0.50%,B0D46GM438,2.60%,0.50%,"B07NDP7ZTX,B08JG3T2SY,B08JGHDWNP,B0D46GM438,B01AK7Z5BG,B07BPLHK9T,B0D48ZH2X5,B0036OS6LC,B08S99RBHL,B0D2MRK7G4","Basketball, Shorts"
running accessories for men,男士跑步配饰,,0.01%,HR推荐词,536,3,B0B9G7J8C7/B0BFF67H1W/B0BFDTMBGP,"107,509","19,139","1,391",7.27%,"542,036","9,412",32,0,"11,379",1.7,59,19.40%,4.70%,$0.52 ,$0.40 - $0.66,B094DTHNHZ,7.00%,2.70%,B0B67WBKDY,6.40%,1.50%,B0CRBL8PK3,6.20%,0.60%,"B091669827,B09X9NGMWY,B0B67WBKDY,B0B17NB28N,B09B22DZ9W,B0BCPL2YSJ,B01M9GSQST,B08XM7421N,B094DTHNHZ,B0C13DHH78","Accessories, Running"
haines men,海恩斯人,,0.01%,自然搜索词,533,1,B0151E6WPQ,"494,134","2,081",70,3.37%,"48,768",972,2,0,216,9.6,4,11.70%,7.50%,$1.38 ,$1.05 - $1.96,B086L4BXZC,4.70%,4.80%,B00ACIGM84,3.80%,2.10%,B00ACIGNH4,3.30%,0.70%,"B086L4BXZC,B00ACIGM84,B00ACIGNH4,B086L316XC,B004QO20P4,B00CEIU7JU,B0B57MP1ZD,B000HOBYCW,B00CAXS5Y8,B086L3RJBG",
gym gear for men,男士健身器材,,0.01%,自然搜索词,528,1,B08JGBB9N1,"518,336","2,981",19,0.65%,"64,245","1,478",1,0,"18,941",0.2,41,16.40%,3.00%,$0.33 ,$0.25 - $0.37,B07QKML1SL,6.60%,1.50%,B0BFF5MN6T,5.30%,1.50%,B0BNW3MZ3X,4.60%,0.00%,"B0BNW3MZ3X,B0785VMVF4,B0BFF5MN6T,B07GSJ45CF,B08RYQXJPK,B081TQB6BC,B09H79QJSH,B07QKML1SL,B07JG8H6RR,B07BSRNCN3",gym
rsq shorts men,rsq 短裤 男士,,0.01%,自然搜索词,526,1,B0BLKN87V4,"551,642","3,580",119,3.33%,"74,093","1,695",3,0,94,38.1,14,21.30%,4.40%,$1.22 ,$0.92 - $1.52,B09Y9F8GGN,10.60%,0.00%,B09W9XRNXZ,6.00%,4.40%,B09Y9DRK7P,4.70%,0.00%,"B09Y9FQWPR,B09Y9F8GGN,B07GL2R7HR,B0CXGXM3CN,B0D6XBLBL1,B0C6WZVP4K,B09W9XRNXZ,B0C48LTS2F,B0CVVDXLSF,B09W9XRVJ9",Shorts
7 inch shorts men,7寸短裤男,,0.01%,自然搜索词,526,1,B09P3T8X61,"504,407","2,954",291,9.86%,"85,892","1,284",7,0,"3,693",0.8,16,11.90%,3.20%,$1.44 ,$1.08 - $1.79,B08JDWVDGZ,6.30%,0.00%,B08JDTYKH7,3.20%,1.10%,B0BXWDK38F,2.40%,2.20%,"B08JDYVDRB,B07F25B4GC,B0BXWDK38F,B0C26JGHGY,B09DCVRMX6,B07F27XC6G,B077RTN23Y,B08CXW8ZJD,B077RV5TZ5,B0C4YR3NRY",Shorts
hanes sleep shorts men,hanes 睡眠短裤 男士,,0.01%,自然搜索词,526,1,B09T3QHVVM,"545,259","2,742",452,16.50%,"61,657","1,251",11,0,239,11.5,4,25.00%,5.30%,$0.51 ,$0.33 - $0.69,B07RJSL1TL,10.10%,0.60%,B00M0QFMSW,8.00%,2.40%,B00M0QFIK4,6.90%,2.40%,"B00M0QFMSW,B07PN7C1QC,B07V5NCT9X,B09T3QHVVM,B084BWCJQJ,B0151E6XTG,B092LS8LC9,B00PUYQRDU,B00CAXS2Q4,B0CKLXNDXL","Shorts, Hanes"
nike dri fit shorts,耐克Dri Fit短裤,,0.01%,自然搜索词/SP广告词,523,1,B09XQVCZ8B,"502,745","3,327",246,7.41%,"78,579","1,402",6,0,"1,380",2.4,11,14.70%,6.90%,$1.47 ,$1.10 - $1.84,B07BPL162D,5.70%,5.50%,B087M3MJ1L,4.80%,0.00%,B07BPPGDWH,4.10%,1.40%,"B07BPL162D,B087M3MJ1L,B072118MKS,B0B6KQR5JP,B098NFCL3J,B0BNNYCHPM,B0B619RFMM,B0BN4NNGGZ,B0BNQFPCG1,B00QSGNH8C","Shorts, NIKE"
and 1 shorts for men,和 1 条男士短裤,,0.01%,自然搜索词,518,1,B08JGBB9N1,"548,247","3,159",107,3.39%,"70,196","1,441",3,0,"14,824",0.2,10,34.90%,8.20%,$1.38 ,$1.03 - $1.74,B086BD27QX,20.60%,5.50%,B08LT9HRRS,8.70%,1.40%,B07NDP7HYC,5.50%,1.40%,"B08LT9HRRS,B07NDP7HYC,B086BD27QX,B09VT7HYBB,B08SBBRGD1,B08JGBB9N1,B08SWLZR37,B08LTBWGNK,B072Q7CDKX,B0BNW2731P",Shorts
xersion shorts men,紧身短裤 男士,Y,0.01%,自然搜索词/AC推荐词,513,1,B08JGBB9N1,"572,916","2,616",68,2.62%,"65,159","1,072",2,0,160,16.4,6,10.80%,3.10%,$1.23 ,$0.92 - $1.53,B08JGBB9N1,4.20%,0.00%,B08C2Q49MR,3.50%,0.00%,B08JG3T2SY,3.10%,3.10%,"B08JGBB9N1,B07NDP7ZTX,B08JTQP6VY,B09P3T5Z8K,B000MND79Q,B0C1JKXQJW,B0723CZCRJ,B07KFQW2XG,B0BS3S1MHC,B000KK2NAA",Shorts
patagonia shorts,巴塔哥尼亚短裤,,0.01%,自然搜索词,509,2,B0BFDTMBGP/B0BFDVPFKX,"515,200","3,725",150,4.05%,"82,409","1,686",4,0,720,5.2,24,23.50%,4.60%,$1.01 ,$0.79 - $1.39,B00ZVC6K6A,14.10%,4.60%,B0D9193F4T,5.90%,0.00%,B00DNNM4EG,3.60%,0.00%,"B00DNNM4EG,B00ZVC6K6A,B07DZVDKPJ,B09Q7Z8WWX,B07WDHQHWT,B08MV7MTFN,B00IEUPBL6,B0B713M4K8,B09VBL9XGY,B0B4JBTF69","Shorts, patagonia"
4xl shorts for men big and tall,4xl 男士短裤,,0.01%,自然搜索词,502,1,B09T3QHVVM,"578,235","3,519",111,3.17%,"94,194","1,608",3,0,"1,916",1.8,4,11.30%,2.00%,,-,B0BZHDP4VX,4.90%,1.30%,B09461YZGK,3.50%,0.70%,B09464J5CN,2.90%,0.00%,"B0945GZPMB,B08LTBN75C,B0BX7LHL7R,B09T3QHVVM,B0BZHDP4VX,B07HNWFWRG,B0058CUV3G,B0BNW34W34,B0BNJVGP1P,B09GYJ7SMW","big, Shorts, Big And Tall, Tall"
cargo shorts for men,男士货柜短裤,,0.01%,品牌广告词,498,1,B0BLKN87V4,"3,355","223,580",670,0.30%,"5,283,515","100,408",16,12,"15,945",14,409,9.90%,0.70%,$1.44 ,$1.01 - $1.69,B07YP9TWCX,4.50%,0.40%,B09QT6H6NQ,3.40%,0.00%,B078VZ5QBW,2.00%,0.40%,"B07HNXRR5M,B00XKYLJDU,B00PICJYBG,B07YP9TWCX,B01IT4UQNO,B0CQZ57M44,B00XKYLI8Q,B08P68RNGM,B078VZ5QBW,B01N2UE6IB","Shorts, Cargo, Cargo Shorts"
short deportivo para hombre,短拉科鲁尼亚人,,0.01%,自然搜索词,497,2,B00AKSCXEI/B09XQVCZ8B,"561,625","2,628",86,3.29%,"75,632","1,299",2,0,436,6,0,7.80%,4.60%,$1.25 ,$0.94 - $1.58,B08XM7421N,2.80%,4.60%,B08LT9MJM2,2.60%,0.00%,B0CRHF41F7,2.40%,0.00%,"B08JGC1D2G,B08LT9MJM2,B01AK7ZK7A,B0CRHF41F7,B08XM7421N,B07BPLHK9T,B091M6H7ZT,B09G272YSB,B07NDP7HYC,B0C9MDHMXM","Hombre, Short"
nylon shorts,尼龙短裤,,0.01%,SP广告词,492,2,B08JGBB9N1/B01AK7Y102,"560,818","2,740",80,2.94%,"74,375","1,196",2,5,"29,368",0.1,4,10.60%,1.80%,$0.99 ,$0.74 - $1.24,B0CHTMG9Y1,4.10%,0.00%,B0C26GLSZN,3.70%,0.00%,B0723CZCQT,2.80%,1.80%,"B0C26GLSZN,B08BCK9G6R,B00DNNM2MU,B00719ZSHS,B0723CZCQT,B0CSK46SK1,B0CJ1D8N79,B075MYDWW1,B0BGG6WVR8,B092VKF5T6","Nylon, Shorts"
nike rn 56323,耐克RN 56323,,0.01%,自然搜索词,489,1,B0BFDSVMPF,"560,760","2,644",80,3.05%,"70,166","1,290",2,0,120,22,5,35.30%,13.60%,$1.39 ,$1.04 - $1.75,B0CPTG74GX,16.50%,0.00%,B087M3MJ1L,12.50%,9.10%,B087LTC1XS,6.30%,4.60%,"B087M3MJ1L,B07GP3HXTT,B007OY4HGI,B08HPT1516,B07BPMTVPX,B072118MKS,B01JIPCMS0,B004YATSVO,B01MXGO0FV,B08CY8F4K1",NIKE
mens gym shorts 5 inch,男士健身短裤 5 英寸,,0.01%,自然搜索词,481,2,B08JGBB9N1/B09P3T8X61,"229,818","8,772",66,0.76%,"182,770","3,471",2,1,"1,542",5.7,29,12.00%,0.60%,$1.34 ,$1.00 - $1.67,B0CQ8RNN1C,5.10%,0.00%,B07R1J9J3J,4.00%,0.00%,B09LTQWH1Z,3.00%,0.60%,"B09LTQWH1Z,B086ZDRRFT,B09VBK13ZV,B09PYRLHK4,B082G6SCM1,B0C12MGWNG,B0CQ893MT7,B0CPDRDRLJ,B07QV7SBW7,B0CQ87WVKW","Shorts, gym"
shorts men 7 inch,短裤男7寸,,0.01%,自然搜索词,480,1,B09P3T8X61,"533,050","3,645",111,3.07%,"96,338","1,586",3,0,"3,698",1,17,9.40%,0.60%,$1.04 ,$0.79 - $1.30,B08JDWSNWX,4.10%,0.00%,B07F25B4GC,2.80%,0.00%,B08JDWYN83,2.50%,0.60%,"B07F25B4GC,B0BXWDK38F,B08JDTYKH7,B077RTN23Y,B09DCVRMX6,B0C26JGHGY,B07FHBCC58,B085NF55WL,B0BNW3NJ7L,B0C4YR3NRY",Shorts
bird dog shorts,鸟狗短裤,,0.01%,自然搜索词,475,1,B09WMYXNJ9,"573,576","2,574",79,3.07%,"73,068","1,249",2,0,176,14.6,18,29.20%,4.30%,$9.97 ,$7.48 - $11.00,B0CV1CKX76,16.20%,2.90%,B0CV1D4PDK,6.70%,1.40%,B0CV1CTY7K,6.30%,0.00%,"B0CV1D44HF,B09XQTGV2X,B0CV1DDGYF,B092QXSNTX,B0BT6V92HH,B07PPXVTXJ,B08HPJG9TV,B0B82LMY6W,B07HNWSRTV,B07711SDY4","Bird, Shorts, Dog"
workout short,锻炼短片,,0.01%,自然搜索词,473,1,B08JGBB9N1,"572,896","2,788",116,4.19%,"61,848","1,191",3,52,"14,600",0.2,37,9.40%,0.00%,$1.16 ,$0.81 - $1.46,B097D5ZP88,3.50%,0.00%,B0B3RHJD23,3.30%,0.00%,B0B3RJW9QG,2.60%,0.00%,"B0CP4VG9VB,B09N8K6B43,B0C2K4VK4R,B09KNHRSP4,B087JF92DJ,B09XZRCZ77,B0BJQ3J716,B07QN3K2XN,B0B3RHJD23,B09MKP467J","Workout, Short"
zipper pocket shorts men,拉链口袋短裤男士,,0.01%,自然搜索词,472,1,B09P3T8X61,"588,831","2,716",95,3.53%,"78,233","1,339",3,0,"4,333",0.6,9,10.70%,2.50%,$1.38 ,$1.13 - $1.74,B08LTBLD95,4.60%,0.80%,B0BX7KWDWY,3.30%,0.80%,B08LT9MJM2,2.80%,0.80%,"B0BX7KWDWY,B09VT6R6C7,B0CJ1D8N79,B0CX54JVDP,B0B1LGYYKB,B08LTBLD95,B0D2S385WC,B08YY9HW63,B09P3WHTC8,B0D2TJ12XX","Zipper, Pocket, Zipper Pocket, Shorts"
yekilus tie dye shorts 4 pack,,,0.01%,自然搜索词,470,1,B08JGBB9N1,"572,929","2,405",76,3.17%,"52,214","1,083",2,0,12,200.4,6,42.90%,2.00%,$0.54 ,$0.31 - $0.75,B0BD871DWZ,34.30%,2.00%,B0CYPKWP7G,4.90%,0.00%,B0CYPLKZ94,3.70%,0.00%,"B0CYPKWP7G,B0BD871DWZ,B0BYJTV4VH,B0D2RK6VHP,B0C2K4VK4R,B0C2KMPBFY,B0CYP3HMBN,B0B6529SH1,B0BZRQ6K97,B09PRDKT3F","Tie dye, Pack, Shorts"
pajama shorts for men,男士睡衣短裤,,0.01%,自然搜索词,466,1,B09T3QHVVM,"634,044","2,886",18,0.65%,"81,606","1,241",1,9,"2,228",1.3,20,11.20%,3.10%,$1.02 ,$0.76 - $1.28,B00M0QH7BC,4.50%,1.20%,B07PN75241,3.30%,1.20%,B07PM93ZL1,3.30%,0.60%,"B07PN75241,B07RJSL1TL,B0CJK2JLJZ,B07HFGBPH8,B00RFHM1H6,B08VF995KY,B01BVIRPWA,B09T3PJWSR,B0C5QLQ1GD,B09V6FN1Y7","Shorts, Pajama"
rbx shorts mens,rbx 短裤男装,,0.01%,自然搜索词,465,2,B09P3T8X61/B0BFDRQLNC,"604,196","2,713",93,3.46%,"60,711","1,044",3,0,160,17,29,18.50%,0.00%,$1.25 ,$0.93 - $1.55,B0B33L2PGN,9.30%,0.00%,B0CXV5W1G2,4.70%,0.00%,B0CXVZ129N,4.50%,0.00%,"B0CXV5W1G2,B0CW2BVCNW,B0CXVZ129N,B0CVN2MCM6,B0B418TSSF,B0C5G263HV,B0B33RTVPV,B09XGLFYZM,B0CXVSC4KK,B0CWVTWVXZ",Shorts
columbia,哥伦布,,0.01%,SP广告词,464,2,B09WMZX9C2/B09WMZR2XM,"11,126","124,267",37,0.03%,"3,619,229","56,275",1,417,"21,386",5.8,221,8.10%,0.20%,$0.27 ,$0.20 - $0.34,B00L3KKLX2,3.30%,0.00%,B000EOQ2MC,2.70%,0.20%,B0C6Z1SB94,2.10%,0.00%,"B000EOQ2MC,B003NX8CME,B006PDDBDO,B00261DXVY,B0026178R4,B096DLHFJW,B0089OS14Q,B0C6441DXC,B01HEH32UQ,B01MXLSU40",Columbia
mens,男装,,0.01%,视频广告词,462,4,B0CHMN8TDS/B0BFDVPFKX/B0C4GV51WK/B0BFDTMBGP,"31,315","59,459",71,0.12%,"1,434,095","23,126",2,30,"123,453",0.5,240,11.30%,5.10%,$1.12 ,$0.85 - $1.40,B00MSZK0G4,4.90%,2.70%,B0B9DC2M89,3.30%,1.70%,B09W1R4JJ9,3.20%,0.80%,"B0CNL19TQG,B0785VV446,B00MSZK0G4,B01NAPQ4QP,B0B975F6TX,B0787P86ZZ,B0CNKZW8HL,B09N1B6LL3,B08NYHVJ5N,B09313VG36",
men's compression shorts,男子压缩短裤,,0.01%,自然搜索词,462,1,B08JGBB9N1,"235,207","8,052","1,336",16.61%,"212,174","3,543",31,11,"5,701",1.4,28,13.50%,2.60%,$2.08 ,$1.24 - $4.19,B094JNYK97,5.80%,0.50%,B094JNWX7S,4.80%,1.90%,B0CSS7DZ1G,2.90%,0.20%,"B0872LXK5L,B094JNYK97,B07RVG42Z5,B01ES407HO,B06XRVW3HN,B089T92G5J,B0962P79K5,B0CSS7DZ1G,B0CFKMZD6H,B0CGR7CC4B","Shorts, Compression"
hanes cotton shorts men,hanes 棉质短裤 男士,,0.01%,自然搜索词,458,2,B09T3QHVVM/B0151E6WPQ,"638,871","2,652",93,3.53%,"56,586","1,315",3,0,"1,440",1.8,7,19.40%,8.30%,$0.62 ,$0.40 - $0.73,B0151E6WPQ,7.90%,2.80%,B0151E6OUY,6.30%,3.30%,B0151E6TM2,5.20%,2.20%,"B0151E6OUY,B00M0QFGRY,B0BVMSRL4J,B09T3QHVVM,B0151E6WPQ,B0BTV3L1PV,B0BTTPLGL3,B07PN7C1QC,B000KK2NAA,B07C443M38","Cotton, Shorts, Hanes"
mens athletic shorts with zipper pockets,男式拉链口袋运动短裤,,0.01%,自然搜索词,457,1,B09XQVCZ8B,"614,905","2,724",98,3.62%,"60,558","1,110",3,0,"3,338",0.8,22,15.30%,2.60%,$1.11 ,$0.67 - $2.23,B0723CZCQT,7.80%,0.00%,B08LTBLD95,4.20%,1.30%,B08LT8LY5N,3.40%,1.30%,"B08LTBLD95,B0BZPMDBPM,B09P3RHNSY,B0C9MDHMXM,B0D2TJ12XX,B0B48C4Y2F,B08YY9HW63,B0CSYF2ZC4,B0CSN9NG6Y,B09VT6R6C7","Athletic, Shorts, Zipper, Zipper Pocket"
pickleball shorts,泡球短裤,,0.01%,自然搜索词,453,1,B08JGBB9N1,"621,609","2,481",88,3.57%,"58,554","1,229",2,1,"2,042",1.2,4,9.20%,1.20%,$1.15 ,$0.87 - $1.45,B09P3V2ZCD,3.60%,1.20%,B0B984WJHX,2.80%,0.00%,B0C66789T5,2.80%,0.00%,"B09P3V2ZCD,B0C66789T5,B082XS37JW,B09VR4HQV7,B0728BNL9X,B0C53PCLJ4,B08XM7421N,B09VBRK6DZ,B095GD1JG6,B0BMG36W9J","Shorts, pickleball"
athletic wear,运动服,,0.01%,自然搜索词,453,1,B08JGBB9N1,"228,536","8,061",231,2.88%,"224,900","3,856",6,0,"102,217",0.1,195,7.90%,0.00%,$1.03 ,$0.68 - $1.25,B0C1F9SMFR,2.80%,0.00%,B0CFHJRB4Y,2.80%,0.00%,B0CM37Z6K7,2.30%,0.00%,"B0C1F9SMFR,B0CK284CPB,B0CFHJRB4Y,B08CKJG76T,B0785VMVF4,B09MKMXMWN,B0CY51C2H6,B07ZPMV1D3,B07X1N9X6C,B09J2D8DS5",Athletic
mens performance shorts,男士表演短裤,,0.01%,自然搜索词,452,2,B09WMYXNJ9/B09XQVCZ8B,"586,465","3,146",108,3.44%,"66,199","1,237",3,0,"2,727",1.2,7,8.20%,0.00%,$1.41 ,$1.10 - $2.03,B016Y826EE,2.80%,0.00%,B0723CZCRJ,2.70%,0.00%,B07HNVV8MV,2.70%,0.00%,"B075MYDWW1,B096YJXZ6B,B0BNW3CD3W,B07HNVV8MV,B0BNW2D2GL,B016Y826EE,B096YJB8FM,B08Q7GYY92,B08XM7421N,B0728KK8VK","Performance, Shorts"
big and tall workout clothes for men,大而高的男士运动服,,0.01%,自然搜索词,451,1,B0CHMNB423,"624,393","1,753",1,0.05%,"49,057",836,1,0,"56,091",0,2,10.90%,1.70%,,-,B07BLXWXP8,4.30%,0.00%,B094HZC8KS,3.50%,1.70%,B07815JCHQ,3.20%,0.00%,"B07MBR1WZV,B083463RFH,B0BWQMXHMR,B07815JCHQ,B0C1HXKWVD,B0946K9M4R,B0723CZCRJ,B0C1HYHY64,B08MMS2N1X,B08BC4HDS2","big, Tall, Big And Tall, Workout"
tek gear mens shorts,tek gear 男士短裤,,0.01%,自然搜索词,448,1,B08JGBB9N1,"641,726","2,547",72,2.85%,"51,227","1,171",2,0,231,11,4,19.00%,1.90%,$1.11 ,$0.77 - $1.25,B08JTQP6VY,7.30%,0.90%,B08JT243GF,5.80%,0.90%,B0723CZCRJ,5.80%,0.00%,"B08JTQP6VY,B0723CZCRJ,B075JMFR6Z,B08JGBB9N1,B00719ZR9M,B00KUL0W1G,B085NF55WL,B00PCROSHM,B08JG31VTR,B08SBBRGD1",Shorts
underarmour shorts,Underarmour短裤,,0.01%,自然搜索词,448,1,B01AK7Y102,"599,596","3,205",737,23.01%,"83,891","1,432",17,0,943,3.4,7,9.10%,0.00%,$1.24 ,$0.88 - $1.63,B0C12XJ159,3.70%,0.00%,B0BZ8CRQ81,3.40%,0.00%,B0874W7Z6B,2.10%,0.00%,"B0C12XJ159,B0942X45Y3,B093MH7CRF,B07CZLCJP4,B082BFSFP1,B093MF88RV,B07PR28K3Z,B0C12FKWG8,B08LPWB76Y,B0872M4XKR",Shorts
men shorts set,男士短裤套装,,0.01%,自然搜索词,447,1,B08JGBB9N1,"614,898","2,622",74,2.84%,"60,947","1,025",2,0,"16,565",0.2,4,9.80%,0.00%,$1.09 ,$0.80 - $1.27,B0CYKV9MXB,4.00%,0.00%,B0CM8QPKB8,3.40%,0.00%,B0CNX6YKVF,2.50%,0.00%,"B07NDP7ZTX,B0CNX13C7D,B07H5PTQML,B0CM8QPKB8,B0CNH39QXQ,B0C1ND8JCG,B0BNM7LQ88,B0BX55CYSG,B0CTZF8J9V,B0D2TKSHK7","Shorts, Set"
comfy shorts for men,男士舒适短裤,,0.01%,自然搜索词,447,1,B09T3QHVVM,"650,566","2,743",396,14.46%,"79,666","1,199",9,0,"1,536",1.8,0,10.20%,0.00%,$1.09 ,$0.81 - $1.30,B09DCTLVCC,3.90%,0.00%,B09N8PKWXR,3.20%,0.00%,B01BUJ0P2M,3.10%,0.00%,"B08JGBB9N1,B01BUJ0P2M,B09DCTLVCC,B09V6MZNQ2,B07H5Q7BNT,B00M0QFMSW,B00AKSCZWI,B09T3QHVVM,B08VFC3W7S,B0C1XRDZXF","Shorts, Comfy"
golf shirts for men,男士高尔夫衫,,0.01%,SP广告词,445,1,B0C4GQTCJK,"3,554","223,366","1,072",0.48%,"5,943,153","102,122",25,23,"31,578",7.1,354,7.70%,1.20%,$2.23 ,$1.66 - $2.78,B093629ZBY,3.30%,0.40%,B0C3BZ61SV,2.30%,0.10%,B01GH5GVA4,2.20%,0.70%,"B01GH5JPH0,B0C1G4G342,B0B1TK5BZZ,B09P8KVB8K,B07GP5VB7G,B091KCL8PG,B091KCZ6ZR,B0B5DT1KGH,B0CRTSPKBG,B09P8LCCX6","Golf, Shirt"
denali shorts men,denali 短裤 男士,,0.01%,自然搜索词,444,1,B09XQVCZ8B,"584,797","2,377",72,3.07%,"48,564",957,2,0,191,12.5,16,20.90%,2.60%,$1.57 ,$1.27 - $1.86,B01CNX98XQ,7.40%,0.00%,B08SW4FHFB,6.80%,0.00%,B0CLCWYR8R,6.60%,2.60%,"B0CLCWYR8R,B016Y8263A,B07S9XXGWS,B07ZHVP8NQ,B076VNKLQ1,B0BNMBRVJZ,B0B1LH72B8,B075MXZ12G,B078VZGQH7,B07HNWV3NP",Shorts
black gym shorts,黑色运动短裤,,0.01%,自然搜索词/HR推荐词,444,2,B09P3T8X61/B0BFDSVMPF,"643,425","2,028",203,10.05%,"57,327",845,5,0,"17,609",0.1,4,11.90%,7.10%,$1.35 ,$1.00 - $1.69,B0723CZCQT,4.70%,2.00%,B08JG671Z8,3.80%,2.00%,B08JG31VTR,3.30%,3.00%,"B08JG671Z8,B0B3RJ59G4,B0728KK8VK,B01ES40ZBW,B0BXWDK38F,B0CRHR9D5R,B09N8NLPRK,B0151E6OUY,B0CRHF41F7,B0BWNKWJ1H","Black, gym, Shorts"
golf shorts,高尔夫短裤,,0.01%,SP广告词,439,2,B0BFDSVMPF/B09P3T8X61,"12,331","116,418",267,0.23%,"3,283,451","54,570",7,117,"5,677",20.5,210,15.20%,1.30%,$1.45 ,$1.11 - $1.80,B0C131YL3M,5.90%,0.90%,B096YLSDLP,5.30%,0.40%,B096YKHBTZ,4.00%,0.10%,"B0D1G5SV9G,B096YLSDLP,B0C131YL3M,B0B82GK78B,B00P3YUYRW,B07NLY6QBX,B00P3YVHCI,B09Z59YMYB,B0BJSLPTMZ,B0872CZR28","Golf, Shorts"
men jersey,男式球衣,,0.01%,自然搜索词,439,1,B0151E6WPQ,"603,283","2,270",69,3.07%,"54,256",978,2,1,"41,902",0.1,9,9.00%,3.50%,$1.32 ,$0.99 - $1.64,B0B8CNSMZB,3.30%,0.00%,B09XB6K8GW,3.10%,0.00%,B09XB83GP8,2.60%,3.50%,"B091K1BJJN,B0CKM8TYRW,B09XB83GP8,B0B8CNSMZB,B08S71NLNG,B0B65HXF2P,B07SVWN871,B09YHGS2C7,B0CW7JGXSC,B09CKHDYSX",Jersey
ua shorts men,ua 短裤 男士,,0.01%,自然搜索词,437,1,B09XQVCZ8B,"582,938","2,905",82,2.85%,"81,996","1,131",2,0,388,7.5,4,20.10%,1.30%,$1.25 ,$0.93 - $1.55,B077XQ5QM7,9.50%,0.00%,B077XP82NT,5.50%,1.30%,B077XNNWN8,5.20%,0.00%,"B077XP82NT,B07CZBPDZB,B089MMKSCK,B082BFSFP1,B08LNYXB15,B089MQNZ41,B093LV4DT1,B0872MFG8Y,B0BGW6KJ6L,B078BDT81N",Shorts
pink shorts,粉红色短裤,,0.01%,自然搜索词,437,1,B0C1365SJV,"53,023","30,909","1,471",4.76%,"700,611","12,851",34,0,"17,922",1.7,248,6.80%,0.70%,$0.87 ,$0.56 - $1.00,B0B3JNKRWM,3.70%,0.20%,B0D22LVC15,1.60%,0.20%,B0C9XH5SWC,1.50%,0.20%,"B0C9XH5SWC,B0B2Q29BYX,B0C1DZDPH1,B096MNGMH8,B0B3JNKRWM,B0C9XHKWCN,B0BRKZB1CH,B0BVDQMGLG,B0C2V4LN57,B0BXNY4TT6","Shorts, Pink"
mens activewear,男式运动装,Y,0.01%,自然搜索词/AC推荐词,432,1,B08JGBB9N1,"673,927","2,293",4,0.20%,"67,101",934,1,0,"45,759",0.1,14,4.90%,1.70%,$1.04 ,$0.79 - $1.30,B087G2XPB2,1.90%,0.00%,B0BZPJW6G4,1.50%,1.70%,B07DRN7QQD,1.50%,0.00%,"B0785VV446,B08JGBB9N1,B07DRN7QQD,B01GH5JQSI,B07VYG39HV,B0CRHF41F7,B087G2XPB2,B07PNRZFKQ,B09ZD82V6S,B08MLNP18T",Active
men's quick dry shorts,男士速干短裤,,0.01%,自然搜索词,431,1,B08JGBB9N1,"633,460","2,658",81,3.07%,"70,565","1,293",2,0,"15,057",0.2,29,10.30%,1.10%,$1.88 ,$1.19 - $3.78,B075MRS4PT,4.00%,1.10%,B0BVSSX29K,3.30%,0.00%,B0CSDJ4V8S,3.10%,0.00%,"B075MRS4PT,B0CPPPD5S1,B0C26DGFQK,B0C9MDHMXM,B0CRKD7JZY,B0CLCSR7R7,B0CSN5FPLV,B0CLCX33S4,B0BQ1WFHVV,B09P3RHNSY",Shorts
running men,跑步的男人,,0.01%,自然搜索词,429,1,B09XQVCZ8B,"616,032","3,079",465,15.12%,"66,159","1,391",11,0,"42,786",0.1,39,10.50%,3.80%,$0.20 ,$0.18 - $0.21,B07ZTXCNJD,3.70%,0.00%,B082VVVL9N,3.70%,0.00%,B00JM8MWTI,3.20%,3.80%,"B082VVVL9N,B00JM8MWTI,B08RYQXJPK,B0CB9XD3YY,B0BFDSB9YG,B08XM7421N,B01MG68FRD,B077XNW4S8,B0BS9CWBPW,B0BYJJG6BZ",Running
mens nike running shorts,男士耐克跑步短裤,,0.01%,自然搜索词,428,2,B09P3T8X61/B09XQVCZ8B,"620,974","2,727",146,5.38%,"58,223","1,156",4,0,"4,017",0.7,11,26.90%,0.00%,$1.11 ,$0.60 - $1.26,B0B18NMXCV,9.70%,0.00%,B0C13GRWR8,9.00%,0.00%,B07YKQC8X3,8.30%,0.00%,"B0B1WWG9BF,B0B619RFMM,B0BGV7PZZJ,B0B18NMXCV,B07YKQC8X3,B087M3MJ1L,B09YNW36K6,B0C13GRWR8,B0BSVP7CRG,B07BPMTVPX","Shorts, NIKE, Running"
men lounge shorts,男士休闲短裤,Y,0.01%,自然搜索词/AC推荐词,426,1,B08JGBB9N1,"704,009","2,511",370,14.76%,"54,843","1,229",9,0,"2,268",1.1,4,13.30%,0.00%,$1.27 ,$0.95 - $1.60,B07PP86MLM,5.60%,0.00%,B0723CZCQT,4.20%,0.00%,B08JGBB9N1,3.60%,0.00%,"B00FDVS0ZS,B08JGBB9N1,B07PP86MLM,B07GXZ23KG,B07HFGYCJ9,B0151E6TM2,B01N7GAC81,B09DCTLVCC,B07C443M38,B0BNJVGP1P","Lounge, Shorts"
brooks running shorts,布洛克斯跑步短裤,,0.01%,自然搜索词,424,1,B09P3T8X61,"663,826","3,410",114,3.37%,"75,051","1,385",3,0,159,21.5,12,20.60%,0.00%,$1.08 ,$0.81 - $1.35,B08PKHWY67,8.70%,0.00%,B0CN32YLFV,6.70%,0.00%,B08NW4GF9C,5.30%,0.00%,"B08PKHWY67,B0CN35MPWP,B08PKBXZXP,B0CN3416KB,B08PK93K1P,B08RXW8K7M,B0CN33GXSC,B09ZTB7P2F,B09P3T8X61,B0CN35HL17","Brooks, Shorts, Running"
breathable shorts for men,男士透气短裤,Y,0.01%,自然搜索词/AC推荐词,424,2,B0C4GRTZJR/B09P3T8X61,"670,961","2,692",79,2.97%,"75,273","1,053",2,0,"6,458",0.4,4,7.40%,2.10%,$1.33 ,$1.00 - $1.65,B0BXCVWCMP,3.00%,1.10%,B0BFDV4HHP,2.20%,1.10%,B075MXVDYS,2.20%,0.00%,"B075MXVDYS,B08C26G4J6,B07NF3V7M5,B09P3T8X61,B0BXCVWCMP,B0728KK8VK,B0CRHCZTNH,B0B1LH72B8,B01ES41BW4,B00719Z9SQ","Shorts, Breathable"
prime day deals today 2024,,,0.01%,HR推荐词/SP广告词,423,1,B0C4GQTCJK,"4,164","2,075,096","58,102",2.80%,"51,156,232","937,412","1,317",0,"8,652",239.8,814,9.00%,7.80%,$0.36 ,$0.27 - $0.44,B0B1DKN9HG,3.70%,4.30%,B09H799G1B,2.70%,2.40%,B07VV33FSV,2.60%,1.20%,"B0D113938M,B09NW92T8Q,B0B1DKN9HG,B0D69R2S9Q,B0D6WB1LDW,B0D4Q45G4M,B0CZD453B1,B0CGDJSFXM,B0D6Z46N92,B0CRDW56W5",Prime
jogger shorts,慢跑短裤,,0.01%,自然搜索词,421,1,B0BLKN87V4,"659,103","2,439",80,3.29%,"67,931","1,164",2,7,"4,963",0.5,4,10.10%,0.00%,$0.79 ,$0.49 - $0.98,B07DFFFQ2M,3.90%,0.00%,B07PVXFGYD,3.40%,0.00%,B0C26D741D,2.80%,0.00%,"B0C26D741D,B0151E6TM2,B07PVXFGYD,B0C8VJ3WKV,B07DFFFQ2M,B0CSJC47PW,B0CV41FZT8,B09BJMGD5M,B0CPW8VG2B,B09DCTLVCC","Shorts, Jogger"
mens pajamas shorts,男士睡衣短裤,,0.01%,自然搜索词/SP广告词,419,1,B09T3QHVVM,"704,053","2,366",23,0.98%,"47,417","1,105",1,0,"2,172",1.1,5,9.20%,2.10%,$1.87 ,$1.15 - $2.38,B07PM93ZL1,4.50%,2.10%,B07C3W9CD5,2.60%,0.00%,B0C282VJ6S,2.20%,0.00%,"B07PM93ZL1,B07RJSL1TL,B0CJK2JLJZ,B07HFGBPH8,B00RFHM1H6,B09T3PJWSR,B08VF995KY,B01BVIRPWA,B09KS22LDJ,B0C5QLQ1GD","Shorts, Pajamas"
reebok mens shorts,锐步男士短裤,Y,0.01%,自然搜索词/AC推荐词,418,2,B09P3T8X61/B00AKSCXEI,"713,200","2,602",98,3.77%,"69,458","1,206",3,0,360,7.2,0,16.90%,1.50%,$1.26 ,$0.94 - $1.46,B0BJMC9CNW,6.50%,0.00%,B0BJN32KDN,5.60%,1.50%,B0BJN643P8,4.80%,0.00%,"B0BJMC9CNW,B08P57M5QX,B0C3PG1QMJ,B01AK7Y12A,B09P3T8X61,B08JTQP6VY,B0CZLXQX8F,B09Z746TZG,B072JPX1Q1,B0BJMHHZCX","Shorts, Reebok"
rugby shorts mens,橄榄球短裤男装,,0.01%,自然搜索词,417,1,B00AKSCXEI,"661,108","2,233",387,17.35%,"59,145","1,000",9,0,"13,809",0.2,4,17.50%,5.60%,$1.02 ,$0.81 - $1.35,B00D6JQGMS,7.90%,2.80%,B019R613PI,5.00%,1.40%,B00D6JQHOK,4.60%,1.40%,"B00D6JQGMS,B019R613PI,B019I97RAO,B00D6JQH40,B07L23GK4K,B019H78G70,B089PJ47T6,B09LTQWH1Z,B0CT2NTHC4,B09G272YSB","Shorts, Rugby"
work shorts,工作短裤,,0.01%,SP广告词,417,2,B01AK7Y102/B00AKSCXEI,"93,196","23,110","1,945",8.42%,"676,617","8,848",45,10,"5,068",4.6,337,12.20%,1.70%,$0.61 ,$0.46 - $0.75,B08RBHG3F9,5.80%,1.20%,B09QT6H6NQ,3.40%,0.00%,B078VZ5QBW,3.10%,0.60%,"B08RBHG3F9,B00EC83JQ8,B01M292GGZ,B078VZ5QBW,B000LNE9O4,B00XKYLJA8,B0032YVLPE,B000N8X3T4,B0953M6XFS,B07MMTLFB6",Shorts
long basketball shorts for men,男式篮球短裤,,0.01%,自然搜索词,414,1,B0C1365SJV,"243,689","7,295",45,0.62%,"212,391","3,240",2,3,"4,674",1.6,14,18.10%,4.80%,$1.28 ,$1.00 - $1.60,B07NDP7ZTX,6.60%,0.90%,B07RRBBFM2,6.30%,3.00%,B07RPB9MNC,5.20%,0.90%,"B07NDP7ZTX,B07BPL162D,B08619TWNC,B07NFDBPRN,B07RRBBFM2,B0CHJK6NGY,B0CWP4C3HL,B08HJTYRPQ,B06XJ9MNJK,B0C6LJGCP3","Basketball, Long, Shorts"
champion gym shorts for men,男士冠军健身短裤,,0.01%,自然搜索词,414,1,B01AK7Y102,"701,133","2,228",520,23.34%,"59,349",966,12,0,827,2.7,4,18.80%,1.70%,$1.50 ,$1.12 - $1.87,B00KUL0W1G,7.50%,0.90%,B01AK7Y102,7.00%,0.00%,B00AKSCZ6Y,4.30%,0.90%,"B000J9YQOS,B00KUL0W1G,B00AKSCZ28,B0009GA6YA,B08BX5PF5C,B0CQ31CTQQ,B014WCVGFO,B0151E6WX8,B00719ZR9M,B07DGSV214","Shorts, gym, Champion"
running clothes for men,男士跑步服,,0.01%,自然搜索词,413,2,B09P3T8X61/B09WMYXNJ9,"647,427","2,707",8,0.31%,"54,672","1,278",1,0,"143,975",0,43,10.60%,1.60%,$1.25 ,$0.94 - $1.58,B08R7GNZTD,4.10%,1.60%,B07DRMT92L,3.20%,0.00%,B0CTV8W8RD,3.20%,0.00%,"B083463RFH,B07DRMT92L,B0CSWHJ9BS,B0BFDV4HHP,B082XSSZZB,B0D5RK7YPX,B0B69LF2NV,B09WXSHZZK,B082VVNPCL,B07815JCHQ",Running
mens nike shorts with pockets,男式带口袋的耐克短裤,,0.01%,自然搜索词,412,1,B09XQVCZ8B,"639,852","2,694",508,18.89%,"59,200","1,106",12,0,"2,172",1.2,5,18.30%,2.30%,$1.33 ,$1.00 - $1.65,B087M3MJ1L,10.10%,1.20%,B07BPMTVPX,4.30%,1.20%,B087LTC1XS,3.90%,0.00%,"B07BPMTVPX,B087M3MJ1L,B072118P4W,B01AK7XJS2,B07NJPD9GV,B0BNQFWYY9,B09CPFXGD2,B07CZC664D,B006DJH9BK,B08NYJWLN8","Shorts, NIKE"
adidas shorts for men athletic,阿迪达斯男士运动短裤,,0.01%,自然搜索词,412,3,B09XQVCZ8B/B09P3T8X61/B0BFDTMBGP,"252,452","8,480",96,1.14%,"250,013","4,103",3,0,837,10.1,33,22.20%,1.60%,$1.50 ,$0.85 - $1.69,B0878Y8YRQ,10.60%,0.40%,B09XLL648Z,7.80%,1.20%,B091MM1NQL,3.90%,0.00%,"B09Y2VG81M,B09XLL648Z,B010DKQ8A2,B08793B3RM,B08CXHQHTH,B09Y2STC3Z,B08MT4BM27,B09Y2KL2G4,B091L79GJT,B07BHLYQM4","Athletic, Adidas, Shorts"
basketball shorts pack,篮球短裤包,,0.01%,自然搜索词,410,1,B0C1365SJV,"656,485","2,046",3,0.17%,"48,028",856,1,0,"17,492",0.1,6,13.40%,7.50%,$1.03 ,$0.83 - $1.17,B0CRHF41F7,6.70%,1.50%,B08JGC1D2G,3.50%,4.50%,B07NDP7ZTX,3.20%,1.50%,"B08JGHDWNP,B0CRHDCQ7D,B0D46GM438,B08S99RBHL,B0D2MRK7G4,B08LTBN75C,B0723CZCRJ,B0BXMT8RWM,B08LTBNKPC,B094G2MSJ4","Basketball, Pack, Shorts"
black workout shorts men,黑色运动短裤男士,,0.01%,自然搜索词,408,1,B09P3T8X61,"656,732","2,089",364,17.48%,"42,220",999,9,0,"5,724",0.4,3,18.80%,0.90%,$1.55 ,$1.40 - $1.87,B072JBQRLG,11.80%,0.00%,B0BRCL4VRD,3.80%,0.00%,B09WY9ZDCB,3.30%,0.90%,"B09XQWCCGR,B0723CZCQT,B0BR7DNZBM,B08JG671Z8,B0BXWDK38F,B0CRHQSFQQ,B0CRH7CXNC,B08BCKC89W,B0C27FN2BN,B0BWQMXHMR","Black, Shorts, Workout"
nike mesh shorts,耐克网眼短裤,,0.01%,SP广告词,408,2,B09XQVCZ8B/B01AK7Y102,"653,216","2,647",71,2.72%,"73,977","1,042",2,1,666,4,2,21.70%,2.80%,$0.94 ,$0.86 - $1.23,B087M3MJ1L,9.80%,0.00%,B087LTC1XS,6.20%,2.80%,B06XZN3YQW,5.70%,0.00%,"B087M3MJ1L,B07CZBPFTM,B000J9YQOS,B0CK37WGYF,B071JN1N8F,B0B6KXL23R,B06XZN3YQW,B0CJG48T55,B0BPB5JVT4,B0CBL63RJM","Mesh, Shorts, NIKE"
under armoir shorts,军装短裤,,0.01%,自然搜索词,406,2,B01AK7Y102/B0BFDRQLNC,"642,085","3,711",109,2.96%,"88,738","1,667",3,0,"1,049",3.5,4,9.70%,0.00%,$1.19 ,$0.88 - $1.49,B0BZ8CRQ81,3.70%,0.00%,B0D919YJ2P,3.30%,0.00%,B0C12XJ159,2.80%,0.00%,"B093LVSY6P,B0942X45Y3,B07CZBPF1B,B07CZLCJP4,B0C12XJ159,B093MF88RV,B082BFSFP1,B07PR28K3Z,B0942ZZYV9,B08LPWB76Y",Shorts
asics shorts men,asics 短裤 男士,,0.01%,自然搜索词,405,1,B09XQVCZ8B,"670,365","2,492",83,3.35%,"68,839","1,152",2,0,222,11.2,4,18.30%,6.30%,$1.26 ,$0.94 - $1.59,B0C4YSKB7R,9.30%,6.30%,B0C4YS95TX,5.80%,0.00%,B01BLS6LAC,3.30%,0.00%,"B0C4YSKB7R,B01BLS6O5O,B0BTMLHST2,B0BTMKY4GN,B0BHY1ST4S,B0BTMK69WX,B0BFDSB9YG,B0C4YQY8SC,B00O3XHKZ8,B0BV7FHV45",Shorts
cotton sleep shorts,棉质睡裤,,0.01%,自然搜索词,397,1,B09T3QHVVM,"717,291","2,342",69,2.95%,"47,922",962,2,1,"8,350",0.3,9,13.30%,1.70%,$0.93 ,$0.69 - $1.15,B0CDCPZBNG,5.40%,0.00%,B0CX2RQB81,4.50%,1.70%,B0CX2QD58X,3.40%,0.00%,"B0CX2QBSYQ,B0CDCPZBNG,B07RJSL1TL,B08FBJJBC2,B09T3QHVVM,B094X7WVCF,B07PN58J9N,B09DVJ997W,B0D57ZKJ1J,B07FDCD4MQ","Cotton, Shorts"
t shirts for man,男士 T 恤,,0.01%,SP广告词,394,1,B0BFDVPFKX,"4,261","181,874",782,0.43%,"4,024,413","87,767",18,0,"57,900",3.1,416,7.20%,1.50%,$1.45 ,$1.17 - $1.67,B0BZDLXKTS,2.50%,0.00%,B0787P86ZZ,2.40%,1.10%,B07JDGBX9D,2.20%,0.50%,"B08F2NSN4G,B086KXNGKY,B00NOY3JOS,B07GBX9YH6,B07JD5GLBN,B07JBS5BJQ,B07JBRGFH4,B00VTV8ISK,B0787P86ZZ,B086KY66P9","Man, Shirt"
terry cloth shorts men,毛巾布短裤男士,,0.01%,自然搜索词,392,2,B00AKSCXEI/B09T3QHVVM,"722,417","2,260",3,0.17%,"66,442","1,128",1,0,709,3.2,4,14.20%,0.00%,$1.04 ,$0.92 - $1.19,B0BJDCGKHB,6.00%,0.00%,B0BJDCNLTJ,4.70%,0.00%,B0CNPPFJC1,3.50%,0.00%,"B08VHLYGCD,B0BB8T2LQR,B0BJDCNLTJ,B0872MJ9P8,B09DCTLVCC,B0BJDCGKHB,B01BUJ0L0I,B08ZCBFCPV,B08CMPQKG8,B07P9NGMMV","Shorts, Terry"
mens softball shorts,男式垒球短裤,,0.01%,自然搜索词,391,3,B00AKSCXEI/B08JGBB9N1/B0BFDRQLNC,"728,200","2,091",75,3.62%,"54,576",877,2,0,343,6.1,9,18.30%,0.00%,$1.14 ,$0.86 - $1.44,B0BG67VPV4,6.40%,0.00%,B0BG6DP3WM,6.40%,0.00%,B0BHD576FF,5.50%,0.00%,"B09HGSMD63,B0BWFM2YWP,B0BGMG4SZY,B0B9NZW138,B0BFDVJ414,B07WWSCCBS,B09VT7HKFN,B07BPL162D,B0B1KQN6PZ,B07SM96ZXL","Softball, Shorts"
mens shorts with cell phone pocket,带手机袋的男士短裤,,0.01%,自然搜索词,388,1,B09XQVCZ8B,"736,575","2,900",86,2.98%,"73,218","1,334",2,0,"2,052",1.4,25,14.40%,0.00%,$0.84 ,$0.53 - $1.68,B009CTU9T2,5.80%,0.00%,B0BGFVMW7R,5.00%,0.00%,B0BNM8H2NG,3.60%,0.00%,"B009CTU9T2,B0BNMFGJC8,B078VZ5QBW,B08Q7K2V57,B07QNJ8J6D,B07MMT3MH8,B075MYDWW1,B011B8WOCQ,B01IT4UW4W,B09XQVCZ8B","Cell Phone Pocket, Shorts, Pocket"
cotton sleep shorts men,棉质睡裤男,Y,0.01%,自然搜索词/AC推荐词/SP广告词,388,1,B09T3QHVVM,"769,010","2,003",52,2.64%,"40,131",786,2,0,"3,703",0.5,4,12.90%,1.00%,$1.03 ,$0.72 - $1.29,B0C5QLSLTS,5.50%,0.00%,B00M0QH7BC,3.80%,1.00%,B07PP86MLM,3.60%,0.00%,"B07PPCSMC8,B07RJSL1TL,B09T3QHVVM,B0151E6XTG,B00RFHM1H6,B09KP1SG8Q,B08399PLH3,B08VFC3W7S,B0CRMM4RX7,B08FBJJBC2","Cotton, Shorts"
clothes for men,男装,,0.01%,自然搜索词,386,1,B0BFF67H1W,"67,292","26,505",975,3.68%,"628,438","10,873",23,0,"9,864",2.7,14,7.60%,0.40%,$1.07 ,$0.81 - $1.25,B0BZDLXKTS,2.80%,0.00%,B077ZJXCTS,2.70%,0.40%,B0C8N21ZFZ,2.10%,0.00%,"B077ZJXCTS,B0BV241H3F,B07GPKFW8X,B086L69KCL,B071JYV6LN,B0CL6TKMDK,B0C8NT7R47,B002GHC19I,B0BPDX2HXX,B078GLLX3W",
men short pants,男式短裤,,0.01%,自然搜索词,384,1,B09T3QHVVM,"704,011","2,403",126,5.27%,"58,692",979,3,0,"36,134",0.1,164,11.60%,1.90%,$1.26 ,$0.94 - $1.59,B0BQR24NV5,5.40%,0.00%,B0723CZCRJ,4.00%,1.90%,B0CZRSBVT4,2.20%,0.00%,"B01JQTBSU6,B009CTU9T2,B07HNTTKZ6,B01BGZ244W,B016Y8263A,B08JGC1D2G,B01IT4UQOI,B075JM1KZH,B0CRHF41F7,B0BLKKYR1J","Pants, Short"
men’s gym shorts,男士健身短裤,Y,0.01%,自然搜索词/AC推荐词,384,1,B08JGBB9N1,"736,589","2,289",80,3.50%,"62,422","1,143",2,0,"8,994",0.3,9,14.70%,3.50%,$1.34 ,$1.00 - $1.67,B0723CZCRJ,8.40%,1.40%,B08JGBB9N1,3.20%,2.10%,B08JLCW32G,3.20%,0.00%,"B0CRHF41F7,B08JGBB9N1,B0CRRF28SH,B07NDP7HYC,B07H5PTQML,B0723CZCRJ,B0BWNHZCCR,B085NF55WL,B00KUL0W1G,B09LTQWRV7","Shorts, gym"
jorts,短靴,,0.01%,视频广告词,383,1,B0BFDTMBGP,"4,612","150,495","16,644",11.06%,"4,026,789","71,029",378,50,899,167.4,285,14.30%,1.10%,$0.60 ,$0.34 - $0.75,B08P55PW83,5.80%,1.10%,B0D919K3PK,4.60%,0.00%,B0C991WL3B,3.90%,0.00%,"B01BGYIDQG,B08P55PW83,B0CQZ4BPNW,B0BV26CC98,B00XKXYWDA,B08M4BY2JB,B0B7S4PMRZ,B0BV27B9H5,B0CHFGGWMF,B0CBDBDX8B",jorts
tek gear shorts,泰克齿轮短裤,,0.01%,自然搜索词,381,1,B08JGBB9N1,"765,637","1,809",57,3.17%,"44,991",744,2,0,504,3.6,7,10.90%,0.00%,$1.20 ,$0.89 - $1.50,B0723CZCR8,5.00%,0.00%,B0CZF2H3QZ,3.20%,0.00%,B07H5PTQML,2.70%,0.00%,"B0723CZCR8,B08JGBB9N1,B08JG31VTR,B00719ZHTW,B071LGZ66P,B07H5PTQML,B09PNDCMXM,B09YFL7XMQ,B0170AD8N8,B0CRRF28SH",Shorts
mens casual shorts multipack,,,0.01%,自然搜索词,380,1,B08JGBB9N1,"744,964","2,306",59,2.58%,"68,768",965,2,0,225,10.3,4,12.60%,2.10%,$0.88 ,$0.67 - $1.11,B0CJ11X2MY,5.80%,0.00%,B0CRHF41F7,3.90%,1.10%,B0CJ165TYB,2.90%,1.10%,"B0CJ11X2MY,B0CRHF41F7,B0CTKXH5KX,B0CRZ8TSYQ,B0BNW3NJ7L,B07GXZ23KG,B08JTQP6VY,B0BX7JC52G,B0CL9BR6KJ,B07NDP7ZTX","Shorts, Casual"
athletic shorts for men pack,男装运动短裤,,0.01%,自然搜索词,377,2,B0C1365SJV/B00AKSCXEI,"685,132","2,369",86,3.64%,"60,281","1,141",2,0,"18,057",0.1,4,7.90%,4.20%,$1.15 ,$0.93 - $1.50,B0CRHF41F7,3.60%,3.20%,B0CRQFLWT3,2.30%,1.10%,B08JT243GF,1.90%,0.00%,"B0CRHF41F7,B0BX7JC52G,B08JGC1D2G,B07H5QPL1R,B08JTQP6VY,B0CRQFLWT3,B0D3P9XTKV,B08LT9MJM2,B08LTC53FR,B0D2MRW8JD","Athletic, Pack, Shorts"
academy sports,学院体育,,0.01%,自然搜索词,376,1,B08JGBB9N1,"767,157","2,764",72,2.65%,"57,652","1,220",2,7,421,6.6,9,11.00%,66.70%,$0.87 ,$0.66 - $1.10,B0B38Y2V64,4.00%,0.00%,B0CX5JYB5G,3.50%,66.70%,B07NWWZ8L4,3.50%,0.00%,"B0CX5JYB5G,B07NWW7HJ1,B08DFQF2S8,B09H794BD3,B095XP8YYD,B08JGBB9N1,B0CT3HL8KK,B0BRNR8N3X,B09TB46C21,B0CN6VCLGX",Sports
proclub shorts for men,proclub 男士短裤,,0.01%,自然搜索词,374,1,B08JGBB9N1,"721,107","2,483",74,3.02%,"56,879","1,149",2,0,127,19.6,20,31.90%,8.20%,$0.88 ,$0.74 - $1.25,B015GD5UGO,12.60%,2.00%,B0CQCL4SJ8,11.80%,6.10%,B01623ZAYE,7.50%,0.00%,"B015GD5UGO,B00YRMFJ4E,B01623ZAYE,B0B4MD7HG6,B077BPG9BK,B07BC9X28X,B00EAYTTI6,B0CQCL4SJ8,B015GD5T6A,B07MLY14P2","Shorts, proclub"
men's full elastic waist cargo shorts,男士全弹力腰部货运短裤,,0.01%,自然搜索词,373,1,B09T3QHVVM,"696,383","1,884",49,2.61%,"42,483",778,2,0,925,2,4,12.30%,0.00%,,-,B0C373VVDJ,4.60%,0.00%,B0CNGMZQ3S,4.40%,0.00%,B07BD89Y5N,3.30%,0.00%,"B07BD89Y5N,B08JHJZMXV,B078T1SWV1,B07MMT3MH8,B09T9ZFK8G,B087R2WNCB,B07SCK5SSX,B0BZHH9HFL,B08SLRDQX9,B0CRYY9FKH","Shorts, Elastic, Cargo, Elastic Waist"
under armour men shorts,Under Armour男士短裤,,0.01%,自然搜索词,368,1,B01AK7Y102,"691,548","2,213",376,17.02%,"52,259",966,9,0,588,3.8,23,11.10%,1.60%,$1.12 ,$0.57 - $1.39,B093MH7CRF,3.90%,1.60%,B09X6JC4PM,3.70%,0.00%,B0874W7Z6B,3.50%,0.00%,"B0C12PRMGY,B093LVSY6P,B0C12XJ159,B07CZJCTGQ,B082BFSFP1,B0942VLLMR,B093LW24H2,B08LNYVWKP,B0C13BX8CQ,B07PNRZPYJ","Shorts, Under Armour"
work out shorts men,锻炼短裤男士,,0.01%,自然搜索词,365,1,B01AK7Y102,"785,971","1,952",53,2.74%,"39,417",838,2,0,"4,599",0.4,7,14.00%,2.90%,$1.33 ,$1.00 - $1.65,B0723CZCRJ,7.00%,0.00%,B09PYSSR6D,3.90%,0.00%,B08JGBB9N1,3.10%,2.90%,"B0BWQMXHMR,B0C9MDHMXM,B09PYSSR6D,B0BWQD4FF9,B08R7GNZTD,B0CRHDB5DR,B0BFDSKS9H,B0D1QT666Z,B0BZPMDBPM,B0D2RKW6BJ",Shorts
hanes lounge,,,0.01%,自然搜索词,364,1,B0151E6WPQ,"743,640","3,183",91,2.87%,"92,175","1,234",3,0,"1,348",2.4,17,39.00%,11.40%,$0.83 ,$0.62 - $1.04,B0CX26L1HG,15.70%,0.00%,B0CX2876LF,12.00%,8.60%,B0CX2QCP3W,11.30%,2.90%,"B0CX27KPD3,B0CX2876LF,B0CX2T5J53,B0CDCPZBNG,B07RJSL1TL,B00M0QH4K6,B0CDCQVLNZ,B0CSPK2LXX,B0CDCVNV61,B0CDCNNMHG","Lounge, Hanes"
adidas shorts for men,阿迪达斯男士短裤,,0.01%,自然搜索词,364,2,B09P3T8X61/B09XQVCZ8B,"271,802","7,837",68,0.88%,"181,110","3,456",2,0,839,9.3,68,17.50%,2.40%,$0.72 ,$0.40 - $0.85,B0878Y8YRQ,7.80%,0.00%,B09XLL648Z,5.70%,1.90%,B09Y2VG81M,4.00%,0.50%,"B08HJTYRPQ,B08791PX1J,B08HJRFBKM,B09Y2SZ95Z,B0C3WXGQX9,B0C2JQXVXB,B0C2JRLYH8,B08MT4BM27,B0CHR3J39D,B09XLL648Z","Adidas, Shorts"
adidas running shorts men,阿迪达斯跑步短裤男,,0.01%,自然搜索词,363,1,B09XQVCZ8B,"281,733","7,462",92,1.24%,"168,208","2,956",3,0,765,9.8,24,34.80%,2.00%,$1.25 ,$0.92 - $1.64,B0CKM9V3CZ,17.00%,0.00%,B0CV4MG7S3,11.00%,0.00%,B09XLL648Z,6.80%,2.00%,"B0CKM9V3CZ,B091MVTN8G,B093RDRVNF,B09XLL648Z,B09KHCLXWC,B0CCQJWNKW,B0D8WQCH9G,B0BHN4XN69,B091M4SQG8,B09XLNK796","Adidas, Shorts, Running"
hanes x temp boxer briefs men,hanes x temp 平角内裤男士,,0.01%,自然搜索词,362,1,B0BFDRQLNC,"95,972","19,948",470,2.36%,"526,957","8,469",11,0,133,150,57,23.90%,12.90%,$1.23 ,$0.85 - $1.80,B09R82W413,9.20%,5.60%,B09R7ZTV5N,7.80%,3.60%,B09R829YGL,6.90%,3.80%,"B09R7ZTV5N,B086KX1X1K,B0C1P9ZBS5,B086KM8V53,B07T8BL2J1,B08BB38TP8,B08H3CSNWW,B09FCBZ4YK,B08B9TCTHD,B086L77BVV","Briefs, Hanes"
mens nike dri fit shorts,男士耐克 dri Fit 短裤,,0.01%,自然搜索词,362,1,B09P3T8X61,"719,951","2,220",65,2.97%,"55,430",995,2,0,993,2.2,5,18.70%,4.80%,$1.33 ,$1.00 - $1.65,B07C93ZRT9,7.00%,0.00%,B07BPLHK9T,6.10%,4.80%,B0BN4NNGGZ,5.60%,0.00%,"B07BPLHK9T,B087LTC1XS,B0B6KQR5JP,B072118MKS,B098NFCL3J,B0BBSWSMP3,B0B6CWXPQD,B09YNW36K6,B07DX1SLQZ,B0BN4NNGGZ","Shorts, NIKE"
reebok shorts for men,锐步男士短裤,,0.01%,自然搜索词,361,1,B09P3T8X61,"764,437","1,729",47,2.77%,"50,097",795,2,0,235,7.4,19,16.10%,9.40%,$1.14 ,$0.81 - $1.28,B0BJN32KDN,5.90%,6.30%,B0BJMC9CNW,5.10%,3.10%,B0BJN643P8,5.10%,0.00%,"B0BJMC9CNW,B08P57M5QX,B08JTQP6VY,B01AK7Y12A,B0C3Q22TH4,B08X1RP36Y,B09Z746TZG,B072JPX1Q1,B07NDP7ZTX,B072J36KT1","Shorts, Reebok"
champion shorts men,冠军短裤男,,0.01%,自然搜索词,361,2,B01AK7Y102/B09XQVCZ8B,"798,152","2,517",428,17.03%,"66,718","1,065",10,0,"3,364",0.8,38,14.50%,1.00%,$1.25 ,$1.00 - $1.55,B00KUL0W1G,7.10%,1.00%,B0BNJTQWR9,4.50%,0.00%,B00AKSCZ1E,2.90%,0.00%,"B012JZ187M,B00KUL0W1G,B00AKSCZ1E,B0036OS6KI,B07DGSV214,B000J9YQOS,B00022SZ8U,B01AK7Y12A,B0868TX6M7,B08BX5PF5C","Shorts, Champion"
mens athletic shorts pack,男士运动短裤包,,0.01%,自然搜索词,360,1,B0C1365SJV,"696,394","2,265",71,3.15%,"67,107","1,059",2,0,"17,155",0.1,4,15.20%,3.40%,$1.16 ,$0.95 - $1.32,B08JT243GF,7.40%,0.90%,B0CRHF41F7,5.00%,2.50%,B0CRQFLWT3,2.80%,0.00%,"B0CRHF41F7,B08JGC1D2G,B0BX7JC52G,B0CRQFLWT3,B07H5QPL1R,B07NDP7ZTX,B08JTQP6VY,B08LT9MJM2,B0D3P9XTKV,B0CRRF28SH","Athletic, Pack, Shorts"
hanes beefy t,瀚德公司,,0.01%,自然搜索词,358,1,B0151E6WPQ,"279,660","6,078","1,441",23.72%,"171,365","2,331",33,0,365,16.7,9,35.60%,3.50%,$0.81 ,$0.62 - $1.02,B00NOY3JOS,17.30%,2.40%,B0CZLJRDMJ,11.30%,0.00%,B00NOY3JKW,7.10%,1.20%,"B00NOY3JOS,B00JULYVMS,B00JUM5SBK,B01GK4YP7I,B014WBYDZK,B010277YOA,B00JUM8MRC,B00KBZOTI8,B0091EEUHA,B001CXZZEK",Hanes
men's champion shorts,男子冠军短裤,,0.01%,自然搜索词,357,1,B01AK7Y102,"781,920","1,894",61,3.26%,"51,085",928,2,0,"3,421",0.6,4,15.90%,4.10%,$1.61 ,$1.00 - $3.23,B01AK7Y102,6.90%,4.10%,B00KUL0W1G,4.80%,0.00%,B0BNJTQWR9,4.20%,0.00%,"B00AKSCZ1E,B00KUL0W1G,B0036OS6KI,B0009GA7U8,B08BX5PF5C,B07DGMZLH1,B07BYCNKM6,B0868VS5GY,B0CYTWBGDY,B07TKLNDJQ","Shorts, Champion"
sweatpants,运动裤,,0.01%,SP广告词,357,1,B01AK7Y102,"5,210","141,627",368,0.26%,"3,794,878","58,109",9,262,"20,887",6.8,898,10.20%,0.20%,$0.92 ,$0.68 - $1.14,B00XPFMI70,3.60%,0.20%,B08Y3Q5B1T,3.40%,0.00%,B0D2VBG9JW,3.20%,0.00%,"B08YH711XM,B09KG1817D,B09R8R81Q7,B07HDLG2J6,B08YGQBJD9,B08YHLVJN3,B07FN43KYB,B08YH7K73X,B01AK99AJC,B07FN591SL",Sweatpants
casual shorts men,休闲短裤男士,,0.01%,自然搜索词,354,1,B09T3QHVVM,"733,391","2,505",77,3.10%,"72,273","1,213",2,0,"4,635",0.5,24,11.60%,0.00%,$1.24 ,$0.93 - $1.54,B0CRZ8TSYQ,5.20%,0.00%,B0CRZ5YF5H,3.50%,0.00%,B0BGFVMW7R,2.90%,0.00%,"B009CTUG04,B0CRZ8TSYQ,B0BLKKW3M4,B00BBW2YKU,B01JQTN8HM,B0CRKQFTDG,B016Y8263A,B0CNPMS17R,B0CMHNN5BD,B08S6MQKKJ","Shorts, Casual"
mens shorts athletic 7 inch,7 英寸男式运动短裤,,0.01%,自然搜索词,354,1,B08JGBB9N1,"781,960","2,691",90,3.35%,"63,781","1,330",3,0,"2,672",1,14,13.80%,3.50%,$1.62 ,$1.22 - $2.03,B085NF55WL,5.20%,2.70%,B09W9J74JC,4.50%,0.90%,B0BNW4VZPK,4.10%,0.00%,"B0D1C18PXQ,B085NF55WL,B0BXWCF25S,B0BNW4VZPK,B0CJSM512X,B0CRQFLWT3,B0BZPJW6G4,B0C9MDHMXM,B08BX4YRYJ,B0D3P9XTKV","Athletic, Shorts"
mens reebok shorts,男士锐步短裤,,0.01%,自然搜索词,353,1,B09P3T8X61,"791,863","2,400",95,3.97%,"49,680","1,184",3,0,324,7.4,4,18.90%,0.00%,$1.25 ,$0.92 - $1.45,B0BJMC9CNW,8.00%,0.00%,B0BJN32KDN,6.00%,0.00%,B0BJN643P8,4.90%,0.00%,"B0BJMC9CNW,B08P57M5QX,B072J36KT1,B09Z746TZG,B01MQSRBAL,B08JTQP6VY,B0BQ1SVQNQ,B072JPX1Q1,B07H5PTQML,B07NDP7ZTX","Shorts, Reebok"
men’s running shorts,男士跑步短裤,,0.01%,自然搜索词,353,1,B09XQVCZ8B,"772,373","2,595",87,3.37%,"69,398","1,212",2,2,"13,674",0.2,29,10.90%,2.50%,$1.40 ,$1.05 - $1.75,B0D1QWYNH7,3.60%,1.70%,B073P3HRXJ,3.60%,0.90%,B089JY3L85,3.60%,0.00%,"B0C12XJ159,B094F825VS,B08XM7421N,B09P3RHNSY,B0D1QWYNH7,B08R7GNZTD,B09PYTB8SD,B01AK7XUGS,B073P3HRXJ,B0BXWDVDXC","Shorts, Running"
mens hiking shorts 7 inch inseam,男士徒步短裤 7 英寸内缝,,0.01%,自然搜索词,353,1,B09P3T8X61,"753,988","2,325",80,3.46%,"63,583","1,119",2,0,"2,289",1,1,19.40%,1.80%,,-,B075MRTVV8,7.50%,0.00%,B0716XM5DC,7.30%,1.80%,B09DTYSKPG,4.70%,0.00%,"B097PJL8DQ,B0716XM5DC,B07YP9TWCX,B075MRTVV8,B08JDTYHGC,B073SNG5YP,B0CFDPT8JB,B00DNNZ8ZS,B08QCMZ1R8,B0D1GB9TZ4","Shorts, Hiking, Inseam"
running shorts mens,跑步短裤男士,,0.01%,自然搜索词,353,1,B09XQVCZ8B,"764,625","2,585",473,18.31%,"68,625","1,091",11,0,"13,887",0.2,30,11.80%,3.40%,$1.74 ,$1.40 - $1.98,B09PYSSR6D,4.80%,1.70%,B094F825VS,3.50%,1.70%,B089JY3L85,3.50%,0.00%,"B09P3RHNSY,B0C12XJ159,B094F825VS,B09VBK13ZV,B09PYTB8SD,B0D1QWYNH7,B073P3HRXJ,B09PYRPHP4,B08XM7421N,B0872XZ3KD","Shorts, Running"
into the am shorts,进入上午短裤,,0.01%,自然搜索词,352,1,B09P3T8X61,"761,875","2,406",83,3.46%,"64,996","1,174",2,0,106,22.7,0,21.80%,3.00%,$7.96 ,$5.98 - $9.96,B0BKN1QQVC,7.70%,1.50%,B0CMT6WNB4,7.30%,0.00%,B0BKR7M8J1,6.70%,1.50%,"B0BKNCVNJM,B0CMT6WNB4,B0CMT3CVV5,B0C669SN9V,B09XQXMKPR,B0BKR2JS9Q,B07H5PTQML,B0CMSWRPQY,B0BQQR9F6W,B0CLHXX5ZB","Shorts, INTO THE AM"
adidas gym shorts men,阿迪达斯运动短裤男,,0.01%,自然搜索词,350,1,B09P3T8X61,"776,805","2,202",62,2.85%,"58,972",997,2,0,502,4.4,2,15.50%,4.30%,$1.25 ,$0.88 - $1.47,B09XLL648Z,7.10%,4.30%,B09XLLMB2B,5.10%,0.00%,B09Y2VG81M,3.30%,0.00%,"B09Y2WTTCS,B010DKQO2E,B09XWP4MV5,B08MTBLLRM,B08HJRFBKM,B091MD89GM,B09XLL648Z,B09XWD44P5,B0CHR3J39D,B08MT4BM27","Adidas, Shorts, gym"
kickboxing shorts,跆拳道短裤,,0.01%,自然搜索词,346,1,B0BFDRQLNC,"303,520","4,887",11,0.23%,"132,115","2,392",1,13,700,7,58,15.80%,9.80%,$1.37 ,$1.02 - $1.71,B07NSR96WZ,9.00%,8.50%,B07RG6SGNS,3.50%,0.00%,B07PY4C6PH,3.40%,1.20%,"B07NSR96WZ,B07RG6SGNS,B08K96JD7G,B01K5FEYG0,B0768K2YR9,B0C4T3VJGG,B0B9BSFQ66,B09V4YF9LP,B07QKH1SZM,B075KL6Q1C",Shorts
carhartt,卡哈特,,0.01%,SP广告词,343,1,B09WMZR2XM,"5,017","188,627",660,0.35%,"3,859,693","88,836",16,214,"11,222",16.8,209,8.30%,1.80%,$1.02 ,$0.76 - $1.28,B0D327PL1Y,3.30%,0.00%,B0000ANHT7,3.10%,0.90%,B00B354UUC,2.00%,0.90%,"B0CN846MH4,B0000ANHT7,B0007XGKM2,B0CN35V4KK,B0CN81XZ87,B0CN82MB1T,B0CN343WQQ,B002G9UDYG,B0CN34KH26,B0CN848J5Z",Carhartt
7 shorts men,7短裤男,,0.01%,自然搜索词,341,1,B09XQVCZ8B,"776,707","2,266",64,2.87%,"65,711","1,040",2,0,"7,628",0.3,4,11.20%,0.00%,$1.44 ,$1.25 - $1.87,B08GLXZSV7,4.20%,0.00%,B077RV5TZ5,3.70%,0.00%,B08JDTL9J9,3.30%,0.00%,"B07F25B4GC,B0C4YR3NRY,B077RV5TZ5,B0D1GB8RNH,B08JDYVDRB,B0C26JGHGY,B0B82GK78B,B0BXWDVDXC,B0CSPRWDYN,B085NF55WL",Shorts
fila shorts for men,fila 男士短裤,,0.01%,自然搜索词,341,1,B00AKSCXEI,"799,528","2,002",56,2.81%,"41,180",767,2,0,323,6.2,5,13.20%,0.00%,$0.30 ,$0.20 - $0.37,B0C2911HYL,5.90%,0.00%,B07RGMCVCL,3.70%,0.00%,B0BW2D8V72,3.70%,0.00%,"B0C2911HYL,B08JTQP6VY,B07RGMCVCL,B01M24H8B1,B0BW2D8V72,B00719ZR9M,B0C28LL39F,B08XS42NX1,B0BQ1V8S24,B01BUJ0LT4",Shorts
nike 7 inch shorts mens,耐克 7 英寸短裤男式,,0.01%,自然搜索词,341,1,B09P3T8X61,"754,426","2,165",320,14.79%,"57,236",977,8,0,463,4.7,5,19.50%,2.30%,$1.50 ,$1.12 - $1.87,B09YNWPHT2,7.00%,0.00%,B0C13GRWR8,6.30%,0.00%,B07FKCHLJH,6.10%,2.30%,"B087M3MJ1L,B089MMJ8DL,B09YNWPHT2,B0C13GRWR8,B0B619RFMM,B08BX5PF5C,B09DCVRMX6,B07FKCHLJH,B07BPMTJGY,B0C1JKXQJW","Shorts, NIKE"
long shorts men,长裤男,,0.01%,自然搜索词,340,3,B00AKSCXEI/B08JGBB9N1/B0C1365SJV,"832,628","2,192",71,3.24%,"52,200","1,059",2,0,"29,678",0.1,147,9.40%,0.00%,$1.36 ,$1.01 - $1.70,B082TJ2RNH,3.60%,0.00%,B00PI5FJHG,2.90%,0.00%,B07RRBBFM2,2.90%,0.00%,"B082TJ2RNH,B077SP15PG,B09VT587SP,B00PI5FJHG,B07RRBBFM2,B0CWP4N64D,B06Y6F8WQM,B089GTF648,B0D5V2DBDL,B00AKSCZWI","Long, Shorts"
gym shark shorts men,健身房鲨鱼短裤男士,,0.01%,自然搜索词,340,1,B01AK7Y102,"780,371","2,185",7,0.34%,"63,817","1,034",1,0,190,11.5,4,15.70%,3.20%,$1.37 ,$1.02 - $1.71,B09PYR7WHV,7.70%,1.60%,B09PYRLHK4,5.30%,1.60%,B07R1J9J3J,2.80%,0.00%,"B09PYRLHK4,B08CXW8ZJD,B07R1J9J3J,B09PYSYQPG,B0BS3S1MHC,B0CQS6BX3M,B0CQ89H4T2,B0C1JKXQJW,B09LTQWRV7,B09P3RHNSY","Shorts, gym"
clothing for men,男式服装,,0.01%,自然搜索词,339,1,B08JGBB9N1,"818,865","2,359",1,0.07%,"56,285","1,011",1,0,"11,742",0.2,8,8.10%,0.00%,$0.98 ,$0.74 - $1.23,B077ZJXCTS,3.20%,0.00%,B072QRN7HR,2.60%,0.00%,B0BZDLXKTS,2.30%,0.00%,"B077ZJXCTS,B0BV241H3F,B072QRN7HR,B0C8NT7R47,B08JGBB9N1,B0BPDX2HXX,B0CL6TKMDK,B083463RFH,B0CP1M1XNJ,B086L69KCL",Clothing
mcporo,mcporo,,0.01%,自然搜索词,334,1,B08JGBB9N1,"812,113","2,484",69,2.81%,"71,815","1,120",2,11,189,13.1,22,17.40%,0.00%,$1.24 ,$0.93 - $1.54,B08BBYCN46,8.90%,0.00%,B08M3XJK31,5.00%,0.00%,B08HMSBPNG,3.50%,0.00%,"B08BBYCN46,B0B639B2Y5,B08HMSBPNG,B0B6331WKV,B094FR6L6D,B093JHV7JW,B08M3CQ63Z,B09VH3GKMS,B09DRJQ38T,B08PJWYWPH",
zipper shorts men,拉链短裤男,,0.01%,自然搜索词,334,1,B09XQVCZ8B,"826,904","1,626",58,3.61%,"37,441",661,2,0,"9,848",0.2,4,13.70%,1.50%,$1.28 ,$0.97 - $1.61,B08LTBLD95,5.30%,0.00%,B0728KK8VK,5.00%,0.00%,B08YY9HW63,3.50%,1.50%,"B08YY9HW63,B0B1LGYYKB,B09P3WHTC8,B08VRDJ55L,B08LTBLD95,B0CTKXQHM7,B0BX7KWDWY,B075MYDWW1,B09PYVH5XT,B0D2S5ZFLV","Zipper, Shorts"
mens cotton sleep shorts,男士棉质睡裤,Y,0.01%,自然搜索词/AC推荐词,333,1,B09T3QHVVM,"866,764","2,126",9,0.46%,"47,189",905,1,0,"2,964",0.7,6,13.90%,2.40%,$1.51 ,$1.13 - $1.71,B0C5QLQ1G7,5.60%,0.00%,B09T3QHVVM,4.70%,1.60%,B09T3QJ8ZY,3.60%,0.80%,"B07PN58J9N,B09T3QHVVM,B07RJSL1TL,B00RFHM1H6,B08FBJJBC2,B09KP1SG8Q,B0151E6XTG,B08399PLH3,B083Z36HYP,B08VFC3W7S","Cotton, Shorts"
90 degree by reflex shorts men,90 度 by 反射短裤男士,,0.01%,SP广告词,333,3,B0C4GV51WK/B0BLKN87V4/B0BFDTMBGP,"849,046","1,556",40,2.62%,"38,528",617,1,0,114,13.7,1,34.90%,9.70%,$1.24 ,$0.93 - $1.54,B091TXZPYM,13.10%,6.50%,B091V15ZQT,11.60%,3.20%,B091TZYZ7T,10.20%,0.00%,"B091V15ZQT,B08JGHDWNP,B083VZ4VBN,B09ZLGTBCZ,B0BPS98SJ3,B09X7G1R1H,B0BYZFH437,B07NF3V7M5,B07SM96ZXL,B0C4GV51WK",Shorts
shorts for men casual summer,男士休闲夏季短裤,,0.01%,自然搜索词,333,1,B09T3QHVVM,"112,188","21,376",735,3.44%,"461,969","10,608",17,0,"12,559",1.7,67,7.10%,0.70%,$1.33 ,$1.11 - $1.50,B07HNWNXMK,2.70%,0.30%,B00BBW2YKU,2.20%,0.00%,B07H5QPL1R,2.20%,0.40%,"B00BBW2YKU,B07HNWNXMK,B0BLKKW3M4,B01JQTN8HM,B0CRZ94622,B07H5QPL1R,B0BLKKYR1J,B016Y8268U,B075NZQ6SS,B0B1LMFBDV","Shorts, Casual, Summer"
4xl shorts,4xl 短裤,,0.01%,自然搜索词,330,1,B09T3QHVVM,"896,585","2,072",60,2.94%,"52,348",874,2,0,"2,397",0.9,9,23.10%,1.40%,$1.15 ,$0.87 - $1.45,B072JBQRLG,17.70%,0.00%,B0058CUV3G,2.80%,0.00%,B0945GZPMB,2.60%,1.40%,"B0945GZPMB,B09T3QHVVM,B09GYJ7SMW,B0058CUV3G,B0BX7LHL7R,B0BZHDP4VX,B08LTBN75C,B07HNWFWRG,B08X1RP36Y,B01DL9UJXE",Shorts
christian shorts for men,基督教男士短裤,,0.01%,自然搜索词,329,1,B08JGBB9N1,"768,705","1,546",43,2.80%,"35,815",645,1,0,446,3.5,3,16.80%,5.60%,$1.22 ,$0.92 - $1.52,B0C5S2QFFP,6.50%,0.00%,B09BZMD17R,5.60%,5.60%,B0CLD5HS6K,4.70%,0.00%,"B0C5RZJVSP,B09VBRK6DZ,B0C6GC75NC,B09BZMD17R,B09ZV1XDZF,B0876GC36K,B0D4M86459,B0CLD3X92T,B0B7MVHJK8,B08MTLNMN5",Shorts
mens 3xl shorts,男士 3xl 短裤,Y,0.01%,自然搜索词/AC推荐词,325,1,B08JGBB9N1,"890,661","2,120",65,3.07%,"52,167",852,2,0,"5,220",0.4,4,13.50%,0.00%,$1.30 ,$0.98 - $1.63,B0728KKB1V,6.40%,0.00%,B08JGBB9N1,3.70%,0.00%,B08D2TC7BT,3.40%,0.00%,"B08JGBB9N1,B08D2TC7BT,B094692JQ8,B01F2B1EIS,B01BUJ0JVY,B0CRH7CXNC,B000MNA0NW,B0BNJSMPM3,B0CRRDY4Q3,B0BZY4MTXR",Shorts
pantaloneta nike para hombre,Nike男士短裤,,0.01%,自然搜索词,323,1,B09XQVCZ8B,"844,837","1,464",47,3.24%,"33,213",683,2,0,171,8.6,22,12.40%,0.00%,$0.57 ,$0.43 - $0.73,B087LTC1XS,4.80%,0.00%,B07DZDCK95,3.80%,0.00%,B0B6KHK5P8,3.80%,0.00%,"B087LTC1XS,B07BPL162D,B0B6KQR5JP,B087LTJKN5,B07QZKK46D,B0D13595HQ,B01AK7XJS2,B07NJPDSSX,B08NYKGWR2,B01JIPH51Y","NIKE, Hombre"
shirts for short men,矮个子男士衬衫,,0.01%,自然搜索词,322,1,B0C1365SJV,"804,072","2,276",64,2.82%,"52,427",944,2,0,"29,912",0.1,0,9.10%,7.10%,$1.14 ,$1.00 - $1.28,B0BR6L5PMS,3.60%,0.00%,B0BV27DL6Y,2.90%,0.00%,B09B5BQ3YX,2.70%,7.10%,"B0BV27DL6Y,B0BR6PCTT1,B07Q615SPM,B06WVHV3W9,B0CKVPCFB5,B0B4DNLSGM,B0785FWNL5,B09B5BQ3YX,B0CJXVTRH4,B083P3QPH6","Shirt, Short"
men’s workout shorts,男士运动短裤,Y,0.01%,自然搜索词/AC推荐词,321,1,B08JGBB9N1,"843,877","2,357",78,3.31%,"58,307","1,151",2,0,"8,880",0.3,20,13.30%,2.40%,$1.86 ,$1.39 - $2.32,B072JBQRLG,8.80%,0.80%,B08JGBB9N1,2.30%,1.60%,B082XSSZZB,2.30%,0.00%,"B07H5PTQML,B08JGBB9N1,B0D4JFK852,B085NF55WL,B0CRHF41F7,B0BNW4YZN9,B09LTRY112,B0723CZCRJ,B0BZPMDBPM,B083463RFH","Workout, Shorts"
men soccer shorts,男式足球短裤,,0.01%,自然搜索词,318,1,B0C1365SJV,"866,728","1,516",51,3.40%,"40,526",721,2,0,"10,048",0.2,4,17.30%,1.70%,$1.38 ,$1.03 - $1.74,B0878Y8YRQ,7.90%,0.00%,B089PJ47T6,4.70%,1.70%,B088Z8JJX2,4.70%,0.00%,"B087974PWT,B089PJ47T6,B088Z8JJX2,B087M3MJ1L,B010DKQO2E,B09Y2SZ95Z,B0BNW445NH,B00HJTK2M6,B093LSQQLX,B0879766KT","Shorts, Soccer"
mens shorts multipack,男士短裤多件装,,0.01%,自然搜索词,317,1,B08JGBB9N1,"890,709","2,233",64,2.88%,"52,107",933,2,0,388,5.8,4,9.90%,0.00%,$0.80 ,$0.67 - $1.00,B0CL9BR6KJ,4.00%,0.00%,B0BNW3NJ7L,3.60%,0.00%,B0D2TKSHK7,2.20%,0.00%,"B0BNW3NJ7L,B0BX7MRSW7,B0CRHF41F7,B08JGBB9N1,B075JKVJHQ,B0CL9BR6KJ,B07H5PTQML,B08JTWR1S3,B0BNW2KC41,B0CRRGWXMS",Shorts
russell athletic shorts,Russell运动短裤,,0.01%,SP广告词,315,4,B0BFDVPFKX/B09XQVCZ8B/B09T3QHVVM/B0151E6WPQ,"919,151","2,445",18,0.74%,"56,617","1,002",1,0,248,9.9,71,15.00%,1.20%,$0.98 ,$0.74 - $1.23,B00719ZMUG,7.10%,0.00%,B00719ZPQM,4.50%,1.20%,B0076KPIPY,3.50%,0.00%,"B00719ZMUG,B000MND796,B071ZVQ7GF,B001DB2WHO,B0B41THVQZ,B084PVJJD7,B08JTQP6VY,B000MN8ODK,B0151E6XTG,B071P2P4JB","Athletic, Shorts, Russell Athletic, russell"
short workout shorts men,短款运动短裤男士,,0.01%,自然搜索词,314,1,B09XQVCZ8B,"869,309","1,512",41,2.74%,"41,068",637,1,0,"8,648",0.2,4,15.70%,8.20%,$1.46 ,$1.10 - $1.83,B09G272YSB,10.00%,4.90%,B086ZDRRFT,2.90%,3.30%,B0CQ8RNN1C,2.90%,0.00%,"B09G272YSB,B08SCD4RJG,B0987C93NK,B09LTRY112,B09VBK13ZV,B08XM7421N,B094F825VS,B07T88C34K,B08LT9MJM2,B082G6SCM1","Workout, Short, Shorts"
big and tall athletic shorts for men,大而高的男士运动短裤,,0.01%,自然搜索词,313,1,B00AKSCXEI,"897,794","1,766",58,3.31%,"45,274",809,2,0,"17,140",0.1,8,25.30%,0.00%,,-,B072JBQRLG,15.10%,0.00%,B07NDP7ZTX,5.80%,0.00%,B09461YZGK,4.40%,0.00%,"B0CRHF41F7,B09461YZGK,B0C25TLB5Y,B072JBQRLG,B000J9YQOS,B08JGC1D2G,B000MND796,B0CQ32QQKW,B07BPL162D,B00KUL0W1G","Athletic, big, Big And Tall, Tall, Shorts"
municipal clothing men,市政服装男,,0.01%,自然搜索词,312,1,B09XQVCZ8B,"833,384","1,480",43,2.97%,"43,070",667,1,0,220,6.7,22,9.50%,0.00%,$0.70 ,$0.52 - $0.88,B07815JCHQ,3.70%,0.00%,B0787P86ZZ,3.40%,0.00%,B0BLKKYR1J,2.40%,0.00%,"B07815JCHQ,B0787P86ZZ,B0BLKKYR1J,B09P3T5Z8K,B07W1NNMLW,B07998V8YM,B0BCPL2YSJ,B08CXW8ZJD,B0C28BFDV8,B08XTB8JPH",Clothing
hoop shorts,环形短裤,,0.01%,自然搜索词,311,1,B08JGBB9N1,"901,757","1,312",37,2.85%,"36,269",550,1,1,158,8.3,4,22.10%,0.00%,$0.80 ,$0.64 - $1.20,B0C23KVSPP,9.40%,0.00%,B0CC91PK44,6.50%,0.00%,B0CFPQK9VG,6.20%,0.00%,"B0CC8ZFGWP,B0CP298PPP,B0C7CBGBS4,B0C3SHLY37,B0CHWLXF9S,B0CGV7VYB1,B0C23M4KGS,B0B5V52SD5,B07NDP7ZTX,B0C9XJMYWP",Shorts
wrangler authentics shorts,牧马人正品短裤,,0.01%,自然搜索词/品牌广告词,310,1,B0BLKN87V4,"837,471","2,279",69,3.07%,"50,658",950,2,0,202,11.3,5,19.30%,0.60%,$0.82 ,$0.56 - $1.05,B075MYHSBN,7.10%,0.60%,B075MXZ12G,6.20%,0.00%,B075MYDWW1,6.00%,0.00%,"B075MYDWW1,B075MXZ12G,B075MYHSBN,B07HNXRR5M,B07HNVV8MV,B00XKY8MDK,B00XKYLJDU,B01BGYIJ0Q,B08RLBC3DB,B00XKYRPEC","Shorts, Wrangler"
essentials for men,男士必备品,,0.01%,自然搜索词,307,2,B0151E6WPQ/B0BFDTMBGP,"863,859","1,241",33,2.73%,"26,121",513,1,1,"54,738",0,5,18.50%,16.70%,$0.93 ,$0.69 - $1.15,B00INVCHRC,7.40%,0.00%,B0C4TWCBTX,6.30%,16.70%,B09N1B6LL3,4.80%,0.00%,"B01NAPQ4QP,B09N1B6LL3,B0C4TWCBTX,B07GGR1N4Y,B00INVCHRC,B07XVXSY7M,B0BYNJCW7P,B09P1DV7D8,B0BNMFL3J3,B07S1BNNYD",Essential
golf shorts men,男士高尔夫短裤,,0.01%,SP广告词,305,1,B0BFDRQLNC,"8,372","131,030",314,0.24%,"3,726,961","64,510",8,6,"2,361",55.5,203,15.30%,0.90%,$1.54 ,$1.14 - $1.92,B0C12YDCMZ,6.70%,0.50%,B096YLFQ66,4.60%,0.20%,B096YLSDLP,4.00%,0.30%,"B0C12YDCMZ,B096YLSDLP,B07NLY6QBX,B00P3YV3NG,B009CTUGZ4,B09Z523WR4,B0D1G5SV9G,B096YMGPXJ,B00E3QS8YM,B00P3YV426","Golf, Shorts"
oofos,おふじみます,,0.01%,SP广告词,303,1,B0BFDSVMPF,"8,451","125,179",613,0.49%,"3,354,649","49,975",15,170,602,207.9,117,19.20%,2.40%,$0.25 ,$0.18 - $0.31,B00D1A5PH4,8.00%,1.80%,B0C66F5GC5,5.70%,0.60%,B0D97J765B,5.60%,0.00%,"B00D1A5PH4,B007VDJSTI,B00VISCJQG,B0C66F5GC5,B01GA76F28,B01GA76F3C,B01GA76IWU,B00VISCG7S,B00BRC4L14,B00BRC4LLE",
men's shorts big and tall,男式短裤又大又高,,0.01%,自然搜索词,299,1,B09T3QHVVM,"866,741","2,334",73,3.13%,"68,254","1,020",2,0,"44,587",0.1,4,7.80%,0.00%,$1.60 ,$1.19 - $3.21,B092187Z3D,2.70%,0.00%,B09QT6H6NQ,2.70%,0.00%,B08B8YGQV7,2.50%,0.00%,"B092187Z3D,B017YONTZC,B017GAFMRC,B08RBJHLRJ,B008I581P0,B0D1CVYY1G,B07R5Q9TRW,B0CQ2ZJ5F8,B07HNWKTHQ,B00XKYLJA8","big, Shorts, Big And Tall, Tall"
men's drawstring shorts,男士抽绳短裤,,0.01%,自然搜索词,298,1,B0151E6WPQ,"878,565","1,743",60,3.48%,"46,012",819,2,0,"7,389",0.2,4,15.80%,0.00%,$2.05 ,$1.24 - $4.13,B06XWMWW9D,9.10%,0.00%,B0BWNMWLJX,3.70%,0.00%,B0C7KNVH1P,2.90%,0.00%,"B0BWNMWLJX,B08JHJXT8S,B07NF3V7M5,B09GNDH3PJ,B0CRRDY4Q3,B06XWMWW9D,B0C26D741D,B0CRZBSC63,B0CPY7GP4G,B00M0QFMSW","Shorts, Drawstring"
mesh basketball shorts for men,男式网眼篮球短裤,,0.01%,自然搜索词,295,1,B0C1365SJV,"890,756","1,802",254,14.14%,"44,674",691,6,0,"2,890",0.6,1,13.90%,0.00%,$1.42 ,$0.92 - $1.66,B08JTQP6VY,6.70%,0.00%,B099RSXNQH,3.70%,0.00%,B01ES40ZBW,3.50%,0.00%,"B000J9YQOS,B01ES40ZBW,B00719ZR9M,B07NDP7ZTX,B07CZJ4F29,B08LTBN75C,B0CBL63RJM,B076DJ5PWB,B07TKLNDJQ,B0CL9DCNWC","Basketball, Mesh, Shorts"
the hanes store,哈内斯商店,,0.01%,自然搜索词,295,1,B0151E6WPQ,"882,252","2,223",81,3.66%,"44,559","1,101",2,0,"1,565",1.4,11,8.50%,0.00%,$1.02 ,$0.76 - $1.28,B07KCN4G6T,3.60%,0.00%,B0BYCTL185,2.70%,0.00%,B0CR6F6KXT,2.20%,0.00%,"B00KBZOR9O,B016YKL8W8,B00W5TZKHW,B01I21HRJ0,B00FZR19OE,B01M26T8M7,B00HVVVGN6,B086L4XXGF,B00KRYMGFQ,B00KRYLK12",Hanes
men's athletic shorts with pockets,男式带口袋运动短裤,,0.01%,SP广告词,294,2,B0C1365SJV/B0BFDSVMPF,"943,834","2,132",63,2.97%,"54,304",850,2,1,"24,465",0.1,23,11.90%,1.50%,$1.07 ,$0.71 - $1.85,B0728KK8VK,6.10%,0.70%,B00KUL0W1G,3.20%,0.00%,B08JGBB9N1,2.70%,0.70%,"B0CRHF41F7,B08JG3T2SY,B00KUL0W1G,B0CRRF28SH,B0C1365SJV,B072JBQRLG,B0BWNHZCCR,B08JTQP6VY,B00719ZR9M,B0D2XLMYGW","Athletic, Shorts"
mens black shorts athletic,男士黑色短裤运动,,0.01%,自然搜索词,294,3,B09P3T8X61/B0BFDRQLNC/B0BLKN87V4,"903,504","1,859",56,3.03%,"50,874",814,2,0,"10,418",0.2,16,18.30%,0.00%,$1.54 ,$1.38 - $1.76,B0728KK8VK,8.20%,0.00%,B072JBQRLG,5.30%,0.00%,B094G3G6V4,4.80%,0.00%,"B094G3G6V4,B0BXWCF25S,B0CRHQSFQQ,B0CRHF41F7,B0CSNTYBY1,B0C27FN2BN,B012JZ187M,B0728KK8VK,B09XQWCCGR,B08JGC1D2G","Athletic, Black, Shorts"
all the queen's men,女王的所有男人,,0.01%,视频广告词,293,1,B0BFDTMBGP,"8,121","116,191","3,555",3.06%,"3,483,464","48,627",81,9,"2,706",42.9,15,40.10%,0.00%,$0.46 ,$0.37 - $0.87,B0CPBNHVLN,19.50%,0.00%,B0CVHGQH4K,12.00%,0.00%,B0BX1RBL8Z,8.70%,0.00%,"B0CKC44D8Y,B0B8TYSYSN,B0BVGDW2VJ,B0000CDL3Y,B0875Q2BZX,B0CJ5PNPWM,B0CHMGVGKT,B0CKPFSYXQ,B000HJ56W6,B0BZWY3PVK",
volleyball shorts men,排球短裤男,Y,0.01%,自然搜索词/AC推荐词,292,1,B09P3T8X61,"949,038","1,510",217,14.39%,"33,857",590,5,0,"8,134",0.2,4,11.50%,0.00%,$1.07 ,$0.80 - $1.34,B09VBRK6DZ,5.40%,0.00%,B0723CZCRJ,3.20%,0.00%,B08XMFTF36,2.90%,0.00%,"B08R7GNZTD,B09P3T8X61,B072JBQRLG,B09VBRK6DZ,B083466W2C,B077XLKW1K,B0BMK9Z4YW,B0C1JKXQJW,B09PYR7WHV,B087M3RDVK",Shorts
basketball short,篮球短裤,,0.01%,SP广告词,291,3,B0C1365SJV/B0BFDTMBGP/B01AK7Y102,"937,168","1,504",5,0.34%,"41,588",594,1,33,"26,255",0.1,41,11.30%,4.30%,$1.49 ,$1.08 - $1.80,B07NDP7ZTX,5.00%,0.00%,B0BNJTQWR9,3.30%,2.20%,B0CRHR9D5R,3.00%,2.20%,"B0CRHF41F7,B0CRRF28SH,B07NDP7ZTX,B07BPL162D,B0036OS6LC,B08JGHDWNP,B0723CZCRJ,B0CRHR9D5R,B08S934M55,B0CWP5VCWN","Basketball, Short"
gym workout clothes for men,男士健身运动服,,0.01%,自然搜索词,291,1,B08JGBB9N1,"927,801","1,858",6,0.35%,"37,166",736,1,0,"15,347",0.1,5,11.90%,0.00%,$0.80 ,$0.60 - $1.00,B07BLXWXP8,5.40%,0.00%,B079N49KN2,3.50%,0.00%,B08BBYCN46,3.00%,0.00%,"B08BBYCN46,B07H5PTQML,B0785VMVF4,B083463RFH,B07DRNTL8K,B0BNW2CZNM,B07WTSQ55M,B07VTSD48H,B085NF55WL,B0CSWGBR4L","Workout, gym"
levis 469 shorts for men,李维斯 469 男士短裤,,0.01%,自然搜索词,291,1,B00AKSCXEI,"902,883","1,748",55,3.18%,"44,939",726,2,0,41,42.6,5,47.90%,6.80%,$0.68 ,$0.51 - $0.86,B0D919K3PK,23.80%,0.00%,B00OTMA1DG,18.40%,4.60%,B08P55PW83,5.70%,2.30%,"B00OTMA1DG,B0018OUOOY,B01ISQF00W,B08M4C27VT,B0BTBTP6KN,B0C5YYXXN9,B0018P0330,B000CESGAK,B08Y1D7J3G,B0BTBSZM58","levis, Shorts"
mens khaki shorts,男式卡其色短裤,,0.01%,SP广告词,290,2,B09WMZR2XM/B0BLKN87V4,"23,205","64,498","13,196",20.46%,"1,501,718","30,491",300,0,"2,982",21.6,155,11.70%,1.20%,$1.10 ,$0.82 - $1.37,B016Y825YU,5.10%,0.60%,B0CFDVLKML,3.70%,0.40%,B07F2N46GF,2.80%,0.20%,"B016Y8263A,B01JQTBJSW,B01JQTN8SQ,B016Y825YU,B009CTUBIQ,B009CTUBFE,B0C26D741D,B08RBHVS7K,B07FHBQPMC,B07HNVJCWR","Khaki, Shorts"
preppy clothes,预科生的衣服,,0.01%,SP广告词,289,1,B09WMYXNJ9,"8,320","121,611","3,283",2.70%,"3,330,346","55,677",75,16,"2,203",55.2,"1,194",12.00%,0.00%,$0.97 ,$0.73 - $1.21,B0BXXC8ML2,4.60%,0.00%,B0BQVZLWGJ,4.00%,0.00%,B09SWNHGS1,3.40%,0.00%,"B0BQW6Y1BP,B0CZ72KJ94,B0B8QB452P,B0BX6GJNJV,B0C7KJ547T,B0BWRP7GJP,B0CR14G7J3,B0BXX991M2,B0CCP5QHQD,B09YPQ2WVM",Preppy
mens mesh basketball shorts,男式网眼篮球短裤,,0.01%,自然搜索词,288,1,B0C1365SJV,"929,989","1,686",3,0.23%,"48,974",697,1,1,"3,619",0.5,6,9.40%,0.00%,$1.11 ,$0.87 - $1.35,B08JT243GF,3.70%,0.00%,B07NDP7ZTX,3.10%,0.00%,B01ES40ZBW,2.60%,0.00%,"B000J9YQOS,B01ES40ZBW,B07NDP7ZTX,B07CZJ4F29,B00719ZR9M,B08LTBN75C,B076DJ5PWB,B0D2RYNZB2,B0CBL63RJM,B0B49XX2N2","Basketball, Mesh, Shorts"
jhorts,???,,0.01%,自然搜索词,287,1,B08JGBB9N1,"942,531","1,533",38,2.51%,"36,129",642,1,0,54,28.4,21,25.80%,8.30%,$0.31 ,$0.23 - $0.40,B0C9935HFX,9.90%,8.30%,B0C991WL3B,9.90%,0.00%,B0CH3BX88J,6.10%,0.00%,"B0C9935HFX,B01BGYIDQG,B0CH399J2D,B01BGYIJ0Q,B0C9YQ3GXG,B0974QVP4H,B0CDR4JLH2,B0C3C1YN3N,B0C4LB229B,B075MX5NQ4",
quick dry mens shorts,速干男式短裤,,0.01%,自然搜索词,287,1,B08JGBB9N1,"931,976","2,073",72,3.48%,"47,560",995,2,0,"32,487",0.1,9,9.10%,1.00%,$1.62 ,$1.22 - $2.03,B0CLCX33S4,3.20%,1.00%,B075MRS4PT,3.00%,0.00%,B0CPPS81KC,3.00%,0.00%,"B075MRS4PT,B0BZPPT4QF,B0CLCX33S4,B0CPPPD5S1,B0BNMF7HFB,B0C26DGFQK,B07HNWSRV7,B0C9MDHMXM,B0CSN5FPLV,B09P3RHNSY",Shorts
free fly shorts men,自由飞行短裤男士,,0.01%,自然搜索词,287,1,B09WMYXNJ9,"900,787","2,375",79,3.33%,"63,092","1,163",2,0,959,2.5,4,24.40%,2.00%,$3.82 ,$2.86 - $4.78,B0C6CV2LRL,8.70%,2.00%,B0C6B54ZW9,8.50%,0.00%,B0C6B1SJ87,7.30%,0.00%,"B0BX1YWS38,B0CVSHSCQS,B0BX22112P,B0C6B1SJ87,B0C6CGZM7F,B0CVSLNSDV,B0C1JKXQJW,B077PHHTJF,B0D1G5SV9M,B09XQW9WN2","Fly, Shorts"
shorts men big and tall,短裤 男士 又大又高,,0.01%,自然搜索词,286,1,B09T3QHVVM,"946,887","1,902",55,2.92%,"45,277",837,2,1,"42,975",0,10,13.50%,0.00%,$1.37 ,$1.02 - $1.71,B017YONTZC,5.60%,0.00%,B0BQR24NV5,5.10%,0.00%,B07NDP7ZTX,2.80%,0.00%,"B017GAFMRC,B017YONTZC,B092187Z3D,B0831FGTCZ,B08RBJHLRJ,B07R5Q9TRW,B0945GZPMB,B0CQ2ZJ5F8,B07HNX4GW3,B00XKYLJA8","big, Shorts, Big And Tall, Tall"
the big short,大空头,,0.01%,SP广告词,285,1,B09WMZR2XM,"9,899","85,724","6,652",7.77%,"2,022,208","40,567",152,29,"1,080",79.4,11,90.70%,0.00%,$1.00 ,$0.75 - $1.42,B01995O5OS,77.50%,0.00%,B019969US8,10.30%,0.00%,B01996A0PU,2.80%,0.00%,"B003CN7E42,B0177ZM3LO,B019969US8,B0177ZM3MI,B006VAGFFW,9123471891,B01780M3FO,B01780M3IG,1088992323,B01AD9812G","big, Short"
mens shorts 5 pack,男士短裤 5 件装,,0.01%,自然搜索词,284,1,B08JGBB9N1,"957,967","1,830",52,2.85%,"46,453",698,2,0,"4,891",0.4,6,11.00%,2.70%,$0.95 ,$0.73 - $1.10,B0CRHF41F7,5.00%,0.00%,B0CRHDQ8DX,3.40%,1.40%,B08JGBB9N1,2.60%,1.40%,"B0CRHF41F7,B08JGBB9N1,B07NF3G29P,B075JNQWFZ,B0D2XMRYZW,B0D2TJ12XX,B08LT9MJM2,B0BNW2KC41,B0BX7JC52G,B08LTC53FR","Pack, Shorts"
basketball shorts men mesh,,,0.01%,自然搜索词,282,1,B0C1365SJV,"884,910","1,583",49,3.15%,"33,959",660,2,0,"3,668",0.4,4,14.00%,3.50%,$1.29 ,$1.12 - $1.61,B08JTQP6VY,8.10%,0.00%,B08LTBN75C,3.10%,0.00%,B08JT243GF,2.80%,3.50%,"B000J9YQOS,B01ES40ZBW,B07NDP7ZTX,B08LTBN75C,B00719ZQG6,B0CBL63RJM,B076DJ5PWB,B087M3MJ1L,B06XJFVR72,B08HYMMVP7","Basketball, Mesh, Shorts"
pack of mens shorts,一包男士短裤,Y,0.01%,自然搜索词/AC推荐词,282,1,B08JGBB9N1,"973,675",995,28,2.82%,"21,285",403,1,0,"18,238",0.1,1,15.60%,0.00%,$0.93 ,$0.74 - $1.11,B07H5P8M39,6.30%,0.00%,B07H5QPL1R,4.70%,0.00%,B08LT8LY5N,4.70%,0.00%,"B0CRHF41F7,B08JGBB9N1,B0BNW29CRN,B08LT8LY5N,B0CJ11X2MY,B07H5QPL1R,B0CRRF28SH,B0BNW2KC41,B0BNW4Q4BR,B0BX7JC52G","Pack, Shorts"
short gym shorts for men,男士短款健身短裤,,0.01%,自然搜索词,282,1,B01AK7Y102,"906,334","2,010",197,9.83%,"55,702",946,5,0,"8,421",0.2,0,17.60%,1.50%,$1.44 ,$1.20 - $1.72,B09G272YSB,12.90%,1.50%,B094F825VS,2.50%,0.00%,B09WXSHZZK,2.20%,0.00%,"B09G272YSB,B09LTQWRV7,B086ZDRRFT,B086C9PRJV,B094F6RDCD,B0CT2JG1HY,B0CQ85R7CQ,B07DJ8SBF5,B0BRNDQP8P,B0BS2K3LDX","Shorts, gym, Short"
adidas climalite shorts men,adidas climalite 短裤 男士,,0.01%,自然搜索词,281,1,B09P3T8X61,"979,372","1,815",506,27.93%,"49,715",900,12,0,142,12.8,15,18.20%,4.30%,$1.15 ,$0.87 - $1.29,B0878Y8YRQ,9.50%,0.00%,B00GJW87E4,4.90%,2.20%,B0CHR3J39D,3.80%,2.20%,"B08MTBLLRM,B010DKQO2E,B0878Z6YX2,B0CHR3J39D,B07F2D9C7Q,B09Y2WMM5Q,B08HJRFBKM,B07BLLQRVR,B00GJW87E4,B09Y2TSNTW","Adidas, Shorts"
mens shorts 7 inch athletic,男式 7 英寸运动短裤,,0.01%,自然搜索词,280,1,B08JGBB9N1,"943,907","1,838",56,3.09%,"43,297",907,2,0,"2,451",0.8,6,10.50%,3.10%,$1.58 ,$1.28 - $2.24,B0BNW4VZPK,4.30%,0.00%,B0D1C18PXQ,3.20%,1.50%,B085NF55WL,3.00%,1.50%,"B0BXWCF25S,B085NF55WL,B09NXV4PD6,B0CJSM512X,B0BNW4VZPK,B0D1C18PXQ,B08BX4YRYJ,B09439RD8Y,B0D3P9XTKV,B0CRQFLWT3","Athletic, Shorts"
nike shorts with pockets,带口袋的耐克短裤,,0.01%,自然搜索词,280,1,B09XQVCZ8B,"958,657","1,658",47,2.86%,"34,110",666,2,0,"2,353",0.7,4,18.50%,0.00%,$1.33 ,$1.00 - $1.65,B087M3MJ1L,8.40%,0.00%,B07BPL162D,5.80%,0.00%,B07DZDCK95,4.40%,0.00%,"B07BPL162D,B087M3MJ1L,B071WL718C,B006DJH9BK,B0B6KNPZDG,B01AK7XJS2,B09CPFXGD2,B07NJPD9GV,B08CNP7NS1,B0BSMVH7VN","Shorts, NIKE"
mens workout shorts 7 inch inseam,男士健身短裤 7 英寸内缝,,0.01%,自然搜索词,279,1,B09P3T8X61,"943,925","1,835",351,19.16%,"38,305",791,8,0,"1,464",1.3,9,10.40%,2.00%,$0.93 ,$0.63 - $1.51,B085NF55WL,4.10%,1.00%,B08R7GNZTD,3.80%,1.00%,B0BNW4VZPK,2.50%,0.00%,"B085NF55WL,B094346J66,B0BZPJW6G4,B0BXWDVDXC,B0BNW3NJ7L,B08BX4YRYJ,B0BQ1SVQNQ,B09CGWK6PR,B0CT65T479,B09P3T8X61","Workout, Shorts, Inseam"
silkies shorts,丝质短裤,,0.01%,自然搜索词,279,1,B0C1365SJV,"946,972","1,608",104,6.49%,"45,483",617,3,0,"1,645",1,5,20.00%,3.60%,$1.09 ,$0.81 - $1.36,B08F8KW9V9,7.60%,0.00%,B003AU5W1Y,7.30%,3.60%,B003AU5W2I,5.20%,0.00%,"B003AU5W1Y,B094F41X4W,B0CJQRM5B1,B0D7SM66J1,B07WKB3P8L,B01K5TTDMQ,B01MU5WI4H,B0CRGDT2BT,B08JGHDWNP,B0B1PN85FP",Shorts
mens shorts amazon essential,男士短裤亚马逊必备,,0.01%,自然搜索词,277,1,B0151E6WPQ,"943,908","2,406",73,3.05%,"50,139","1,038",2,0,645,3.7,14,16.20%,0.80%,$1.47 ,$1.10 - $1.84,B01JQTN8SQ,9.10%,0.80%,B0CZRSBVT4,4.30%,0.00%,B0723CZCQT,2.90%,0.00%,"B01JQTN8SQ,B0728KK8VK,B07F27YVN8,B01JQTM148,B07752LYQS,B096YLSDLP,B077S1TQ7M,B07XJCK47H,B0C4YHVSY6,B08JDWSP2H","Amazon, Shorts, Essential"
hot pink shorts men,粉红色短裤男士,,0.01%,自然搜索词,277,1,B0C1365SJV,"942,029","1,460",49,3.37%,"31,764",654,2,0,519,2.8,10,22.40%,5.80%,$1.05 ,$0.87 - $1.19,B0CPYBTWBQ,10.20%,3.90%,B08XXC9NRM,7.80%,0.00%,B089PK61LW,4.40%,1.90%,"B089PK61LW,B0CPYBXPTW,B08XXC1959,B09NHR5S76,B0C1TXQYMY,B077JW4T1S,B0BP7W7LCT,B0CW64GY1H,B0C8LTZKS3,B07YF4XSQ2","Hot, Shorts, Hot pink, Pink"
mens outdoor shorts,男士户外短裤,,0.01%,自然搜索词,274,1,B08JGBB9N1,"929,993","1,827",49,2.73%,"46,840",725,2,0,"8,831",0.2,9,12.50%,0.00%,$1.62 ,$1.22 - $2.02,B0CLCX2MHK,5.30%,0.00%,B075MYDWW1,4.30%,0.00%,B09SFT32R1,2.90%,0.00%,"B075MYDWW1,B0CLCX2MHK,B071HTXLBW,B08RBHG3F9,B09SFT32R1,B071CGD3P2,B07SD2FNV1,B08V19XFS2,B00XKYLJA8,B07GT1992N","Shorts, Outdoor"
mens tall shorts,男士短裤,,0.01%,自然搜索词,273,1,B00AKSCXEI,"903,561","1,866",51,2.74%,"48,363",717,2,0,"91,968",0,9,9.60%,0.00%,$1.27 ,$0.95 - $1.60,B082TJ8LV6,4.00%,0.00%,B00PI5FL1A,3.00%,0.00%,B01AK7ZK7A,2.50%,0.00%,"B082TJ8LV6,B00PI5FL1A,B01AK7ZK7A,B08JG3T2SY,B077SP15PG,B00EC87YQY,B089GTSLP5,B072J36KT1,B0BFDVJ414,B01IT4UQO8","Tall, Shorts"
women shorts,女性短裤,,0.01%,SP广告词,273,1,B0BFDTMBGP,"9,060","132,792",265,0.20%,"3,036,410","52,529",7,1,"129,562",1,453,4.40%,0.70%,$0.75 ,$0.56 - $0.94,B016YKK7CA,1.70%,0.40%,B016YKKHOI,1.40%,0.30%,B0C9FVG38X,1.40%,0.00%,"B096MV2B5V,B07R6PGGT9,B016YKKHWU,B096MXR888,B08P1SB5TZ,B0CQL41YCV,B08SPWTJ79,B0170AD4LE,B0CQ2ZZT8V,B0CM5SMXDW",Shorts
foundry shorts big and tall,,,0.01%,自然搜索词,272,1,B08JGBB9N1,"969,326",,,,,,,,322,,5,,,,-,,,,,,,,,,,"big, Shorts, Big And Tall, Tall"
big and tall men,又大又高的男人,,0.01%,自然搜索词,272,1,B0C1365SJV,"937,451","1,610",110,6.88%,"33,055",666,3,1,"68,873",0,4,6.70%,0.00%,$1.65 ,$1.24 - $2.06,B0CBDHMCHK,2.60%,0.00%,B0BQR24NV5,2.00%,0.00%,B0CBDDQJGG,2.00%,0.00%,"B00FSB5TNE,B0BPDXWXXP,B01GH5KOZ2,B01MYWGRYW,B002G9UD8W,B01MYBHZSB,B0000ANHT7,B01K0ETB6E,B08MMS2N1X,B08NWJL7VX","big, Tall, Big And Tall"
workout set for men,男士锻炼套装,,0.01%,自然搜索词,271,1,B08JGBB9N1,"993,512","1,159",6,0.59%,"33,293",520,1,0,"19,394",0.1,5,31.00%,11.10%,$1.39 ,$1.04 - $1.75,B08M3LQ4ZC,14.10%,0.00%,B0B9RW6T5N,12.60%,0.00%,B0CRR1XXC4,4.30%,11.10%,"B0C14BB4B7,B0CRR1XXC4,B08BHJHRH4,B0BRNB4JBL,B077ZKDQLV,B08M3LQ4ZC,B0CL52N3NK,B0BNW2CZNM,B07BLXXSP3,B0BKLTLSPN","Workout, Set"
undeniable clothing christian shorts,,,0.01%,自然搜索词,268,1,B0CHMNB423,"934,689","1,706",45,2.66%,"45,154",685,2,0,110,15.5,2,12.60%,5.00%,,-,B0CY4VLNTZ,5.30%,0.00%,B09CH26RYY,3.80%,0.00%,B0BVDGXSYK,3.50%,5.00%,"B09CH1G78S,B089K6SJWZ,B0CL33MYDW,B0C25PH2W3,B08XM7421N,B0C5RZJVSP,B09XXLPF4N,B0BVDGXSYK,B0CM8ZHCBJ,B06XRWXXC7","Clothing, Shorts"
under armor mens shorts,Under Armour 男士短裤,,0.01%,自然搜索词,267,1,B0BFDSVMPF,"921,273","2,058",55,2.70%,"60,271",836,2,0,316,6.5,8,11.30%,4.60%,$1.28 ,$0.97 - $1.61,B0C12XJ159,5.10%,2.30%,B071P2P4JB,3.20%,0.00%,B0C12S3M55,3.00%,2.30%,"B077XP82NT,B0C12S3M55,B082BFSFP1,B0874WM8MH,B0C12WRSDC,B0874WPW3F,B07BPLHK9T,B089MPC471,B07PMTLHHP,B08875KHBB",Shorts
pink shorts for men,男士粉色短裤,,0.01%,自然搜索词,265,1,B0C1365SJV,"974,070","1,524",40,2.63%,"40,338",669,1,0,"5,463",0.3,24,12.10%,2.60%,$1.17 ,$0.88 - $1.48,B0D1VPZF16,4.20%,0.00%,B089PJFPL9,3.90%,2.60%,B0CPYBTWBQ,3.90%,0.00%,"B089PJFPL9,B09C8R78HW,B096858XP9,B08P64BCHP,B0CQZ4JG1K,B08CMSZS9N,B0C1TXQYMY,B0CCRYM7LX,B0C26LGFRP,B0CPYBTWBQ","Shorts, Pink"
deals of the day clearance men,,,0.01%,自然搜索词,264,1,B0B4RQCZR1,"967,934","1,500",42,2.87%,"43,610",639,1,0,"20,855",0.1,5,8.90%,8.10%,$0.23 ,$0.18 - $0.27,B09ZL3V62Q,3.70%,2.70%,B0B259XX5F,3.40%,5.40%,B07814LW39,1.80%,0.00%,"B00L1GHHV2,B09R8KBLQZ,B07814LW39,B077ZL67P1,B0B259XX5F,B005OFLSR0,B07WLTBFC4,B09ZL3V62Q,B08YGWZ3QW,B07LGX1N2B",Clearance
mens russell athletic shorts,男士罗素运动短裤,,0.01%,自然搜索词,264,1,B08JGBB9N1,"929,998","1,801",63,3.53%,"52,301",701,2,0,233,7.7,4,16.00%,0.00%,$1.39 ,$0.85 - $1.79,B000MND796,7.20%,0.00%,B00719ZMUG,4.80%,0.00%,B0B5B7SBFZ,4.00%,0.00%,"B00719ZGNO,B000MND796,B071ZVQ7GF,B0B41WP274,B001DB2WHO,B084PVGYQG,B00KUL0W1G,B08JTQP6VY,B0CRHF41F7,B000MN8ODK","Athletic, Shorts, Russell Athletic, russell"
adidas workout shorts men,阿迪达斯运动短裤男,,0.01%,自然搜索词,263,1,B09P3T8X61,"950,435","1,623",53,3.29%,"33,631",742,2,0,483,3.4,2,19.80%,6.80%,$1.36 ,$0.81 - $1.75,B09XLLMB2B,9.90%,5.10%,B09XLL648Z,5.00%,1.70%,B09Y2VG81M,5.00%,0.00%,"B09XLLMB2B,B010DKQO2E,B093FY7VBC,B0CHR3J39D,B07F2D9C7Q,B08MT4GGZZ,B087974PWT,B091L79GJT,B09XLLYBB8,B0C3WXWX57","Adidas, Workout, Shorts"
hiking shorts,徒步短裤,,0.01%,SP广告词,262,3,B09WMZR2XM/B0CHMN8TDS/B0BFDTMBGP,"44,428","42,303","2,969",7.02%,"1,139,476","20,909",68,35,"10,551",4,248,13.10%,0.80%,$1.25 ,$0.93 - $1.55,B09D7VVLCC,6.00%,0.30%,B09D7YT65V,4.70%,0.10%,B09D7VTY19,2.40%,0.30%,"B09CGJCFLN,B09D7VVLCC,B095X2JNJH,B075MRTVTT,B088MF3Z3N,B083NCQ6JC,B0BVMGCLSG,B0CQQWDGSM,B08ZJ21KYL,B07WFM9DZZ","Shorts, Hiking"
men's soccer shorts,男式足球短裤,,0.01%,自然搜索词,259,1,B0C1365SJV,"943,850","1,594",48,3.08%,"44,923",722,2,0,"9,164",0.2,4,16.90%,3.40%,$1.12 ,$0.75 - $2.25,B0878Y8YRQ,8.30%,1.70%,B091MM1NQL,5.20%,0.00%,B088Z8JJX2,3.50%,1.70%,"B089PJ47T6,B088Z8JJX2,B08791PX1J,B09Y2SZ95Z,B087M3MJ1L,B09XWD44P5,B00HJTK2M6,B010DKQ8A2,B093LSQQLX,B0BNW445NH","Shorts, Soccer"
lee shorts,李氏短裤,,0.01%,自然搜索词/SP广告词,258,1,B0C4GV51WK,"356,103","6,841",201,2.94%,"189,018","2,749",5,0,590,11.6,34,10.80%,2.90%,$0.67 ,$0.56 - $0.74,B078VZ2HVS,4.90%,1.00%,B01MA5EOSD,3.00%,0.50%,B016Y8263A,2.90%,1.40%,"B016Y8263A,B078VZ2HVS,B016Y825YU,B01IT4UQOI,B076VSXBJD,B077SQKR8W,B0CQL2VH4X,B07M88938R,B0CQZ3B1HV,B074H79TRS","Shorts, LEE"
colosseum shorts,斗兽场短裤,,0.01%,自然搜索词,252,1,B09XQVCZ8B,"982,040","1,947",59,3.05%,"48,407",776,2,0,22,88.5,23,35.60%,2.70%,$2.13 ,$1.60 - $2.66,B07P88KHD8,20.70%,2.70%,B07P89X2CB,7.80%,0.00%,B07P6858LL,7.10%,0.00%,"B07P88KHD8,B07RK5465L,B0166CQ4HI,B09Q746R59,B0BR8LWR3W,B08DCHMFR4,B07Q3975YD,B0BRP2CRX5,B0BR8Q5SVL,B08Z33MMTG",Shorts
mens long shorts,男式长短裤,,,自然搜索词,236,3,B00AKSCXEI/B0C1365SJV/B09XQVCZ8B,"115,536","17,932","3,132",17.47%,"531,431","8,529",72,0,"6,065",3,194,8.10%,1.40%,$1.30 ,$0.98 - $1.63,B082TJ8LV7,3.00%,0.70%,B00PI5FJHG,2.70%,0.40%,B08DRSDXBQ,2.40%,0.40%,"B082TJ8LV7,B0CWP4N64D,B00PI5FJHG,B09VT587SP,B089GTF648,B06Y6F8WQM,B07NDP7ZTX,B08911QKQL,B077SP15PG,B0D5V2DBDL","Long, Shorts"
men casual shorts,男士休闲短裤,,,自然搜索词,223,1,B0BFDRQLNC,"397,278","5,097",482,9.47%,"104,804","2,446",11,0,"24,682",0.2,190,8.70%,0.70%,$1.21 ,$1.07 - $1.75,B009CTUG04,3.30%,0.00%,B016Y8263A,3.10%,0.70%,B0BGFVMW7R,2.40%,0.00%,"B0CRZ8TSYQ,B009CTUG04,B016Y8263A,B01JQTN8SQ,B07YP9TWCX,B0BLKKW3M4,B0CRKQFTDG,B0BQQRT8SP,B07H5P8M39,B0C26D741D","Shorts, Casual"
sales today clearance,今日销售清仓,,,HR推荐词/SP广告词,222,1,B0C4GV51WK,"11,991","129,379","1,410",1.09%,"2,647,037","61,609",32,2,"2,527",51.2,402,12.40%,10.30%,$0.87 ,$0.63 - $1.00,B07KP9771Y,4.60%,0.20%,B07BGLT25K,4.40%,5.60%,B0CDZJ9JJC,3.40%,4.40%,"B0CDZJ9JJC,B07BGLT25K,B07BQXJ123,B0CC5C3GYR,B07KP9771Y,B0CC8X9W29,B0747ZC625,B07MWTH3BY,B079KH8GCJ,B0CZZZ3J57","Clearance, Sales"
camo cargo shorts for men,男士迷彩工装短裤,,,自然搜索词,212,1,B0BLKN87V4,"113,192","15,458","2,170",14.04%,"419,715","7,184",50,7,954,16.2,178,18.60%,2.30%,$0.85 ,$0.62 - $1.00,B07YPDRHBX,9.20%,1.50%,B09QT6H6NQ,6.10%,0.00%,B075MW3KY1,3.40%,0.80%,"B07YPDRHBX,B075MW3KY1,B0CQZ3JBTJ,B008AHJAFQ,B09LSKN4SG,B078TKDBX7,B08TB8595Q,B07MMSYCSL,B074N47FD4,B075MXZ12B","Shorts, Cargo, Cargo Shorts"
comfy shorts,舒适的短裤,,,HR推荐词/SP广告词,208,5,B0CHMN8TDS/B0BFDVPFKX/B0BFDSVMPF/B09T3QHVVM/B0BFDTMBGP,"80,655","23,850",28,0.12%,"598,255","9,138",1,3,"11,452",2.1,289,17.40%,2.50%,$0.87 ,$0.75 - $1.07,B0BYNM7MWQ,11.40%,1.60%,B0BYNQCNF6,3.90%,0.30%,B09MTFQ27Y,2.10%,0.60%,"B09QST12L2,B09MTFQ27Y,B0CDCPZBNG,B0BNM8MN5Y,B0BLZ3CS1C,B09WMXNRRZ,B0BYNQCNF6,B07PPQYLN3,B0C1F8QCVX,B084WSTHK4","Shorts, Comfy"
men swim trunks,男士泳裤,,,SP广告词,196,1,B0C4GQTCJK,"14,701","92,362",600,0.65%,"2,174,042","43,656",14,0,"6,470",14.3,158,9.10%,1.00%,$1.55 ,$1.30 - $1.80,B0BLNRTT1R,4.40%,0.20%,B077BQB135,2.60%,0.30%,B007T27LRW,2.10%,0.50%,"B007T27LRW,B06XWGX5P7,B085C1RXD4,B077BQB135,B007T27LT0,B07KQWL8FJ,B0967LZ68Y,B06XW4T557,B09KJLKJ22,B09L5QC26W",Swim
beach shorts,沙滩短裤,,,SP广告词,193,4,B0C4GQTCJK/B0BFDTMBGP/B0BFDRQLNC/B0BLKN87V4,"82,431","22,867","4,047",17.70%,"560,988","10,765",92,53,"94,992",0.2,512,7.20%,0.90%,$0.77 ,$0.55 - $0.93,B0C3VFZD5D,3.70%,0.60%,B0BL3R2HXL,2.10%,0.00%,B0BL3P8JJ3,1.40%,0.30%,"B08S7L2S99,B0CRZBSC63,B0BL3R2HXL,B07CPPY54X,B09WMWKZT9,B0BR5GDFK1,B0BLNT2RDZ,B089DKYK6W,B09XM3GM32,B09SJVVYZB","Shorts, Beach"
t shirt,T恤衫,,,SP广告词,193,1,B0CHMQ6Z7W,"15,076","78,879","3,076",3.90%,"1,870,649","35,446",70,33,"27,226",2.9,562,9.70%,2.80%,$1.50 ,$1.21 - $1.79,B016OT9D3K,3.30%,0.00%,B0787P86ZZ,3.20%,2.80%,B07KCN4G6T,3.20%,0.00%,"B071NMR35V,B01N6DJO3W,B0787P86ZZ,B086L1PM8V,B08F2NQ9VQ,B00W9MUDWC,B07XVYBJ4L,B01M26TDIZ,B00JULZ7PI,B07DY26TQB",Shirt
meno,美诺,,,视频广告词,193,1,B0BFDTMBGP,"15,206","72,373","4,559",6.30%,"1,950,344","32,013",104,70,269,269,56,87.10%,78.50%,$8.00 ,$6.00 - $10.00,B0D5GFJRRL,44.40%,38.30%,B0D6S94T77,38.30%,38.10%,B0D5FZGY8W,4.40%,2.20%,"B0D5GFJRRL,B0D6S94T77,B0D5FZGY8W,B0CN89TNB3,B07N813336,B089V9WXYL,B01ANSJV80,B08R6FWDKJ,B0CSYHJFW4,B0CWXT4B4P",
running short,跑步时间短,,,自然搜索词,192,1,B09P3T8X61,"519,790","3,175",173,5.46%,"82,756","1,236",4,96,"7,797",0.4,92,9.70%,5.80%,$1.13 ,$0.95 - $1.36,B097D5ZP88,3.70%,1.50%,B07PS6SV2L,3.30%,2.90%,B09XZQJ1GN,2.70%,1.50%,"B09XZQJ1GN,B08R7GNZTD,B08FXLN3QH,B07PS6SV2L,B09T8YRSN1,B09MKN1MJ5,B08TM8T3ZX,B0CP1YHR5M,B0BRSSF876,B0BFDSB9YG","Running, Short"
cargo shorts,货运短裤,,,SP广告词,191,1,B09WMZR2XM,"15,516","86,766",130,0.15%,"2,510,846","35,809",3,140,"1,911",45.4,331,10.30%,0.80%,$1.21 ,$0.91 - $1.50,B07HNWNXMK,4.00%,0.60%,B09QT6H6NQ,3.40%,0.00%,B00XKYM2AE,2.90%,0.30%,"B07HNWNXMK,B078VZ5QBW,B00XKYM4ES,B01IT4UQOI,B00XKYM2AE,B008AHJ3QC,B0C3DMTB61,B08TB8595Q,B08P628LZB,B00PICJLBY","Shorts, Cargo, Cargo Shorts"
amazon prime,亚马逊黄金,,,SP广告词,189,1,B09WMZR2XM,"15,570","131,469",78,0.06%,"3,074,959","50,210",2,0,"9,359",14.1,426,14.10%,0.00%,$1.75 ,$1.51 - $2.28,B08F81VYHV,5.30%,0.00%,B0CQCFG7V6,5.30%,0.00%,B0D5RM8P4M,3.50%,0.00%,"B07BQXJ123,B0CDZJ9JJC,B086KSDTQ4,B0CKK43XXS,B00CZ7VOTW,B07BGLT25K,B07MWTH3BY,B00551OPJG,B00AX502XW,B0CWQQ8GR8","Amazon, Prime"
womens workout shorts,女式运动短裤,,,SP广告词,188,1,B0BFDTMBGP,"15,843","107,910",464,0.43%,"3,099,468","46,160",11,1,"22,841",4.7,211,7.10%,2.00%,$1.05 ,$0.80 - $1.33,B0BJQ3J716,4.10%,1.70%,B09N8K6B43,1.60%,0.30%,B0C4L1VMSV,1.50%,0.00%,"B09MM6TWP3,B0BJQ3J716,B09XZQJ1GN,B09N8K6B43,B0B3RHJD23,B08FXJL8LD,B087JMK99G,B0BRSSDZBP,B074SHQ18W,B09KNJ6NXP","Workout, Shorts"
workout shorts with pockets,带口袋的运动短裤,,,自然搜索词,188,1,B01AK7Y102,"516,525","3,544",93,2.66%,"85,927","1,566",3,3,"50,738",0.1,12,15.30%,1.60%,$0.88 ,$0.67 - $1.11,B0BJQ3J716,8.20%,0.80%,B07QN3K2XN,3.60%,0.80%,B0C4L1VMSV,3.60%,0.00%,"B0BJQ3J716,B0BTH4ZHHV,B07QSJT2XR,B074SHQ18W,B0C1YK1LLM,B07DH9GPKJ,B08BG3QM51,B09WMRGKP1,B093PXJ3VJ,B08V95S2H2","Workout, Shorts"
pants for short men,矮个子男士裤子,,,自然搜索词,187,1,B09T3QHVVM,"519,399","2,364",64,2.73%,"50,185","1,037",2,3,"27,086",0.1,58,16.70%,0.00%,$1.74 ,$1.01 - $2.17,B094C31M62,6.70%,0.00%,B01JQTOZKG,5.90%,0.00%,B094P1C9WY,4.10%,0.00%,"B0BG8GXM26,B07JH68HGM,B01JQTOZKG,B07P4LXLVQ,B0775CTC9T,B06XWMC8Q2,B07BJT24WZ,B094C31M62,B07HNTTKZ6,B07FHB5W6P","Pants, Short"
jiu jitsu shorts men,男士柔术短裤,,,自然搜索词,186,1,B00AKSCXEI,"527,209","3,265",35,1.09%,"90,296","1,432",1,0,777,4.2,105,22.60%,4.50%,$1.52 ,$1.14 - $1.90,B01K5FEYG0,12.30%,3.20%,B0768K2YR9,5.30%,0.60%,B0B4PFPDDF,5.00%,0.60%,"B07L5WTPBD,B01K5FEYG0,B0768K2YR9,B07FZ7W1K9,B09C2MJ12J,B081GZN1BX,B07GVSHZZ1,B0CBW3H839,B09FQGCGCF,B0BY4QTS7D",Shorts
mens khaki pants,男式卡其色裤子,,,SP广告词,174,1,B00AKSCXEI,"17,703","73,287",197,0.27%,"1,693,139","28,314",5,0,"9,342",7.8,341,12.90%,0.80%,$0.62 ,$0.46 - $0.77,B07JHY96P3,6.30%,0.30%,B07BJTDPZB,3.60%,0.10%,B01MYE2JPV,2.90%,0.30%,"B07DG8CYHG,B07BJT7LV8,B01N9UY9NT,B07JHY96P3,B01MYE2JPV,B074847M44,B01N3CJVGN,B078HMT581,B07F24WCH1,B07BJKZGRL","Khaki, Pants"
men's clothes,男装,,,自然搜索词,169,2,B09WMYXNJ9/B0151E6WPQ,"274,889","7,430","1,167",15.71%,"205,302","3,673",27,0,"176,783",0,253,5.50%,0.00%,$0.93 ,$0.79 - $1.61,B0BV241H3F,1.90%,0.00%,B077ZJXCTS,1.90%,0.00%,B09ZD82V6S,1.70%,0.00%,"B093629ZBY,B077ZJXCTS,B0BV241H3F,B07MWBFYQQ,B07WNKR541,B09ZD82V6S,B09315VY54,B0CLRQJ8M6,B07SCK5SSX,B0C46L6R74",
prime day deals,黄金日优惠,,,HR推荐词/SP广告词,167,3,B0CHMNB423/B0CHMN8TDS/B0C4GQTCJK,"72,908","152,701","4,168",2.73%,"4,558,009","65,219",95,0,"9,414",16.2,174,14.00%,8.50%,$1.22 ,$0.92 - $1.52,B09XMMZSWW,6.30%,6.70%,B00AX502XW,4.60%,0.20%,B08QJ8SHGV,3.20%,1.70%,"B0D113938M,B0D6LJX8N6,B0D6GH24F2,B0C7BJPGN9,B07BQXJ123,B0CHN5D13P,B09XMMZSWW,B08VLBXF34,B0CRDW56W5,B0C7QFRXCP",Prime
amazon's best deals,,,,HR推荐词/SP广告词,165,1,B0C4GV51WK,"18,746","62,267","1,980",3.18%,"1,849,524","29,253",46,0,"43,128",1.4,158,11.80%,10.50%,,-,B0CDZJ9JJC,4.20%,5.80%,B0D54DB19W,4.20%,0.00%,B07BGLT25K,3.30%,4.70%,"B0CDZJ9JJC,B07BGLT25K,B07MWTH3BY,B00551OPJG,B016YKLC92,B0CV4FQPY1,B0CKK43XXS,B0748J34WZ,B09NX9SRKM,B0C2CY22B8",Amazon
men's cargo shorts,男式货运短裤,,,SP广告词,164,2,B0CHMN7XFY/B0BLKN87V4,"19,277","77,558","16,954",21.86%,"1,906,943","36,987",385,20,"3,020",25.7,184,8.00%,0.80%,$2.54 ,$1.24 - $5.11,B09QT6H6NQ,3.40%,0.00%,B07YP9TWCX,2.90%,0.20%,B078VZ5QBW,1.70%,0.70%,"B07YP9TWCX,B00XKYLJA8,B078VZ5QBW,B01IT4UQOI,B0CQZ57M44,B00PICJLBY,B01N7INH2B,B008AHJ4SO,B0C3DMTB61,B01IT4UQNO","Shorts, Cargo, Cargo Shorts"
joggers,慢跑者,,,SP广告词,160,1,B01AK7Y102,"19,878","66,707",80,0.12%,"1,978,884","30,705",2,107,"16,528",4,505,9.00%,1.10%,$0.64 ,$0.46 - $0.91,B07ZP697CB,4.10%,0.80%,B08T5XFJM1,2.50%,0.20%,B08T5W5DQV,2.40%,0.10%,"B07B8TVLNK,B086TT41R3,B07ZP7BZMD,B09KGCPD11,B0CCD512NP,B074GCN1GB,B086V64LHK,B08QCLZFZ2,B07Z4L3X1X,B0BN4V976K",Jogger
ee shorts,ee 短裤,,,HR推荐词,156,2,B0CHMM393V/B0CHMN8TDS,"49,500","30,913",967,3.13%,"756,425","13,045",22,0,639,48.4,263,19.50%,1.00%,$0.98 ,$0.74 - $1.15,B0D8PDJ8GX,6.80%,0.00%,B0D78X9DGJ,6.60%,0.00%,B0CWXVXQ1G,6.10%,1.00%,"B0CP298PPP,B0CQ4V5B1W,B0CXCRYVP3,B0CGV8VK86,B09P2R2G7N,B0CC948JVD,B0CY14LHQ3,B0CFPTQZ3S,B0C23M4KGS,B09Q5ZJCHK",Shorts
x men,x 男子,,,视频广告词,155,1,B0BFDTMBGP,"20,806","54,965","3,666",6.68%,"1,497,195","24,756",84,0,"9,180",6,15,37.10%,0.00%,$0.54 ,$0.40 - $0.68,B00BU8M4VO,20.70%,0.00%,B00KIGNYU4,8.60%,0.00%,B0CT5L8SG9,7.80%,0.00%,"B0D27C3NWP,1302951114,B009EE4K86,0143135767,1302950452,130295685X,1302950037,1302949845,B0D5JTQWNJ,B0CT5FK24J",
mens clothes,男装,,,SP广告词,153,1,B0BFF67H1W,"21,001","89,102",151,0.17%,"2,588,422","38,711",4,0,"65,586",1.4,208,7.40%,2.40%,$1.17 ,$0.88 - $1.48,B077ZJXCTS,3.00%,0.80%,B0BV241H3F,2.70%,0.70%,B0787P86ZZ,1.80%,0.90%,"B077ZJXCTS,B0BV241H3F,B07776V7KW,B09W91FGSH,B07VGDJWNC,B07VCY6LX6,B0993FB873,B071JYV6LN,B086L69KCL,B0CL6TKMDK",
todays daily deals,今天的日常交易,,,HR推荐词/SP广告词,152,1,B0BFDVPFKX,"21,698","60,699",631,1.04%,"1,527,885","26,099",15,1,"1,909",31.8,554,7.90%,10.30%,$0.87 ,$0.46 - $0.95,B09QKBBNCX,3.10%,4.60%,B0CDZJ9JJC,2.50%,4.60%,B07MWTH3BY,2.30%,1.10%,"B0CDZJ9JJC,B0748J34WZ,B09QKBBNCX,B003P02EGU,B0C8RD2XHD,B004M15U12,B099FJJYYC,B07T9C5CQR,B09XMMZSWW,B07MWTH3BY",
amazon usa,亚马逊美国,,,SP广告词,151,2,B0151E6WPQ/B00AKSCXEI,"52,189","30,189",51,0.17%,"737,035","13,593",2,0,"3,959",7.6,741,19.60%,7.70%,$1.00 ,$0.67 - $1.37,B07QZ5CTTF,9.00%,0.00%,B00CLILRMY,5.70%,7.70%,B0D79NLQD6,5.00%,0.00%,"052802759X,B07QZ5CTTF,B07PCMWTSG,B08FNKSPD2,B00HZ0MQYQ,B07FCQKZ4F,B08KYM3Y6T,B089DR29T6,B08MTNZH1L,B09B2SRGXH",Amazon
under armour golf shorts,under armour高尔夫短裤,,,自然搜索词,150,1,B0C4GRTZJR,"156,487","12,321",52,0.43%,"349,608","6,019",2,0,179,68.8,73,23.00%,1.80%,$1.42 ,$0.74 - $1.78,B08LNYXB15,11.30%,1.80%,B01FX1B0FO,6.20%,0.00%,B0D918WPTT,5.50%,0.00%,"B07PNRZSSK,B08LNYXB15,B0C13JWVNM,B0C12LS7W4,B0BY3CP39D,B01GH5GSLG,B0BZX3M278,B0BXFN832R,B0C12ZZXXM,B0BBRKMT6P","Golf, Shorts, Under Armour"
muay thai shorts,泰拳短裤,,,SP广告词,149,1,B01AK7Y102,"22,611","62,129",192,0.31%,"1,835,214","24,996",5,92,846,73.4,108,8.00%,2.50%,$1.15 ,$0.89 - $1.40,B07NSR96WZ,3.30%,1.80%,B07KJZHNHV,2.70%,0.00%,B07KX3YX6L,2.00%,0.80%,"B07NSR96WZ,B07HWNG49K,B07B2ZFNVR,B07RJF9BLX,B00LN0D3VE,B07CHVN56N,B0714BSY3Y,B0C3K1T44Q,B085MMTBBZ,B09WDZLDC2",Shorts
sun shirts for men,男士太阳衫,,,SP广告词,146,1,B0C4GQTCJK,"22,704","79,912",743,0.93%,"2,242,464","32,302",18,1,"13,631",5.9,270,9.50%,1.40%,$1.69 ,$1.26 - $2.10,B071HLPCPS,4.00%,0.60%,B08BFKM7VT,2.80%,0.30%,B07NWZ6PBF,2.70%,0.60%,"B072HT4NFJ,B07NWZ6PBF,B071HLPCPS,B08B1M23H4,B07PLJR3H7,B07VCG52QZ,B07MSH5WGP,B0CN838F9C,B083R336VM,B0CN83K6VW",Shirt
birddogs mens shorts,Birddogs 男士短裤,,,SP广告词,143,1,B0151E6WPQ,"23,888","54,617","7,078",12.96%,"1,106,754","21,019",161,0,302,180.9,31,32.80%,5.50%,$1.54 ,$1.15 - $1.94,B0CV1CTYT5,19.60%,3.40%,B0CV1D44HF,7.20%,2.10%,B0CVNPWCN7,6.10%,0.00%,"B0CV1CTYT5,B0CV1CQ9DQ,B0BMDVJR8R,B0D1GF3MDC,B0B82LMY6W,B07F27XC6G,B0BT6V92HH,B07DZVGD3H,B07HNWCG6Y,B0BLYX16QW",Shorts
hot pink shorts,粉红色短裤,,,自然搜索词,137,1,B0C1365SJV,"194,024","8,409",280,3.33%,"193,366","3,846",7,0,"1,933",4.4,184,13.80%,1.50%,$0.73 ,$0.46 - $0.99,B0B3JNKRWM,6.90%,0.80%,B0B59F1R7M,3.50%,0.80%,B0C2V3CLVM,3.40%,0.00%,"B0B2Q29BYX,B0C9XH3XKD,B0C9XL57B1,B0C2V3CLVM,B0CR3S2FVD,B0B3JNKRWM,B0B23SK8ZT,B09QRNKRCG,B0CNGJ7PYH,B0CLYK47MK","Hot, Shorts, Hot pink, Pink"
fashion,时尚,,,SP广告词,136,1,B0BFDSVMPF,"24,803","67,887",475,0.70%,"1,624,717","32,205",11,100,"46,817",1.5,"1,514",7.30%,0.60%,$0.50 ,$0.43 - $0.62,B0BPMJLPVH,2.90%,0.40%,B0CJ8P1CY9,2.40%,0.10%,B0D93LQ6PR,2.00%,0.00%,"B0BPMJLPVH,B0CJ8P1CY9,B0CTH62YRZ,1465486402,9332518114,B092YSRJ4F,B0CR44M6CN,B0CYC6HBTL,B0C4KX6DN9,B0CS9KZ78Q",Fashion
fabletics,寓教于乐,,,视频广告词,134,1,B0BFDTMBGP,"25,840","62,034",105,0.17%,"1,685,201","25,697",3,116,"2,048",30.3,105,10.70%,1.90%,$0.80 ,$0.60 - $1.00,B0BY3LZNL9,4.30%,0.00%,B0B52HFQHW,3.50%,1.30%,B0B69BLBK5,2.90%,0.60%,"B0B4V4LYC7,B0BT6V92HH,B0B52HFQHW,B0B69BLBK5,B0BT6ST8NF,B0BQCLHBGB,B0C2WVR8BN,B0CMZG9WB7,B0C5KB5VTP,B0C2WKJ81B",
gymshark shorts,运动短裤,,,自然搜索词,128,2,B01AK7Y102/B0BFDTMBGP,"271,017","6,640",3,0.05%,"136,068","2,546",1,0,377,17.6,165,12.20%,8.80%,$0.77 ,$0.62 - $0.86,B0B3RJW9QG,4.90%,1.10%,B0BS3S1MHC,3.70%,3.30%,B07R1J9J3J,3.60%,4.40%,"B07QW5JJ7X,B0B3RJW9QG,B0B69FBQ18,B08G1T36SN,B0BS3S1MHC,B0C2K4VK4R,B0C1JKXQJW,B0943ZRLVM,B09ND978X5,B0BSGZWK95","gymshark, Shorts"
workout clothes for men,男士运动服,,,SP广告词,127,3,B0CHMNB423/B0CHMN8TDS/B0BFDSVMPF,"99,506","20,876",125,0.60%,"468,848","8,274",3,0,"22,049",1,95,10.60%,2.30%,$0.34 ,$0.25 - $0.43,B07BLXWXP8,5.00%,0.20%,B077ZJXCTS,3.30%,0.80%,B0787P86ZZ,2.40%,1.30%,"B08BC4HDS2,B077ZJXCTS,B08RYQXJPK,B0BNW2CZNM,B083463RFH,B0BWQMXHMR,B0785VMVF4,B07DRMT92L,B07JG7WN8L,B09ZD82V6S",Workout
work from home fitness,在家健身工作,,,自然搜索词,126,1,B09P3T8X61,"173,028","7,298",167,2.29%,"157,386","3,569",4,10,"6,909",1.1,205,18.50%,0.00%,$2.10 ,$1.20 - $2.51,B0CRR1XXC4,6.80%,0.00%,B0016BQFSS,6.20%,0.00%,B001ARYU58,5.50%,0.00%,"B0BNJZL4LP,B0016BQFSS,B0CRR1XXC4,B097JQYZR1,B0CL6MYNSG,B0C8CRGZ2R,B01LR5S6HK,B07RKW5H68,B08ZKB4GL3,B0C33LKKJP","Work from Home, Fitness"
yeoreo shorts,女式短裤,,,SP广告词,124,1,B09P3T8X61,"27,934","63,485","9,364",14.76%,"1,449,279","24,838",213,0,128,496,237,15.90%,0.30%,$0.75 ,$0.56 - $0.93,B0BY22FQNK,7.70%,0.30%,B09ZTT7BNH,4.90%,0.00%,B0BXP5S53D,3.30%,0.00%,"B0BNLMXD5Y,B0D25SWCQM,B0CLXRJ199,B0CG9GNWFN,B0BY1YFW2K,B091DYKMZM,B0C39QN1WT,B0CTMDXJF3,B0BZHTFMNZ,B0BY1YDJY8",Shorts
rationalu shorts,,,,SP广告词,122,14,B0C4GV7NNK/B0CHMM393V/B0CHMQ6Z7W/B09WMZR2XM/B0CHMN8TDS/B0C4GQTCJK/B09WMYXNJ9/B0BFDVPFKX/B0C4GV51WK/B0BFDSVMPF/B0BFDTMBGP/B0BFDRQLNC/B01AK7Y102/B09P3T8X61,"400,198","3,930",133,3.39%,"90,100","1,830",4,173,51,77.1,360,29.90%,0.00%,,-,B0D8TBZV2W,10.20%,0.00%,B0D9248GNQ,10.10%,0.00%,B0D8TDZ9M1,9.60%,0.00%,"B0D8TDZ9M1,B0D922BGVQ,B0D8W1WQ48,B08LT9MJM2,B0D9248GNQ,B0D8VVRWRB,B0D8W2J26F,B0BZPMDBPM,B0D8VMNR8L,B0D9463VKM",Shorts
long mens shorts,长款男士短裤,,,自然搜索词,121,2,B0BFDRQLNC/B0C1365SJV,"878,224","1,970",70,3.57%,"48,515",953,2,0,"29,478",0.1,69,9.60%,1.20%,$1.29 ,$0.98 - $1.62,B082TJ2RNH,4.00%,0.00%,B07RPB9MNC,3.00%,1.20%,B088ZY8PSQ,2.50%,0.00%,"B082TJ2RNH,B09VT587SP,B00PI5FJHG,B089GTF648,B077SP15PG,B06Y6F8WQM,B009CTUD16,B00EC87YQY,B0D5V2DBDL,B07RRBBFM2","Long, Shorts"
vuori,vuori,,,SP广告词,120,3,B0B4RQCZR1/B0BFDSVMPF/B0BFF67H1W,"66,381","34,730",20,0.06%,"738,851","13,640",1,0,436,79.7,732,8.70%,1.20%,$1.80 ,$1.21 - $2.00,B089R59WXL,3.30%,0.60%,B0CR8WH5FB,2.80%,0.60%,B09XQXMKPR,2.60%,0.00%,"B0CYNVNP3Y,B089R59WXL,B0CR8WH5FB,B08CKJY1WX,B09XQXMKPR,B0C5RC8HTG,B08LBG5BFW,B09Q2X4TQS,B09MKMXMWN,B0C5ZNYQ25",
levi shorts,莱维短裤,,,HR推荐词,119,1,B0CHMN8TDS,"29,676","70,745",141,0.20%,"1,517,080","28,342",4,0,753,94,89,27.50%,1.20%,$0.40 ,$0.34 - $0.46,B096MXR888,13.60%,1.20%,B0C9FVG38X,8.70%,0.00%,B07VXWM9HY,5.20%,0.00%,"B096MXR888,B08NTZZ6NW,B0B197475Q,B083LWB4WB,B083LXGV1K,B0C5YHZBMN,B0BHLBBVW5,B07R4QC4JF,B0018P0344,B0018OY9JK","Shorts, levi"
summer shorts,夏季短裤,,,HR推荐词,118,2,B0BFDTMBGP/B0BLKN87V4,"69,947","33,909",966,2.85%,"1,004,619","15,327",23,14,"26,865",1.3,756,5.90%,0.60%,$0.69 ,$0.51 - $0.87,B096MZ5T3K,2.10%,0.20%,B08BRFZKLH,2.10%,0.00%,B0C1F9SMFR,1.80%,0.40%,"B0CXTD87J8,B0CSG76DSF,B09F39YZ5R,B0CMLFBD38,B09MKMXMWN,B082XVVNV6,B09WJ3ZSLR,B096MZ5T3K,B09MLF9SRW,B07R7S5FKS","Shorts, Summer"
blue chews for men,男士蓝色咀嚼物,,,SP广告词,107,1,B0CHMM393V,"34,546","37,842",385,1.02%,"1,005,818","17,493",9,0,172,220,50,44.80%,14.90%,$0.20 ,$0.18 - $0.21,B0CC7B3LX4,24.30%,3.80%,B006C3R9HQ,12.20%,1.70%,B0B2KKVDP1,8.40%,9.40%,"B0CC7B3LX4,B006C3R9HQ,B0B2KKVDP1,B09W1R4JJ9,B0CFC8ZV2X,B07SRK1F3Y,B0CRCLTNDC,B0BL962XSP,B0BSFV4B3C,B01MQ1JLWY",Blue
kastking,卡斯特金,,,SP广告词,105,1,B09WMYXNJ9,"34,269","55,454",188,0.34%,"1,109,234","21,718",5,222,662,83.8,250,11.60%,5.60%,$5.23 ,$3.93 - $6.55,B0CNCYJHG5,5.50%,3.90%,B0CZQLM58F,3.30%,0.90%,B0BR3JBP67,2.80%,0.90%,"B0BR3JBP67,B0BRPXW48W,B0CNCYJHG5,B0BKK1HSVR,B08X6K53VX,B01EFQZ63K,B07F2JF9K7,B0BKJXDTN3,B0CN922ZRD,B0CB46BPH5",King
mountain bike shorts,山地自行车短裤,,,SP广告词,104,2,B0C4GV51WK/B0BFDRQLNC,"80,590","23,236",81,0.35%,"536,574","11,072",2,69,720,32.3,140,13.00%,2.90%,$1.88 ,$1.41 - $2.35,B08RRR3S92,5.30%,1.30%,B09PM8F129,4.00%,1.00%,B0CWLHVR7Q,3.70%,0.60%,"B08RRR3S92,B0CWLHVR7Q,B07VRXG6RG,B09PM8F129,B0C5MFQFYN,B0C16NTJ8L,B099JQ4QP1,B00MTE6OTQ,B01NCWZOZM,B07T4NX153",Shorts
camo shorts men,迷彩短裤 男士,,,SP广告词,102,1,B0C4GV51WK,"35,766","49,003","1,396",2.85%,"1,048,302","22,555",32,0,"4,634",10.6,237,12.30%,3.10%,$0.75 ,$0.58 - $1.10,B07YPDRHBX,5.90%,1.90%,B09QT6H6NQ,4.30%,0.00%,B08TB8595Q,2.10%,1.20%,"B07YPDRHBX,B08TB8595Q,B0CQZ57M44,B075MW3KYW,B09LSKM3JW,B008AHJAFQ,B07MMSYCSL,B074N47FD4,B075MYHS7T,B09GYSKNNL",Shorts
altra,阿特拉,,,SP广告词,101,1,B0BFDSVMPF,"36,096","49,060","1,452",2.96%,"1,173,479","19,993",33,244,"1,029",47.7,82,7.10%,1.60%,$1.00 ,$0.75 - $1.25,B09Y79HNNF,2.50%,0.20%,B0CRYVQKSG,2.40%,0.00%,B09Y76TYPW,2.20%,1.40%,"B09Y79HNNF,B09Y76TYPW,B0BK2CSPP8,B09Q6M9XZL,B09Y69DJZB,B0C4M5V586,B0BK2L9TZV,B09Q6GZTH7,B09Q6FFZWB,B0CP8GZMCL",
gap men,缺口男子,,,SP广告词,100,2,B0C4GV51WK/B0BFDRQLNC,"79,037","28,041",347,1.24%,"724,395","11,815",8,153,854,32.8,57,12.50%,0.90%,$1.19 ,$0.98 - $1.33,B0CLT59X8C,4.80%,0.00%,B0CCBWP8M8,4.60%,0.90%,B09R2KX1YV,3.10%,0.00%,"B0CKY1B6Y8,B0CCC19682,B09R2MTTHQ,B0CCBF7KMS,B09V2866DM,B0CCBWP8M8,B0C3KWYXM5,B09WW71RHS,B09R3X7XVZ,B0CKY47LX3",Gap
mens gym shorts with liner,男式带衬垫运动短裤,,,自然搜索词,96,1,B01AK7Y102,"916,676","2,255",68,3.04%,"66,178","1,111",2,0,"1,795",1.3,4,15.40%,0.00%,$1.39 ,$1.22 - $1.58,B089JY3L85,6.00%,0.00%,B0BFDV4HHP,6.00%,0.00%,B08XM7421N,3.40%,0.00%,"B08346K3ZS,B0CLRQKBNC,B09VBRB3KL,B09WXSHZZK,B0BNW5DWR1,B0D2RLHHJ9,B0D1QWYNH7,B08XM7421N,B07XLTV4TR,B0CPDRDRLJ","Shorts, gym"
north,北部,,,SP广告词,93,1,B0BFDSVMPF,"40,417","39,007","1,454",3.73%,"948,139","19,217",34,41,"89,012",0.4,18,35.60%,0.00%,$0.40 ,$0.23 - $0.57,B0CWNCJR9Q,12.50%,0.00%,B0B8M6VZQR,12.20%,0.00%,B09W5N2THC,10.90%,0.00%,"B07BLJDPBN,B008SGVS0Y,0593597036,178131652X,B0B8LWV5CF,B0DB6JLZKN,B0CWMRX6LL,1419750437,B00FPZGB4O,B0D1VC8NR2",
running vest for men,男士跑步背心,,,SP广告词,93,1,B0C4GQTCJK,"40,199","41,157",469,1.14%,"965,637","18,359",11,4,"7,445",5.5,143,37.80%,17.00%,$0.56 ,$0.41 - $0.69,B07QSVC6XS,16.20%,6.10%,B09B22DZ9W,12.20%,6.40%,B094DTHNHZ,9.40%,4.50%,"B07QSVC6XS,B07QQYFL7L,B09JXSFF4N,B09MSWYH6S,B08Y36M1K3,B07VC329PW,B0B7N1RV8C,B09KXMF8KX,B082SPKSTR,B07QNQ32SY","Vest, Running"
mens golf shorts 7 inch inseam,男士高尔夫球短裤 7 英寸内缝,,,SP广告词,92,2,B09WMZR2XM/B09P3T8X61,"91,643","20,730",682,3.29%,"578,378","10,206",16,8,"1,587",13.1,149,19.30%,0.50%,$1.52 ,$1.14 - $1.90,B08JDWVLKX,9.60%,0.10%,B0BPLVMWMF,5.30%,0.40%,B08JDX6QDR,4.40%,0.00%,"B0BPLVMWMF,B0D1GB9TZ4,B0CTKZ9TVN,B0B82GK78B,B07KG7ZBDY,B0CSBM6XWV,B077RV5TZ5,B0CYPHL7GZ,B0CTKPBB2P,B07F27X4DG","Golf, Shorts, Inseam"
northyard mens shorts,北院男士短裤,Y,,AC推荐词/SP广告词,91,3,B0BFDTMBGP/B09P3T8X61/B0BFDRQLNC,"93,291","25,479",774,3.04%,"576,502","12,720",18,0,186,137,58,21.10%,1.00%,$7.98 ,$5.98 - $9.98,B0B9FTDJMW,7.80%,0.10%,B09P3RHNSY,6.90%,0.60%,B0BFDSJJFZ,6.40%,0.30%,"B09P3T8X61,B0BVMD965M,B0BQ23HZ2H,B0C2873TXT,B09P3RHNSY,B0CX18KD2K,B0CW9L3821,B0BFDLXW35,B0CYLWRSMJ,B09SKW1M62",Shorts
mens joggers with pockets,男式带口袋慢跑裤,,,SP广告词,91,1,B0BFDSVMPF,"42,405","35,937",226,0.63%,"719,062","14,156",6,0,"9,549",3.8,287,13.40%,2.50%,$1.55 ,$1.16 - $1.95,B0CT3HL8KK,7.80%,1.30%,B0BXYWF86C,2.90%,0.90%,B09ZCL5Y32,2.70%,0.30%,"B09KG1817D,B0BXZ2FXQW,B01MA6CY8L,B08P1NVJDW,B07KBCP7ZF,B01M6ZC9N5,B09ZCL5Y32,B072JBML9K,B073R29T2P,B0B5YHP8HC",Jogger
grumpy old men,暴躁的老男人,,,SP广告词,91,1,B0BFDVPFKX,"41,511","42,104","6,715",15.95%,"1,104,189","17,834",153,17,286,147.2,10,81.90%,0.00%,$3.78 ,$2.83 - $4.73,B00C3L1ZNU,64.70%,0.00%,B00AF8CI48,9.50%,0.00%,B00C3LIMT0,7.70%,0.00%,"B000GJ0JB0,B0031RAP7M,B00AFBLT5Y,1419892967,B002JI9502,B000FOPPC4,0790731517,B002BVYBFQ,B003Y5SFG4,B002LB8U4O",
hiking shirts women,女式徒步旅行衫,,,SP广告词,87,1,B0C4GQTCJK,"43,077","40,849",110,0.27%,"951,234","19,589",3,1,"23,537",1.7,364,5.20%,0.70%,$1.25 ,$1.07 - $1.53,B0C5ZLZN76,1.90%,0.10%,B0CQP8J56H,1.60%,0.40%,B072813HRW,1.60%,0.30%,"B0BLV3TKCM,B0BLV59PZ9,B0BLSF8MW5,B07KFQ5F7S,B0CN6JYF1F,B09656TLCW,B0CSDHSPBB,B09YT1KLVH,B0C5ZLZN76,B092MK53TV",Hiking
gym essentials,健身必需品,,,HR推荐词,85,2,B09WMZR2XM/B0BFDVPFKX,"96,427","18,642",65,0.35%,"552,596","8,287",2,2,"11,536",1.6,313,16.80%,7.30%,$0.50 ,$0.37 - $0.62,B09W9DTPW4,7.30%,1.90%,B08VR54PF6,5.40%,2.40%,B082W886W9,4.20%,2.90%,"B082W886W9,B08VR54PF6,B09W9DTPW4,B07FHPGS4V,B09ZYNCJS1,B0BKCVLYGX,B0BHF9SC51,B0C3J1SZVX,B07S7FWMC7,B09NL667S1","Essential, gym"
hanes boxers,汉斯的拳击手,,,SP广告词,85,1,B0B4RQCZR1,"45,050","39,700","6,784",17.09%,"828,345","15,399",154,0,516,76.9,20,21.10%,10.90%,$3.53 ,$2.66 - $4.42,B086L77BVP,8.80%,5.50%,B086L4BXZ7,8.10%,4.00%,B086L78CDJ,4.30%,1.30%,"B086L4BXZ7,B00ACIHDU0,B086KTFMCL,B00CAXS3LS,B086L76ZKM,B00ACIH65C,B0BXBMMY7M,B086KYG3D6,B09FCKXM5Q,B09R7YMLZB",Hanes
plus size workout clothes,大尺码运动服,,,SP广告词,84,1,B0BFDSVMPF,"45,060","42,237",156,0.37%,"1,062,809","18,762",4,0,"37,851",1.1,908,12.70%,0.50%,$1.11 ,$0.82 - $1.38,B0CQ25YB72,6.30%,0.00%,B0D492BRBZ,4.30%,0.00%,B0BJK89CBM,2.10%,0.50%,"B0CQ212FFB,B0BJK89CBM,B0BVTC542F,B0C1C1P3HJ,B07QYP2BXP,B094C2G5QW,B09KCQHM51,B07HJFLM44,B08HVNP41V,B0BPYDHG56","Workout, Plus Size"
gymshark,体育馆,,,HR推荐词,80,1,B0CHMN8TDS,"48,229","36,574",10,0.03%,"841,183","14,807",1,0,"1,307",28,352,8.60%,0.00%,$0.62 ,$0.55 - $0.75,B0B3RJW9QG,3.80%,0.00%,B0BVW3KPHR,2.50%,0.00%,B0CXTGTG8G,2.30%,0.00%,"B0CQK7LGM8,B08NWMR7LT,B0C8GG5C4X,B0B3RJW9QG,B09NBKLRXD,B0BMPM5SF1,B0C4YFVL3N,B0B3LJQ9S3,B07JGTXY2F,B09N8RB3GP",gymshark
ranger panties men,游侠内裤男士,,,SP广告词,78,2,B0C4GV51WK/B0BFDTMBGP,"105,689","19,856","2,424",12.21%,"411,445","8,821",56,4,168,118.2,47,19.40%,11.50%,$0.34 ,$0.25 - $0.43,B003AU5W0A,8.10%,4.80%,B003AU5VZQ,7.10%,4.00%,B003AU5W0U,4.30%,2.80%,"B003AU5VZQ,B01N2Z5X5X,B0CJQRMQ1M,B0CRK81GWB,B01K5TTBN2,B0CZ4Z49JJ,B0CW6P96F3,B0D7SPPMCL,B094F825VS,B074BDC6Q4",Panties
mens 5 inch shorts,男士 5 英寸短裤,,,SP广告词,78,1,B0BFDTMBGP,"49,115","43,456",186,0.43%,"1,174,495","21,602",5,1,"2,405",18.1,69,13.20%,1.40%,$1.30 ,$0.98 - $1.63,B07R1J9J3J,6.30%,1.20%,B07DZV1HN3,3.90%,0.30%,B07FH4WRVJ,3.10%,0.00%,"B07F1521RT,B0BLYVSVTL,B07DZV2Y5S,B09VBK13ZV,B0BLRBS6NP,B07R1J9J3J,B07L33J8SG,B0C12V9KWL,B087RDPQZ6,B082G6SCM1",Shorts
crz,CRZ,,,SP广告词,75,1,B09WMZR2XM,"53,060","47,015",79,0.17%,"1,186,674","18,152",2,121,"2,005",23.5,867,12.20%,2.60%,$0.87 ,$0.69 - $1.12,B0B287V65J,4.90%,0.70%,B09P1GB319,4.00%,1.10%,B09P1G2952,3.30%,0.70%,"B09P1H6S8Y,B09Y5GSSJL,B0C648NRJC,B0B287V65J,B0B3D4K7CG,B0BY8HWTJK,B0967FXQB9,B0BGKSYPND,B0BRKG1LH1,B0CP1ZLYRT",
shoes nike,鞋子 耐克,,,视频广告词,74,1,B0BFDTMBGP,"53,928","25,705",280,1.09%,"737,005","11,124",7,0,"14,196",1.8,61,19.00%,0.00%,$1.03 ,$0.77 - $1.29,B08RTG3RN9,8.60%,0.00%,B0CMZDFBC2,5.80%,0.00%,B07CNRBQ2F,4.60%,0.00%,"B08Q9SCLXM,B08QBZRKJW,B0B571YVK1,B0C4LL3YN7,B07RGM73G2,B09NMH8JY4,B08QBJ1LK9,B07RFNNDGC,B07R2WX8XX,B078WZXRDJ","NIKE, Shoes"
for men,男性用,,,SP广告词,73,3,B0C4GV51WK/B0BFDTMBGP/B0BFDRQLNC,"166,811","11,863",288,2.44%,"286,833","4,513",7,56,"103,935",0.1,128,10.80%,8.60%,$1.77 ,$1.16 - $2.00,B09N1B6LL3,4.70%,3.70%,B0BWTW5DX2,3.20%,1.20%,B073D2J5ZS,2.80%,3.70%,"B09N1B6LL3,B0159XXTN2,B0787P86ZZ,B0CGHWFF71,B09HZTKLNP,B0C28STBQL,B08K1PF2KK,B09V116WHZ,B0BTT3M54X,B01NAPQ4QP",
running hat men,跑帽男,,,视频广告词/SP广告词,73,1,B0BFDTMBGP,"53,087","36,323",955,2.64%,"1,077,164","15,903",22,0,"136,309",0.3,125,16.90%,8.20%,$8.09 ,$6.07 - $10.42,B0748W31L5,8.20%,4.50%,B0C138SH1L,4.80%,0.80%,B089KKLG6N,3.80%,2.80%,"B0748W31L5,B089KKLG6N,B0C138SH1L,B00M47FC0K,B0C134TKF7,B096FF2PPV,B005HJO87K,B07JGH4LVS,B0865N776C,B07YR3J5HH","Hat, Running"
huk shorts for men,男士胡克短裤,,,SP广告词,72,1,B0B9G7J8C7,"52,834","40,599","4,080",10.05%,"1,062,863","16,544",93,0,662,61.3,96,14.70%,4.20%,$1.15 ,$0.87 - $1.45,B07GSZQVX2,5.50%,1.30%,B07GSZL1P6,5.30%,1.60%,B07GT1992N,3.90%,1.30%,"B0B8424QW7,B07GSZL1P6,B07GSZQVX2,B0B83SSKNH,B073SNTSML,B09FRDZD6Z,B0B84CGS47,B0B846N92K,B07H1JDMH5,B0B848CFYB",Shorts
the best man,最好的男人,,,SP广告词,71,1,B0BFDRQLNC,"54,257","25,511",780,3.06%,"752,459","10,208",18,10,"12,315",2.1,6,72.70%,0.00%,$2.38 ,$1.57 - $2.97,B00D5UGWMW,55.80%,0.00%,B0B8MSFFRM,10.60%,0.00%,B0BZ3F9XPB,6.40%,0.00%,"B003B3O5FY,B0039MOTF8,0147515793,0593439481,B0BZF19VL3,B00OQ0CLQ6,0783240201,1637969678,B00A9V253A,B00HYI8DWS",Man
ofertas,优惠,,,SP广告词,71,1,B0BFDVPFKX,"56,617","36,044",944,2.62%,"970,258","14,267",22,1,"1,342",26.9,87,8.10%,5.80%,$1.05 ,$0.67 - $1.35,B07BGLT25K,3.60%,2.30%,B0CDZJ9JJC,2.30%,1.70%,B082YQ4QWW,2.20%,1.70%,"B07BGLT25K,B08WM298TV,B0CDZJ9JJC,B082YQ4QWW,B0BZQKN5XJ,B07DH55YRX,B0CPFXMMBH,B07MWTH3BY,B079KH8GCJ,B084RFRG6X",
mens beach shorts,男式沙滩短裤,,,SP广告词,68,2,B09WMZR2XM/B0BLKN87V4,"121,118","16,197","3,072",18.97%,"420,272","7,369",70,0,"7,182",2.3,46,6.80%,1.10%,$1.29 ,$0.98 - $1.62,B08S7L2S99,2.70%,0.20%,B0CRZBSC63,2.30%,0.50%,B08S77BPSD,1.70%,0.50%,"B08S7L2S99,B0CRZBSC63,B0BLN5HZTP,B0BLKKYR1J,B0C69C5QDT,B09XM3GM32,B0BKG2Y174,B09T9Q5JZX,B0BV96JFYR,B0BKGK2H9F","Shorts, Beach"
men long shorts,男士长裤,,,自然搜索词,67,2,B0BFDRQLNC/B0C1365SJV,"772,315","2,514",84,3.37%,"57,646","1,194",2,0,"29,777",0.1,146,7.80%,0.90%,$1.32 ,$1.20 - $1.47,B08DRSDXBQ,3.40%,0.90%,B0D3HQVQ47,2.50%,0.00%,B00PI5FJHG,1.90%,0.00%,"B082TJ8LV7,B00PI5FJHG,B09VT587SP,B06Y6F8WQM,B0D5V2DBDL,B077SP15PG,B0CWP4N64D,B08911QKQL,B0D3HQVQ47,B009CTUD16","Long, Shorts"
nike golf shorts,耐克高尔夫短裤,,,SP广告词,66,2,B0C4GRTZJR/B0BFDSVMPF,"133,633","14,044",67,0.48%,"415,997","6,898",2,0,"1,374",10.2,93,30.70%,2.10%,$1.95 ,$1.46 - $2.25,B00QSGL10I,13.70%,0.70%,B07GXVND2H,11.00%,0.00%,B07DX4H4M4,6.00%,1.40%,"B00QSGL10I,B08LNYDVC2,B07DX3K1SP,B07PNRZSSK,B096YMG6LL,B08RXW7DX9,B079VQJKTK,B07JZF1K1B,B08RXVHSB6,B095RTBS2Z","Golf, Shorts, NIKE"
underarmour,内衣,,,视频广告词,66,1,B0BFDTMBGP,"61,833","36,808",88,0.24%,"1,073,532","15,999",2,0,"12,492",3,45,11.10%,1.70%,$0.87 ,$0.57 - $1.25,B0785VV446,4.50%,1.00%,B091F4LQWS,4.30%,0.00%,B0785VMVF4,2.30%,0.70%,"B0785VMVF4,B0785VV446,B01GH5KNR6,B01GH5GSLG,B0874X72WP,B093MH7CRF,B0874XS1TG,B0785FGJPB,B01GH5KOZ2,B0BGYFYPFQ",
nike pegasus,nike pegasus,,,SP广告词,65,1,B0BFDRQLNC,"61,745","27,045",265,0.98%,"763,304","10,523",7,11,342,79.1,10,18.80%,0.00%,$0.63 ,$0.47 - $0.80,B0CPT8FWJV,6.30%,0.00%,B09V3JXHWH,6.30%,0.00%,B08R4T8Z9D,6.20%,0.00%,"B09NSYD4TC,B09V3JXHWH,B09NSYFXNM,B09THR8DZM,B0CWMJ81HG,B0CR6W5NPZ,B08SC3SQSL,B0CQP97K8D,B0CFM7PN36,B09LH5G5M9",NIKE
prime deals today clearance,今日优质交易清关,,,SP广告词,65,1,B0C4GQTCJK,"62,905","110,391","3,024",2.74%,"3,091,937","49,090",69,0,"12,851",8.6,365,12.20%,6.40%,$0.69 ,$0.46 - $0.83,B07KP9771Y,5.00%,0.20%,B07BQXJ123,4.60%,4.20%,B09NW81TH8,2.60%,2.10%,"B07BQXJ123,B09NW81TH8,B00CZ7VOTW,B0CGZSQPFP,B07KP9771Y,B0C6GTHRL2,B0D113938M,B07MWTH3BY,B0CC8X9W29,B079KH8GCJ","Clearance, Prime"
workout clothes,运动服,,,SP广告词,64,1,B0BFDTMBGP,"61,249","38,016",45,0.12%,"860,939","18,360",2,0,"129,587",0.3,994,7.70%,1.80%,$0.72 ,$0.54 - $0.89,B09N8K6B43,3.20%,1.00%,B09N8NLPRK,2.30%,0.80%,B095PTLB31,2.30%,0.00%,"B09N8K6B43,B0BPYDHG56,B08CKJG76T,B0B7GCP25D,B09VQ2JY2D,B07HQM6NH8,B07QN399KD,B0BX2QS29R,B0BVB3T4LW,B0B3RCPPQ4",Workout
t-shirt,T恤衫,,,SP广告词,64,1,B0BFDTMBGP,"62,598","30,801","1,121",3.64%,"823,842","14,222",26,430,"66,414",0.5,"1,113",10.70%,0.00%,$1.42 ,$0.93 - $2.00,B0BZDLXKTS,5.50%,0.00%,B0CZLJRDMJ,2.80%,0.00%,B0BT8T2FQ3,2.40%,0.00%,"B077ZL5935,B09312N4RH,B08F2P8CS9,B07JD5GLBN,B00NOY3JOS,B086KXNGKY,B071RST8T5,B00KBZOTKG,B08F2NSN4G,B00NOY3JKW",T-shirt
shorts with spandex underneath,里面有氨纶的短裤,,,SP广告词,62,1,B0BFDTMBGP,"64,628","30,505","1,021",3.35%,"616,290","14,639",24,0,697,43.8,231,7.30%,1.80%,$0.81 ,$0.62 - $1.01,B0BTTLLC43,3.80%,1.40%,B09T8ZKWC1,1.90%,0.40%,B09Y41MV1P,1.60%,0.00%,"B0CSFLL3KX,B09T8ZKWC1,B0BTTLLC43,B0BYHF7LQK,B0C1F9SMFR,B0BML475L4,B0BNPCYKXD,B0C255HS6Y,B09V5DS423,B0915GRY3R","Shorts, Spandex"
workout shirts,运动衫,,,SP广告词,59,1,B0BFDVPFKX,"68,286","26,829","1,293",4.82%,"691,955","12,604",30,30,"49,871",0.5,564,8.80%,3.00%,$1.07 ,$0.80 - $1.34,B0787P86ZZ,4.80%,2.60%,B0BPYD2ZTM,2.00%,0.00%,B0785VV446,2.00%,0.40%,"B0787P86ZZ,B0785VV446,B07DRMT92L,B0855P81R3,B0785VMVF4,B01FXGNEEO,B071DVQLT2,B0744589CP,B094682546,B08ZSCHSNV",Workout
boxing shorts,拳击短裤,,,SP广告词,59,1,B0BFDVPFKX,"67,443","24,102",40,0.17%,"700,503","11,023",1,39,"4,163",5.8,173,9.80%,0.90%,$1.10 ,$0.82 - $1.37,B0C4XT56MD,3.30%,0.00%,B07WJVLN3J,3.30%,0.90%,B07L8SL198,3.30%,0.00%,"B07PY4C6PH,B006CV3QZW,B07WJVLN3J,B07L8S6GW9,B07SJ6WXNG,B07FD8VZYL,B0CK17LS9L,B0BTR4NTS5,B09WRKDX4V,B081GZN1BX","Shorts, Boxing"
adidas joggers,阿迪达斯慢跑裤,,,SP广告词,58,2,B0CHMN8TDS/B0BFDVPFKX,"147,818","8,251",468,5.68%,"215,505","3,830",11,0,844,9.8,162,29.80%,6.90%,$0.81 ,$0.68 - $1.14,B087D7KXHK,13.90%,4.90%,B0CLD3W3FN,10.80%,0.00%,B07CNDRK14,5.00%,2.10%,"B087D7KXHK,B09XX6KCRN,B08ML35SLC,B07CNDRK14,B0CJG4WX8N,B08MKDQC79,B09Y822G4N,B07HKR3Y3T,B087D8VW7L,B09Y31VJKR","Adidas, Jogger"
lightning deals of today,今天的闪电交易,,,HR推荐词,57,1,B0BFDVPFKX,"71,619","39,892",562,1.41%,"980,834","15,970",13,5,"9,401",4.2,476,6.30%,1.80%,$2.33 ,$1.75 - $2.93,B07S1BNNYD,2.30%,0.20%,B003P02EGU,2.10%,1.00%,B0C8RD2XHD,2.00%,0.60%,"B003P02EGU,B0C8RD2XHD,B000S5VEA2,B004M15U12,B078J62RYJ,B0CC5C3GYR,B07GZYLVCS,B07S1BNNYD,B09V4G9L3S,B01FIL30XE",Light
gildan,gildan,,,SP广告词,55,1,B09P3T8X61,"75,789","39,272",23,0.07%,"1,034,479","16,939",1,184,"9,810",4,158,10.60%,0.20%,$1.16 ,$0.82 - $1.46,B075ZZF47B,3.90%,0.20%,B0BZDLXKTS,3.60%,0.00%,B0D17Y5GM1,3.10%,0.00%,"B07JCS8NRC,B07JBRGFH4,B075ZZF47B,B09312N4RH,B01LZQAJX2,B076124BKM,B0828MV4QR,B01M0PENYV,B07JCSJF5G,B084HFMYG3",Gildan
the gym people shorts,健身房人短裤,,,视频广告词,54,1,B0BFDTMBGP,"73,943","33,095","4,355",13.17%,"681,489","14,813",99,0,"1,327",24.9,89,32.00%,5.50%,$0.82 ,$0.57 - $0.92,B097D5ZP88,16.10%,2.80%,B07QN399KD,8.80%,1.30%,B097D4S1SM,7.10%,1.30%,"B097D4S1SM,B07QN3K2XN,B07QN399KD,B097D3Q6Q5,B0BX45WQMZ,B0BXKNM6J6,B0CX58WPJW,B098J2DL7F,B0CBYT7SJS,B0C7GR46B3","Shorts, gym, people"
white shirts,白衬衫,,,SP广告词,53,2,B0BFDVPFKX/B0151E6WPQ,"74,912","20,782",157,0.76%,"547,039","8,875",4,0,"59,769",0.4,496,15.70%,4.50%,$0.57 ,$0.43 - $0.79,B00VTV95AK,6.30%,1.30%,B077ZMKWVM,4.80%,3.10%,B0CBFQ9QLW,4.70%,0.00%,"B077ZMKWVM,B00VTV7E5S,B000HOBYDG,B00VTV95AK,B00VTV8ISK,B075ZZ7XKD,B077ZCT9SS,B00KBZOVWC,B00NOY2OUS,B0CTS4711N",White
trendy stuff,时髦的东西,,,SP广告词,52,1,B0BFDVPFKX,"77,384","23,072",13,0.06%,"532,573","11,084",1,15,"3,637",6.3,722,13.00%,3.20%,$1.63 ,$1.23 - $1.96,B07DY6NBZ1,4.70%,2.10%,B019Q0R8WM,4.30%,0.00%,B0BL8HY2QP,4.00%,1.10%,"B0BL8HY2QP,B07DY6NBZ1,B0BW9235FT,B09X3HB2BR,B0BSZ23FTF,B07FPT52DY,B07GGR2LY1,B019Q0R8WM,B09NXPG6D5,B0BL2BB4GV",Trendy
next day delivery items prime,次日交货项目主要,,,HR推荐词/SP广告词,52,1,B0C4GV51WK,"81,049","23,258",400,1.72%,"492,068","10,366",10,0,"1,411",16.5,443,10.70%,10.00%,$1.60 ,$0.88 - $2.00,B07BQXJ123,4.30%,5.40%,B08LGD7WRZ,3.70%,3.50%,B07MWTH3BY,2.70%,1.10%,"B08LGD7WRZ,B07BQXJ123,B07XSKK6Z4,B09VRJFML3,B0BSB15FKG,B0C4GV51WK,B07QN3K2XN,B004M15U12,B0BG9141ZB,B0BCH583WK",Prime
track shorts,田径短裤,,,SP广告词,52,4,B0CHMM393V/B0C4GRTZJR/B01AK7Y102/B09XQVCZ8B,"285,583","4,154",118,2.87%,"101,432","1,803",3,19,"4,506",0.9,27,20.00%,3.50%,$0.81 ,$0.66 - $0.94,B08MT4MTKD,9.10%,0.00%,B08MTJ55LX,8.10%,3.50%,B08MR1Y961,2.80%,0.00%,"B08MT4MTKD,B07PPRRGM7,B09XZRCZ77,B07PR22X4Q,B08FXJJ8FQ,B091M9GSS5,B0BS6FWS3H,B08TM8T3ZX,B0CP1Y87T9,B01FZ03GNM",Shorts
nike pegasus 40,nike pegasus 40,,,SP广告词,50,1,B0BFDRQLNC,"80,235","23,020",782,3.40%,"640,439","11,287",18,41,219,105.1,76,28.70%,1.40%,$0.20 ,$0.18 - $0.25,B0C85XPNLQ,11.00%,1.40%,B09CV358TY,8.90%,0.00%,B0CRVWLRHD,8.80%,0.00%,"B0C85XPNLQ,B0CPP397K9,B0CR6WKMT3,B0CR6WT3H6,B0B88T2FZ3,B0CQPBXWYD,B0BH37NQ85,B09NSYFXNM,B0CFM7PN36,B0C5S3ZLPH",NIKE
golf shorts men 7 inch inseam,高尔夫球短裤男士 7 英寸下裆,,,SP广告词,49,2,B09WMZR2XM/B09XQVCZ8B,"81,761","23,892",738,3.10%,"649,051","9,658",17,0,"1,626",14.7,149,22.10%,1.00%,$1.28 ,$0.97 - $1.61,B07F27Z9KK,11.90%,0.20%,B0BPLWM5QP,6.30%,0.70%,B07KG7ZBDY,4.00%,0.10%,"B0D1GB9TZ4,B0BPLSZ83P,B0B82HN5TF,B07KG7ZBDY,B0BPLWM5QP,B0CTKZ9TVN,B0CSBM6XWV,B077RV5TZ5,B0CTKPBB2P,B0CTKYX1W1","Golf, Shorts, Inseam"
workout pants for men,男士运动裤,,,SP广告词,48,1,B0BFDVPFKX,"84,478","22,550","2,654",11.77%,"498,471","10,683",61,2,"11,634",1.9,279,11.80%,1.20%,$0.99 ,$0.88 - $1.22,B08MMS2N1X,4.40%,0.30%,B09DPS3P6W,4.10%,0.10%,B07BJ35LMK,3.40%,0.70%,"B0CT3HL8KK,B01AK99L7S,B08MMS2N1X,B09ZCL5Y32,B09H7DP2Z8,B08P1NVJDW,B00FSB5YHK,B07PNRZFKQ,B01MA6CY8L,B0BVMTF829","Pants, Workout"
black t shirts,黑T恤,,,SP广告词,48,1,B09WMZX9C2,"86,141","19,804",455,2.30%,"584,529","9,193",11,1,"47,078",0.4,384,24.70%,7.50%,$1.78 ,$1.34 - $2.24,B072V8Y2C8,11.20%,1.50%,B071WY2Q29,7.40%,2.00%,B07JDFPQTC,6.10%,4.10%,"B08F2NRN7W,B07JDFPQTC,B07JBRGFH4,B00KBZOTKG,B00NOY3JPC,B07JCS8NRC,B07612XWR9,B09S6WHXFY,B0BNP7STX3,B071DVQLT2",Black
cotton shorts for women,女士棉质短裤,,,SP广告词,47,1,B09T3QHVVM,"84,769","25,000","4,767",19.08%,"569,388","11,432",109,1,"6,861",3.6,78,7.40%,1.30%,$0.72 ,$0.60 - $0.82,B016YKK7CA,3.10%,0.70%,B016YKKHWU,2.30%,0.20%,B016YKKHOI,2.00%,0.50%,"B016YKKHWU,B0CDCPZBNG,B09PQJ53NS,B08SPWTJ79,B09QT1Q5LR,B0BPHC7FFM,B0BVMWD63F,B094MZLM4B,B0D4SF5S93,B082XJTH6S","Cotton, Shorts"
brandy melville shorts,白兰地梅尔维尔短裤,,,SP广告词,47,1,B0BLKN87V4,"85,043","24,898",37,0.15%,"615,284","11,335",1,0,442,56.3,299,18.20%,10.20%,$0.20 ,$0.18 - $0.21,B0CRTZBCLD,7.10%,1.70%,B0CZ3KR98N,5.60%,5.50%,B0CZ3Q1Z3X,5.50%,3.00%,"B0CZ3Q1Z3X,B0CRTZBCLD,B0BNM8MN5Y,B0BBM4BRXD,B0CSYQPCPP,B0CRL43PHZ,B0CQ8986VW,B09SYRHYQW,B0CZDY12PR,B0CRTZ5G4H","Shorts, brandy"
baggy jorts,宽松的短裤,,,SP广告词,47,1,B09WMYXNJ9,"89,145","17,845",508,2.86%,"534,826","7,355",12,36,801,22.3,133,17.00%,1.70%,$0.60 ,$0.37 - $0.75,B0C9935HFX,7.40%,0.90%,B0CH399J2D,4.90%,0.90%,B0C991WL3B,4.60%,0.00%,"B0974QVP4H,B0C9935HFX,B0D8698KBH,B08P55PW83,B0CH399J2D,B0CCTMFX43,B0D5V4Y8LN,B01BGYIE7E,B0D33XKLZH,B0CDR4JLH2","jorts, Baggy"
travis mathew,Travis Mathew,,,SP广告词,46,1,B0BFDRQLNC,"86,259","29,344",871,2.98%,"790,371","12,505",20,6,626,46.9,24,8.80%,0.90%,$0.83 ,$0.58 - $1.20,B07ZHF5GV6,3.00%,0.90%,B07ZH2LMWD,3.00%,0.00%,B09RK8KWSX,2.90%,0.00%,"B08Y85KQ87,B09RK8KWSX,B07ZHF5GV6,B0CFPN1D8S,B09HFF73QK,B0CFPNT9HY,B08Y83HVG8,B0CFPWKS7K,B09MF38YL5,B0743TXKQ9",
running shorts for men 5 inch,男士跑步短裤 5 英寸,,,SP广告词,46,2,B0C4GV51WK/B09XQVCZ8B,"169,906","12,581","1,621",12.89%,"370,817","4,897",37,0,"1,756",7.2,25,12.90%,2.90%,$1.39 ,$1.04 - $1.75,B07R1J9J3J,5.20%,2.60%,B0BFDV4HHP,4.30%,0.30%,B09PYTB8SD,3.40%,0.00%,"B0CPDRDRLJ,B09VBK13ZV,B07R1J9J3J,B09PYTB8SD,B0C12P8YGH,B0CV4VKTM4,B0CMZSXR3T,B0CQ89H4T2,B073P3HRXJ,B0C27G2172","Shorts, Running"
big short,大短,,,视频广告词/SP广告词,46,1,B0BFDTMBGP,"87,117","17,644","2,969",16.83%,"486,010","7,060",68,24,"1,540",11.5,38,90.10%,0.00%,$0.20 ,$0.18 - $0.21,B01995O5OS,73.00%,0.00%,B019969US8,14.40%,0.00%,B01996A0PU,2.70%,0.00%,"B003CN7E42,B0177ZM3LO,B019969US8,B0177ZM3MI,B006VAGFFW,B01780M3FO,1088992323,B01780M3IG,B01AD9812G,B0177ZM3PU","big, Short"
essentials,要领,,,SP广告词,46,1,B09P3T8X61,"90,554","20,542",6,0.03%,"537,930","9,218",1,142,"28,823",0.7,590,16.30%,20.90%,$0.92 ,$0.60 - $1.20,B000QXH4PK,7.10%,11.20%,B0CJB2KBJX,6.30%,7.00%,B09FXXQD2N,2.80%,2.70%,"B000QXH4PK,B0CN6GHGD6,B0072K2BMG,B005HG9ESG,B09V1T6ZSB,B0728KK8VK,B09JNMHGFL,B09SQCMT5G,B0775MH7RH,B0B41MYSGP",Essential
slender man,纤夫,,,SP广告词,46,1,B0CHMN7XFY,"88,359","18,314",542,2.97%,"491,002","7,008",13,12,150,122.1,9,87.80%,0.00%,$0.87 ,$0.64 - $1.12,B07GRW7DVL,74.50%,0.00%,B0B8NV3Z36,10.50%,0.00%,B07GQQH7J8,2.90%,0.00%,"B07GQQH7J8,B07FSN6LM8,0062641174,B07FSWVHW2,B07XGGYZ6V,B0B8NVHBYL,B07GJSVKJJ,B0091VU3NS,B009YYFDUU,B0964GPHPD",Man
sales,销售,,,SP广告词,45,1,B0BFDSVMPF,"89,996","29,353",868,2.96%,"804,784","14,516",20,22,"108,358",0.3,366,11.20%,10.20%,$2.04 ,$1.39 - $2.55,B07BGLT25K,4.80%,6.90%,B0CDZJ9JJC,3.30%,3.10%,B0CJZMP7L1,3.00%,0.20%,"B07BGLT25K,B0CDZJ9JJC,B09QKBBNCX,B00JV3YVHU,B07BQXJ123,B082YQ367Q,B0CC5C3GYR,B0CJZMP7L1,B0872ZMXBG,1847941486",Sales
deals of the day lightning deals,当天的交易闪电交易,,,HR推荐词/SP广告词,45,2,B0CHMNB423/B0C4GV51WK,"173,165","20,826","1,614",7.75%,"431,328","8,054",37,1,"1,462",14.2,220,6.20%,3.60%,$0.64 ,$0.49 - $0.89,B000S5VEA2,2.50%,3.10%,B085SYTKD8,1.90%,0.20%,B08QJ8SHGV,1.80%,0.20%,"B000S5VEA2,B09W5ZVDD2,B00L1GHHV2,B079VM4558,B079H53D2B,B07MHJFRBJ,B0CPFXMMBH,B07GZYLVCS,B0C8RD2XHD,B00ASBOT2Q",Light
cool stuff for men,男士很酷的东西,,,视频广告词,45,1,B0BFDTMBGP,"91,441","18,490",27,0.15%,"520,812","7,483",1,1,"6,848",2.7,75,18.70%,8.80%,$0.87 ,$0.66 - $1.10,B0BKZW27FY,10.80%,2.70%,1450845800,4.50%,2.70%,B0BJ2C3TFL,3.40%,3.50%,"B07S1BNNYD,B0BKZW27FY,B07JCS8NRC,1450845800,B0BJ2C3TFL,B00L1GHHV2,B0BFF5MN6T,B07JR33NHQ,B06XFY5NZW,B07TFLFCH9",Cool
cargo shorts men,男式货运短裤,,,品牌广告词,43,1,B0BLKN87V4,"93,086","21,994","4,634",21.07%,"521,617","9,619",106,0,"14,430",1.5,231,9.70%,0.90%,$1.44 ,$1.01 - $1.69,B07YP9TWCX,3.50%,0.40%,B09QT6H6NQ,3.50%,0.00%,B00XKYLI8Q,2.70%,0.50%,"B00XKYLI8Q,B07YP9TWCX,B078VZ5QBW,B00PICJJ4I,B0CQZ57M44,B0CWH5SDW9,B07MMT3MH8,B08TB8595Q,B01JQT9X44,B08TB755BP","Shorts, Cargo, Cargo Shorts"
running clothes,跑步服装,,,SP广告词,42,2,B0BFF67H1W/B0BFDTMBGP,"443,133","3,404",2,0.06%,"76,168","1,430",1,0,"50,810",0.1,379,6.40%,0.00%,$1.07 ,$0.80 - $1.34,B08CKJG76T,2.30%,0.00%,B0C1F9SMFR,2.30%,0.00%,B0BR3479XL,1.90%,0.00%,"B0C1F9SMFR,B08CKJG76T,B091BVBJPD,B097DHY2Q8,B09Y1SS6Z5,B0C1BJ6LVQ,B0BQ2VSLBQ,B0CQP8ZXJP,B07HQPKDZB,B0CP2FXP4P",Running
bape shorts,淘宝网,,,SP广告词,42,1,B09P3T8X61,"95,901","18,176",390,2.15%,"483,125","7,753",9,0,349,52.1,79,22.40%,0.90%,$0.64 ,$0.49 - $0.94,B0C65PLPBF,8.10%,0.00%,B0C78B3D3S,7.20%,0.00%,B0BWDTVMR6,7.20%,0.90%,"B0CP298PPP,B0BTJ3GGRL,B0BTJ1B9YB,B0CB2JX7KG,B0CBLQ7LGB,B0D3H8SYVF,B093P4NZKS,B0CC8Z651H,B0C9GPCM7M,B0BTC35VKN",Shorts
fishing shorts for men,男士钓鱼短裤,,,SP广告词,41,1,B0C4GV51WK,"98,488","20,647","2,663",12.91%,"463,837","9,260",61,17,"2,540",8.1,91,14.70%,2.10%,$0.87 ,$0.64 - $1.09,B07GSZQVX2,7.60%,1.20%,B0BKSS8LDF,4.00%,0.50%,B09P4RLZSD,3.10%,0.50%,"B09P4RLZSD,B07GSZQVX2,B08HP8H34B,B0BKSS8LDF,B0B1LB9B18,B00PARBI1S,B0B83S33QR,B07QQPX4V1,B0C134M8C1,B096NYTCQ2","Fishing, Shorts"
mens knee length shorts,男士及膝短裤,,,自然搜索词,41,1,B0BFDSVMPF,"560,482","3,547",107,3.02%,"91,079","1,633",3,0,"6,864",0.5,191,9.30%,0.80%,$1.30 ,$0.98 - $1.63,B082TJ2RNH,3.80%,0.80%,B08W5KW753,3.10%,0.00%,B0BLN53X8G,2.30%,0.00%,"B082TJ2RNH,B09VT6J8SX,B00PI5FJHG,B009CTUD16,B012JZ187M,B077SP15PG,B00OTMA8FM,B089GTF648,B08B8ZS65T,B01611PLJQ","Shorts, Knee Length"
mens workout pants,男式运动裤,,,SP广告词,41,1,B0C4GQTCJK,"99,415","19,479",101,0.52%,"527,875","9,228",3,0,"11,993",1.6,116,9.20%,1.50%,$1.50 ,$1.13 - $1.87,B08MMS2N1X,4.40%,0.00%,B09H7DP2Z8,2.60%,1.40%,B0CT3HL8KK,2.20%,0.20%,"B0CT3HL8KK,B01AK99L7S,B09H7DP2Z8,B08MMS2N1X,B09ZCL5Y32,B00FSB5YHK,B08P1NVJDW,B07PNRZFKQ,B0BVMTF829,B01MA6CY8L","Pants, Workout"
lululemon sale,淘宝网销售,,,HR推荐词,39,1,B0B4RQCZR1,"110,567","51,927","1,879",3.62%,"1,493,223","24,707",43,0,"1,507",34.5,503,26.30%,30.20%,$0.50 ,$0.43 - $0.62,B08V79CRMH,17.10%,25.90%,B0B94RMN17,6.30%,3.30%,B01N4AT420,3.00%,0.90%,"B08V79CRMH,B0B94RMN17,B08M97BDQD,B07ZS3FVQ8,B09468P4MH,B01N4AT420,B0CFFQFDJ5,B09HP2ZMB8,B0C9SXGBFW,B0CGHVLP53",lululemon
bjj shorts,BJJ短裤,,,HR推荐词,37,1,B0BFDRQLNC,"109,013","17,441",190,1.09%,"511,876","7,473",5,27,"1,436",12.2,116,18.90%,7.40%,$1.62 ,$1.22 - $2.03,B01K5FEYG0,10.50%,5.10%,B0B4PFPDDF,4.90%,0.00%,B07PY4C6PH,3.60%,2.30%,"B07NSR96WZ,B01K5FEYG0,B0768J1VQD,B0768KK4C9,B07FZ7W1K9,B016XS4CO2,B09S4S8JRS,B07CRB497R,B081GZF5VL,B07GVRKNQ4",Shorts
cool things for men,男人很酷的东西,,,HR推荐词,37,3,B09WMZR2XM/B0BFDVPFKX/B0BFDRQLNC,"298,591","4,704",7,0.17%,"116,717","1,896",1,0,"5,452",0.9,104,12.90%,5.90%,$0.37 ,$0.31 - $0.46,B07LBNDHPH,5.20%,2.90%,B0BJ2C3TFL,4.30%,0.00%,1450845800,3.40%,2.90%,"B077ZKDQLV,B07TFLFCH9,B0087DRWWQ,B06XFY5NZW,B07LBNDHPH,B09YNPMLG3,B0BJ2C3TFL,1450845800,B0CX1PWNLG,B09N1B6LL3","Cool, Thin"
dolphin shorts,海豚短裤,,,SP广告词,37,1,B01AK7Y102,"109,269","19,635",594,3.03%,"458,824","8,208",14,30,939,20.9,183,10.50%,3.90%,$0.58 ,$0.50 - $0.69,B087LX9WST,4.90%,2.40%,B0872XZZDQ,3.30%,0.30%,B0CP1ZLYRT,2.30%,1.20%,"B087LX9WST,B0BY8HXH5K,B0CP1YHR5M,B091GJS7P7,B09PQ96X4D,B09QM1JYYG,B08Z3P7M8B,B07PWBLLLL,B0D56V761T,B0CQY5GS4Q","Shorts, Dolphin shorts"
peter millar,Peter Millar,,,SP广告词,36,1,B0C4GV51WK,"109,356","19,835",535,2.70%,"459,921","8,362",13,49,796,24.9,44,19.10%,1.50%,$1.04 ,$0.79 - $1.30,B0C6B1H698,6.50%,1.50%,B07MXNGS8H,6.30%,0.00%,B0921QXFLM,6.30%,0.00%,"B07MXMJDHD,B0D9GB1G1Z,B07DY6F3D9,B07MXN51T7,B09NR7CG9T,B094TT789B,B092397SSB,B0B5P87Q9B,B0D3PSJ82Z,B094TRG1LJ",peter millar
g gradual,g 渐进的,,,SP广告词,36,3,B0CHMN8TDS/B0C4GV51WK/B0CHMQ6Z7W,"214,950","7,157",757,10.58%,"176,838","3,123",18,296,550,13,801,7.40%,2.00%,$1.29 ,$0.98 - $1.62,B08LBG6G3L,2.90%,2.00%,B08LB7P3LH,2.30%,0.00%,B08LBF6PZZ,2.20%,0.00%,"B0CM9B54T7,B0D7GBGZLX,B0D8KF6DKR,B0D4QDB3RG,B0D72WW916,B0D7GGFM7P,B07Q5WFDXV,B0D5YCQ754,B0D7GQ82GZ,B0B7BGX117",
white men can't jump,白种人不能跳,,,SP广告词,36,1,B0D5H184XQ,"118,728","14,081",354,2.52%,"292,576","6,614",9,13,56,251.5,17,86.60%,0.00%,$0.46 ,$0.40 - $0.86,B09ZDBMGM8,73.80%,0.00%,B0CBD8HZ6F,9.50%,0.00%,B003OJ2EP8,3.40%,0.00%,"B00BQLEHPG,B004LQLKO4,B001ILFUO6,6305929718,B00005K26H,B0000AC8LH,B0CBD7NYT7,B00OBGDWA4,B00A4N9KP4,B009O8LMJM",White
white athletic shorts,白色运动短裤,,,SP广告词,35,1,B09P3T8X61,"118,727","15,803","1,491",9.44%,"445,425","7,148",34,0,"5,276",3,19,11.40%,0.80%,$1.05 ,$0.76 - $1.17,B0CPLWWV17,5.00%,0.00%,B097D5ZP88,3.50%,0.00%,B097DMJQ83,3.00%,0.80%,"B0BYM9DG99,B0BJ6K73YC,B0C2VGRVHP,B0C1F2RS2V,B0CTXZPTNR,B097DMJQ83,B09W9BV23V,B0C1YW14WJ,B0CTH4FMCR,B07QM4ZR96","Athletic, White, Shorts"
mens summer shorts,男式夏季短裤,,,SP广告词,33,1,B0C4GV51WK,"127,117","20,813","3,746",18.01%,"436,345","9,988",86,0,"10,509",2,190,5.30%,0.20%,$1.19 ,$0.88 - $1.49,B0CS6M4KM1,1.90%,0.20%,B08S7L2S99,1.80%,0.00%,B0BLYTJTFX,1.70%,0.00%,"B0C1MSYWQQ,B08S7L2S99,B0CRZ94622,B0CS6M4KM1,B08D2PB97C,B08CMPQKG8,B009CTU8CA,B0CNPNLRFX,B078W113QW,B016Y8268U","Shorts, Summer"
nautica shorts for men,鹦鹉螺男士短裤,,,SP广告词,33,1,B0CHMNB423,"129,388","15,839","2,125",13.42%,"419,372","6,989",49,0,818,19.4,52,13.30%,2.10%,$0.98 ,$0.74 - $1.23,B075NWCGBN,6.80%,1.80%,B0D91Q48F8,3.60%,0.00%,B002BNS53S,3.00%,0.30%,"B075NWCGBN,B073M3HJ8W,B00AREK9R8,B00RFHM1H6,B073M6N2BM,B01MXTW3F3,B08G8TWD29,B002BNS53S,B012VOY8NC,B0846KW78M","Nautica, Shorts"
girls nike shorts,女孩耐克短裤,,,视频广告词,33,1,B0BFDTMBGP,"125,935","14,904",122,0.82%,"319,056","5,739",3,0,542,27.5,31,20.90%,0.90%,$1.04 ,$0.56 - $1.25,B0C12QVMM7,8.10%,0.90%,B0CNS3B2K4,7.80%,0.00%,B0874WPHRY,5.00%,0.00%,"B0C12QVMM7,B07NDJV6GZ,B0874WHB62,B08NYJFG8W,B08W1VFQH7,B01FTNL93E,B07MWSKLD8,B0C2QMBQCG,B01G0QLOYI,B0C747DPN6","Shorts, NIKE"
pga tour golf shorts for men,美巡赛男士高尔夫球短裤,,,SP广告词,32,1,B09WMZR2XM,"135,857","15,471",501,3.24%,"423,357","6,744",12,0,458,33.8,15,18.90%,1.50%,$1.58 ,$1.37 - $1.98,B00P3YV426,12.40%,1.50%,B09385LXDL,3.30%,0.00%,B09WX3ZXJ3,3.20%,0.00%,"B01NAH94ZS,B00P3YV426,B081QWVY7M,B01NBHXVAQ,B07KG1Y7X2,B09385LXDL,B07484HWNB,B07D1NVN2D,B0CKS3K2MD,B00YOHS2QY","Golf, Shorts"
nike zoom,nike zoom,,,SP广告词,32,1,B0BFDRQLNC,"133,940","11,667",114,0.98%,"240,772","4,513",3,7,"1,244",9.4,44,11.80%,0.00%,$1.08 ,$0.81 - $1.29,B0CQVXCT7T,4.40%,0.00%,B0CTHLS6RJ,4.00%,0.00%,B0CPT8FWJV,3.50%,0.00%,"B09NSYD4TC,B0B6G1B7MF,B0C2SX882M,B09NSXSML3,B0CQVXCT7T,B0C5S37ZQZ,B09YQLN6PZ,B0BFFFBQ7L,B0BFFCFD5B,B0CLSTNWZL",NIKE
kuhl,奎尔,,,SP广告词,32,1,B0C4GV51WK,"138,074","14,827",194,1.31%,"428,394","6,541",5,29,492,30.1,111,18.30%,2.40%,$1.39 ,$1.04 - $1.75,B01N3SW56W,10.10%,0.00%,B01GF1Q1MI,4.50%,0.00%,B09PL6S9D7,3.80%,2.40%,"B07T5GFK5G,B0CCSNGGR6,B09PL6S9D7,B07T39GVWZ,B00700X2IA,B07TFVGPJS,B07GSZL1P6,B01GH5JPH0,B0915SB8DG,B006QYGOXG",
sunlit man,阳光人,,,SP广告词,32,3,B0BFDVPFKX/B0BFDTMBGP/B0BFDRQLNC,"335,525","4,865",166,3.42%,"133,292","2,413",4,3,40,121.6,49,93.10%,53.70%,$0.93 ,$0.62 - $1.16,B0D1KTJNBN,37.20%,2.40%,1250899710,31.70%,28.80%,B0BPN84MD5,24.30%,22.40%,"B0D1KTJNBN,B0D1877K3Q,B0D186R23L,B0CLB85MP8,B0D18MSLRS,B0B75LSVVX,B09FFQTNLC,B0D3F5WSFF,0578771055,B097RN7JZB",Man
mens yoga pants,男式瑜伽裤,,,SP广告词,31,1,B0C4GQTCJK,"141,084","13,996",79,0.57%,"382,581","5,825",2,0,"22,115",0.6,194,10.50%,1.10%,$1.15 ,$0.87 - $1.47,B082Z6DCPC,5.60%,0.70%,B07MBMKTQL,2.70%,0.00%,B09QHLDWZJ,2.30%,0.40%,"B08LMJYLPP,B07MBMKTQL,B082Z6DCPC,B08P1NVJDW,B0B1WLXSTJ,B09NPMZ41D,B01AK99L7S,B09F5RQTZL,B09BHXHRGZ,B07Y1XSPL4","Pants, Yoga, Yoga Pants"
baggy shorts,宽松短裤,,,SP广告词,30,1,B0BFDRQLNC,"140,227","13,589",360,2.66%,"379,410","5,868",9,5,"9,502",1.4,275,10.50%,0.00%,$0.75 ,$0.61 - $0.93,B0C991WL3B,3.90%,0.00%,B0C9935HFX,3.40%,0.00%,B0C9935212,3.30%,0.00%,"B08P55PW83,B01BGYIE7E,B0CH399J2D,B0C9935212,B0CX89KSHB,B08XVXWHPK,B0C2V61CKK,B0D2KQVZ6P,B0C994S2V7,B09SWK1S98","Shorts, Baggy"
lululemon shorts dupe,Lululemon 短裤欺骗,,,视频广告词,30,1,B0BFDTMBGP,"135,183","13,967",8,0.06%,"410,482","5,753",1,0,627,22.3,155,13.20%,1.30%,$0.60 ,$0.44 - $0.75,B097D4YNPM,4.80%,1.30%,B097D5ZP88,4.40%,0.00%,B09XDS2M1G,4.00%,0.00%,"B09XDS2M1G,B0B63TNPXX,B097D5ZP88,B096WVNS2R,B0CJ5134DL,B0BY8HWTJK,B0C32XPQ98,B0BR3JMG7L,B0BQVYYH3M,B09MKN1MJ5","lululemon, Shorts, Dupe"
prime day,黄金日,,,SP广告词,30,1,B0C4GV51WK,"143,231","92,345","15,689",16.99%,"1,940,836","36,309",356,0,"8,887",10.4,220,14.60%,12.30%,$1.07 ,$0.68 - $1.21,B09XMMZSWW,5.90%,7.50%,B09H799G1B,4.40%,2.90%,B08QJ8SHGV,4.30%,1.90%,"B09XMMZSWW,B07WP4165D,B003P02EGU,B07BQXJ123,B0C6GTHRL2,B07MWTH3BY,B09QKBBNCX,B09ZKZYBZX,B07XVY344Z,B0BY8VQYXZ",Prime
cool shorts,酷短裤,,,SP广告词,30,1,B0CHMN8TDS,"141,668","12,317",448,3.64%,"307,064","4,790",11,10,"2,402",5.1,38,19.80%,0.00%,$1.12 ,$0.85 - $1.40,B0D1VPZF16,9.80%,0.00%,B0CB35DMF9,6.10%,0.00%,B0CC91PK44,4.00%,0.00%,"B0CB2JX7KG,B0CC948JVD,B09VBPYQ7D,B09P2R2G7N,B0CGV6BZ3G,B0D1VM1SSC,B0CFPRQP7B,B0B7MVHJK8,B0C23M4KGS,B0CBMHYBRR","Cool, Shorts"
g gradual mens shorts,g 渐变男式短裤,,,SP广告词,29,2,B0C4GV51WK/B0BFDRQLNC,"252,778","6,856","1,101",16.07%,"150,171","3,262",26,0,130,52.7,92,17.10%,3.20%,$1.99 ,$1.49 - $2.49,B07Q3TV8XD,7.40%,0.70%,B09PYTB1BQ,5.40%,1.40%,B09PYR7WHV,4.40%,1.10%,"B09PYTB1BQ,B0CX53SVDF,B09VT4R3B3,B0CWP48348,B09PYNBCHH,B07Q86DGD9,B09VT6J8SX,B094F6RDCD,B096XRXCGV,B09PYN44H1",Shorts
mens athletic shorts with liner,男式衬里运动短裤,,,自然搜索词,29,1,B01AK7Y102,"673,928","2,784",579,20.81%,"65,100","1,353",14,0,"2,178",1.3,112,12.90%,5.60%,,-,B0D2RLHHJ9,4.80%,0.90%,B09WXSHZZK,4.10%,4.60%,B08R7GNZTD,3.90%,0.00%,"B09WXSHZZK,B09JZ1L3J5,B08XM7421N,B08346K3ZS,B0BNW5DWR1,B0D2RLHHJ9,B0CN6VDS4K,B0BT6V92HH,B0D1QWYNH7,B09VBRB3KL","Athletic, Shorts"
fishing shorts,钓鱼短裤,,,SP广告词,29,1,B0BFDVPFKX,"153,750","14,693","1,387",9.44%,"422,676","7,044",32,36,"2,582",5.7,66,14.70%,1.60%,$0.81 ,$0.61 - $1.00,B07GSZQVX2,7.80%,1.30%,B09P4RLZSD,4.30%,0.30%,B0C1H1L89N,2.60%,0.00%,"B09P4RLZSD,B07GSZQVX2,B0B1LB9B18,B0C134M8C1,B0BW3MGKKG,B00PARBI1S,B0BKSS8LDF,B094LL69GS,B0B83S33QR,B0B58L2JHB","Fishing, Shorts"
laslulu,拉斯鲁鲁,,,SP广告词,29,3,B0C4GV7NNK/B0C4GRTZJR/B0BFDSVMPF,"366,553","4,825","1,038",21.52%,"116,664","2,058",24,154,155,31.1,394,21.50%,9.60%,$0.86 ,$0.62 - $1.09,B0BR7LX4TS,9.30%,3.20%,B0BR7MX3L4,6.40%,4.30%,B0BR7NSY3V,5.70%,2.10%,"B0D9VGGSX4,B0D9H65HF9,B0D8T9871B,B0D8F4Q4WW,B0BR7NSY3V,B09J88G3JJ,B0D6VZTVGS,B0B2RGKQGZ,B0D7PTS69P,B0D5CNTP6G",lulu
hoka speedgoat 5 mens,hoka speedgoat 5 男装,,,SP广告词,28,1,B0CHMNB423,"141,024","15,150",428,2.83%,"380,614","6,756",10,0,108,140.3,12,31.10%,1.80%,$0.50 ,$0.37 - $0.62,B09KTWXD6W,14.70%,0.00%,B0C45RRHNX,8.90%,1.80%,B0CBT4TH8H,7.50%,0.00%,"B09YTWVLK8,B0C46198H9,B09KTV5VHD,B07CYZKGX5,B0CH1M5T62,B09MGCTB9G,B09Q745Q8M,B0B1NRQ253,B0B747TLBC,B0BJ7G2NT9",oka
mens shorts 5 inch inseam,男士短裤 5 英寸内缝,,,SP广告词,27,1,B0BFDTMBGP,"164,186","13,469",26,0.20%,"326,611","6,135",1,0,"1,855",7.3,33,13.80%,0.50%,$1.20 ,$0.89 - $1.50,B07F1521RT,6.80%,0.30%,B07R1J9J3J,4.20%,0.30%,B0D3S8M18H,2.80%,0.00%,"B07F1521RT,B0BTRKTLDZ,B07DZTY396,B07JMNMHZ9,B09PYTB8SD,B09VBK13ZV,B0BLYVSVTL,B0CQ893MT7,B082G6SCM1,B07R1J9J3J","Shorts, Inseam"
men stuff,男人的东西,,,视频广告词,27,1,B0BFDTMBGP,"164,606","10,617",45,0.43%,"235,848","5,084",2,0,"3,630",2.9,78,16.00%,3.50%,$1.20 ,$0.89 - $1.50,B0BKZW27FY,6.30%,0.00%,B09N1B6LL3,6.00%,3.50%,B09CDCRKNZ,3.70%,0.00%,"B09N1B6LL3,B01NAPQ4QP,B077ZKDQLV,B09P1DV7D8,B0BKZW27FY,B07S1BNNYD,B08L7SN8NR,B0B975F6TX,B07H4JBVPQ,B08DP2QH3J",
mens fishing shorts,男士钓鱼短裤,,,SP广告词,27,1,B09WMZR2XM,"159,774","15,055","1,692",11.24%,"366,510","6,396",39,0,"2,506",6,113,12.50%,0.80%,$1.90 ,$1.42 - $2.39,B07GSZQVX2,6.90%,0.30%,B0BKSS8LDF,3.50%,0.30%,B00DNNMKPE,2.10%,0.30%,"B07GT1992N,B07GSZQVX2,B0B1LB9B18,B09P4RLZSD,B0BKSS8LDF,B08HP8H34B,B0B83S33QR,B0C6161SVS,B07QQPX4V1,B081W8HRM4","Fishing, Shorts"
men nike shorts,男士耐克短裤,,,SP广告词,27,2,B09WMYXNJ9/B09XQVCZ8B,"164,605","12,887",494,3.84%,"342,973","6,431",12,0,"2,368",5.4,50,12.10%,4.00%,$1.22 ,$1.00 - $1.44,B07BPLHK9T,4.60%,2.60%,B01JIPH51Y,4.20%,0.70%,B09PG3392C,3.30%,0.70%,"B07BPLHK9T,B087M3RDVK,B07NJPDSSX,B01JIPH51Y,B0B6JVLX52,B01AK7Z2AU,B098NFCL3J,B071JN1N8F,B08NYKGWR2,B07CZC664D","Shorts, NIKE"
champion sweatpants,冠军运动裤,,,SP广告词,26,1,B01AK7Y102,"151,745","10,528",923,8.77%,"288,538","4,495",21,6,"2,072",5.1,205,12.50%,2.50%,$0.91 ,$0.80 - $1.13,B01IE1OFJI,4.70%,0.00%,B00FSB61A4,4.10%,2.50%,B0CRK7NXYJ,3.80%,0.00%,"B00FSB61A4,B01H7HOS2O,B01IE1OFJI,B073R29T2P,B01IE1OY5S,B00FSB64DS,B08MT2RZNV,B073R2D4MD,B095CTQ8BV,B0746S3QMV","Sweatpants, Champion"
mens shorts long,男式短裤长,,,自然搜索词,26,1,B0C1365SJV,"822,465","2,303",63,2.77%,"65,515",899,2,0,"29,590",0.1,111,9.30%,0.00%,$1.21 ,$0.91 - $1.50,B082TJ8LV7,4.60%,0.00%,B08T1M2BD8,2.40%,0.00%,B00PZTVEMY,2.20%,0.00%,"B082TJ8LV7,B00PI5FJHG,B077SP15PG,B0CWP4N64D,B09VT587SP,B06Y6F8WQM,B089GTF648,B07NDP7ZTX,B08911QKQL,B009CTUD16","Long, Shorts"
lounge pants men,休闲裤男士,,,SP广告词,26,2,B0C4GQTCJK/B00AKSCXEI,"163,714","12,177","2,157",17.72%,"347,933","5,053",49,1,"8,056",1.5,570,12.70%,2.20%,$0.86 ,$0.64 - $1.08,B08J94VK3Y,5.60%,0.70%,B088ZVJGYK,4.40%,0.70%,B07MZRNGT1,2.60%,0.90%,"B07MZRNGT1,B01AK99GKA,B088ZVJGYK,B08J93D2DV,B088ZY9L8B,B008YWF85S,B00FSB5YHK,B079J1M8FV,B08J94VK3Y,B0CV5WBL93","Pants, Lounge"
the delivery man,送货员,,,SP广告词,26,1,B0BFDVPFKX,"157,345","22,800","2,672",11.72%,"490,621","9,250",61,5,493,46.3,13,95.00%,0.00%,$1.12 ,$0.83 - $1.39,B00I8R4NSW,88.30%,0.00%,B00I8R4DNC,5.60%,0.00%,B06XD1NK8C,1.10%,0.00%,"B00I8R4DNC,B00HSM7HB8,B00GEKO51U,B008V43UPY,B06XCKJWBD,B0BJW38VQ9,B01AGR87RE,B0BK7NRHQY,B00DU719GO,B078F1DSP4","Man, Live"
black workout shorts,黑色运动短裤,,,SP广告词,25,1,B0BFDSVMPF,"166,245","10,378",20,0.20%,"217,633","3,974",1,0,"3,003",3.5,45,11.10%,5.80%,$1.14 ,$0.87 - $1.34,B0BJQ81RJL,3.90%,2.40%,B09LTSFMXK,3.70%,0.30%,B0BTH4ZHHV,3.60%,3.00%,"B0BTH4ZHHV,B09XZRCZ77,B0BJQ81RJL,B09N8NLPRK,B0BL1KKNP7,B087JMK99G,B09MKP467J,B09KNK5B14,B097D4YNPM,B0CP1YHR5M","Black, Shorts, Workout"
women's workout shorts,女式运动短裤,,,SP广告词,25,1,B0C4GV51WK,"164,776","14,442","1,763",12.21%,"376,099","6,435",40,3,"12,062",1.2,174,7.20%,1.90%,$1.92 ,$1.41 - $3.86,B082XJTH6S,2.50%,0.70%,B0BJQ3J716,2.40%,0.90%,B082XK4W7W,2.30%,0.20%,"B082XK4W7W,B09MM6TWP3,B0BJQ3J716,B09T9H3K58,B082XJTH6S,B09XZRCZ77,B09KNH2FNH,B087JMK99G,B087JF92DJ,B074SHQ18W","Workout, Shorts"
workout accessories for men,男士健身配件,,,SP广告词,24,2,B09WMYXNJ9/B00AKSCXEI,"304,213","5,954",38,0.65%,"121,565","2,791",1,0,"8,862",0.7,251,15.30%,9.10%,$0.63 ,$0.47 - $0.80,B0BFF5MN6T,6.70%,6.80%,B0CFYGP7G4,5.20%,2.30%,B0B9RW6T5N,3.50%,0.00%,"B0BFF5MN6T,B08RYQXJPK,B091669827,B0CFYGP7G4,B081TQB6BC,B07S1BNNYD,B07G824Z3V,B09P1DV7D8,B08LKVQ3GX,B0CCY5PZ7B","Workout, Accessories"
mens athletic shorts 5 inch,男士运动短裤 5 英寸,,,SP广告词,24,1,B09XQVCZ8B,"162,791","13,336",378,2.84%,"344,531","5,421",9,2,"2,037",6.6,40,13.10%,2.90%,$1.35 ,$1.00 - $1.69,B07R1J9J3J,5.10%,0.80%,B09PYTB8SD,4.00%,1.20%,B09PYSSR6D,4.00%,0.80%,"B09PYTB8SD,B0BLRBS6NP,B0BX7JC52G,B07R1J9J3J,B09VBK13ZV,B08XPZ3MYM,B0C27FN2BN,B0CQ89H4T2,B0BS3S1MHC,B07QV7SBW7","Athletic, Shorts"
shor,短,,,视频广告词,24,1,B0BFDTMBGP,"166,549","9,522","1,384",14.54%,"240,011","4,173",32,23,789,12.1,5,81.20%,0.00%,$0.40 ,$0.30 - $0.50,B019JHYAEQ,57.90%,0.00%,B019JI9SZQ,12.60%,0.00%,B0794WF7RF,10.80%,0.00%,"B0BJQ3J716,B0CRHF41F7,B0BJQ81RJL,B08LT9MJM2,B07YP9TWCX,B0BTH4ZHHV,B087M3MJ1L,B07BPLHK9T,B078VZ5QBW,B019JI9SZQ",
nike aeroswift running shorts,耐克 aeroswift 跑步短裤,,,HR推荐词,22,1,B0CHMM393V,"172,824","8,385",595,7.10%,"243,249","3,613",14,0,146,57.4,124,38.20%,5.30%,$0.60 ,$0.44 - $0.75,B0B3V32XB3,24.40%,0.00%,B08BY9ZP76,9.20%,2.60%,B0CYGR1B87,4.70%,2.60%,"B0CYGR1B87,B0BY8H3GWL,B0B8QGQKVY,B0B3V32XB3,B08BY9ZP76,B0CDW9QXVM,B0B1B95J1C,B08BY8DBC8,B0C5NL1R7P,B0CP1RBP8M","Shorts, NIKE, Running"
cargo shorts for men big tall,男士高大工装短裤,,,SP广告词,21,1,B0BFDVPFKX,"179,793","12,560","1,630",12.98%,"309,842","5,759",37,0,"2,996",4.2,40,12.80%,2.00%,$1.25 ,$1.05 - $1.55,B008I5816E,5.20%,1.80%,B00XKYLJDU,3.90%,0.30%,B0775MHLC7,3.80%,0.00%,"B00XKYLJDU,B008I5816E,B09LSKPRRW,B00PI5FJHG,B017GAFO3E,B07YP9JK3F,B07HNWV3MH,B0CQZ5FC47,B017GAFNC6,B01N7INH2B","Cargo, Cargo Shorts, big, Tall, Shorts"
corduroy shorts men,灯芯绒短裤男士,,,品牌广告词,21,1,B0BLKN87V4,"180,891","12,725",344,2.71%,"294,663","5,578",8,2,"1,810",7,43,24.50%,1.40%,$1.01 ,$0.76 - $1.26,B0CS6M4KM1,19.20%,1.00%,B0D76NQ6HL,3.00%,0.00%,B0CS5Y594G,2.40%,0.30%,"B0CM5RH5MN,B0CS65P9HN,B0CS6M4KM1,B0CPP22RLV,B0D76MMCGS,B0D3TFX7F1,B0B7D6QCK6,B0BS63T39X,B0D812N33Z,B0C3GWWNDW","Shorts, Corduroy"
techtraining shorts men,,,,HR推荐词/SP广告词,21,2,B0BFDTMBGP/B0BFDRQLNC,"333,812","2,046",58,2.85%,"54,070",919,2,27,50,40.9,215,26.40%,4.40%,,-,B0D8YH4G9P,10.30%,0.00%,B08LTB9SZW,8.20%,0.00%,B08LTBLD95,7.90%,4.40%,"B086CC2RJ9,B0DBP6JDKM,B0D8YH4G9P,B0DBL9QGBB,B0DBQ45XP7,B0DBQC87XZ,B0DBQ4SNR9,B0DBHTPTDJ,B08LTB9SZW,B0DBQF1JX3","Shorts, Training"
mens pj shorts,男士睡衣短裤,,,SP广告词,21,1,B09T3QHVVM,"182,171","10,033",63,0.63%,"220,696","4,518",2,0,"1,714",5.9,25,11.20%,1.20%,$1.85 ,$1.26 - $2.16,B07PM93ZL1,5.30%,0.20%,B08VFC3W7S,3.50%,1.00%,B07PP86MLM,2.40%,0.00%,"B07PM93ZL1,B07RJSL1TL,B0CJK1JVYS,B08VFC3W7S,B09T3PJWSR,B00RFHM1H6,B07V5NCT9X,B0151E6PB2,B07HFGWQX6,B07GXZ23KG",Shorts
aoxjox shorts,aoxjox 短裤,,,SP广告词,21,1,B0C4GQTCJK,"181,888","15,297","1,228",8.03%,"430,802","7,276",28,0,219,69.9,224,36.30%,3.60%,$1.15 ,$0.87 - $1.45,B09DY4T6LC,19.60%,1.80%,B0CCHTSCQG,9.90%,0.00%,B09DY67WTN,6.80%,1.80%,"B09VXY3LHL,B09DY4T6LC,B0C6DJCSW7,B0C74GH5G2,B0C1GH6G1T,B09VXYZ9FV,B0CGXKWGFN,B0C36XFBF8,B0C1GJ9HH5,B09189GV84",Shorts
men underwear brief,男士内衣内裤,,,SP广告词,21,1,B0BFDVPFKX,"185,536","12,504",746,5.97%,"353,253","5,036",17,0,"10,061",1.2,51,14.10%,3.60%,$2.39 ,$1.78 - $2.65,B06XWMBCHN,7.80%,1.60%,B07J662VTV,3.40%,0.20%,B00VTV7QHY,2.90%,1.80%,"B00VTV7QHY,B00ACIGNMY,B086L69KDP,B086KSDTQ4,B07QGBDV96,B004QO7MG6,B00CEIU7JU,B06XWMBCHN,B01H39T2D6,B086KX1X2F","Brief, Underwear"
bamboo shorts men,竹短裤男,,,SP广告词,21,2,B09WMZR2XM/B09T3QHVVM,"347,145","5,207",177,3.40%,"107,620","2,417",5,2,685,7.6,48,17.40%,0.60%,$1.44 ,$1.08 - $1.79,B09V6FN1Y7,6.30%,0.00%,B0B29JXFWM,6.10%,0.60%,B09V6PSSZB,4.90%,0.00%,"B09V6PSSZB,B0BKGTWL6Z,B0B29JXFWM,B0C8NF3XRW,B0C28151CC,B0C8NDP14V,B09VBFYTX2,B0CJN7FCPF,B09SKWNB88,B082G9PZQ8",Shorts
black nike tech,黑色耐克科技,,,视频广告词,21,1,B0BFDTMBGP,"186,460","4,750",23,0.49%,"107,898","1,845",1,0,426,11.2,1,35.40%,14.90%,$0.75 ,$0.56 - $0.93,B08GBYV8B1,13.70%,14.90%,B09P9V6VF5,10.90%,0.00%,B0BFQGBR5G,10.90%,0.00%,"B08GBYV8B1,B0C9R5MFG5,B08GC25T7P,B08DNL16YG,B08L6X1F3M,B0CJYH9KQ7,B08DNLT7ZS,B0882BMYYT,B0959JT4PV,B0C4PH51YL","Black, NIKE"
mens tank tops graphic,男式背心图案,,,SP广告词,20,1,B0CHMNB423,"186,110","11,579","1,057",9.13%,"235,482","5,231",24,0,"30,526",0.4,77,6.50%,1.40%,$0.86 ,$0.64 - $1.08,B08L9FZ3PQ,2.90%,0.60%,B07CP9T9T2,2.00%,0.00%,B07ZPR3N9N,1.60%,0.80%,"B081TP5PQK,B07CP8QSDG,B07HJH85W8,B07ZPR3N9N,B0D14LXB2V,B093D6H5FP,B08K4F3JTQ,B098G2VZS7,B07TJJZBPB,B0D5VHF5ZX","Graphic, Tank Top"
men khaki shorts,男士卡其短裤,,,品牌广告词,20,1,B0BLKN87V4,"194,087","8,543",234,2.75%,"216,942","3,281",6,0,"2,819",3,153,9.50%,1.70%,$1.73 ,$1.21 - $2.17,B016Y825YU,5.00%,0.60%,B009CTUBIQ,2.30%,0.30%,B0CFDVLKML,2.20%,0.90%,"B01JQTN8SQ,B016Y825YU,B009CTUBIQ,B0C26D741D,B08RBHVS7K,B00XKYM95C,B07FHBQPMC,B07HNVJCWR,B0CQZ44CT1,B0921RMCPL","Khaki, Shorts"
men workout shirt,男士运动衫,,,SP广告词,19,1,B0C4GQTCJK,"198,627","9,947",929,9.34%,"248,582","4,198",22,0,"13,638",0.7,79,10.40%,2.20%,$1.16 ,$0.89 - $1.66,B077ZJXCTS,3.90%,1.10%,B0CSJ417P3,3.60%,0.30%,B0787P86ZZ,3.00%,0.80%,"B0785VMVF4,B08BC4HDS2,B077ZJXCTS,B0855P81R3,B01FXGNEEO,B07DRMT92L,B0B728NH19,B0CSJ417P3,B071DVQLT2,B08XZ5QYXK","Workout, Shirt"
northyard mens athletic shorts,北院男式运动短裤,Y,,AC推荐词,19,3,B0BFDTMBGP/B09P3T8X61/B0BFDRQLNC,"196,717","13,238",406,3.07%,"351,234","5,920",10,13,23,575.6,19,19.60%,2.00%,$7.42 ,$5.57 - $9.27,B0BFDTRNNR,10.20%,0.70%,B09P3RHNSY,4.70%,1.20%,B0B9FTDJMW,4.70%,0.10%,"B09P3RHNSY,B0BVMD965M,B0BQ21S181,B0BVGNPZ78,B0CX19H4HZ,B0CX1DGBCL,B0CYLVNGST,B0CW9NG5W3,B0CYLPF52J,B0D5LCKFLF","Athletic, Shorts"
travel must haves for men,男士旅行必备,,,自然搜索词,19,1,B0CHMNB423,"895,050","1,846",17,0.96%,"47,833",773,1,0,"3,466",0.5,33,16.30%,10.50%,$0.87 ,$0.66 - $1.10,B07P1SFHK3,7.10%,0.00%,B00L1GHHV2,4.80%,2.60%,B07GGR1N4Y,4.50%,7.90%,"B07GGR1N4Y,B07P1SFHK3,B07CN6ZDVY,B0BYBHRZ7T,B00L1GHHV2,B09DGDDK1C,B0B5XQX9P4,B0822G8NCF,B07MYW7C3Z,B0C5R981CT",Travel
outlet amazon outlet,亚马逊出口,,,SP广告词,19,1,B0C4GV51WK,"198,695","9,296",254,2.74%,"230,678","3,755",6,0,"8,068",1.2,30,13.30%,11.80%,$1.59 ,$1.19 - $1.99,B07DK5W36Z,6.10%,0.00%,B00AX502XW,4.50%,0.00%,B09QKBBNCX,2.80%,11.80%,"B089DR29T6,B00AX502XW,B00C6OVAPC,B09QKBBNCX,B077ZL67P1,B0D8VWP3JZ,B082YQ4QWW,B07B8W2KHZ,B08QTRG66J,B0D1N7GH66",Amazon
truewerk shorts,短裤,,,SP广告词,19,1,B0BFDTMBGP,"198,865","8,600",377,4.39%,"219,897","3,380",9,0,146,58.9,5,44.80%,4.30%,$10.00 ,$9.00 - $11.00,B093Y4162R,22.40%,2.20%,B0BSP3VYJC,15.20%,0.70%,B0BSNZT65J,7.20%,1.40%,"B0CX1D8L5W,B0CKHKLBD7,B08C536GB7,B075MYDWW2,B07GSZL1P6,B07YP9TWCX,B07XNKBHMW,B095X7W1JS,B09RQCTCLY,B0953MT8P7",Shorts
5 inch shorts men,5寸短裤男,,,SP广告词,19,1,B0BFDTMBGP,"199,621","11,386",55,0.49%,"269,895","5,041",2,0,"2,241",5.1,64,11.70%,3.20%,$1.35 ,$1.00 - $1.69,B07R1J9J3J,6.10%,1.20%,B09PYTB8SD,2.90%,0.40%,B0CQ893MT7,2.70%,1.60%,"B07DZVVBSK,B0CQ893MT7,B09VBK13ZV,B07DZTY396,B09PYTB8SD,B07R1J9J3J,B0C12V9KWL,B082G6SCM1,B07QV7SBW7,B0BLYVSVTL",Shorts
vigor force for men,,,,SP广告词,19,1,B0BFDVPFKX,"202,909","11,449",326,2.85%,"313,094","4,369",8,4,179,64,24,51.10%,46.40%,$5.84 ,$4.38 - $7.30,B0D8T9NNG5,26.50%,27.30%,B0D8TD79T7,16.90%,18.00%,B0CQX4LFYP,7.60%,1.10%,"B0D8T9NNG5,B0D8TD79T7,B0D95675YQ,B0D9CCM6PM,B0D957679R,B0CPMD7LFL,B09TXCNX1Y,B0D8X5JSR7,B0D8TC3Y42,B09VMRBGK7",
adidas golf shorts,阿迪达斯高尔夫短裤,,,SP广告词,19,1,B0C4GRTZJR,"202,299","11,750",23,0.20%,"257,782","5,735",1,0,678,17.3,60,18.30%,0.00%,$2.25 ,$1.57 - $3.16,B09Z551F36,7.70%,0.00%,B095VHB49K,6.50%,0.00%,B0CLWMC1GF,4.10%,0.00%,"B09Z551F36,B0CLWMC1GF,B095VHB49K,B09Z4KQBZJ,B095RYZMVR,B074KFVPH9,B0C7FSMFDB,B09Z4WHC2N,B095R6RV9T,B0C7FQSDB3","Golf, Adidas, Shorts"
under armour shoes men,under armour shoes men,,,SP广告词,19,1,B0C4GV51WK,"204,315","8,492","1,788",21.06%,"180,187","3,823",41,0,334,25.4,21,7.30%,0.00%,$0.40 ,$0.30 - $0.50,B0CMMGWKW3,2.80%,0.00%,B0D919QY1Y,2.30%,0.00%,B087TGZQRZ,2.30%,0.00%,"B09XBVM335,B08CFT75X3,B0BZXT1RHW,B087TGZQRZ,B0BZXMJQZC,B0CJTFX16Z,B0BGQQHJFF,B099GG9SNG,B09XBW2LBP,B0BZXMXSLB","Shoes, Under Armour"
all in motion,一切都在运动,,,SP广告词,19,1,B0BFDSVMPF,"205,079","7,993","1,029",12.88%,"166,021","3,923",24,33,555,14.4,11,26.40%,0.00%,$1.21 ,$0.94 - $1.34,B0C6S3XTT2,17.50%,0.00%,B0C6S1SJZC,5.00%,0.00%,B0CTDBY9DQ,3.90%,0.00%,"B07DRNJ9X3,B08P3FCQYT,B08M3XRHSW,B07NWZ6PBF,B0C6S3XTT2,B09H7C5GGZ,B0C1JJCCDH,B07HQPKDZB,B0CLZ1NW8V,B08FMDRXDM",
dead man walking,行尸走肉,,,SP广告词,17,1,B0C4GRTZJR,"219,524","7,473",694,9.30%,"182,490","3,634",16,12,"2,297",3.3,6,68.00%,2.30%,$1.42 ,$1.07 - $1.91,B00LFF6RJW,32.50%,0.00%,B08RDSGPV1,30.50%,2.30%,B00LFF4GMW,5.00%,0.00%,"0679751319,B09M7FRSRP,B001JT6G9K,B004LKXE08,B00000K0DQ,B0CKXXVXG1,B00LFF4GMW,B0CJJZBHZQ,1774440288,B0CCF8C8F9","King, Man"
lacoste shorts for men,男士拉科斯特短裤,,,品牌广告词,17,1,B0BLKN87V4,"222,069","7,939",857,10.80%,"207,273","3,397",20,0,443,17.9,7,13.80%,1.90%,$1.80 ,$0.99 - $2.30,B0B6Q7DD16,6.20%,1.00%,B0D3R1J257,4.20%,0.00%,B00R3VF8BA,3.40%,1.00%,"B00R3VF8BA,B0B6Q7DD16,B0CHCZ9NH2,B0CHDKFFHT,B0CHDBMVYM,B01D1VEEPG,B01NALRAVD,B0B6Q99XSS,B0C117W5YQ,B0B6Q87DCG","Shorts, Lacoste"
polo shorts,马球短裤,,,SP广告词,17,1,B0C4GV51WK,"222,238","7,465",359,4.82%,"217,235","3,487",9,0,"7,613",1,66,23.90%,7.90%,$0.91 ,$0.68 - $1.13,B074V6JJZC,13.80%,6.60%,B07GQYTXVQ,5.90%,1.30%,B0D3Q278Y1,4.30%,0.00%,"B075NZQ6VD,B07GQYTXVQ,B074V6JJZC,B07GPKFW8X,B06VVNN899,B07FMTYBBD,B0979QP6KT,B07DB8764R,B0B1SBKLP1,B0979PPK5C",Shorts
one day delivery items prime,一日交货项目主要,,,SP广告词,17,1,B0C4GV51WK,"223,892","7,755",110,1.42%,"183,588","3,120",3,0,451,17.2,32,6.50%,6.70%,$1.25 ,$0.94 - $1.58,B08LGD7WRZ,2.40%,1.00%,B07BQXJ123,2.20%,1.80%,B07FPT52DY,1.90%,3.80%,"B00O869KJE,B09NWH8553,B07FPT52DY,B0BTMXPHJY,B0BZQKN5XJ,B0C6RG22VN,B09B1T5W9Y,B08C8Y26LL,B0BSMC4NZC,B002OTHOPE",Prime
nike store,耐克专卖店,,,SP广告词,17,1,B0C4GRTZJR,"227,263","7,874",241,3.07%,"196,170","3,818",6,0,"1,502",5.2,25,38.00%,0.00%,$0.60 ,$0.46 - $0.77,B0CLSD854Y,22.50%,0.00%,B07CYVDSF4,9.30%,0.00%,B0CPTDHG5Y,6.30%,0.00%,"B07CYVDSF4,B087M3MJ1L,B010RWD22S,B07MCPYYKK,B0059CVERW,B07FKFHTF7,B007OY4EKM,B0B3J6S13F,B010TR602K,B00KK6M7ZU",NIKE
golf shorts men 11 inch inseam,男士 11 英寸内接缝高尔夫短裤,,,SP广告词,16,1,B0BFDSVMPF,"235,057","7,511",230,3.07%,"180,838","3,543",6,0,560,13.4,22,18.50%,2.40%,$1.77 ,$1.34 - $2.23,B0B7NM6JMD,8.50%,0.70%,B0C6GBMNQS,7.10%,1.00%,B0CXPM3ZRS,2.90%,0.70%,"B0CXPM3ZRS,B07PNRZPV4,B0C6G8PZPV,B09N3LN7QP,B07QNJ8TQS,B0874VF3TC,B0CTLWKFG4,B082THVWSQ,B009CTU8B6,B06Y5MJZ7R","Golf, Shorts, Inseam"
nike acg,nike acg,,,视频广告词,16,1,B0BFDTMBGP,"235,252","7,043",69,0.98%,"165,703","3,452",2,47,174,40.5,20,25.20%,7.70%,$0.52 ,$0.40 - $0.72,B0BZ7THVWZ,11.00%,7.70%,B0D4YQTKYL,10.50%,0.00%,B0CJCVQX5M,3.70%,0.00%,"B077Z7MG4K,B0CV7PT5MB,B0D4YQTKYL,B0BQMZSFKP,B0BZ7THVWZ,B0CJCVQX5M,B09LH8WSX1,B0CFYM9PDK,B0BJNVJZ4L,B0C1RZHJGK",NIKE
topo athletic men,运动型男,,,SP广告词,16,1,B0BFDVPFKX,"239,233","8,351","1,077",12.91%,"169,057","3,920",25,95,63,132.6,27,7.10%,2.20%,$0.49 ,$0.37 - $0.61,B0C36B1ZYM,2.90%,1.50%,B0C36B34LK,2.50%,0.00%,B0CKBSHPQ4,1.70%,0.80%,"B0C36B1ZYM,B0C18RG8Q9,B0BH4GKNS8,B0CKBSHPQ4,B0CKBSJJ5J,B0C2YR7PVN,B0CRLG3Q9H,B0CKBX61D6,B0CKBTMTJN,B0BQ3VJ643",Athletic
mens yoga shorts,男式瑜伽短裤,,,SP广告词,16,1,B0BFDVPFKX,"238,915","8,109",19,0.24%,"234,765","3,546",1,0,"12,237",0.7,56,9.40%,2.40%,$2.71 ,$2.02 - $3.50,B09CGWK6PR,3.70%,0.00%,B082WDVVRR,3.60%,1.60%,B089JY3L85,2.20%,0.80%,"B09CGWK6PR,B0BLR7TBYL,B09JZ24Q47,B082WDVVRR,B09VBK13ZV,B08NX99GH4,B07TKMPMRK,B0BKPRVRG9,B09BQQP3F3,B0B52H35Z7","Shorts, Yoga"
mens corduroy shorts,男士灯芯绒短裤,,,品牌广告词/SP广告词,16,1,B0BLKN87V4,"237,924","8,423",249,2.96%,"209,543","3,596",6,7,725,11.6,57,24.40%,2.40%,$1.02 ,$0.76 - $1.28,B0CS6M4KM1,17.20%,2.40%,B0D76NQ6HL,5.00%,0.00%,B0D3TC41TB,2.20%,0.00%,"B0CS6M4KM1,B0CM5RH5MN,B0D3TC41TB,B0D3TFX7F1,B0D76NQ6HL,B0CPP8TGMG,B0CS65P9HN,B0CPP4RC9W,B0C3GWWNDW,B0CPP22RLV","Shorts, Corduroy"
deal of the day prime today,今日特卖,,,SP广告词,15,1,B0BFDVPFKX,"241,518","9,524",718,7.54%,"258,009","4,630",17,0,"33,160",0.3,253,8.00%,9.70%,$0.51 ,$0.38 - $0.64,B0CDZJ9JJC,2.70%,4.30%,B07BQXJ123,2.70%,1.10%,B0C6GTHRL2,2.60%,4.30%,"B0CDZJ9JJC,B09QKBBNCX,B07BQXJ123,B016YKLC92,B0C6GTHRL2,B09VRJFML3,B0D1TDTVHN,B0D6W8X9WK,B019XDR3UY,B0B2Z5JHN4",Prime
corduroy shorts women,灯芯绒短裤 女士,,,品牌广告词,15,1,B0BLKN87V4,"242,483","7,184",592,8.25%,"211,822","3,143",14,0,"1,364",5.3,121,12.00%,3.20%,$0.62 ,$0.50 - $0.68,B0B49YP6KX,4.50%,1.60%,B0BRKCY4X9,3.80%,1.60%,B0B49YQK7X,3.70%,0.00%,"B0B49YP6KX,B0C9ZG7Y8B,B07T615LX9,B019FHCCNG,B0C7QVNX48,B0C185QZPL,B0BRKCY4X9,B0BPC5HYRX,B0C652PSDH,B0CC5STBF7","Shorts, Corduroy"
men's shorts cargo,男士短裤货物,,,品牌广告词,15,1,B0BLKN87V4,"247,785","8,156","1,840",22.57%,"207,670","3,816",42,0,"3,403",2.4,27,7.60%,0.80%,$1.77 ,$1.13 - $3.56,B09QT6H6NQ,2.80%,0.00%,B07YP9TWCX,2.60%,0.50%,B0CWH5SDW9,2.20%,0.30%,"B07YP9TWCX,B0CQZ57M44,B00XKYM95C,B08TB755BP,B078VZ5QBW,B0CWH5SDW9,B00PICJYBG,B0D3HQVQ47,B01N7INH2B,B0C3DMTB61","Shorts, Cargo"
navy blue shorts men,海军蓝短裤男,,,SP广告词,15,1,B0BFDSVMPF,"248,840","6,678",239,3.59%,"197,921","2,603",6,0,"12,362",0.5,36,13.50%,0.40%,$0.95 ,$0.77 - $1.05,B07F2N43NM,4.60%,0.00%,B0BNMCWBW7,4.50%,0.00%,B0151E6XTG,4.40%,0.40%,"B0C4YHVZC6,B0151E6XTG,B07DXH9JMC,B082THYXQD,B01ES4116U,B01MCV81KJ,B07RP19WM3,B0BNMCWBW7,B009CTUGY0,B0CQZ4NL5T","Shorts, Navy, Blue"
american flag shorts,美国国旗短裤,,,HR推荐词/SP广告词,15,1,B0BFDTMBGP,"250,366","15,892",872,5.49%,"401,099","6,564",20,7,"18,015",0.9,153,8.30%,3.20%,$0.86 ,$0.64 - $1.08,B0BZYQ4Z4L,3.00%,1.10%,B07N8R4HM5,2.70%,1.10%,B0BG8R1Y4Y,2.60%,1.10%,"B07N8R4HM5,B00S9X9EDE,B07MMDCCLZ,B076CQMTYF,B09MT47Z82,B09X9KYRT3,B0887ZKFXZ,B01NCRT5MU,B0BY8DFSQF,B084BXD3PB","American, Shorts, Flag"
mens pull on shorts,男式短裤,,,HR推荐词,15,1,B09WMZR2XM,"251,951","6,782",199,2.94%,"197,735","2,847",5,0,540,12.6,43,9.70%,0.40%,$1.24 ,$0.93 - $1.54,B0C26D741D,4.50%,0.00%,B0151E6WTW,2.70%,0.00%,B0151E6XTG,2.60%,0.40%,"B0CQZ44CT1,B0151E6WTW,B0C26D741D,B01JQTFTKG,B08L4XD1JB,B08JHN4ZYD,B0728KK8VK,B08JT243GF,B07XHSGR79,B09YDPVRSB","Pull On, Shorts"
mens golf shorts 10 inch inseam,男士高尔夫短裤 10 英寸内缝,,,SP广告词,15,1,B0BFDRQLNC,"251,948","7,217",12,0.17%,"193,161","3,543",1,0,543,13.3,46,12.50%,0.70%,,-,B096YL29D2,5.10%,0.30%,B0C4YK4NDV,3.80%,0.30%,B0B7NM6JMD,3.60%,0.00%,"B07PMTLHHP,B0C4YK4NDV,B0CYSR62DB,B079VQJSF4,B00P3YV3NG,B096YKQ5P7,B0874WM8MH,B07KFZNW4V,B01NBJ0YAF,B01MA5EOSD","Golf, Shorts, Inseam"
free fly,自由飞翔,,,视频广告词,15,1,B0BFDTMBGP,"252,764","8,748",304,3.48%,"203,093","3,384",7,106,379,23.1,51,11.30%,3.50%,$3.24 ,$2.43 - $4.05,B0BX11H1G4,5.20%,1.00%,B0BX1TSD3P,3.10%,2.00%,B0CBL1639G,3.00%,0.50%,"B0BX16LCTS,B0BX26928K,B0BWZWK2HC,B0CBL1639G,B0BX1TSD3P,B0BWZXJZM4,B0BX24C3G2,B0BX13NT4L,B0CBL3C4SG,B0C6B1SJ87",Fly
oofas,乌法斯,,,SP广告词,15,1,B0BFDSVMPF,"252,037","7,407",365,4.94%,"201,152","3,300",9,0,577,12.8,38,20.30%,1.00%,$0.20 ,$0.18 - $0.25,B00D1A5PH4,9.70%,1.00%,B0D97J765B,5.40%,0.00%,B0C66F5GC5,5.20%,0.00%,"B007VDJSTI,B00D1A5PH4,B00BRC4L14,B01GA76F4G,B01GA76IWU,B0C66F5GC5,B00BRC4LLE,B00VISCJQG,B00FAZRFGW,B00VISCG1Y",
quick dry shorts,快干短裤,,,SP广告词,14,3,B09XQVCZ8B/B08JGBB9N1/B0BFDTMBGP,"260,794","6,993","1,012",14.49%,"192,728","2,797",23,3,"43,304",0.2,48,6.70%,0.00%,$1.29 ,$0.89 - $1.46,B075MRS4PT,2.70%,0.00%,B075MXT3HJ,2.20%,0.00%,B00DNNMLLW,1.80%,0.00%,"B075MRS4PT,B0C26DGFQK,B0BQ1WFHVV,B0CLCX33S4,B0BXWBMBW9,B0BNMF7HFB,B08PCXMJHG,B071CQVBMC,B09P3RHNSY,B0C6JQBGH9",Shorts
jorts baggy,短裤袋装,,,SP广告词,14,1,B0BFDSVMPF,"257,204","6,026",177,2.94%,"168,891","2,637",5,5,843,7.2,45,18.00%,0.00%,$0.74 ,$0.55 - $0.93,B0C9935HFX,7.40%,0.00%,B0CH399J2D,5.90%,0.00%,B0D7CMZH2N,4.70%,0.00%,"B0C9935HFX,B0CH399J2D,B08P55PW83,B0974QVP4H,B0D7CM9PX1,B0CCTMFX43,B0D5V4Y8LN,B0D33XKLZH,B01BGYIE7E,B0CXT47JKM","jorts, Baggy"
marathon essentials,,,,SP广告词,14,1,B09P3T8X61,"261,718","6,155",176,2.87%,"146,729","2,602",5,1,289,21.3,48,22.90%,15.30%,$0.31 ,$0.23 - $0.38,B0BYBHRZ7T,9.20%,8.90%,B09B22DZ9W,8.80%,2.60%,B004F1LNDI,4.90%,3.80%,"B0BYBHRZ7T,B004F1LNDI,B01N638AAE,B07F46HDNZ,B09B22DZ9W,B0CRKNYSQM,B087YZYM9G,B07KNDT5J7,B07R3HSPZ1,B07B9JZ6WW","Essential, Marathon"
best deals,最佳交易,,,SP广告词,13,2,B0C4GQTCJK/B0BFDVPFKX,"481,728","14,525",534,3.68%,"306,650","6,691",13,0,"6,161",2.4,152,12.80%,12.20%,$1.69 ,$1.25 - $2.29,B09XMMZSWW,6.60%,5.30%,B0BZQKN5XJ,3.20%,5.80%,B07MWTH3BY,3.00%,1.10%,"B0CP3M7JB8,B0CDZJ9JJC,B00L2MWLMK,B0C3WWC4Q7,B07MWTH3BY,B0B9G2SJVX,B08R6KMBQT,B00551OP0A,B0CPFXMMBH,B076JG7JTV",
men shorts cargo,男士短裤货物,,,品牌广告词,13,1,B0BLKN87V4,"274,887","6,713","1,345",20.05%,"149,615","2,564",31,0,"3,406",2,69,7.00%,0.80%,$1.37 ,$1.09 - $1.57,B09QT6H6NQ,2.70%,0.00%,B0CHZXR3H8,2.30%,0.00%,B078VZ5QBW,2.00%,0.80%,"B07YP9TWCX,B0CQZ57M44,B00XKYM95C,B078VZ5QBW,B0CWH5SDW9,B0D3HQVQ47,B00PICJSAI,B00PICJYBG,B0C3DMTB61,B07MMT3MH8","Shorts, Cargo"
ip man 4,ip 人 4,,,SP广告词,13,1,B0BFDVPFKX,"278,450","5,324",34,0.65%,"158,579","2,309",1,7,145,36.7,6,64.40%,0.00%,$1.12 ,$0.83 - $1.39,B085ZKVPMW,48.10%,0.00%,B0CVW3T25X,9.30%,0.00%,B085ZCZ8XF,7.10%,0.00%,"B0833XLZD3,B0833XNHNH,B08611J4JW,B09BY81LH6,B0833VRPQ2,B09BW9MHC5,B0CVW57KZB,B085W3L1B7,B085W3JNH7,B082XSGL6N",Man
crocs off court,法庭外的鳄鱼人,,,SP广告词,13,1,B0BFDVPFKX,"278,179","6,959",225,3.24%,"186,509","3,088",6,1,73,95.3,17,47.00%,2.10%,$0.40 ,$0.25 - $0.50,B0BFNN8652,20.50%,2.10%,B0C6FLHGY9,15.40%,0.00%,B0BFNNPTV5,11.00%,0.00%,"B002JCSSRE,B0BQVTS9ZZ,B0CLC1DB5P,B0784PK26V,B0CLBNMHZ7,B0CLCBQNZ1,B0014C5S7S,B087CFVJVK,B002JCSSPG,B0BQVJ2579",
eagles jersey,老鹰队球衣,,,SP广告词,13,1,B0C4GQTCJK,"282,090","4,981",11,0.23%,"139,570","2,450",1,1,"3,244",1.5,59,21.70%,0.00%,$0.55 ,$0.40 - $0.68,B08SHSBLGK,11.80%,0.00%,B0CHDBXLB7,4.90%,0.00%,B0D648DNCZ,4.90%,0.00%,"B0CHDBXLB7,B08SHSBLGK,B09TWX7SZP,B0C5FZL286,B09VB42GS5,B0D64C5583,B0CQXB68V1,B07FRFHVS5,B09BW5PFCW,B0BNQVLXKL",Jersey
grappling shorts,抓斗短裤,,,SP广告词,13,2,B09P3T8X61/B0BFDTMBGP,"280,888","5,510",35,0.65%,"154,384","2,721",1,7,953,5.8,48,18.40%,4.80%,$1.07 ,$0.80 - $1.34,B01K5FEYG0,7.70%,2.80%,B07PY4C6PH,6.20%,1.40%,B0722Y2X7M,4.60%,0.70%,"B07PY4C6PH,B0768KK4C9,B01K5FEYRE,B07FZ7W1K9,B07GVPS8DZ,B09S4S8JRS,B09BZPLSFK,B08M3BDLMR,B0CH3ZCX9S,B09TWZR36L",Shorts
nike golf shorts for men,耐克男士高尔夫球短裤,,,SP广告词,13,1,B0BFDSVMPF,"282,529","6,812",50,0.74%,"177,104","2,860",2,0,704,9.7,8,26.70%,3.50%,$2.25 ,$1.63 - $2.57,B07DX4H4M4,13.80%,2.90%,B07GXVND2H,7.90%,0.00%,B07DX15KLZ,5.00%,0.60%,"B07DX4H4M4,B07PMTLK6P,B07DX3K1SP,B08LNYDVC2,B096YMG6LL,B08RXW7DX9,B079VQJKTK,B09Z4PGKLH,B095RHF2FF,B07GP4NP86","Golf, Shorts, NIKE"
menac,威胁,,,视频广告词,13,1,B0BFDTMBGP,"283,773","4,956","1,381",27.88%,"110,895","2,136",32,0,7,708,3,88.10%,0.00%,$0.57 ,$0.43 - $0.73,B00GJBS5HO,70.20%,0.00%,B00D7GKRJS,10.50%,0.00%,B074PDFRC3,7.30%,0.00%,"B00GJBDDMG,B0094YVOV2,B0B6385942,B01HT2DJI6,B0845LPXS8,B08GSKTJ5S,B0899G2SQ8,B01MAXXSOS,B0D56T3D6L,B0D837YRJC",
men's 5 inch inseam shorts,男士 5 英寸内缝短裤,,,HR推荐词,13,1,B0BFDTMBGP,"289,252","6,599",613,9.30%,"163,565","2,633",14,2,"1,911",3.5,8,16.40%,0.70%,$1.73 ,$1.04 - $3.47,B07JL8ZD67,6.20%,0.70%,B07DZV2Y5S,5.20%,0.00%,B0D3S8M18H,5.10%,0.00%,"B07F1521RT,B07DZV2Y5S,B0BZR4LWBD,B07R1J9J3J,B09PYTB8SD,B0BTRKTLDZ,B0CQ893MT7,B09VBK13ZV,B08XPZ3MYM,B0C12V9KWL","Shorts, Inseam"
mens red shorts,男士红色短裤,,,SP广告词,12,1,B09P3T8X61,"289,260","6,208",854,13.78%,"129,030","2,655",20,0,"10,502",0.6,14,10.00%,1.60%,$1.11 ,$0.82 - $1.38,B08RMN7KRF,3.90%,0.00%,B0949577W3,3.10%,0.00%,B0CHHXQG2J,3.00%,1.60%,"B0CHHZ6CLN,B0949577W3,B0071A07NC,B01K4IXHXY,B0CHHXQG2J,B0C27F9Z8C,B0CRKRVR5K,B087LXMMBK,B01AK7YAXU,B07CZC664D","Shorts, Red"
grey shorts,灰色短裤,,,SP广告词,12,1,B0C4GV51WK,"290,359","5,576",175,3.15%,"154,536","2,376",4,0,"5,438",1,145,11.40%,8.50%,$1.26 ,$0.94 - $1.59,B08SQXB1FG,4.10%,1.20%,B09BJMGD5M,4.00%,3.70%,B0151E6OVI,3.30%,3.70%,"B0151E6OVI,B08SQXB1FG,B09QT1Q5LR,B07F2S11GD,B0BNM8MN5Y,B0CC575QWN,B01AK7Z2AU,B07WNS1ZRY,B0D2WBXFYF,B00AKSCYBA","grey, Shorts"
water shorts,水短裤,,,SP广告词,12,1,B0BFDRQLNC,"293,826","6,027",195,3.24%,"152,553","2,840",5,1,"1,182",5.1,13,7.90%,0.70%,$1.25 ,$0.93 - $1.55,B0829R8LD1,2.60%,0.70%,B07QNZ9LQZ,2.60%,0.00%,B0829S2NB2,2.60%,0.00%,"B07QVSZHFW,B0BN551JWX,B09BF7Q37G,B09MHCXD25,B0829RRSXJ,B097D5ZP88,B082W4WN4M,B08DTZPW12,B0CNK3HLN8,B083WRMBY1",Shorts
jmierr mens shorts,,,,SP广告词,12,2,B0BFDVPFKX/B0BLKN87V4,"306,466","6,363",199,3.13%,"184,496","3,079",5,2,302,21.1,32,17.90%,2.00%,$1.32 ,$0.99 - $1.64,B0BLKJHVBN,9.30%,1.30%,B0BQQYDHLG,4.40%,0.70%,B0BWY2KJKL,4.30%,0.00%,"B0BQQRT8SP,B0BRVKLTVR,B0CNPKJ55J,B0CP28B7CB,B0CS5Y594G,B0CNX9J2XC,B0CTMBZH4Y,B0BWY2Y6PC,B09TFJVKD6,B0CM8MBWHR","JMIERR, Shorts"
athletic,运动员,,,视频广告词,11,1,B0BFDTMBGP,"305,862","5,639",49,0.87%,"142,093","2,499",2,97,"14,698",0.4,131,10.40%,21.90%,$1.09 ,$0.94 - $1.33,B097D59D9V,4.20%,0.00%,B08X2SZFBR,3.20%,13.20%,B07DJPVX8W,2.90%,8.80%,"B09NNF65GV,B0821T5RGG,B08VDVZZ81,B097D5ZP88,B0C495HWJH,B0821SXVPH,B08TM8T3ZX,B0B3JNKRWM,B07QN3K2XN,B07DJPVX8W",Athletic
men's letter print drawstring waist shorts,,,,SP广告词,11,2,B0BFDVPFKX/B09T3QHVVM,"575,888","2,388",69,2.93%,"56,795","1,065",2,259,519,4.6,109,20.40%,0.00%,,-,B0D8TCND71,7.40%,0.00%,B0D9248GNQ,7.10%,0.00%,B0D8TBHPQP,5.90%,0.00%,"B0D8TDTVDD,B07H5P8M39,B0D922BGVQ,B0D8TCL79N,B0D8W1WQ48,B0D8QJDBY9,B0CL8Q88K2,B0D8W5Y1QG,B0D94H9TF2,B0D8VZJPQT","Shorts, Letter, Drawstring, Drawstring Waist"
mens 2 in 1 shorts,男士二合一短裤,,,SP广告词,11,1,B0BFDSVMPF,"309,830","6,531",201,3.09%,"150,004","2,729",5,3,543,12,35,16.00%,1.10%,$1.37 ,$1.02 - $1.73,B08XM7421N,6.40%,0.60%,B0D1QWYNH7,5.20%,0.60%,B089JY3L85,4.30%,0.00%,"B0BNW3CD3W,B0D1QZ7464,B083463RFH,B09LHCQCV6,B0D2RLHHJ9,B0CNVQT7JY,B09VBRK6DZ,B08XM7421N,B09PQCFRZS,B0C12S3KBQ",Shorts
sweatpant shorts,运动裤短裤,,,SP广告词,11,1,B0C4GV51WK,"313,506","5,495",356,6.49%,"139,354","2,579",9,2,"5,144",1.1,270,23.00%,2.90%,$1.01 ,$0.76 - $1.26,B0BYNM7MWQ,13.20%,1.90%,B0BYNQCNF6,6.20%,0.00%,B09QT1Q5LR,3.60%,1.00%,"B09QT1Q5LR,B0BZVRSTVJ,B08YJQ5XGM,B0BNM8MN5Y,B09KH36DJ3,B09MTFQ27Y,B0BYNQCNF6,B0D2WB1JM3,B092LZMSW9,B0D5493ZHJ",Shorts
men fashion,男装,,,SP广告词,11,1,B0C4GV51WK,"309,825","5,751",2,0.05%,"165,419","2,446",1,0,"78,293",0.1,125,5.60%,0.00%,$0.88 ,$0.67 - $1.11,B0BND82T5M,2.20%,0.00%,B0CNSVJGBV,1.80%,0.00%,B0713NTMBQ,1.70%,0.00%,"B0BLYXM1XB,B0CMZKN31G,B077ZKDQLV,B0CNSVJGBV,B071JYV6LN,B09H35K95N,B0CL6T64BG,B004HTQ93W,B0713NTMBQ,B0CPWQY8G3",Fashion
decathlon,十项全能,,,SP广告词,11,1,B0CHMN8TDS,"317,432","5,065",653,12.91%,"140,234","2,403",15,30,225,22.5,36,38.80%,37.50%,$2.17 ,$1.54 - $2.98,B0CSHJSVTH,26.10%,12.50%,B0CVMH1XQY,7.90%,25.00%,B0CT3GR33D,4.80%,0.00%,"B0CVMH1XQY,B0CSHJSVTH,B0BR3N8J5Q,B0CXJJMXZJ,B075LKVP7R,B0CSKDWWFR,B0787P86ZZ,B08T6GHPB7,B082HNFVVZ,B019N9W7WC",Cat
jorys,JORYS,,,视频广告词,11,1,B0BFDTMBGP,"312,895","4,517",133,2.96%,"102,261","1,878",4,0,84,53.8,28,13.10%,2.90%,$0.68 ,$0.50 - $0.85,B08P55PW83,5.10%,2.90%,B0D919K3PK,4.30%,0.00%,B0C991WL3B,3.60%,0.00%,"B01BGYIDQG,B08P55PW83,B0BV26CC98,B0CQZ4BPNW,B08M4BY2JB,B00XKXYWDA,B0B7S4PMRZ,B075MRNRJC,B0CHFGGWMF,B0CBDBDX8B",
mens running shorts with liner,男士衬里跑步短裤,,,SP广告词,11,1,B0BFDTMBGP,"324,655","6,252",46,0.74%,"149,335","2,897",2,0,"1,595",3.9,136,16.70%,0.40%,$1.40 ,$1.17 - $1.70,B073P3HRXJ,8.10%,0.40%,B0BFDSB9YG,5.60%,0.00%,B08XM7421N,2.90%,0.00%,"B09WXSHZZK,B073P3HRXJ,B08346K3ZS,B01FJNR4JW,B0CHHS25GL,B0D1QWYNH7,B08XM7421N,B0C12MGWNG,B08R7GNZTD,B0D2RLHHJ9","Shorts, Running"
wrestling shorts,摔跤短裤,,,SP广告词,11,2,B0BFDSVMPF/B0BFDRQLNC,"599,957","2,623",3,0.13%,"53,006","1,050",1,1,"1,239",2.1,99,17.10%,2.60%,$1.17 ,$0.88 - $1.48,B0BWNYMKM7,7.50%,0.00%,B0BWPK79PG,5.80%,0.00%,B07PY4C6PH,3.90%,2.60%,"B0BWNYMKM7,B083QH2GBB,B07LH12TGF,B06XS2Z4LH,B0768KK4C9,B09X28TBBC,B08M38MFHH,B08XM7421N,B08F942L3V,B09RQRS7S1",Shorts
triathlon shorts,三项全能短裤,,,SP广告词,11,1,B09P3T8X61,"326,949","4,831",396,8.20%,"97,583","2,100",9,66,"1,315",3.7,51,24.10%,8.00%,$3.53 ,$2.68 - $4.11,B01E7R2NAG,11.10%,7.30%,B07CGZ2JCX,8.10%,0.70%,B07RBW8NWK,5.00%,0.00%,"B076PP75VZ,B01E7R2NAG,B07C9T188B,B08VDG3LRC,B07JKFWPX2,B0163BO5QO,B0B5LN43S1,B085J38HVP,B0C3MTHMPQ,B082BKVGC1",Shorts
mens black cargo shorts,男士黑色工装短裤,,,品牌广告词,11,1,B0BLKN87V4,"329,829","4,896",28,0.59%,"146,556","2,211",1,0,974,5,34,20.10%,4.10%,$1.65 ,$1.07 - $2.43,B01JQT9X44,13.60%,3.60%,B008AHJ4SO,3.40%,0.50%,B08PCY5Z17,3.10%,0.00%,"B008AHJ4SO,B00XKYS3ES,B00PICJ9DY,B01JQTA1Q8,B076VZSKCL,B07HNWSRSR,B0CQ4GS7LJ,B005SW88TU,B00PI5FL1A,B09K3KJ6L2","Black, Cargo, Shorts, Cargo Shorts"
men's sweat shorts,男士运动短裤,,,SP广告词,10,1,B09P3T8X61,"329,827","4,930",794,16.11%,"140,981","1,887",18,5,"21,407",0.2,10,9.00%,2.10%,$2.06 ,$1.37 - $4.15,B09DCVRMX6,3.20%,1.10%,B08SQXB1FG,2.90%,0.50%,B0151E6OVI,2.80%,0.50%,"B0151E6OVI,B09DCVRMX6,B00AKSCYBA,B07GY1J8BZ,B00M0QFGRY,B08VHP43D3,B07F2MLBDP,B07DGSV214,B0D469JTXN,B0BWZR87LT",Shorts
5 shorts men,5短裤男,,,SP广告词,10,1,B09P3T8X61,"339,500","5,529",22,0.40%,"156,092","2,158",1,0,"5,223",1.1,10,11.60%,1.20%,$1.36 ,$1.01 - $1.70,B07DZV1HN3,4.30%,0.00%,B09PYTB8SD,3.70%,1.20%,B07DZVDKPJ,3.60%,0.00%,"B07JMNMHZ9,B07DZVVBSK,B0CQ893MT7,B09PYTB8SD,B0BLYVSVTL,B087RDPQZ6,B0BS3S1MHC,B082G6SCM1,B09VBK13ZV,B07L33NPYK",Shorts
adidas mens,adidas mens,,,视频广告词,10,1,B0BFDTMBGP,"334,113","6,750",6,0.10%,"177,800","3,079",1,15,"10,850",0.6,9,6.00%,0.90%,$1.25 ,$0.93 - $1.55,B08ML89GDC,2.30%,0.00%,B09XLL648Z,2.00%,0.00%,B087TR4Y6T,1.70%,0.90%,"B09DXVXBFR,B09YBK5LQ4,B08MHSG7CT,B0C2JRKTF2,B07ZSBQ7JR,B0C2JJZQF9,B0BHPV45TW,B0C3WXGQX9,B09Y2SZ95Z,B0CKM8M2WT",Adidas
kinvara 14 men,kinvara 14男士,,,SP广告词,10,1,B0C4GQTCJK,"342,265","4,062",122,3.02%,"98,063","1,793",3,0,40,101.6,28,28.90%,0.00%,$0.31 ,$0.23 - $0.40,B09XZB4N4F,13.50%,0.00%,B09XZ4FRYR,10.00%,0.00%,B09XZHVQ1N,5.50%,0.00%,"B09XZ4FRYR,B098PGKPK9,B0CMBD3HC5,B0C2JKCVXV,B0CZ8CBRRV,B0BN4QH8PF,B08RXW7479,B09XZ3F45Q,B097CC27NS,B094Q1MYWH",
nike short,耐克短裤,,,SP广告词,10,1,B0BFDRQLNC,"344,394","4,010",105,2.65%,"105,410","1,771",3,0,"8,946",0.5,25,13.70%,2.70%,$1.25 ,$0.93 - $1.55,B0CPTG74GX,5.70%,0.00%,B087LTC1XS,4.70%,2.70%,B09PG3392C,3.20%,0.00%,"B087LTC1XS,B07BPL162D,B07NJPDSSX,B07BPMTJGY,B01FZ03GNM,B0B6KQR5JP,B01JIPGJMU,B07XJDQFL3,B08CNP7NS1,B08NYKGWR2","NIKE, Short"
mens lululemon doop,,,,SP广告词,10,1,B0BFDSVMPF,"342,412","4,563",125,2.75%,"100,583","1,943",3,0,241,18.9,8,19.20%,3.50%,$1.23 ,$0.92 - $1.53,B0BLRWCWCB,10.70%,0.90%,B09YXXZ7LW,4.30%,0.00%,B0BLRBS6NP,4.20%,2.60%,"B0BLRWCWCB,B09CGYG3J6,B0C7H8PFJN,B09YXXZ7LW,B09XQW9WN2,B0C98KXF15,B0BV241H3F,B0B2ZFC52V,B0C1TZYP8X,B0BS3S1MHC",lululemon
nike sweat shorts,耐克运动短裤,,,SP广告词,10,1,B01AK7Y102,"348,184","4,841",307,6.36%,"100,262","2,406",7,0,"2,027",2.4,35,18.90%,3.50%,$1.24 ,$0.93 - $1.54,B01JIPH244,9.00%,0.00%,B0CPTJZW5H,5.10%,0.00%,B01JIPH51Y,4.80%,3.50%,"B01JIPH244,B07NJPDSSX,B087M3MJ1L,B07THZVKP5,B07BPL162D,B08GYV4L5P,B09DCVRMX6,B07TGJYSLW,B08ZJWZMBY,B07F2QWBTS","Shorts, NIKE"
mens cotton shorts with pockets,男式带口袋棉质短裤,Y,,AC推荐词,10,2,B09T3QHVVM/B0151E6WPQ,"354,172","5,450",50,0.93%,"127,262","2,544",2,0,"4,261",1.3,10,11.70%,1.10%,$0.91 ,$0.60 - $1.82,B0723CZCRJ,4.40%,0.00%,B0151E6WPQ,4.30%,0.70%,B00M0QH7BC,3.00%,0.40%,"B0151E6OUY,B09T3S3BCX,B07RJSL1TL,B0151E6WPQ,B00AKSCZ6Y,B08L4XD1JB,B07PN75241,B009CTU9T2,B000MND79Q,B0BWZKWRRS","Cotton, Shorts"
champion shirt,冠军衫,,,SP广告词,10,1,B01AK7Y102,"349,321","5,691",532,9.35%,"130,919","2,491",13,0,"11,364",0.5,45,15.90%,3.00%,$1.19 ,$0.92 - $1.32,B078LC7GCX,6.50%,0.60%,B078LD1SMG,4.70%,1.20%,B01MYWGRYW,4.60%,1.20%,"B078LC7GCX,B01MYWGRYW,B071GWC9FZ,B01I8JKOGE,B01MRU5C83,B07DGSY8WJ,B07NSMBPX2,B0B9FPMMM4,B07JFKCM8X,B0868VMVT2","Shirt, Champion"
nike tech black,耐克科技黑,,,视频广告词,10,1,B0BFDTMBGP,"354,282","2,124",7,0.37%,"44,917",945,1,0,352,6,1,40.00%,15.80%,$0.20 ,$0.18 - $0.21,B08GBYV8B1,16.10%,13.20%,B09P9V6VF5,14.50%,0.00%,B08GC25T7P,9.50%,2.60%,"B08GBYV8B1,B0C9R5MFG5,B08GC25T7P,B0C4PH51YL,B08DNL16YG,B0882BMYYT,B019DLUHIQ,B08DNLT7ZS,B09SM4KHHK,B08GQTYBHC","Black, NIKE"
nike woven shorts men,耐克梭织短裤男,,,SP广告词,10,1,B0BFDTMBGP,"360,384","4,679",133,2.86%,"107,725","2,106",4,0,385,12.2,21,48.00%,11.10%,$1.13 ,$0.81 - $1.38,B09PG3392C,24.40%,0.00%,B095NFCV38,13.00%,0.00%,B001MB1MPS,10.60%,11.10%,"B09PG3392C,B001MB1MPS,B09PG4DXHH,B0CLF1TPKL,B09PG3R64J,B07YGQ21PQ,B0BNNYCHPM,B07BJL8R98,B0BBSWSMP3,B0CJHWGYV9","Shorts, NIKE, Woven"
shorts nike,短裤耐克,,,视频广告词,9,1,B0BFDTMBGP,"360,717","4,501",121,2.71%,"122,099","1,881",3,0,"8,709",0.5,21,14.20%,11.40%,$1.38 ,$1.03 - $1.74,B0CPTG74GX,5.90%,0.00%,B087M3MJ1L,4.40%,2.30%,B001MB1MPS,3.90%,9.10%,"B087M3MJ1L,B07BPLHK9T,B07NJPDSSX,B0B6KQR5JP,B01JIPGJMU,B001MB1MPS,B01FZ03GNM,B01AK7XJS2,B08CNP7NS1,B08NYKGWR2","Shorts, NIKE"
cruise clothes,巡航服装,,,SP广告词,9,1,B0C4GQTCJK,"361,643","3,614",736,20.40%,"80,283","1,537",17,0,"23,040",0.2,515,7.70%,2.20%,$0.44 ,$0.34 - $0.56,B0C7GPK1VM,3.30%,2.20%,B0BVW6BWD9,2.60%,0.00%,B0C9GLCM57,1.90%,0.00%,"B0CKT69LVL,B0C7GPK1VM,B0BTY9MZV7,B0834NTBNV,B09T8ZQN3S,B0C1NNCYW2,B0C9GLCM57,B0D1CFBSGV,B093P2XVJL,B0C74RLLV1",Cruise
umbro shorts,umbro短裤,,,SP广告词,9,1,B0CHMQ6Z7W,"369,589","4,313",791,18.36%,"128,868","2,095",18,0,223,19.3,7,20.80%,4.60%,$0.20 ,$0.18 - $0.21,B089PJ47T6,8.60%,1.50%,B0BNKVCKPD,6.50%,0.00%,B07PHVSHLW,5.80%,3.00%,"B089PJ47T6,B07PHVSHLW,B0BNKVCKPD,B0C93D6QXC,B09JLKL5YN,B09JMN35V5,B08FSVQVFY,B08FSGPP7L,B0BZP4DP9C,B07PHVXBCW",Shorts
t恤,衬衫,,,SP广告词,9,2,B0C4GQTCJK/B0BFDTMBGP,"706,766","1,841",56,3.08%,"42,753",873,2,0,231,8,127,19.60%,0.00%,$2.21 ,$1.65 - $2.75,B0D1CFY25V,9.00%,0.00%,B0BZDLXKTS,7.70%,0.00%,B016OT9D3K,2.90%,0.00%,"B011QQE1HE,B08XB5WH93,B07612TNCZ,B078L9XPC2,B071KH4N6Q,B07CVTB6TR,B00VTV95AK,B00NOY3JSE,B09VWWH53F,B07SBD6QFQ",
project rock under armour mens,男士盔甲下的项目摇滚,,,视频广告词,9,1,B0BFDTMBGP,"366,972","4,102",461,11.24%,"109,043","2,041",11,0,363,11.3,10,13.40%,0.00%,$0.72 ,$0.62 - $0.87,B08R86R2W3,5.00%,0.00%,B0C4H2Q83S,4.20%,0.00%,B0CNWH5WMF,4.20%,0.00%,"B08R6DR8FH,B0C5M6Y459,B09MRFG1BN,B0CCPLJ767,B08R86R2W3,B08PZD6NTL,B08NWJL7VX,B08222SRYZ,B0CTG1V5NP,B0C5M7764D","Rock, Under Armour"
goodthreads mens shorts,goodthreads 男士短裤,,,品牌广告词,9,1,B0BLKN87V4,"366,296","5,411","1,181",21.84%,"152,302","2,350",27,0,399,13.6,10,20.00%,2.20%,$1.00 ,$0.75 - $1.25,B07F1521RT,10.80%,0.40%,B07L33NPYK,5.00%,0.40%,B077RV5TZ5,4.20%,1.30%,"B07F1521RT,B077RV5TZ5,B0C4YMCBZW,B07FHBQPMC,B077RTN23Y,B07F171VZS,B07XJCK47H,B06XWG414D,B0C4YPY5K5,B0C4YMZ9VX","Goodthreads, Shorts"
basketball shorts men long,篮球短裤男长,,,SP广告词,9,1,B0BFDSVMPF,"372,195","4,575",32,0.71%,"111,199","1,768",1,0,"12,211",0.4,9,13.10%,3.30%,$1.39 ,$1.10 - $1.65,B07NDP7ZTX,5.20%,1.30%,B08JTQP6VY,4.00%,1.30%,B07RRBBFM2,3.90%,0.70%,"B07NDP7ZTX,B08619TWNC,B07BPL162D,B08JG3T2SY,B0CWP4C3HL,B08SWLZR37,B07RRBBFM2,B0CHJK6NGY,B08HJTYRPQ,B08LTBNKPC","Basketball, Long, Shorts"
coofandy shorts,coofandy 短裤,,,SP广告词,9,1,B0BFDTMBGP,"374,765","4,124",145,3.53%,"116,856","1,646",4,1,"1,900",2.2,71,13.00%,1.40%,$1.20 ,$0.89 - $1.50,B08CXW8ZJD,4.60%,1.40%,B0987C93NK,4.40%,0.00%,B085NF55WL,4.00%,0.00%,"B08S77BPSD,B0987C93NK,B08CXW8ZJD,B0BS2KFV8G,B09LTRY112,B0BKG2627W,B09LTRWKLT,B085NF55WL,B0CRD4S282,B0CP64QPMQ","Shorts, Coofandy"
cotton mens shorts,棉质男士短裤,Y,,AC推荐词/SP广告词,9,1,B0151E6WPQ,"379,270","4,180",33,0.81%,"108,970","1,722",1,0,"5,736",0.7,23,11.20%,2.50%,$1.48 ,$1.11 - $1.85,B0151E6WPQ,3.80%,1.00%,B0151E6OUY,3.70%,1.00%,B00M0QH7BC,3.70%,0.50%,"B0151E6OUY,B09T3QJ8ZY,B00M0QFMSW,B0BVMXG7PM,B00AKSCZ6Y,B007PXVAKE,B09DCTLVCC,B0D2S5ZFLV,B009CTU9UQ,B01JQTN8SQ","Cotton, Shorts"
yoga shorts men,男士瑜伽短裤,,,SP广告词,8,1,B09XQVCZ8B,"390,740","5,044",28,0.57%,"136,396","2,123",1,0,"10,112",0.5,65,9.10%,1.10%,$1.34 ,$1.00 - $1.67,B09CGWK6PR,3.20%,1.10%,B0BLRBS6NP,3.10%,0.00%,B0723CZCRJ,2.70%,0.00%,"B09CGWM482,B0BLRWCWCB,B09JZ24Q47,B09VBK13ZV,B0BLR7TBYL,B082WDVVRR,B0BKPRVRG9,B0B52H35Z7,B08NX99GH4,B09BQQP3F3","Shorts, Yoga"
soft shorts,软短裤,,,SP广告词,8,1,B09T3QHVVM,"390,299","4,544",133,2.93%,"116,617","1,886",4,1,"1,892",2.4,16,10.50%,1.90%,$0.75 ,$0.56 - $0.94,B0BYNQCNF6,4.90%,0.90%,B0BYNM7MWQ,3.10%,0.00%,B09QT1Q5LR,2.50%,0.90%,"B0BLZ3CS1C,B09QT1Q5LR,B091GNSQ5P,B0CX2S4F6J,B094WDP5K8,B09MTFQ27Y,B0CNXMG4VT,B084WVHKGF,B0BNM91CRK,B094MQW6BX","Soft, Shorts"
fight shorts,战斗短裤,,,SP广告词,8,1,B0C4GV51WK,"396,705","3,680",19,0.52%,"80,207","1,529",1,40,"1,203",3.1,96,20.20%,2.50%,$1.57 ,$1.17 - $1.96,B01K5FEYG0,8.60%,0.00%,B0768KK4C9,5.80%,1.20%,B0B4PFPDDF,5.80%,1.20%,"B07NSR96WZ,B0768KK4C9,B01K5FEYG0,B0CZLPQNR7,B01K5FEYRE,B07VV83H8T,B07FZ7W1K9,B01N03CKBL,B081GZN1BX,B07CR6KJ8R",Shorts
anime shorts for men,男士动漫短裤,,,品牌广告词,8,1,B0BLKN87V4,"401,060","4,982",395,7.93%,"131,289","2,407",9,2,"2,562",1.9,11,18.30%,0.00%,$1.07 ,$0.80 - $1.34,B0CY3XN51Y,8.80%,0.00%,B0CY4K8PYM,5.50%,0.00%,B0D21B6KBG,4.00%,0.00%,"B0BZLV76G9,B0CY4K8PYM,B0C572ZNXQ,B0C573V13H,B0CL9YY7V1,B09VBK13ZV,B0CXT46RXZ,B0B67TWF39,B0CQRJ77HZ,B0CYT8LGHL",Shorts
amazon official site,亚马逊官方网站,,,SP广告词,8,2,B0CHMN8TDS/B0BFDSVMPF,"849,298","1,563",298,19.08%,"32,745",602,7,0,924,1.7,111,25.90%,0.00%,$1.38 ,$1.03 - $1.74,B0BQW51FF4,11.10%,0.00%,B0D2R8Z8MJ,9.50%,0.00%,B097GLJ758,5.20%,0.00%,"B0BBSP2JNQ,B0BQW51FF4,B07CY7RFPK,B08SNPC1YW,B0BG8FXVTH,B00DJUK8HS,B0B61ZCLTT,B0CSHHLN9S,B0BSHBLN43,B00TRLVKW0","Amazon, Official"
adidas shorts men with pockets,阿迪达斯短裤男士带口袋,,,SP广告词,8,1,B09XQVCZ8B,"423,060","4,106",670,16.32%,"111,037","1,945",16,0,755,5.4,19,19.30%,1.60%,$0.62 ,$0.44 - $0.77,B09Y2VG81M,8.30%,0.00%,B0878Y8YRQ,5.80%,0.80%,B09XLL648Z,5.20%,0.80%,"B0CHR3J39D,B09Y2VG81M,B08HJRCPPR,B09Y2SZ95Z,B09XLL648Z,B09XWX6T3G,B0C2JSGG8V,B091MY6SQP,B07T9595J3,B0B48C4Y2F","Adidas, Shorts"
under armour compression shorts,铠甲公司压缩短裤,,,SP广告词,7,1,B0C4GRTZJR,"428,589","4,789",128,2.69%,"122,326","2,358",3,0,471,10.2,6,15.70%,3.60%,$1.35 ,$0.91 - $2.71,B089T92G55,5.40%,2.30%,B0874W4WR5,5.10%,1.40%,B0BYDJW7LT,5.10%,0.00%,"B089T6LR9X,B0874WPW59,B089T92G5J,B0C2F2L2J2,B01FFL495U,B0C2FYX27Z,B0874XXHF8,B0088IB7CQ,B07PR25G5W,B094JNYK97","Shorts, Compression, Under Armour"
mens skirt,男式裙装,,,品牌广告词,7,1,B0BLKN87V4,"427,563","3,729",144,3.88%,"82,718","1,754",4,1,"1,426",2.6,62,12.70%,2.50%,$1.10 ,$0.82 - $1.37,B07QQ4K5Z7,4.70%,0.00%,B09NTNFL78,4.20%,2.50%,B0BYVN4PF6,3.80%,0.00%,"B09KRN9VBL,B07VZT41J2,B07QQ4K5Z7,B0BYVN4PF6,B09NTNFL78,B0CJRNGVJW,B07C5Q16YD,B09DSX1CLR,B0C3D6BFSG,B0B56PRJCY",Skirt
nike dri fit underwear men,nike dri 合身内衣男士,,,SP广告词,7,1,B0C4GRTZJR,"430,595","3,446",39,1.15%,"103,379","1,379",1,0,407,8.5,18,33.70%,10.00%,$2.59 ,$1.95 - $3.25,B09QK73M7B,18.80%,4.60%,B0CLT472CC,9.80%,5.50%,B09H6V3MNF,5.20%,0.00%,"B09QK73M7B,B0CLT472CC,B0C9PDLGPJ,B09NPVV4QQ,B087MTPBXS,B09NWCNPT7,B09NWG4QZK,B0CKFKKV2S,B09NWF6F7N,B09NQKM8KB","Underwear, NIKE"
camo mesh shorts,迷彩网状短裤,,,SP广告词,7,1,B0BFDVPFKX,"432,217","2,876",100,3.48%,"70,960","1,103",3,0,949,3,9,46.50%,27.80%,$0.93 ,$0.70 - $1.16,B0D2DSQYWT,22.10%,22.20%,B0D2DZQXD9,16.60%,0.00%,B0D2DXDTYS,7.80%,5.60%,"B0D2DSQYWT,B09DTKR6ZH,B0C3F98QQ5,B0B2R13TT9,B0CGRNXBKW,B0CC948JVD,B0CRYLQRTP,B07R823C4Y,B0CJJJ9NBD,B07RD2CLJS","Mesh, Shorts"
corduroy shorts,灯芯绒短裤,,,品牌广告词,7,1,B0BLKN87V4,"441,413","3,134",103,3.31%,"90,434","1,411",3,56,"1,405",2.2,7,21.60%,0.00%,$1.02 ,$0.76 - $1.28,B0CS6M4KM1,16.70%,0.00%,B0CVVDVQW3,2.70%,0.00%,B0B49YP6KX,2.20%,0.00%,"B0C9ZM9KGS,B0CPP22RLV,B0CS6M4KM1,B0CM5PJQC9,B0D3TC41TB,B0D76N5NYK,B0CVVDVQW3,B0D76MMCGS,B0B49YP6KX,B0B7D5JB3D","Shorts, Corduroy"
willit,意志,,,SP广告词,7,1,B09WMYXNJ9,"443,790","3,959",137,3.48%,"112,274","1,951",4,235,694,5.7,181,15.50%,1.30%,$1.25 ,$0.93 - $1.55,B07VCG52QZ,5.70%,0.00%,B088QC8T8V,5.20%,1.30%,B088QBR7DL,4.70%,0.00%,"B0CCCNFYZV,B0CFV544RK,B0CFY2Y23C,B088QBR7DL,B0C5X249X6,B088MF4BRB,B0C74GXN16,B09YRGCMLH,B0C6WXKB68,B097BXCSGY",
silk shorts men,真丝短裤男士,,,SP广告词,7,1,B0BFDSVMPF,"452,864","3,060",9,0.30%,"62,437","1,431",1,1,706,4.3,21,21.40%,1.20%,$0.69 ,$0.56 - $0.87,B073VFY7VL,13.30%,1.20%,B073VHJ99K,4.40%,0.00%,B09V6PSSZB,3.80%,0.00%,"B073VFY7VL,B0D4R3NT96,B09V6PSSZB,B07T87RGWP,B0BR28Z44M,B09XDJRBTZ,B0B1N35LVM,B09TT47Y7B,B0B9BZ396H,B08D2PB97C","Shorts, Silk"
mens clearance sale,男士清仓大甩卖,,,视频广告词,7,1,B0BFDTMBGP,"472,560","2,979",203,6.83%,"70,672","1,408",5,0,"5,146",0.6,14,8.90%,2.00%,$0.67 ,$0.43 - $0.79,B0D5LGR9PV,3.10%,0.00%,B07NZ89WBR,2.90%,2.00%,B0D1YMGG9F,2.90%,0.00%,"B09KG2WWH4,B0CCC1B6CZ,B077ZKDQLV,B0B62235C9,B086L69KCL,B0CXX6QCSY,B07NZ89WBR,B07DJBDB82,B0CVZXF3Q4,B0D3LJM6NT",Clearance
american flag shorts men,美国国旗短裤男,,,SP广告词,7,1,B0BFDVPFKX,"460,367","8,756",254,2.91%,"241,419","4,180",6,2,"1,050",8.3,46,7.70%,2.00%,$0.91 ,$0.68 - $1.13,B0BZYQ4Z4L,2.80%,0.80%,B0BG8R1Y4Y,2.70%,0.00%,B07N8R4HM5,2.20%,1.20%,"B07N8X72SN,B09MT32QCX,B00S9X9EDE,B07BGYVRQZ,B07BGXQTTS,B01NCRT5MU,B07D7ZL1MK,B09WP321XQ,B0BM4WLXPK,B0BFDLXW35","American, Shorts, Flag"
under armour volleyball shorts,Under Armour 排球短裤,,,视频广告词,7,1,B0BFDTMBGP,"470,258","3,379",403,11.94%,"90,307","1,332",10,0,363,9.3,12,44.70%,22.70%,$0.81 ,$0.62 - $1.01,B07PR25G5W,18.10%,8.30%,B07PS6TVLD,16.10%,8.30%,B07PMTKZFR,10.50%,6.20%,"B07PR25G5W,B07PS73PGD,B09JL267QL,B086ZMX78V,B0CN32YLDY,B0872DLN3Z,B0872F61LS,B0BLYQ6DC7,B078TKS8W9,B077448D4L","Shorts, Under Armour"
vans shorts for men,男式面包车短裤,,,SP广告词,7,1,B09P3T8X61,"473,867","3,447",98,2.88%,"91,664","1,643",3,0,492,7,14,14.00%,0.00%,$1.78 ,$1.32 - $1.99,B093ZRT1TR,5.30%,0.00%,B082TJ2RNH,4.60%,0.00%,B07L1XYD26,4.20%,0.00%,"B082TJ2RNH,B088GTRQY8,B089NGL3D9,B072553F7V,B08PJ51PYH,B07YP9JK3F,B07L1XYD26,B0CSQDJX1Q,B075WKGMZC,B08RH9LQWR","Vans, Shorts"
womens cotton shorts with pockets,女式带口袋棉质短裤,,,SP广告词,7,1,B09T3QHVVM,"477,639","4,351","1,089",25.04%,"94,024","1,835",25,0,"45,714",0.1,7,10.60%,2.20%,,-,B016YKK7CA,5.60%,0.00%,B016YKKHWU,2.80%,1.10%,B09SYS84Q3,2.20%,1.10%,"B016YKKHWU,B09SYS84Q3,B08SQTHQFB,B0BTTP7ZMM,B016YKK7CA,B094MZLM4B,B0BVMWD63F,B0170AD92I,B0BRKX33D3,B09S8Q35TF","Cotton, Shorts"
衣服,衣服,,,SP广告词,7,1,B0C4GQTCJK,"488,668","2,958",86,2.91%,"84,615","1,371",2,0,229,12.9,370,21.60%,0.00%,$0.33 ,$0.25 - $0.40,B0D17LD5VR,9.30%,0.00%,B0C65V5FGJ,6.20%,0.00%,B0CR16R6NP,6.10%,0.00%,"B071JYV6LN,B0828MV4QR,B00JUM2V4W,B0CF438M8Q,B0C84ZPGVW,B0D4JX257N,B0D4VLJW2S,B0C65QBS2B,B0CBDGTYN6,B08F9Z9LH4",
siirigo shorts men,,,,SP广告词,7,1,B01AK7Y102,"491,752","4,298",121,2.83%,"128,878","1,756",3,27,101,42.6,66,55.00%,4.50%,$1.17 ,$0.88 - $1.48,B0D1Y3PHGL,36.00%,0.90%,B0D2CXGZT5,11.30%,3.60%,B0D2CRGP4C,7.80%,0.00%,"B0D2CXGZT5,B0D1V96T9Y,B0BLNQYKMW,B0D1VF6NM9,B0D1Y3PHGL,B0D4QW463M,B0D2HKMF8Q,B09VBHXCCZ,B0D1Y4GJ1W,B0CLRQ5MRS",Shorts
mens letter print drawstring shorts,,,,HR推荐词,6,1,B09WMZR2XM,"494,753","3,071",100,3.28%,"92,017","1,370",3,3,853,3.6,25,28.00%,0.00%,,-,B0D8TDMMLT,11.80%,0.00%,B0D8TDTVDD,9.10%,0.00%,B0D8TDZ7LH,7.00%,0.00%,"B0D924Q942,B0D8TDTVDD,B0D8QJDBY9,B0D8TDMMLT,B0BLKKG6X6,B08S9T3DR9,B0D8W5Y1QG,B0D94H9TF2,B0BFDS889K,B0D8W1WQ48","Shorts, Letter, Drawstring"
hiking clothes men,远足衣服男士,,,SP广告词,6,1,B0BFDSVMPF,"527,008","3,149",90,2.88%,"70,177","1,380",3,0,"143,523",0,38,9.90%,3.10%,$0.72 ,$0.54 - $0.89,B07NWYM9LG,3.70%,0.00%,B08V1MS59F,3.50%,1.60%,B08TZJSWCB,2.80%,1.60%,"B07NWYM9LG,B08B1MMK9R,B08TZJSWCB,B07TCNF69C,B088D324CB,B0C49JV4G6,B08289262G,B07VCMSK8B,B08V5C9RWQ,B08NWMDV6V",Hiking
basketball shorts for women,女式篮球短裤,,,SP广告词,6,1,B0BFDTMBGP,"516,996","3,474",16,0.48%,"75,221","1,617",1,0,"35,896",0.1,150,11.50%,0.00%,$0.95 ,$0.67 - $1.19,B0B2KWQ9GR,4.80%,0.00%,B09L5WBRJM,3.60%,0.00%,B0CW1HK17F,3.10%,0.00%,"B073DC7VJ7,B09JL3T4HB,B091MDV1FY,B088Y3W864,B0B2KWQ9GR,B004ORQKEA,B0C22XYXRS,B0C1HP5GLH,B093MK1GGC,B09X8DJTKY","Basketball, Shorts"
young mens shorts,男式短裤,,,SP广告词,6,1,B0BFDSVMPF,"543,244","3,059",84,2.76%,"89,335","1,216",2,0,"3,514",0.9,43,6.40%,0.90%,$1.14 ,$0.93 - $1.30,B07T3KL19K,2.40%,0.00%,B07H5Q7BNT,2.10%,0.90%,B07H5QPL1R,1.90%,0.00%,"B07H5QPL1R,B0C26D741D,B08JTQP6VY,B078VZ2HVS,B07NDPRYKM,B082TJ13C3,B08JG3T2SY,B07T3KL19K,B0CRH7CXNC,B09SKWPKXF","Shorts, Young"
athletic shorts for men 5 inch inseam,男士运动短裤 5 英寸内缝,,,SP广告词,6,1,B0BFDTMBGP,"543,626","3,208",475,14.83%,"84,465","1,501",11,0,"1,670",1.9,9,14.60%,0.60%,,-,B07R1J9J3J,6.30%,0.00%,B09PYSSR6D,5.40%,0.60%,B09PYTB8SD,2.90%,0.00%,"B09PYTB8SD,B0BX7JC52G,B08XPZ3MYM,B07R1J9J3J,B0CRQF296G,B0BLRWCWCB,B09VBK13ZV,B0BS3S1MHC,B0C27FN2BN,B0BDRT68LC","Athletic, Shorts, Inseam"
realtree shorts,短裤,,,SP广告词,6,1,B0BFDVPFKX,"551,509","2,585",82,3.18%,"61,450","1,092",2,0,199,13,23,16.90%,0.00%,$1.29 ,$0.98 - $1.62,B08RJFKW4J,6.40%,0.00%,B0D6PGTPBX,5.70%,0.00%,B08XMCSRFP,4.80%,0.00%,"B07HHCY48L,B08FDVSZ9R,B0D6PGTPBX,B0CZYPLV2N,B0BWX68373,B0C59RS8FW,B0BC2L2BWS,B08RJFKW4J,B0CYHFS4JN,B0D1S91RCF",Shorts
洞洞鞋,洞洞鞋,,,SP广告词,6,1,B0BFDVPFKX,"538,573","2,198",62,2.86%,"52,584","1,002",2,4,117,18.8,49,22.70%,0.00%,$0.37 ,$0.28 - $0.46,B0C8BJL1D3,9.70%,0.00%,B0CB8QKTH5,7.60%,0.00%,B0BNKJP7SG,5.40%,0.00%,"B0014BYHGC,B0BRCX68Z9,B077G7ZVCJ,B0BNKJP7SG,B002JCSSUG,B0BQC2Y6D9,B092JBSRY6,B0963ZH6R9,B0CTSYGCDH,B089134NPY",
legends shorts,传奇短裤,,,HR推荐词,6,1,B09WMYXNJ9,"560,188","2,830",103,3.66%,"60,025","1,168",3,1,237,11.9,19,15.10%,0.00%,$1.26 ,$1.10 - $1.39,B0BFDTMBGP,6.00%,0.00%,B0BT6S26VZ,5.20%,0.00%,B0BT6V92HH,4.00%,0.00%,"B0C1JKXQJW,B0BT6S26VZ,B0CV4VKTM4,B0C664PFY5,B0CLRRJRF2,B0BFDR5NPJ,B0D1QWYNH7,B09XQTGV2X,B0BS3S1MHC,B082G9PZQ8",Shorts
nike teck,耐克泰克,,,视频广告词,6,1,B0BFDTMBGP,"555,828","1,529",41,2.70%,"37,471",592,1,0,615,2.5,5,31.10%,0.00%,$0.25 ,$0.18 - $0.31,B0CRP66QC1,12.90%,0.00%,B0CPYPTXSY,10.40%,0.00%,B09P9V6VF5,7.80%,0.00%,"B0CPYPTXSY,B08GBYV8B1,B0CJYH9KQ7,B08DNL16YG,B08GC25T7P,B0C4PHTQYJ,B08L438J4N,B08HJ8HZJK,B0C9TLFSNZ,B0C4PH51YL",NIKE
x men 4k,x 男人 4k,,,视频广告词,6,1,B0BFDTMBGP,"557,598","1,435",37,2.63%,"38,457",574,1,0,160,9,6,71.90%,40.00%,$1.08 ,$0.81 - $1.35,B07G234DP6,50.50%,40.00%,B0CVBMBB5N,12.00%,0.00%,B07LD4P36L,9.40%,0.00%,"B07G234DP6,B01A7Q6HMG,B01J5SES5U,B073LYNYMZ,B07RH666FH,B01G9AXXFS,B08JF5K6RQ,B08GDJN8WD,B01LZGZ7NJ,B08GDG556Y",
mens running pants,男式跑步裤,,,SP广告词,6,1,B0C4GQTCJK,"555,590","3,092",458,14.85%,"69,871","1,389",11,0,"17,438",0.2,183,12.30%,3.80%,$1.37 ,$1.02 - $1.71,B08MLNP18T,4.70%,1.90%,B08F3JMPCC,4.70%,1.00%,B08P1NVJDW,2.80%,1.00%,"B08MLNP18T,B08P1NVJDW,B087D853J1,B087D8BBG2,B0BFDY61FM,B087D8698N,B0874WHB28,B01L9H7IS4,B01MA6CY8L,B09H7DP2Z8","Pants, Running"
quick dry,快干,,,SP广告词,6,1,B0BFDSVMPF,"541,928","2,139",147,6.88%,"44,528",818,4,181,"65,051",0,79,12.70%,16.70%,$2.75 ,$1.62 - $3.03,B007PWIWG0,5.90%,16.70%,B074C3TMGM,3.80%,0.00%,B07WCV6X3J,3.10%,0.00%,"B087FYG2H1,B000AA5VD6,B074C3TMGM,B07WCV6X3J,B0CNZ2K3YT,B093Q61124,B01K1TX89Y,B08DDHXB1Z,B08M3WR93D,B08L4XDQWC",
fresh produce clothing,新鲜农产品服装,,,SP广告词,6,1,B0CHMN8TDS,"574,820","3,006",94,3.15%,"74,646","1,371",3,0,709,4.2,150,9.30%,0.00%,$0.62 ,$0.46 - $0.73,B00MNMVTNK,3.90%,0.00%,B0CF2495JG,3.00%,0.00%,B00MNMVTO4,2.40%,0.00%,"B07C5RL8FM,B087CY417L,B0170AD680,B09ZL19VNR,B00MNMVTPI,B0BPHJ8J9D,B0B42KJ5QH,B099WR843Q,B0894F9RK4,B091DZTBQN","Clothing, Fresh"
sweatpants shorts for men,男士运动裤短裤,,,SP广告词,5,1,B0C4GV51WK,"604,888","2,467",17,0.71%,"63,859","1,191",1,0,"7,052",0.4,14,8.50%,2.20%,$1.24 ,$0.93 - $1.54,B0728KK8VK,2.90%,0.80%,B08SQXB1FG,2.90%,0.00%,B00M0QFMSW,2.70%,1.50%,"B00M0QFMSW,B09DCVRMX6,B00AKSCYBA,B0151E6TM2,B08VHNZPTV,B07F2NNFWS,B07DGSV214,B0BWZLGFDP,B0BB883KN5,B09N8PKWXR","Sweatpants, Shorts"
under armour basketball shorts men,Under Armour 篮球短裤 男士,,,SP广告词,5,1,B0BFDTMBGP,"593,911","2,729",113,4.17%,"77,375","1,348",3,0,"1,009",2.7,21,8.70%,2.00%,$1.11 ,$0.71 - $2.23,B082BFSN43,3.30%,1.00%,B07CZJ4F29,3.00%,0.00%,B07CZBPF1B,2.40%,1.00%,"B07CZJ4F29,B082BFSN43,B0C138P4ZT,B0874WPW3F,B0C12LSWTJ,B0887BQ9HD,B093LW45VZ,B093LV4DT1,B093MG3LP9,B0C12ZVG6M","Basketball, Shorts, Under Armour"
grey nike tech,灰色耐克科技,,,视频广告词,5,1,B0BFDTMBGP,"580,163","1,628",41,2.53%,"43,227",633,1,0,355,4.6,0,54.40%,58.30%,$0.55 ,$0.40 - $0.70,B08DNL16YG,22.10%,25.00%,B0C4PH51YL,16.60%,33.30%,B0BS2J6QY2,15.70%,0.00%,"B08DNL16YG,B08DNKT9CY,B0C4PH51YL,B09SM4KHHK,B08DNL8C7V,B0C4PHTQYJ,B0C4PMVVHC,B0CJYHT1WM,B0CJYH9KQ7,B08GQWLLZT","grey, NIKE"
mens dress shorts 7 inch inseam,男士正装短裤 7 英寸内缝,,,SP广告词,5,1,B0BLKN87V4,"614,918","2,789",89,3.20%,"70,004","1,256",3,0,"1,199",2.3,9,12.50%,0.70%,,-,B0BPLVMWMF,5.40%,0.70%,B077RV5TZ5,3.90%,0.00%,B07F25B4GC,3.20%,0.00%,"B0BPLVMWMF,B07F27YVN8,B08JDTJ1YC,B075NYTZ2G,B08JDYRDRH,B0C4YJ14JK,B0B82GK78B,B0CFDQWFJY,B0CXXG1LS1,B07KG7ZBDY","Shorts, Inseam, Dress"
columbia pfg shorts,科隆比亚PGF短裤,,,SP广告词,5,1,B09WMYXNJ9,"601,323","3,174",328,10.35%,"83,217","1,444",8,0,214,14.8,23,32.00%,2.50%,$1.05 ,$0.80 - $1.33,B00DNNMFY0,15.00%,1.20%,B0CH63K2CS,12.20%,0.00%,B0C6415M5N,4.80%,1.20%,"B00DNNZ3BW,B00L2JBSKO,B0C6415M5N,B00ZV47CXS,B00ZV47N7S,B01GSMNJN8,B0B2KTB771,B0787G3VPX,B0C6NXX8JJ,B07RFP32GP","Columbia, Shorts"
9 inch inseam shorts men,9寸下裆短裤男,,,SP广告词,5,2,B00AKSCXEI/B0BFDSVMPF,"649,214","2,819",85,3.03%,"78,955","1,222",2,0,"1,480",1.9,24,14.10%,0.00%,$1.25 ,$0.94 - $1.58,B0CSPV7417,7.10%,0.00%,B06XWNR25K,3.80%,0.00%,B0CSQTGS92,3.10%,0.00%,"B0CSPV7417,B01JQTN8SQ,B0CX54JVDP,B0C4GTL6T3,B009CTUGW2,B016Y825WW,B08NX99GH4,B0BVT9V2XD,B08JDTYMRH,B075NYV2SK","Shorts, Inseam"
mens adidas shorts with pockets,男式带口袋的阿迪达斯短裤,,,SP广告词,5,1,B0BFDTMBGP,"639,837","2,839",95,3.37%,"68,864","1,367",3,0,743,3.8,20,19.30%,2.00%,,-,B09XLL648Z,7.50%,1.00%,B09Y2VG81M,7.20%,1.00%,B091MM1NQL,4.70%,0.00%,"B09Y2VG81M,B0CHR3J39D,B09Y2SZ95Z,B09XWX6T3G,B08HJNQT8J,B09XLL648Z,B0C2JSGG8V,B091MY6SQP,B09XLLYBB8,B010DKQ7WG","Adidas, Shorts"
white basketball shorts men,白色篮球短裤男,,,SP广告词,5,1,B0BFDRQLNC,"648,747","2,215",58,2.63%,"47,536",876,2,0,"14,602",0.2,4,15.20%,6.30%,$1.28 ,$0.95 - $1.42,B07FMRP8Q3,7.80%,3.10%,B06XHXYBC7,3.80%,2.10%,B09GG55BXB,3.60%,1.00%,"B00H96E806,B08CBLQ7JM,B06XHXYBC7,B09VT57HLD,B00177IGGK,B07H4JC6SZ,B09GG55BXB,B0CWP4BNTW,B091MW4FYG,B00DV4BDGM","Basketball, White, Shorts"
polyester underwear men,涤纶内裤男士,,,SP广告词,5,1,B09WMZR2XM,"653,715","2,600",294,11.33%,"52,808","1,092",7,0,"3,781",0.7,144,12.10%,3.00%,$2.17 ,$1.19 - $2.50,B08DP4WTBB,4.20%,2.20%,B0CKG7Y52C,4.00%,0.80%,B08CZZZB1N,4.00%,0.00%,"B08DP4WTBB,B0CKG7Y52C,B09R7YMLZB,B0CV5XXS3C,B08W5F1GLM,B0B532VXSB,B07FDNGK4P,B0886F87C9,B086KX1X1K,B07FDQNZHL","Polyester, Underwear"
blue nike tech,蓝色耐克科技,,,视频广告词,5,1,B0BFDTMBGP,"663,695","1,607",43,2.72%,"42,294",613,1,0,289,5.6,5,51.50%,63.60%,$0.63 ,$0.47 - $0.80,B0CW63ZPV9,31.00%,36.40%,B08VFC2BD7,11.70%,9.10%,B0CW62DH46,8.90%,18.20%,"B08GYS9JRJ,B0CW63ZPV9,B0CJYHT1WM,B08VFC2BD7,B0CY99XB57,B08DNL16YG,B08GYST9QM,B08HMS7MH6,B09W6CJ9GW,B0BQRMPZGZ","NIKE, Blue"
鞋子,鞋子,,,SP广告词,4,1,B0C4GQTCJK,"684,563","2,089",67,3.22%,"47,427",940,2,0,42,49.7,47,23.50%,0.00%,$5.51 ,$4.13 - $6.90,B093XKL7WZ,12.00%,0.00%,B0D5LK11LW,6.00%,0.00%,B0CMMGWKW3,5.50%,0.00%,"B085B6JSYF,B07B3SDL77,B091GV48VX,B08Q9SCLXM,B073WHXTK8,B093R1JTTC,B0CW1PPVQV,B07LFF2VV1,B09NVKZKMV,B07HJLRXBT",
sweatpants shorts,运动裤短裤,,,SP广告词,4,1,B0BFDVPFKX,"698,461","2,073",142,6.88%,"61,424","1,027",4,0,"7,586",0.3,23,15.80%,0.00%,$0.79 ,$0.68 - $1.04,B0BYNM7MWQ,7.10%,0.00%,B0BYNQCNF6,4.50%,0.00%,B0D2WBXFYF,4.30%,0.00%,"B09QT1Q5LR,B0BZVRSTVJ,B08YJQ5XGM,B000MND7GO,B0BNM8MN5Y,B0D2WBXFYF,B07MW5QDWD,B09MTFQ27Y,B0BYNQCNF6,B0CC575QWN","Sweatpants, Shorts"
nautica shorts,Nautica短裤,,,HR推荐词,4,1,B01AK7Y102,"689,174","2,459",404,16.44%,"62,675","1,158",10,0,591,4.2,0,15.30%,0.00%,$0.95 ,$0.72 - $1.20,B075NWCGBN,6.20%,0.00%,B084R8SSLB,4.80%,0.00%,B014MBVZTC,4.30%,0.00%,"B075NWCGBN,B073M7G1WT,B00AREK9R8,B01MXTW3F3,B00RFHM1H6,B08G8TWD29,B084R8SSLB,B002BNS53S,B012VOYJLS,B07NSRF7NS","Nautica, Shorts"
men's black shorts,男士黑色短裤,,,品牌广告词,4,1,B0BLKN87V4,"696,379","2,287",59,2.61%,"53,540",962,2,0,"25,587",0.1,4,11.90%,2.20%,$1.48 ,$1.02 - $2.65,B0BQR24NV5,5.00%,0.00%,B009CTUIF2,3.70%,0.00%,B01JQTAD66,3.20%,2.20%,"B009CTUIF2,B01JQTAD66,B0728KK8VK,B076VZSKCL,B07HNWSRSR,B0151E6OUY,B0CSPRWDYN,B096YLSDLP,B0CSNTYBY1,B08JG671Z8","Black, Shorts"
jmierr,jmierr,,,HR推荐词/SP广告词,4,1,B0BLKN87V4,"744,118","1,930",65,3.39%,"47,347",898,2,398,310,6.2,173,9.00%,1.90%,$0.97 ,$0.73 - $1.21,B0D4LPJKXG,3.40%,0.00%,B0BXXR7S5S,2.90%,1.90%,B0BXXFW5FT,2.70%,0.00%,"B0D92DRK71,B0D8L4XHTW,B0D62R7V8H,B0D8TFF3WY,B0CQWVK6HQ,B0BXXR7S5S,B0D9867KP4,B0B722SWDZ,B0D8PYZBDX,B0BQQRT8SP",JMIERR
内衣,内衣,,,SP广告词,4,1,B0B4RQCZR1,"748,752","1,568",213,13.62%,"41,108",728,5,0,495,3.2,87,15.30%,0.00%,$0.60 ,$0.44 - $0.75,B07FYXF7SM,7.40%,0.00%,B07V5YDG5B,4.10%,0.00%,B0CLQ8F6Q2,3.80%,0.00%,"B07WP22BQG,B00GBCTZE8,B01EFNPD7W,B08LK79FQT,B09X41RCKQ,B07MRCBKQB,B08D3D8C6Z,B00JR4NILS,B07YMZJRTC,B08N5SZVKS",
tech shorts men,科技短裤男士,,,SP广告词,4,1,B0BFDTMBGP,"765,626","2,365",80,3.40%,"57,551","1,122",2,0,"2,359",1,12,14.20%,0.00%,$1.28 ,$1.13 - $1.46,B096YLSDLP,7.80%,0.00%,B07HJ5P319,3.60%,0.00%,B0723CZCQT,2.80%,0.00%,"B096YLSDLP,B07HNWKQQ7,B07PNRZPV4,B016Y826EE,B0728KK8VK,B09XQTGV2X,B076ZX2CJS,B0BT535XR4,B0728BNL9X,B09P3V2ZCD",Shorts
mens moisture wicking shorts,男士吸湿排汗短裤,,,SP广告词,4,1,B0BFDVPFKX,"762,933","2,506",84,3.37%,"70,779","1,174",2,0,"3,365",0.7,22,9.30%,0.00%,$1.37 ,$1.02 - $1.73,B0BNJSMPM3,3.80%,0.00%,B0BNMD6JSP,3.00%,0.00%,B07HJ5P319,2.50%,0.00%,"B075MRS4PT,B0BNMD6JSP,B07H5QPL1R,B0BWQMXHMR,B0BNJSMPM3,B0B1LX9FGW,B096YKM2JP,B07PMTLHHP,B08ZMXCY6C,B072JBQRLG","Shorts, moisture wicking"
3xlt,3xlt,,,SP广告词,4,1,B0C4GV51WK,"786,361","1,913",8,0.46%,"53,021",858,1,2,"2,559",0.8,13,10.90%,7.20%,$1.51 ,$1.17 - $1.72,B07CZBVKKP,5.20%,2.90%,B0B48C9DST,4.00%,4.30%,B00JUM78H2,1.70%,0.00%,"B07CZBVKKP,B00JUM8WDG,B0B48C9DST,B0BPDZCYRW,B08VV2N4K7,B077XPB31Z,B07CZCY5DS,B0946C51PZ,B075LJQC6S,B07HRG1ZVL",3x
good fellow,好人,,,SP广告词,4,1,B0BFDSVMPF,"780,270","2,062",68,3.31%,"56,794",788,2,0,282,7.3,1,35.90%,0.00%,$1.37 ,$0.97 - $1.61,B0CL24PCKW,16.10%,0.00%,B07JBS5BJQ,10.40%,0.00%,B0CKDP8J6Y,9.50%,0.00%,"B07JBS5BJQ,B07JCJMPVN,B0CKDP8J6Y,B0784TGH4M,B08F2ND1BC,B0CQML3974,B0CCT48R15,B0000ANHT7,B07682B7XG,B08D82RHJ9",
under armour tights for men,男士防弹紧身衣,,,视频广告词,4,1,B0BFDTMBGP,"785,315","1,804",355,19.72%,"38,444",717,9,0,"2,128",0.9,18,27.80%,5.80%,$0.74 ,$0.66 - $0.93,B0874WHB28,13.60%,2.90%,B0CPT562MQ,7.90%,0.00%,B0874W7Z7R,6.30%,2.90%,"B0874WHB28,B0874W7Z7T,B0874W39FT,B089T6LR9X,B08LNZQW3R,B0874X381B,B07K3QSY98,B0874V9TRT,B08LNZHFVX,B07GN71GL1","Tights, Under Armour"
stripped shorts,短裤,,,品牌广告词,4,1,B0BLKN87V4,"756,380","2,344",79,3.39%,"66,911","1,074",2,0,"2,898",0.8,4,11.60%,0.00%,$0.50 ,$0.37 - $0.62,B0D2HJ1GPG,4.00%,0.00%,B0C77XKWYP,3.80%,0.00%,B0CW8L5ZXP,3.80%,0.00%,"B0CWD88XJQ,B0CW8L5ZXP,B0CZ3TBDN8,B0CZ6B351X,B0CX1CGT4J,B0CM3MWW3W,B0C77BGVJV,B0D69RYKDW,B0CYBJ5YNQ,B0CYG8JHBF","Ripped, Shorts"
mens lined athletic shorts,男式内衬运动短裤,,,SP广告词,4,1,B0BFDSVMPF,"791,848","2,071",67,3.24%,"58,483","1,019",2,0,"1,572",1.3,1,17.10%,2.60%,$1.41 ,$1.07 - $1.77,B08XM7421N,6.70%,1.30%,B0BFDV4HHP,6.00%,0.00%,B089JY3L85,4.40%,1.30%,"B09WXSHZZK,B09LHCQCV6,B0B69LF2NV,B083466W2C,B08XM7421N,B07XLTV4TR,B0C5K5P236,B0BWQD4FF9,B09VBRK6DZ,B09PQCFRZS","Athletic, Shorts, Lined"
mens jersey shorts with pockets,男式带口袋针织短裤,Y,,AC推荐词,4,2,B09T3QHVVM/B0151E6WPQ,"812,202","2,146",71,3.33%,"57,399","1,048",2,1,"1,862",1.2,20,10.80%,2.80%,$0.63 ,$0.48 - $1.08,B0151E6WPQ,3.80%,1.90%,B0D2S5ZFLV,3.60%,0.90%,B0151E7192,3.40%,0.00%,"B0151E6WPQ,B09T3S3BCX,B0BTV3L1PV,B007PXVAIQ,B0D2S5ZFLV,B00AKSCYBU,B08L4XD1JB,B07RJSL1TL,B08JTQP6VY,B0BVMW2H8V","Shorts, Jersey"
prime sales and deals today clearance,Prime Sales and Deals 今天清仓,,,SP广告词,4,1,B0C4GV51WK,"793,193","11,636",333,2.88%,"270,407","4,843",8,0,"7,822",1.5,133,10.80%,12.00%,,-,B0C6GTHRL2,3.80%,4.90%,B07BGLT25K,3.50%,3.40%,B07BQXJ123,3.40%,3.70%,"B07BGLT25K,B07BQXJ123,B0C6GTHRL2,B07KP9771Y,B09QKBBNCX,B07WP4165D,B0D11H8HF9,B079KH8GCJ,B07MWTH3BY,B0D6GH24F2","Clearance, Prime, Sales"
more v4,更多 v4,,,SP广告词,4,1,B0BFDRQLNC,"822,702","1,761",49,2.81%,"45,446",796,2,13,27,65.2,1,41.10%,0.00%,$3.16 ,$2.36 - $3.95,B09K4S3S1Q,14.90%,0.00%,B09ZPSXBJD,14.30%,0.00%,B0D5LN7N83,11.90%,0.00%,"B09ZPSXBJD,B09K4W2Q69,B09K4T6H5B,B0B3B6YMJN,B0BRYJ6JYX,B0BJ7NRDF7,B0B8X72LFX,B0BJ7HJMPN,B0B483LQ3W,B096N8BSRD",
men clearance sale,男士清仓大甩卖,,,视频广告词,4,1,B0BFDTMBGP,"822,412","1,552",52,3.39%,"32,525",693,2,0,"6,114",0.3,5,21.30%,5.60%,$1.04 ,$0.79 - $1.30,B00MSZK0G4,15.60%,5.60%,B001MSR7UU,3.20%,0.00%,B0D3D341H8,2.60%,0.00%,"B00MSZK0G4,B001MSR7UU,B086L69KCL,B0CCC1B6CZ,B077ZKDQLV,B07DJBDB82,B0D21T4B66,B0BLMDQCCP,B002VUAM46,B01NAFW5O0",Clearance
white nike shorts men,白色耐克短裤男,,,品牌广告词,4,1,B0BLKN87V4,"816,236","1,862",174,9.35%,"49,680",808,4,0,"3,399",0.6,6,21.10%,3.10%,$1.16 ,$1.03 - $1.38,B08CBLQ7JM,9.00%,0.00%,B0B6KXL23R,6.60%,0.00%,B08SRBWX9K,5.50%,3.10%,"B08CBLQ7JM,B07H4JC6SZ,B0B6KXL23R,B0BYTCLTYK,B0C6657VMX,B07NJNW4QL,B08SRBWX9K,B0872CZR28,B071JN1N8F,B08SSPPR4W","White, Shorts, NIKE"
mens white athletic shorts,男士白色运动短裤,,,SP广告词,4,1,B09P3T8X61,"801,919","1,803",23,1.31%,"44,810",837,1,0,"28,172",0.1,3,17.10%,4.70%,$1.30 ,$1.10 - $1.64,B0C27CXCHS,5.90%,3.70%,B091M6H7ZT,5.90%,0.90%,B0C66789T5,5.30%,0.00%,"B0C27CXCHS,B08CBLQ7JM,B091M6H7ZT,B00H96E806,B0C66789T5,B093LV4DT1,B08792H8H7,B0BXWDSX7X,B089PK4FC2,B0D1JQXVSZ","Athletic, White, Shorts"
men's beach shorts,男士沙滩裤,,,品牌广告词,4,1,B0BLKN87V4,"855,129","1,594",44,2.82%,"33,606",741,1,0,"6,571",0.2,29,8.70%,2.20%,$1.64 ,$1.04 - $2.38,B08S77BPSD,3.20%,0.00%,B0BYCGQC6Y,2.90%,0.00%,B0C69C5QDT,2.60%,2.20%,"B0CRZBSC63,B08S7L2S99,B007T27LQS,B0C69C5QDT,B0BLN5HZTP,B0BLNQ3C8Y,B09XM3GM32,B0BLKKYR1J,B00BBW2YKU,B0C7PW95T2","Shorts, Beach"
athletic shorts with pockets,有口袋的运动短裤,,,SP广告词,3,3,B08JGBB9N1/B09P3T8X61/B0BFDRQLNC,"872,572","1,511",50,3.33%,"44,143",733,2,3,"101,010",0,22,11.10%,8.50%,$0.80 ,$0.63 - $0.95,B0BTH4ZHHV,5.70%,2.10%,B09MKNL9M3,2.90%,2.10%,B0C1BJ6LVQ,2.50%,4.30%,"B0BTH4ZHHV,B0BX7KWDWY,B08JGBB9N1,B09MKNL9M3,B082XK4W7W,B00719ZR9M,B08FXJJ8FQ,B00AKSCZ6Y,B01ES41BW4,B08V95S2H2","Athletic, Shorts"
picnic shorts,,,,SP广告词,3,1,B09P3T8X61,"856,396","1,822",53,2.94%,"41,875",747,2,0,746,2.4,2,25.40%,14.30%,$0.30 ,$0.21 - $0.37,B0CRV2LSV9,14.60%,14.30%,B0CRV8V1SP,5.40%,0.00%,B0CRVCF51J,5.40%,0.00%,"B0CRV2LSV9,B0CWD9BYSX,B0D3DRBBS6,B0CQN64MVM,B0D265VP1D,B0CSYNBNG8,B0CNXRQLG7,B0D7MVRXS9,B0D6754YCY,B0D1XRRQWM","Picnic, Shorts"
calvin klein shorts,卡尔文-克莱恩短裤,,,视频广告词,3,1,B0BFDTMBGP,"862,171","1,755",56,3.24%,"44,702",778,2,0,"1,003",1.8,4,11.20%,0.00%,$1.12 ,$0.92 - $1.44,B0CQZ4F68L,4.50%,0.00%,B0CQZ5MTQR,3.50%,0.00%,B0CQDC3D2X,3.20%,0.00%,"B0BYVKF58J,B0CQZ4F68L,B00GBCW4N2,B0BR5GQS6L,B09SWV7VB5,B0CLSVZZ3N,B0006LNYX8,B08DTD31QD,B0CQDC3D2X,B09X217YLH","Shorts, Calvin Klein"
maroon shorts men,栗色短裤男士,,,SP广告词,3,1,B0BFDVPFKX,"878,438","1,375",42,3.10%,"27,801",560,1,0,486,2.8,25,11.50%,0.00%,$0.99 ,$0.74 - $1.24,B0C1BT5HTW,4.90%,0.00%,B0C3W8MHZF,3.50%,0.00%,B0C1BTBN3Q,3.10%,0.00%,"B01AK7XBYY,B0BGW51YX7,B09T3PCDVJ,B07TQTQB39,B0C1BT5HTW,B098SX2NL3,B00ECNYP5C,B0CZRTPMFQ,B0BXZ3HHHZ,B073WPYGTH","Shorts, Maroon"
dickies shorts for men 15 inch loose fit,dickies 男士短裤 15 英寸宽松版型,,,品牌广告词,3,1,B0BLKN87V4,"899,759","1,842",50,2.74%,"42,278",767,2,0,102,18.1,5,46.00%,5.90%,,-,B0011RP5Y2,18.00%,3.90%,B0036G5OBA,17.00%,2.00%,B09MDLSP34,11.00%,0.00%,"B0011RP5Y2,B000N8X3T4,B0036G5OBA,B0032YTV4M,B005SZFAN4,B0001YRN82,B00EC87YQY,B07TZ9F1BD,B00EC83JQ8,B082TJ2RNH","Shorts, Loose Fit, Dickies"
pack of tshirts men,,,,SP广告词,3,1,B09WMZR2XM,"917,797","1,486",41,2.81%,"30,400",596,1,0,"55,391",0,8,15.70%,4.20%,$1.19 ,$0.88 - $1.49,B0787P86ZZ,8.20%,2.10%,B07JDGBX9D,4.60%,0.00%,B08F2NQ9VQ,3.00%,2.10%,"B0787P86ZZ,B08F2NGKYR,B086KXNGKY,B00KBZOTKG,B00D1ARZMC,B09B5CP1SQ,B0CSWGBR4L,B077ZJC1N9,B0D4VWFNP6,B0BXBHWCVV","tshirt, Pack"
under armour stormproof cloudstrike stretch golf jacket,Under Armour 防风云纹弹力高尔夫夹克,,,视频广告词,3,1,B0BFDTMBGP,"908,081","1,491",44,2.99%,"34,809",668,1,0,49,30.4,10,42.40%,0.00%,,-,B09WD2MB67,16.50%,0.00%,B0CJXJJGDJ,14.80%,0.00%,B09WD5W8G6,11.10%,0.00%,"B09WD2MB67,B08VJBQCJ2,B0B5ZLFQBR,B089HBPXF1,B0C6N36FNV,B08W2Q8YDN,B09JFSL6CS,B078GMT64C,B08FBW8N3S,B0BGVPHCYP","Golf, Jacket, Stretch, Under Armour"
adidas mens shorts with pockets,阿迪达斯男式带口袋短裤,,,SP广告词,3,1,B0BFDSVMPF,"950,427","2,254",66,2.96%,"45,491",875,2,0,749,3,6,22.40%,1.20%,$0.93 ,$0.63 - $1.86,B09Y2VG81M,9.80%,0.00%,B091MM1NQL,6.70%,0.00%,B09XLL648Z,6.00%,1.20%,"B0CHR3J39D,B09Y2VG81M,B09Y2SZ95Z,B09XLL648Z,B091MY6SQP,B09XWX6T3G,B08HJRFBKM,B09XLLYBB8,B010DKQ7WG,B0C2JSGG8V","Adidas, Shorts"
white soccer shorts,白色足球短裤,,,视频广告词,3,1,B0BFDTMBGP,"883,301","1,519",212,14.00%,"31,236",608,5,0,"27,057",0.1,4,16.70%,3.00%,$1.05 ,$0.80 - $1.33,B09B3VHCTC,6.20%,0.00%,B091MM1NQL,5.60%,1.50%,B08792H8H7,5.00%,1.50%,"B087974PWT,B089PK4FC2,B091MW4FYG,B08CBLQ7JM,B089PKKPQJ,B0CTGQNJCC,B09GG55BXB,B0878Z2P8P,B091L79V1B,B093MCL3QJ","White, Shorts, Soccer"
under armour hunting,狩猎的盔甲,,,视频广告词,3,1,B0BFDTMBGP,"934,695","1,529",128,8.43%,"37,943",631,3,0,913,1.7,7,15.40%,0.00%,$1.03 ,$0.77 - $1.19,B07YP87LXN,6.90%,0.00%,B09JJRCWVQ,5.40%,0.00%,B0D5BNXF4S,3.10%,0.00%,"B09WJF433Q,B08LNXL9KQ,B07YP87LXN,B0BGW63HZR,B09JNJZSXY,B09JJRCWVQ,B08GLLDRSN,B086RSWG8X,B0BM6W7H1L,B07YXLN568",Under Armour
gifts for young men 20- 25,给年轻人的礼物 20- 25,,,SP广告词,3,1,B0C4GV51WK,"888,276","1,640",46,2.82%,"38,941",637,2,0,"1,075",1.5,48,13.70%,1.60%,$0.93 ,$0.70 - $1.16,B091M9N4FC,5.70%,0.00%,B0784JR9GR,4.50%,0.00%,B0B1VM1C6L,3.60%,1.60%,"B077ZKDQLV,B073JTCV9F,B07BR2JFM9,B012BA0VSM,B08GC1G4Y9,B08FCBCVTL,B01CEAHSRQ,B00IO3LLM6,B091M9N4FC,B0B6ZJJSXM",Young
men things,男人的东西,,,SP广告词,3,1,B0BFDSVMPF,"903,480","1,441",48,3.39%,"39,503",677,2,0,"8,055",0.2,2,22.60%,17.60%,$0.27 ,$0.20 - $0.34,B00MSZK0G4,12.80%,5.90%,B09N1B6LL3,6.60%,11.80%,B0BBG2WQFK,3.30%,0.00%,"B00MSZK0G4,B09N1B6LL3,B09P1DV7D8,B077ZJXCTS,B0BZQSLFQ9,B00L1GHHV2,B0BDRPVPQM,B0BWN1Y92M,B07S1BNNYD,B09YNPMLG3",Thin
tie dye shorts men,扎染短裤男士,,,品牌广告词,3,1,B0BLKN87V4,"962,438","1,512",224,14.84%,"39,361",652,6,1,728,2.1,10,22.90%,0.00%,$0.43 ,$0.31 - $0.54,B09366G86R,11.20%,0.00%,B0BNVM67J9,7.10%,0.00%,B0D1FV4BHD,4.60%,0.00%,"B09366G86R,B07S1MRWFG,B087N6TWZ1,B0BNVM67J9,B0BY8QNRTT,B0BYS81N1Y,B08F51RYVC,B0CZ3SX4SQ,B09RF51VH6,B0D1FV4BHD","Tie dye, Shorts"
t -shirt,,,,SP广告词,3,1,B0CHMM393V,"907,232","1,924",48,2.50%,"46,534",745,2,0,"34,073",0.1,195,12.90%,2.10%,$1.54 ,$1.34 - $1.76,B0787P86ZZ,4.50%,2.10%,B0BZDLXKTS,4.50%,0.00%,B016OT9D3K,4.00%,0.00%,"B0CWL6B9Z2,B071NMR35V,B0DB8SM7J5,B0787P86ZZ,B0DB5SDMXC,B01N6DJO3W,B0DB5QNY63,B0CYH2W2S6,B086L1PM8V,B0D4YYXCQG",Shirt
camo gym shorts,迷彩运动短裤,,,视频广告词,3,1,B0BFDTMBGP,"981,307","1,225",30,2.52%,"26,578",490,1,0,"1,811",0.7,4,30.60%,13.60%,$1.37 ,$1.02 - $1.71,B0D2DSQYWT,16.90%,13.60%,B0D2DXDTYS,8.20%,0.00%,B0D2DV16SV,5.50%,0.00%,"B0D2DSQYWT,B09XQXVLVC,B09PYSC9P6,B09VT4NN8S,B0CX53RKYF,B08JLFDRWM,B09KX157S5,B08L4D25NQ,B085QLF1M1,B08WYGRX69","Shorts, gym"
blue nike,蓝色耐克,,,视频广告词,3,1,B0BFDTMBGP,"951,779","1,473",53,3.66%,"31,932",722,2,0,"10,804",0.1,2,12.30%,0.00%,$0.72 ,$0.58 - $0.82,B08RTG3RN9,5.00%,0.00%,B0CHPZ1FSF,4.00%,0.00%,B07Y85GFLQ,3.30%,0.00%,"B0CKZBQL6R,B0B2PXKJ54,B0CHPZ1FSF,B0B2CBQX4D,B0C5KKT3ZF,B098PDRP5J,B0B6FXBMFQ,B0C4LNMMTM,B0BZJSZYPN,B09YH87ZJT","NIKE, Blue"
under armour basketball shorts,铠甲公司的篮球短裤,,,SP广告词,3,1,B0BFDSVMPF,"977,626","1,482",57,3.88%,"32,672",646,2,0,"1,831",0.8,7,9.70%,4.80%,$1.29 ,$0.98 - $1.62,B07CZJ4F29,3.90%,0.00%,B07CZBPF1B,3.20%,4.80%,B07CZBPHWR,2.60%,0.00%,"B07CZJ4F29,B082BFSN43,B0942VLLMR,B0C12LSWTJ,B0887BQ9HD,B0C12FYQFM,B07YXNBMCW,B0C2FRH2WG,B093MG3LP9,B093LV4DT1","Basketball, Shorts, Under Armour"
half pants for men,男士半裤,,,SP广告词,3,2,B09T3QHVVM/B0BFDSVMPF,"927,845","1,744",43,2.52%,"47,625",700,1,0,"3,015",0.6,4,13.10%,4.40%,$0.54 ,$0.40 - $0.63,B01BGZ244W,5.90%,0.00%,B06XWMC24B,4.20%,0.00%,B08L4X87BP,3.10%,4.40%,"B01BGZ244W,B08L4XD1JB,B07HNTTKZ6,B009CTU9T2,B016Y8263A,B0BZPMDBPM,B09P3V2ZCD,B07RMJLZBP,B0728KK8VK,B07D11NHJ1",Pants
under armour gemini,盔甲下的双子座,,,视频广告词,3,1,B0BFDTMBGP,"934,692","1,489",41,2.77%,"41,768",617,1,0,57,26.1,4,43.90%,0.00%,$0.38 ,$0.28 - $0.49,B099RTP78B,20.80%,0.00%,B0BVNMPBL7,12.50%,0.00%,B0CJCFXVQK,10.60%,0.00%,"B0BVNMPBL7,B0CJCGRHXN,B0CY3P56R2,B0CVN7M6XK,B09XBVTNRT,B0BGQK27W9,B0CY3TM2HK,B0CY3Q6QTD,B0CJT6BQ87,B0CN1FNZ8S",Under Armour
womens corduroy shorts,女式灯芯绒短裤,,,品牌广告词,3,1,B0BLKN87V4,"963,709","1,336",38,2.85%,"31,168",550,1,0,"1,059",1.3,5,14.00%,3.30%,$0.66 ,$0.40 - $0.77,B0CJ5ZT63W,5.20%,0.00%,B019FHCCNG,4.40%,3.30%,B09756YJ79,4.40%,0.00%,"B0BTLS7K97,B019FHCCNG,B0C9ZG7Y8B,B01B8LIRU4,B07T615LX9,B0C1BXQWWZ,B0C185QZPL,B0CD4WP1NY,B09RK7YDVR,B0BRKCY4X9","Shorts, Corduroy"
red nike pro shorts,红色耐克职业短裤,,,视频广告词,3,1,B0BFDTMBGP,"960,283","1,437",39,2.75%,"32,403",573,1,0,115,12.5,0,60.60%,8.30%,$0.75 ,$0.61 - $1.00,B0B9CGT6Q6,35.00%,0.00%,B08NYKQFV1,13.10%,8.30%,B08XLHGY28,12.50%,0.00%,"B08NYKQFV1,B09XL2YY9L,B07FKKF87L,B07PR231BP,B08NYJK3GX,B07TKCL4M6,B09BK6PP9L,B0BGJ5WYHM,B09XL2LW21,B0CY392RFD","Shorts, Red, NIKE"
vuori dupes,武里杜普,,,SP广告词,3,1,B0CHMNB423,"963,214","1,534",4,0.31%,"34,038",719,1,0,210,7.3,140,13.10%,0.00%,$0.66 ,$0.44 - $0.88,B082MFQY2V,4.70%,0.00%,B09Q2W3JS8,4.70%,0.00%,B09DC9W28F,3.70%,0.00%,"B09Q2WKQPT,B0C5ZNYQ25,B0C7KDDFQ3,B09K7SGSKQ,B09DC9W28F,B0CB84MQB1,B09MTFQ27Y,B0CR8WH5FB,B082MFQY2V,B08LBDQT1S",Dupe
nike tech blue,耐克科技蓝,,,视频广告词,3,1,B0BFDTMBGP,"958,661",888,24,2.71%,"23,523",354,1,0,240,3.7,4,57.60%,0.00%,$0.40 ,$0.30 - $0.50,B0CW63ZPV9,37.30%,0.00%,B08GYS9JRJ,10.20%,0.00%,B08VFC2BD7,10.20%,0.00%,"B08GYS9JRJ,B0CJYHT1WM,B0CW63ZPV9,B0CY99XB57,B08VFC2BD7,B08DNL16YG,B08GYST9QM,B0BDT9ZWSS,B08HMS7MH6,B0BQRMPZGZ","NIKE, Blue"
air force pt shorts,空军 pt 短裤,,,SP广告词,3,1,B0BFDSVMPF,"964,720","1,212",32,2.70%,"32,939",467,1,4,132,9.2,22,73.90%,0.00%,$1.14 ,$0.86 - $1.44,B085FS44D5,43.50%,0.00%,B085G83VMK,23.30%,0.00%,B018VXKG3I,7.10%,0.00%,"B085FS44D5,B00JBHV8C2,B07ZFG7J7C,B0CW18K9K5,B0BZDBNYJ2,B01LBLGKPK,B0CH42N98Z,B0D5LH9N89,B09V5RCG7L,B0C4CCS1XV","Shorts, Air Force"
gildan g5000,吉尔丹g5000,,,SP广告词,3,1,B0C4GQTCJK,"984,377","1,683",9,0.57%,"48,485",713,1,7,491,3.4,4,27.90%,0.00%,$1.27 ,$0.75 - $1.41,B0828MV4QR,10.80%,0.00%,B0BRNXPFXH,8.80%,0.00%,B0D17LD5VR,8.30%,0.00%,"B0828MV4QR,B075ZZF47B,B00RC3VSBI,B07M5BFR9Z,B07JCS8NRC,B0CCFDM5C6,B0CCFB1WSW,B0B9VB5QD2,B079BBP7P6,B0CDNK44WW",Gildan
tasc clothing,tasc 服装,,,视频广告词,3,1,B0BFDTMBGP,"991,639","1,932",53,2.77%,"52,350",851,2,0,222,8.7,8,38.50%,8.00%,$0.73 ,$0.55 - $0.91,B0068VM57Q,27.60%,8.00%,B07K6FL3NN,7.60%,0.00%,B0068VM4F4,3.40%,0.00%,"B0068VM57Q,B079XW2XXF,B0CN35CSC8,B008VERR3A,B09R9WWSST,B0C5HZMFG5,B0CN34THBD,B0716PG6C4,B0CB1ZM9T2,B0BQDZ518H",Clothing
运动短裤,,,,自然搜索词,0,3,B00AKSCXEI/B0151E6WPQ/B0CHMN8TDS,,,,,,,,,0,,0,,,,-,,,,,,,,,,,
短裤男,,,,自然搜索词,0,2,B0151E6WPQ/B09XQVCZ8B,,,,,,,,,184,,24,,,,-,,,,,,,,,,,
短裤,短裤,Y,,自然搜索词/AC推荐词,0,4,B0151E6WPQ/B01AK7Y102/B08JGBB9N1/B09XQVCZ8B,"2,074,365",520,15,2.98%,"10,913",202,1,1,123,4.2,111,12.20%,20.00%,$0.89 ,$0.68 - $1.12,B01JQTA74O,4.90%,0.00%,B0CZF2H3QZ,4.90%,0.00%,B0BFDSJJFZ,2.40%,20.00%,"B0723CZCQT,B08VRLJFK2,B010DKQ7US,B01AK7Y102,B0151E6PB2,B09ZF9JG24,B08TLW5RRB,B07MWCLGV4,B09XWX6T3G,B08SQXB1FG",
短袖,短袖,,,SP广告词,0,2,B0BFDVPFKX/B0C4GQTCJK,"1,405,821",707,22,3.24%,"15,644",299,1,0,172,4.1,48,17.30%,0.00%,$1.13 ,$0.86 - $1.41,B0D17Y5GM1,5.80%,0.00%,B0D2SBCZG7,5.80%,0.00%,B0D5HX11WM,5.80%,0.00%,"B07HRTTM8H,B00KBZOVVS,B07DRNTL8K,B09P144FKZ,B071WY2Q29,B07JBRCX8X,B096DX1P3H,B08WYXQX9Q,B07CWZ1TTK,B07SXN55WG",
男装,男装,,,SP广告词,0,1,B09XQVCZ8B,"1,538,906",140,3,2.77%,"3,157",55,1,1,181,0.8,39,40.70%,0.00%,$1.14 ,$0.86 - $1.44,B0CPTHL7KT,33.30%,0.00%,B0000ANHSZ,3.70%,0.00%,B07N2NNNDB,3.70%,0.00%,"B0BV241H3F,B08RYTM5JP,B07T3KL19K,B0BVMVZGC7,B083P314GB,B0000ANHT7,B07LCF3V1X,B07W3PHZHN,B09C5SSLRK,B0BKLTLSPN",
男士短裤,,,,SP广告词,0,2,B08JGBB9N1/B0CHMN8TDS,,,,,,,,,122,,4,,,,-,,,,,,,,,,,
男士短袖,,,,SP广告词,0,2,B0CHMN8TDS/B0CHMNB423,,,,,,,,,0,,115,,,,-,,,,,,,,,,,
男士沙滩短裤,,,,SP广告词,0,1,B0CHMN8TDS,,,,,,,,,0,,0,,,,-,,,,,,,,,,,
工装短裤,,,,SP广告词,0,1,B0BFDTMBGP,,,,,,,,,0,,0,,,,-,,,,,,,,,,,
? man clothing,,,,自然搜索词,0,1,B08JGBB9N1,,,,,,,,,0,,35,,,,-,,,,,,,,,,,"Clothing, Man"
zipper shorts,拉链短裤,,,SP广告词,0,1,B0BFDTMBGP,"1,469,158","1,155",40,3.48%,"28,814",452,1,0,"3,102",0.4,9,11.30%,11.80%,$1.35 ,$1.00 - $1.69,B08VRLJFK2,4.20%,5.90%,B08VRDJ55L,4.20%,0.00%,B08VS65DLJ,2.80%,5.90%,"B09P3WHTC8,B08YY9HW63,B0B1LGYYKB,B08VRDJ55L,B08LTBCJNT,B0BR7F4R1H,B0D2S385WC,B09PYR7WHV,B09B24767F,B09VT6R6C7","Zipper, Shorts"
zelos mens activewear,zelos 男士运动服,,,自然搜索词,0,1,B08JGBB9N1,"1,576,598",296,9,3.13%,"7,515",135,1,0,108,2.7,18,25.70%,0.00%,$0.75 ,$0.56 - $0.94,B07DRRJC29,11.40%,0.00%,B072JBQRLG,8.60%,0.00%,B07DRPBTGS,5.70%,0.00%,"B07DRRJC29,B09H79QJSH,B072JBQRLG,B08JGBB9N1,B098D9623L,B07NF3Q621,B08SM2DBQ3,B07PNRZFKQ,B01N1WFVH9,B07MCNB7RN",Active
yoga shorts for men,男士瑜伽短裤,,,SP广告词,0,1,B0BFDSVMPF,"1,375,738","1,177",33,2.86%,"29,164",469,1,0,"12,376",0.1,4,11.80%,2.00%,$1.33 ,$1.00 - $1.65,B089JY3L85,4.70%,0.00%,B09CGWK6PR,4.30%,0.00%,B01I6NTSKK,2.80%,2.00%,"B09CGWK6PR,B09JZ24Q47,B0BLR7TBYL,B082WDVVRR,B09VBK13ZV,B08NX99GH4,B0B52H35Z7,B0BKPRVRG9,B08XM7421N,B09BQQP3F3","Shorts, Yoga"
yoga pants short men,,,,SP广告词,0,1,B0CHMN8TDS,,,,,,,,,0,,0,,,,-,,,,,,,,,,,"Pants, Yoga, Short, Yoga Pants"
xxxl shorts for men,xxxl 男士短裤,Y,,自然搜索词/AC推荐词,0,1,B08JGBB9N1,"1,951,939",631,19,3.15%,"13,415",304,1,0,"1,482",0.4,8,19.10%,13.30%,$0.88 ,$0.76 - $1.12,B09464J5CN,10.60%,6.70%,B01BUJ0JVY,4.30%,6.70%,B00KUL0W1G,4.30%,0.00%,"B09464J5CN,B08JGBB9N1,B07H5P8M39,B01BUJ0JVY,B0036OS6LW,B0081FZ42K,B09SKWNB88,B08SCM5JFR,B01AK7Z2AU,B08JTQP6VY",Shorts
xxl gym shorts men,,,,自然搜索词,0,1,B09P3T8X61,"2,011,099",761,27,3.62%,"17,173",296,1,0,"3,707",0.2,4,33.30%,15.40%,$1.61 ,$1.35 - $1.95,B072JBQRLG,14.80%,7.70%,B08JTMKJX8,9.30%,7.70%,B07NDP7ZTX,9.30%,0.00%,"B08JTQP6VY,B07H5P8M39,B07CZCCGY8,B08PYQRD1Y,B072JBQRLG,B00AKSCZ28,B0CSN8MRPC,B071LGZ66P,B07NDPC6SZ,B01AK7Z2AU","Shorts, gym"
xs mens shorts,,,,自然搜索词,0,1,B08JGBB9N1,,,,,,,,,"1,512",,7,,,,-,,,,,,,,,,,"Shorts, XS"
xl shorts for men,男士 xl 短裤,,,自然搜索词,0,3,B09T3QHVVM/B0BLKN87V4/B0C4GV51WK,"1,041,783","1,221",39,3.20%,"25,790",528,1,0,"10,398",0.1,4,17.40%,3.80%,$0.93 ,$0.79 - $1.22,B07NDP7ZTX,6.40%,0.00%,B08JTQP6VY,6.00%,3.80%,B0728KK8VK,4.90%,0.00%,"B0CRHF41F7,B08JTQP6VY,B08PYQRD1Y,B07NDP7ZTX,B08LT8LY5N,B07H5QPL1R,B08LTC53FR,B0151E6WTW,B0CRRGWXMS,B0723CZCRJ",Shorts
xl mens shorts,XL 男士短裤,,,自然搜索词,0,2,B09T3QHVVM/B0C4GV51WK,"1,792,126","1,103",33,3.03%,"30,382",433,1,0,"10,944",0.1,5,19.40%,9.10%,$1.32 ,$0.99 - $1.64,B0723CZCRJ,9.00%,0.00%,B08JTQP6VY,6.00%,4.60%,B08LT8LY5N,4.50%,4.60%,"B0CRHF41F7,B08LT8LY5N,B08JTQP6VY,B08PYQRD1Y,B07NDP7ZTX,B0723CZCRJ,B07H5P8M39,B0BWNJWPF7,B08LTC53FR,B01AK7XQQC",Shorts
xl basketball shorts mens,xl 篮球短裤男装,,,自然搜索词,0,1,B0C4GV51WK,"2,454,915",140,3,2.76%,"3,058",60,1,0,"5,745",0,0,41.90%,80.00%,$1.21 ,$0.79 - $1.37,B08JTQP6VY,22.60%,60.00%,B07NDP7ZTX,9.70%,20.00%,B08JT243GF,9.70%,0.00%,"B08JTQP6VY,B07NDP7ZTX,B08JG3T2SY,B0D48YDHXK,B0036OS6LC,B08SWLZR37,B0CRHF41F7,B08LTC53FR,B072JPX1Q1,B01ES41BW4","Basketball, Shorts"
wrestling shorts men,摔跤短裤男,,,自然搜索词,0,1,B01AK7Y102,"1,656,242",761,2,0.30%,"21,046",321,1,0,"1,499",0.5,4,20.40%,16.70%,$3.88 ,$2.91 - $4.84,B07PY4C6PH,7.40%,0.00%,B0BWNZB5RS,7.40%,0.00%,B06XRKVCYK,5.60%,16.70%,"B06XS2Z4LH,B0BWP1RD7R,B0768KK4C9,B07NF3G29P,B083QH2GBB,B08346CY99,B09C2M13D5,B072JBQRLG,B09X28TBBC,B09PQM5S1P",Shorts
wowie nomad 2.0 hybrid shorts,,,,品牌广告词,0,1,B0BLKN87V4,"2,454,670",631,17,2.85%,"13,741",283,1,0,40,15.8,16,40.40%,0.00%,$1.20 ,$0.89 - $1.50,B0CNX9PZ8B,19.20%,0.00%,B0CQ1XLSHK,14.90%,0.00%,B0CQ1TRGRD,6.40%,0.00%,"B0D2R2FQ6X,B09VBRK6DZ,B0CQ1XLSHK,B0CNX9PZ8B,B0C4TJDP86,B09QD3PMMB,B0BLNRMJR4,B08BNK9VGK,B0CLRS6N8B,B09VBJ2HRF",Shorts
woven shorts men,梭织短裤男,,,自然搜索词,0,1,B09XQVCZ8B,"1,113,661","1,644",46,2.85%,"36,903",716,2,0,"1,761",0.9,7,14.10%,0.00%,$1.16 ,$0.81 - $1.37,B001MB1MPS,6.80%,0.00%,B08GLXZSV7,3.80%,0.00%,B08BX4YRYJ,3.50%,0.00%,"B08BX4YRYJ,B093LWXP3K,B09XLL648Z,B001MB1MPS,B0C2679WCW,B07XKJC8LB,B07T3HTPKF,B0B41T7CR1,B0CSLRTKNG,B09XQVCZ8B","Shorts, Woven"
woven shorts,梭织短裤,,,自然搜索词,0,1,B09XQVCZ8B,"2,368,344",140,3,2.86%,"2,961",58,1,13,"1,111",0.1,4,24.20%,0.00%,$1.24 ,$0.93 - $1.54,B001MB1MPS,9.10%,0.00%,B09XLMDC56,9.10%,0.00%,B08BX61XSQ,6.10%,0.00%,"B08BX4YRYJ,B09XLMDC56,B001MB1MPS,B0C2679WCW,B09WN1RFDG,B07T3HTPKF,B08925SPHX,B0BS3S1MHC,B07YGQ21PQ,B0B41T7CR1","Shorts, Woven"
workout sports track shorts,,,,自然搜索词,0,1,B00AKSCXEI,,,,,,,,,0,,23,,,,-,,,,,,,,,,,"Workout, Shorts, Sports"
workout shorts xl,,,,SP广告词,0,2,B09P3T8X61/B0BFDSVMPF,,,,,,,,,0,,124,,,,-,,,,,,,,,,,"Workout, Shorts"
workout shorts with pockets for men,男士带口袋运动短裤,,,自然搜索词,0,2,B00AKSCXEI/B08JGBB9N1,"1,951,667",543,16,2.98%,"14,823",260,1,0,"6,415",0.1,1,16.70%,0.00%,$0.71 ,$0.56 - $1.37,B082XS4MGN,7.10%,0.00%,B0728KK8VK,4.80%,0.00%,B082XSM4BC,4.80%,0.00%,"B08JGBB9N1,B08LTB9SZW,B0BZPMDBPM,B09XQWCCGR,B09P3RHNSY,B0723CZCRJ,B01AK7Y12A,B08BCKC89W,B07H5QPL1R,B0D1QWYNH7","Workout, Shorts"
workout shorts mens,运动短裤男士,,,自然搜索词,0,4,B00AKSCXEI/B08JGBB9N1/B09P3T8X61/B09XQVCZ8B,"1,502,693","1,362",158,11.63%,"36,282",568,4,0,"8,438",0.2,4,11.60%,0.00%,$1.39 ,$1.13 - $1.53,B08DMGDPTR,4.20%,0.00%,B07H5PTQML,3.90%,0.00%,B085NF55WL,3.50%,0.00%,"B08JGBB9N1,B085NF55WL,B07H5PTQML,B09PYSSR6D,B09VBK13ZV,B0723CZCQT,B09P3RHNSY,B09LTRY112,B0987C93NK,B0BNW2RCPZ","Workout, Shorts"
workout shorts men with liner,男士内衬运动短裤,,,SP广告词,0,1,B0C4GV51WK,"1,346,935","1,479",44,3.04%,"34,927",628,1,0,"1,580",0.9,19,16.10%,0.00%,$1.47 ,$1.30 - $1.75,B0BFDV4HHP,5.80%,0.00%,B0D2RLHHJ9,5.80%,0.00%,B08XM7421N,4.60%,0.00%,"B0BNW5DWR1,B08XM7421N,B08346K3ZS,B09WXSHZZK,B09LHCQCV6,B0CLRTXL5Z,B07XLTV4TR,B0B52H35Z7,B0CPDRDRLJ,B09248VKW9","Workout, Shorts"
workout shorts men under armour,,,,自然搜索词,0,1,B0C4GS3QJD,,,,,,,,,411,,0,,,,-,,,,,,,,,,,"Workout, Shorts, Under Armour"
workout shorts men pack,运动短裤男装,Y,,自然搜索词/AC推荐词,0,1,B08JGBB9N1,"1,951,666","1,229",33,2.74%,"31,085",500,1,0,"8,794",0.1,4,18.60%,5.00%,$1.25 ,$0.93 - $1.39,B0CSHH2DLR,8.00%,0.00%,B0BNW2C7P6,5.30%,5.00%,B0BNW445NH,5.30%,0.00%,"B08JGBB9N1,B0BNW2C7P6,B0CRHDB5DR,B0CRRGWXMS,B0D2RLHHJ9,B07H5PTQML,B08XPZ3MYM,B0BNW3CD3W,B08JTQP6VY,B0BNW3NJ7L","Pack, Shorts, Workout"
workout shorts men 9 inch,男式运动短裤 9 英寸,,,自然搜索词,0,1,B00AKSCXEI,"1,076,263","1,475",40,2.77%,"33,193",623,1,0,"1,316",1.1,13,9.90%,2.90%,$1.54 ,$1.35 - $1.74,B09LHCQCV6,3.90%,1.50%,B08NX99GH4,3.20%,1.50%,B089JY3L85,2.90%,0.00%,"B09LHCQCV6,B0CX54JVDP,B09P3RHNSY,B08NX99GH4,B07H5P8M39,B0CKYHPYVM,B07YMHRP9Z,B077XQMB7G,B08CZVXKT3,B09X2JKSRB","Workout, Shorts"
workout shorts men 7 inch,男士健身短裤 7 英寸,,,自然搜索词,0,1,B09P3T8X61,"611,443","2,892",495,17.12%,"77,407","1,435",12,0,"1,781",1.6,11,10.60%,3.30%,$1.50 ,$1.12 - $1.88,B09W9J74JC,4.20%,1.30%,B08CXW8ZJD,3.40%,0.70%,B08XQ12C55,3.00%,1.30%,"B08CXW8ZJD,B08XQ12C55,B0BXWDVDXC,B09P3RHNSY,B0CRQFLWT3,B0CN6VDS4K,B08BX4YRYJ,B09W9J74JC,B0BNW3NJ7L,B089MKV821","Workout, Shorts"
workout shorts for men gym,男士健身短裤,,,自然搜索词,0,3,B01AK7Y102/B08JGBB9N1/B09P3T8X61,"1,025,096","1,521",10,0.71%,"41,362",663,1,0,"6,609",0.2,14,9.40%,1.30%,$1.29 ,$0.95 - $1.52,B08JGBB9N1,3.80%,1.30%,B089JY3L85,2.80%,0.00%,B0BFDV4HHP,2.80%,0.00%,"B08JGBB9N1,B0BNW3CD3W,B09LTQWRV7,B085NF55WL,B07H5P8M39,B0CRHF41F7,B09P3RHNSY,B0BWQD4FF9,B01AK7XUGS,B083463RFH","Workout, gym, Shorts"
workout short men,,Y,,AC推荐词,0,2,B08JGBB9N1/B0C4GV51WK,,,,,,,,,"8,813",,24,,,,-,,,,,,,,,,,"Workout, Short"
workout mens shorts,,Y,,AC推荐词,0,2,B08JGBB9N1/B09XQVCZ8B,,,,,,,,,"8,013",,9,,,,-,,,,,,,,,,,"Workout, Shorts"
workout mens,,,,自然搜索词,0,1,B08JGBB9N1,,,,,,,,,"49,967",,5,,,,-,,,,,,,,,,,Workout
workout gym shorts,,,,自然搜索词,0,3,B08JGBB9N1/B09P3T8X61/B0BFF67H1W,,,,,,,,,0,,25,,,,-,,,,,,,,,,,"Workout, gym, Shorts"
workout essentials for men,男士锻炼必备品,,,自然搜索词,0,1,B08JGBB9N1,"1,744,539","1,242",12,1.03%,"25,688",494,1,0,"13,975",0.1,2,22.20%,0.00%,$1.28 ,$0.97 - $1.61,B0BFF5MN6T,8.30%,0.00%,B07QP13BJ9,6.90%,0.00%,B09P1DV7D8,6.90%,0.00%,"B0BFF5MN6T,B09P1DV7D8,B0BG94RWYN,B07JG7WN8L,B01H3D1GCW,B0B456YVMM,B07DRNTL8K,B07S1BNNYD,B08LW662KP,B0785VMVF4","Essential, Workout"
workout clothes for men gym,男士健身房运动服,,,自然搜索词,0,1,B08JGBB9N1,"2,287,367",498,15,3.08%,"12,225",204,1,0,"36,271",0,2,20.00%,16.70%,$0.80 ,$0.60 - $1.00,B08BBYCN46,10.00%,16.70%,B07H5PTQML,7.50%,0.00%,B0785W8ZQF,2.50%,0.00%,"B08BBYCN46,B07DRNTL8K,B0BNW2CZNM,B083463RFH,B0785VMVF4,B07WTSQ55M,B09BTBDVXQ,B085NF55WL,B07H5PTQML,B09H79QJSH","Workout, gym"
workiut shorts,,,,SP广告词,0,1,B00AKSCXEI,,,,,,,,,"34,083",,21,,,,-,,,,,,,,,,,Shorts
working shorts for men,男士工作短裤,,,自然搜索词,0,1,B08JGBB9N1,"1,436,282",786,24,3.15%,"21,363",382,1,0,"3,001",0.3,0,12.70%,25.00%,$1.61 ,$1.25 - $2.14,B07SD2FNV1,5.50%,0.00%,B000N8X3SK,3.60%,12.50%,B07HNWNXMK,3.60%,12.50%,"B07HNWNXMK,B00EC83Y5O,B095X815P8,B0032YVLPE,B01NCMM5L4,B0BNMBRVJZ,B07M8TBTXF,B075MRS4NB,B00XKYLI8Q,B008RVLAQ2",Shorts
work out shorts for men,男士运动短裤,,,自然搜索词,0,1,B01AK7Y102,"1,219,561","1,346",37,2.81%,"38,482",532,1,0,"4,651",0.3,4,12.30%,3.00%,$1.37 ,$1.02 - $1.73,B0723CZCRJ,5.20%,0.00%,B0BZPMDBPM,3.70%,1.50%,B08JGBB9N1,3.40%,1.50%,"B0BWQMXHMR,B0CRHDB5DR,B0BZPMDBPM,B0BFDSKS9H,B0D1QT666Z,B0BWQD4FF9,B0C9MDHMXM,B0723CZCRJ,B0BNW2C7P6,B08R7GNZTD",Shorts
wool shorts,羊毛短裤,,,SP广告词,0,1,B0BFDTMBGP,"1,791,896",810,24,3.07%,"21,235",365,1,0,"2,281",0.4,17,19.70%,0.00%,$1.14 ,$0.86 - $1.44,B0BZ6TYTQ2,8.90%,0.00%,B00N8NAEXO,5.40%,0.00%,B07X1V4F16,5.40%,0.00%,"B0BZ6TYTQ2,B0C2Y5FH3Q,B0CYMHF833,B09LBB3M21,B0BKWWBBM3,B09LFQBFNP,B00N8NAEXO,B0C7LPC2B9,B0C2XXY283,B0BNSQQ6GJ","Wool, Shorts"
womens mesh basketball shorts,,,,自然搜索词,0,1,B08JGBB9N1,,,,,,,,,"4,659",,4,,,,-,,,,,,,,,,,"Basketball, Mesh, Shorts"
wolaco running shorts men,,,,SP广告词,0,1,B09P3T8X61,"1,267,158",811,27,3.35%,"18,742",383,1,0,72,11.3,25,28.60%,100.00%,$1.36 ,$1.12 - $1.61,B082WDR5DN,12.50%,0.00%,B082WDBCW7,10.70%,100.00%,B09KS9FP2C,5.40%,0.00%,"B082WDBCW7,B08BNFYKXR,B08MYZ5T4N,B0BT6S26VZ,B0CCRW2ZP7,B08R7GNZTD,B0BWJ26VM7,B0872NL78Q,B0CN2HTD91,B09PGXCBXQ","Shorts, Running"
with pocket,,,,自然搜索词,0,1,B0151E6WPQ,,,,,,,,,0,,0,,,,-,,,,,,,,,,,Pocket
windbreaker shorts,,,,SP广告词,0,2,B0BFDSVMPF/B0BFDTMBGP,,,,,,,,,0,,0,,,,-,,,,,,,,,,,"Shorts, Windbreaker"
white nike tech,白色耐克科技,,,视频广告词,0,1,B0BFDTMBGP,"1,196,181",375,11,3.15%,"7,988",157,1,0,574,0.7,3,58.30%,0.00%,$0.52 ,$0.40 - $0.66,B0BFQGBR5G,27.80%,0.00%,B0BMJ41SVY,22.20%,0.00%,B08GQTYBHC,8.30%,0.00%,"B0CS69B145,B08GQTYBHC,B0CJYHT1WM,B08DNL16YG,B0B2TF6C2X,B09T6B97F3,B0959JT4PV,B0B2T98C5L,B07KD7H9G4,B09PMV2J93","White, NIKE"
white mesh shorts men,,,,SP广告词,0,1,B0BFDSVMPF,"2,009,442",,,,,,,,0,,0,,,,-,,,,,,,,,,,"White, Shorts, Mesh"
white lululemon shorts,白色 Lululemon 短裤,,,视频广告词,0,1,B0BFDTMBGP,"1,374,869","1,322",47,3.61%,"36,065",652,2,0,372,3.6,6,19.20%,3.60%,$1.30 ,$0.98 - $1.63,B0BYM9DG99,7.80%,3.60%,B097D5ZP88,6.30%,0.00%,B06Y24HHBB,5.20%,0.00%,"B0BYM9DG99,B0C5RQDCWL,B09WDQSFXM,B0C6XPSRHH,B097DMJQ83,B0CTH4FMCR,B019T69D08,B0BJ6PN6CM,B0BR8SH6VG,B07QQBZDRQ","lululemon, White, Shorts"
white beach shorts,白色沙滩短裤,,,品牌广告词,0,1,B0BLKN87V4,"1,113,140","1,610",52,3.24%,"45,660",737,2,0,"1,164",1.4,9,12.00%,7.10%,$0.80 ,$0.60 - $1.00,B0CR1S2KNF,5.10%,4.80%,B0BR5GDFK1,3.60%,2.40%,B0C6QRVHWR,3.30%,0.00%,"B0BR5GDFK1,B0C5JHK7ZR,B0BVLJ673L,B09QSYWW76,B07GKBY7QG,B0CNJQHYHT,B0BS3K47R8,B00IQJ0VUQ,B0CNXRQLG7,B0C6QRVHWR","White, Shorts, Beach"
weight loss shorts for men,,,,SP广告词,0,1,B09WMZR2XM,,,,,,,,,0,,91,,,,-,,,,,,,,,,,Shorts
water resistant shorts men,防水短裤男,,,SP广告词,0,1,B0BFDTMBGP,"1,697,758",661,20,3.04%,"18,148",272,1,0,"1,418",0.5,1,14.30%,0.00%,$1.63 ,$1.38 - $2.03,B0CT4MHF53,6.10%,0.00%,B08PCYCQYP,4.10%,0.00%,B09SKWNB88,4.10%,0.00%,"B0C4CGLYK7,B0BQ1STY4G,B0BNMDGDMQ,B0C26C41RZ,B0CT4MHF53,B0BZPJW6G4,B0BKR74BLL,B0BV6HH88T,B0BFDSKS9H,B08Q7N1Q8B",Shorts
water park shorts,,,,自然搜索词,0,1,B09P3T8X61,,,,,,,,,0,,0,,,,-,,,,,,,,,,,Shorts
waffle shorts men,华夫格男士短裤,,,自然搜索词,0,1,B0151E6WPQ,"1,839,960",859,29,3.48%,"24,991",423,1,0,"1,184",0.7,64,22.40%,0.00%,$1.08 ,$0.81 - $1.35,B0BS3R1SRH,8.60%,0.00%,B0C58531F7,8.60%,0.00%,B0CNPNY85D,5.20%,0.00%,"B0CM8ZXZCK,B0CNPKJ55J,B0CMWC8H15,B0CNVNH792,B0CN12VVF3,B0CQYM3BFG,B0CQYM88C4,B0CZ98HCJF,B0CS6M4KM1,B0C58531F7","Shorts, Waffle"
vrst brand mens shorts,VRST品牌男式短裤,,,SP广告词,0,1,B0BFDSVMPF,"1,501,202",990,24,2.50%,"23,644",394,1,0,123,8.1,27,15.60%,0.00%,$1.41 ,$1.07 - $1.77,B0BPLWM5QP,6.30%,0.00%,B0BS3S1MHC,6.30%,0.00%,B095YF3Y8M,3.10%,0.00%,"B09VBM79VH,B0BS3S1MHC,B0BPLWM5QP,B09XQW9WN2,B00BBW2XZG,B07F27X1TX,B09N8PKWXR,B0C66789T5,B08BNK9VGK,B09WXSHZZK",Shorts
urbex,,,,SP广告词,0,1,B0C4GQTCJK,,,,,,,,,0,,0,,,,-,,,,,,,,,,,
uratot,,,,SP广告词,0,1,B0B4RQCZR1,,,,,,,,,0,,101,,,,-,,,,,,,,,,,
upwonea,,,,SP广告词,0,1,B0C4GQTCJK,,,,,,,,,0,,1,,,,-,,,,,,,,,,,
unrl,unrl,,,SP广告词,0,1,B0BFDTMBGP,"2,136,440","1,150",29,2.55%,"34,184",442,1,0,56,20.5,6,13.40%,0.00%,$1.49 ,$1.12 - $1.86,B01MA6CY8L,4.50%,0.00%,B0BHN7DHY4,4.50%,0.00%,B0CLRQHFY3,4.50%,0.00%,"B0B46BCPXK,B09P3RHNSY,B0CLRS6C5K,B0C1JKXQJW,B0BHN7DHY4,B07WZJ9FL5,B0B4VD5H59,B07TL7Y1F5,B098SMKF5R,B09XJ28Y1R",
unisex shorts,男女皆宜的短裤,,,自然搜索词,0,1,B08JGBB9N1,"1,741,682",786,23,2.97%,"20,428",335,1,1,"20,087",0,3,18.20%,0.00%,$1.02 ,$0.86 - $1.19,B089PJFPL9,7.30%,0.00%,B0BWRDM32S,7.30%,0.00%,B0151E6OUY,3.60%,0.00%,"B0151E6OUY,B082G9PZQ8,B0BX7JC52G,B089PJFPL9,B084PB5KN3,B09T3QPWDJ,B09VBM79VH,B09QM7Q7LK,B09DCVRMX6,B07GXZBV2V","Unisex, unisex, Shorts"
underarmour shorts men,,,,自然搜索词,0,1,B01AK7Y102,,,,,,,,,661,,7,,,,-,,,,,,,,,,,Shorts
underarmour mens shorts,男士短裤,,,自然搜索词,0,1,B01AK7Y102,"1,434,434",762,26,3.50%,"18,087",358,1,0,672,1.1,19,14.80%,0.00%,$1.25 ,$0.94 - $1.58,B0C12XJ159,7.40%,0.00%,B071LGZ66P,3.70%,0.00%,B0728BNL9X,3.70%,0.00%,"B093MH7CRF,B07CZBPF1B,B082BFSFP1,B0C12XJ159,B0C13BX8CQ,B07CZLCJP4,B08LNYVWKP,B0942R17Z5,B0C12RDLCP,B0942ZZYV9",Shorts
underarmor shorts,短裤,,,自然搜索词,0,2,B01AK7Y102/B0BFDTMBGP,"1,317,724","1,290",190,14.75%,"28,653",588,5,0,"1,051",1.2,5,18.70%,6.30%,$1.26 ,$0.94 - $1.59,B0728BNL9X,6.70%,0.00%,B0C12XJ159,6.70%,0.00%,B07PS6SV2L,5.30%,6.30%,"B0C12XJ159,B0942X45Y3,B093MH7CRF,B07CZLCJP4,B082BFSFP1,B07PR28K3Z,B0C12FKWG8,B08LPWB76Y,B0872M4XKR,B0886MZTWT",Shorts
underamour shorts,,,,自然搜索词,0,2,B01AK7Y102/B0BFDRQLNC,"1,152,659","1,624",46,2.85%,"37,596",761,2,0,"1,058",1.5,16,11.90%,4.20%,$1.30 ,$0.98 - $1.63,B0C12XJ159,5.50%,4.20%,B0BZ8CRQ81,3.80%,0.00%,B09JLBR53P,2.60%,0.00%,"B0942X45Y3,B0C12XJ159,B093MH7CRF,B07CZLCJP4,B082BFSFP1,B07PR28K3Z,B0C12FKWG8,B08LPWB76Y,B0872M4XKR,B0886MZTWT",Shorts
under shorts for men,男士短裤,,,自然搜索词,0,1,B0BFDSVMPF,"1,434,429",648,20,3.20%,"13,638",278,1,0,"4,642",0.1,8,14.60%,25.00%,$1.27 ,$1.00 - $1.42,B0874WPW59,6.30%,8.30%,B00HVX1NC8,4.20%,8.30%,B094JKXP76,4.20%,8.30%,"B094JNWX7S,B00O8MVKYG,B0874VJ7DF,B07PLD443Y,B01ES40B16,B086KKT21X,B01M26LQRN,B08GZL48D9,B0BWNHZCCR,B0CSS7DZ1G",Shorts
under exercise shorts for men,,,,自然搜索词,0,1,B0BFDSVMPF,,,,,,,,,0,,0,,,,-,,,,,,,,,,,Shorts
under armour workout shorts men,在盔甲下锻炼短裤男士,,,自然搜索词,0,3,B01AK7Y102/B09XQVCZ8B/B0C4GS3QJD,"1,132,031","1,245",139,11.24%,"35,357",516,4,0,756,1.7,19,18.60%,7.00%,$0.84 ,$0.66 - $1.32,B0C12XJ159,8.40%,3.50%,B0C12L95VD,5.50%,1.80%,B0C12S3M55,4.70%,1.80%,"B0C12XJ159,B07CZBPF1B,B089MQNZ41,B082BH9758,B08875T7XG,B093MJ3S5Z,B093LV4DT1,B09X6J9T51,B0872MJ9P8,B0874VJ7DF","Workout, Shorts, Under Armour"
under armour vanish shorts men,,,,自然搜索词,0,1,B09P3T8X61,,,,,,,,,99,,0,,,,-,,,,,,,,,,,"Shorts, Under Armour"
under armour tribase reign 5,,,,视频广告词,0,1,B0BFDTMBGP,"2,069,487",,,,,,,,0,,0,,,,-,,,,,,,,,,,Under Armour
under armour speedpocket shorts,under armour speedpocket短裤,,,自然搜索词,0,1,B09XQVCZ8B,"1,612,626",583,20,3.51%,"15,342",285,1,0,99,5.9,4,45.50%,33.30%,,-,B0CNGP8C4T,22.70%,33.30%,B0CT2QX1JQ,15.90%,0.00%,B089HBW26V,6.80%,0.00%,"B0CNGP8C4T,B089MMJ8DL,B08LPW9YG1,B0CPLYTKW7,B089HC84SM,B0CTKRN4H8,B089HBWHG2,B0C12P8YGH,B0CSYPGMF8,B09XQVCZ8B","Shorts, Under Armour"
under armour spandex men,,,,自然搜索词,0,1,B09P3T8X61,,,,,,,,,826,,8,,,,-,,,,,,,,,,,"Spandex, Under Armour"
under armour shorts mens,Under Armor 短裤男装,,,SP广告词,0,1,B0BFDSVMPF,"1,500,478","1,155",39,3.40%,"34,213",528,1,0,623,1.9,8,14.90%,12.50%,$1.16 ,$0.73 - $1.46,B093MH7CRF,6.00%,0.00%,B09WD3TM3D,4.50%,12.50%,B082BFSFP1,4.50%,0.00%,"B07CZBPF1B,B093MH7CRF,B082BFSFP1,B0C12XJ159,B0C12RDLCP,B093LW24H2,B07CZHT6VC,B0C13BX8CQ,B08R5KG7FL,B0C12L95VD","Shorts, Under Armour"
under armour shorts for men pockets,,,,自然搜索词,0,3,B01AK7Y102/B09XQVCZ8B/B0C4GS3QJD,"1,948,171","1,528",41,2.74%,"38,165",610,1,0,496,3.1,5,17.00%,0.00%,,-,B071LGZ66P,6.80%,0.00%,B0942X45Y3,5.70%,0.00%,B0728BNL9X,4.60%,0.00%,"B0942X45Y3,B089MQNZ41,B07CZC664D,B082BGFBKJ,B08875T7XG,B0874WPW3F,B0C12XJ159,B09WCR8S2R,B093M9HWD8,B09JKXVQXP","Shorts, Under Armour"
under armour shorts for men 7 inch,7 英寸男士防弹短裤,,,SP广告词,0,1,B0C4GS3QJD,"1,241,725","1,747",53,3.07%,"39,024",778,2,0,214,8.2,24,26.30%,5.90%,,-,B09X6JC4PM,14.10%,2.00%,B0C12XJ159,7.50%,2.00%,B093MJ3S5Z,4.70%,2.00%,"B0C12XJ159,B0CJWBL9WV,B09WCWTHXR,B0C12L1STL,B0C1327GQ7,B082BFSFP1,B07PPXVN3Y,B00KXIN02O,B0BGW2VBXR,B09X6R2FCS","Shorts, Under Armour"
under armour running shorts for men,,,,自然搜索词,0,1,B01AK7Y102,,,,,,,,,178,,5,,,,-,,,,,,,,,,,"Shorts, Running, Under Armour"
under armour raid 2.0 shorts men,Under Armour Ra??id 2.0 男式短裤,,,SP广告词,0,1,B0BFDRQLNC,"1,892,168",881,30,3.46%,"24,604",340,1,0,73,12.1,24,28.80%,0.00%,,-,B0874WJJGD,10.20%,0.00%,B0874WPW3F,10.20%,0.00%,B00KWKBDG8,8.50%,0.00%,"B0874WPW3F,B00KWKBDG8,B082BGKDV1,B093LWYT2L,B08875T7XG,B09WCR8S2R,B07CZDPVRJ,B089HC84SM,B07Z8G82CK,B07CY45FJD","Shorts, Under Armour"
under armour prime deals,,,,自然搜索词,0,1,B0B4RQCZR1,,,,,,,,,592,,7,,,,-,,,,,,,,,,,"Prime, Under Armour"
under armour plus size shorts,,,,视频广告词,0,1,B0BFDTMBGP,,,,,,,,,0,,0,,,,-,,,,,,,,,,,"Shorts, Under Armour"
under armour phantom 1,,,,视频广告词,0,1,B0BFDTMBGP,"1,653,591",451,13,3.10%,"11,865",223,1,0,15,30.1,4,34.20%,0.00%,$0.73 ,$0.55 - $0.92,B096W9FPT7,15.80%,0.00%,B0969G79BY,10.50%,0.00%,B09MG4YH6Y,7.90%,0.00%,"B096W9FPT7,B0BGQNQSHY,B09MMNKHHR,B0B8F3GQWQ,B0CFF4171H,B0BZXYK526,B0BN1N2622,B0CKTMF7PS,B0BQVNTF2H,B0BZXMSWXM",Under Armour
under armour mens tech mesh shorts,,,,自然搜索词,0,1,B01AK7Y102,,,,,,,,,0,,0,,,,-,,,,,,,,,,,"Mesh, Shorts, Under Armour"
under armour men's shorts,under armour男士短裤,,,自然搜索词,0,1,B01AK7Y102,"1,075,190","1,394",44,3.18%,"41,018",625,1,0,661,2.1,11,12.40%,4.60%,$1.00 ,$0.66 - $2.02,B0C12XJ159,4.90%,1.50%,B09X6JC4PM,3.90%,0.00%,B093MH7CRF,3.60%,3.10%,"B093MH7CRF,B0C12XJ159,B082BFSFP1,B0C13BX8CQ,B0C12RDLCP,B07CZJCTGQ,B0942VLLMR,B07CZHT6VC,B093LW24H2,B07PNRZSSK","Shorts, Under Armour"
under armour loose shorts men,,,,SP广告词,0,1,B0BFDTMBGP,,,,,,,,,370,,6,,,,-,,,,,,,,,,,"Shorts, Under Armour"
under armour lockdown 7,,,,视频广告词,0,1,B0BFDTMBGP,"1,434,414",762,21,2.77%,"18,514",351,1,0,61,12.5,4,38.90%,0.00%,,-,B0CJT1DCD4,16.70%,0.00%,B0CJSVV1T6,14.80%,0.00%,B09PPM4CPF,7.40%,0.00%,"B0CJT8BW6B,B09PPM4CPF,B0CJSTHWFY,B0CJTC1P28,B0CJT9KT4M,B09PPSZLS1,B0BGQMWNNV,B0BGQPZDS2,B0BGQP1GBP,B08177V3RC",Under Armour
under armour hunting clothes for men,男士盔甲狩猎服,,,视频广告词,0,1,B0BFDTMBGP,"1,241,720","1,184",175,14.83%,"30,334",453,4,0,915,1.3,5,22.90%,0.00%,$0.54 ,$0.43 - $1.02,B0D5BNXF4S,8.20%,0.00%,B0C62SWSBJ,7.80%,0.00%,B07YP87LXN,7.00%,0.00%,"B07YP87LXN,B08LNXL9KQ,B08GLLDRSN,B0BGW63HZR,B09WJGGV2N,B093K1YBT7,B086RSWG8X,B07YXLN568,B09JJRCWVQ,B09JNJZSXY",Under Armour
under armour heatgear shorts men,,,,自然搜索词,0,1,B09XQVCZ8B,,,,,,,,,148,,5,,,,-,,,,,,,,,,,"Shorts, Under Armour"
under armour heat gear shorts mens,Under Armour Heat Gear短裤男士,,,自然搜索词,0,1,B09XQVCZ8B,"1,948,160",522,15,3.06%,"12,560",212,1,0,789,0.7,8,22.00%,0.00%,$0.66 ,$0.40 - $1.32,B09X6JC4PM,12.20%,0.00%,B085TRHMJ1,4.90%,0.00%,B09N3L2LZK,4.90%,0.00%,"B0874WPW59,B08LNYDVC2,B07PMTLHHP,B089T6LR9X,B09WD3TM3D,B089MPC471,B0C12L95VD,B085TRHMJ1,B093M9912Y,B0C8BCGXTM","Shorts, Under Armour"
under armour gym shorts men,,,,自然搜索词,0,2,B01AK7Y102/B0C4GS3QJD,,,,,,,,,315,,7,,,,-,,,,,,,,,,,"Shorts, gym, Under Armour"
under armour gym shorts,Under Armour 运动短裤,,,自然搜索词,0,2,B01AK7Y102/B09XQVCZ8B,"1,536,082",905,27,3.10%,"22,786",404,1,0,437,2.1,7,18.30%,0.00%,$1.50 ,$1.36 - $1.88,B08872FXKR,8.30%,0.00%,B082BH9758,5.00%,0.00%,B0874WPW3F,5.00%,0.00%,"B0874WPW3F,B0728BNL9X,B08875T7XG,B082BGKDV1,B07CZC664D,B0C12XJ159,B089HC84SM,B093LV4DT1,B09X6J9T51,B0874W7Z8D","Shorts, gym, Under Armour"
under armour cotton shorts men,,,,SP广告词,0,2,B00AKSCXEI/B0C4GS3QJD,,,,,,,,,698,,27,,,,-,,,,,,,,,,,"Cotton, Shorts, Under Armour"
under armour athletic shorts men,Under Armour 运动短裤 男士,,,自然搜索词,0,1,B01AK7Y102,"1,434,407","1,256",188,15.01%,"30,825",536,5,0,613,2.1,15,14.10%,7.70%,$0.86 ,$0.53 - $1.72,B089MPC471,5.60%,7.70%,B088749C78,4.20%,0.00%,B089MQJWYP,4.20%,0.00%,"B07CZJCTGQ,B082BH9758,B0C12L95VD,B089MPC471,B093M9HWD8,B088749C78,B0CJWBL9WV,B0943B4S44,B078BDT81N,B0874W7Z8D","Athletic, Shorts, Under Armour"
under armor shorts men,Under Armor 短裤 男士,,,自然搜索词,0,1,B0BFDSVMPF,"1,132,016","1,424",207,14.56%,"30,895",673,5,0,648,2.2,6,14.00%,4.70%,$1.13 ,$0.86 - $1.41,B0C12XJ159,7.20%,2.30%,B089MPC471,3.80%,0.00%,B082BFSFP1,3.10%,2.30%,"B0872DYSTQ,B0C12S3M55,B082BFSFP1,B089MPC471,B0874WPW3F,B07CZJ4F29,B07PMTLHHP,B08875KHBB,B0872DDZ5Z,B093LW24H2",Shorts
under armor running shorts men,Under Armor跑步短裤男士,,,SP广告词,0,1,B09P3T8X61,"2,449,122",307,9,2.96%,"8,685",138,1,0,478,0.6,14,25.70%,0.00%,$1.40 ,$1.05 - $1.75,B0C12XJ159,14.30%,0.00%,B08BNQFZJP,5.70%,0.00%,B093MCL29Z,5.70%,0.00%,"B0C12XJ159,B0C12P8YGH,B089MPC471,B09X6JF299,B0874VJ7DF,B09JKYBKPT,B08BNK9VGK,B0874WPW3F,B093MCL29Z,B0C12YHD58","Shorts, Running"
under armor mens shorts athletic,,,,自然搜索词,0,1,B09P3T8X61,,,,,,,,,113,,7,,,,-,,,,,,,,,,,"Athletic, Shorts"
under armor gym shorts for men,under armor男士运动短裤,,,自然搜索词,0,1,B0BFDSVMPF,"1,838,917",477,14,2.99%,"13,339",208,1,0,264,1.8,24,20.50%,0.00%,$1.36 ,$1.15 - $1.83,B0C12XJ159,7.70%,0.00%,B0D91B2JYY,7.70%,0.00%,B07SM96ZXL,5.10%,0.00%,"B0874WPW3F,B082BH9758,B0728BNL9X,B089MPC471,B09X6JF299,B08875T7XG,B0BGVTPZ3H,B0C12S3M55,B07YXN2WF8,B00KUL0W1G","Shorts, gym"
under armor casual shorts for men,,,,自然搜索词,0,1,B0BFDSVMPF,,,,,,,,,0,,0,,,,-,,,,,,,,,,,"Shorts, Casual"
under armor basketball shorts men,安德玛篮球短裤男士,,,自然搜索词,0,1,B00AKSCXEI,"1,653,571",990,34,3.53%,"26,475",386,1,0,244,4.1,7,18.80%,18.20%,,-,B082BF9H3M,9.40%,18.20%,B0874WJJGF,4.70%,0.00%,B0874WPW3F,4.70%,0.00%,"B082BFSFP1,B0874WPW3F,B077XP82NT,B07BPLHK9T,B0887BQ9HD,B07CZDPVRJ,B0C137DM9Q,B089MPC471,B09WCR8S2R,B0C12FKWG8","Basketball, Shorts"
ultra performance mens 5 pack athletic running shorts,超性能男式5包运动跑步短裤,,,自然搜索词,0,1,B08JGBB9N1,"1,788,873","1,314",41,3.15%,"34,379",570,1,1,157,8.4,9,28.50%,8.30%,,-,B08LTBLD95,14.20%,4.80%,B0BQT4KHWT,7.30%,0.00%,B08LT9MJM2,6.90%,3.60%,"B08LTBLD95,B08LTC53FR,B0BNW23GRN,B0D2S27H8K,B09P21L4V3,B0BNW2RFHK,B0BNW4VZPK,B0BNWB1GPK,B0CT65T479,B07NDPRYKM","Athletic, Pack, Running, Performance, Ultra Performance, Shorts"
ua mens shorts,ua 男士短裤,,,自然搜索词,0,1,B09XQVCZ8B,"1,612,540","1,377",37,2.74%,"40,305",613,1,0,381,3.6,7,32.50%,0.00%,$1.33 ,$1.00 - $1.65,B077XNL1P1,14.50%,0.00%,B077XNNWN8,12.10%,0.00%,B0BZ8CRQ81,6.00%,0.00%,"B077XP82NT,B07CZBPDZB,B082BFSFP1,B089MMKSCK,B089MQNZ41,B08LNYXB15,B093LV4DT1,B078BDT81N,B0C12L1STL,B07PNRZSSK",Shorts
tsla shorts men,tsla 短裤 男士,,,视频广告词,0,1,B0BFDTMBGP,"1,241,509","1,346",88,6.61%,"36,352",620,2,0,408,3.3,5,24.30%,0.00%,$1.01 ,$0.76 - $1.25,B09KZ98DQP,11.00%,0.00%,B09H2PNX2W,7.40%,0.00%,B07HRGF555,5.90%,0.00%,"B09H6GJR72,B0BRM7N6VG,B07HRGF555,B09H2PNX2W,B08NB1HTM9,B07X8MCMLQ,B0CS61LQYT,B0BDDLT5XR,B0BVMBD52D,B0BFDVJ414",Shorts
trump shorts for men,,,,自然搜索词,0,1,B09P3T8X61,,,,,,,,,607,,0,,,,-,,,,,,,,,,,Shorts
training shorts mens,,,,自然搜索词,0,1,B09P3T8X61,,,,,,,,,0,,10,,,,-,,,,,,,,,,,"Shorts, Training"
training shorts men 7 inch,,,,自然搜索词,0,1,B09P3T8X61,,,,,,,,,0,,0,,,,-,,,,,,,,,,,"Shorts, Training"
tony hawk shorts,托尼-霍克短裤,,,品牌广告词,0,1,B0BLKN87V4,"1,837,838",584,19,3.40%,"14,163",291,1,0,110,5.3,5,43.20%,0.00%,$1.12 ,$0.85 - $1.40,B08XMYBLTL,27.30%,0.00%,B0CHFXC5PK,11.40%,0.00%,B08XMZY37B,4.60%,0.00%,"B0BYFC5KFX,B0CHFXC5PK,B08TTCPZDF,B08XMYBLTL,B0BLKKD5GG,B09N3LQVX9,B07S7W5DMP,B08YNNK6GS,B0BFDTRNNR,B0BYFNXPMB",Shorts
three pack high waisted nylon workout shorts,,,,SP广告词,0,1,B09P3T8X61,,,,,,,,,0,,46,,,,-,,,,,,,,,,,"Pack, Nylon, High Waist, Workout, Shorts"
thin shorts men,薄短裤男,,,自然搜索词,0,2,B00AKSCXEI/B09T3QHVVM,"2,204,543",140,4,3.07%,"4,191",69,1,0,"45,312",0,0,20.70%,14.30%,$1.35 ,$1.00 - $1.69,B0151E6PB2,6.90%,14.30%,B0151E6OVI,6.90%,0.00%,B09T3RL8CN,6.90%,0.00%,"B0151E6PB2,B09T3QHVVM,B0728KK8VK,B07NDP7ZTX,B08JGC1D2G,B08D2TC7BT,B0CRRDY4Q3,B085NF55WL,B01ES41BW4,B0C27G2172","Shorts, Thin"
thick shirts with graphic for men,,,,SP广告词,0,1,B09WMZR2XM,,,,,,,,,0,,110,,,,-,,,,,,,,,,,"Thick, Graphic"
the weejee man,,,,SP广告词,0,1,B0BFDVPFKX,,,,,,,,,0,,0,,,,-,,,,,,,,,,,Man
the short,短的,,,自然搜索词,0,2,B01AK7Y102/B08JGBB9N1,"1,739,730",421,14,3.51%,"8,989",197,1,0,"105,506",0,1,89.20%,0.00%,$0.23 ,$0.18 - $0.30,B086PBXRXB,51.40%,0.00%,B01995O5OS,32.40%,0.00%,B019969US8,5.40%,0.00%,"B086PJ7T4W,B019969US8,B0CRHF41F7,B01JQTN8SQ,B07YP9TWCX,B078VZGQH7,B0723CZCQT,B08JGBB9N1,B009CTUGZ4,B016Y826EE",Short
the running man 4k,奔跑的人 4k,,,视频广告词,0,1,B0BFDTMBGP,"1,739,713",764,22,2.94%,"17,647",320,1,0,22,34.7,0,100.00%,100.00%,$0.20 ,$0.18 - $0.21,B0BXN1TLPQ,72.20%,75.00%,B0CPM4TH1X,27.80%,25.00%,,0.00%,0.00%,"B0BXN1TLPQ,B0CPM4TH1X,B0BQ99L756,B0B1QF72GJ,B0BRTHX8W1,B00AKGG828,B00AKGG6XY,B0B9YT2K4V,B002XUBDZ6,B07PMLWXWJ","Running, Man"
the mens shorts,,,,自然搜索词,0,1,B0C1365SJV,,,,,,,,,0,,0,,,,-,,,,,,,,,,,Shorts
the gym people womens high waisted running shorts,,,,视频广告词,0,1,B0BFDTMBGP,,,,,,,,,754,,17,,,,-,,,,,,,,,,,"Running, gym, High Waist, Shorts, people"
tennis apparel men,男式网球服装,,,SP广告词,0,1,B0C4GV51WK,"1,889,434",688,25,3.66%,"15,321",340,1,0,"4,781",0.1,6,21.50%,0.00%,$1.24 ,$0.93 - $1.54,B0C664PFY5,9.80%,0.00%,B077XN6789,5.90%,0.00%,B091F4LQWS,5.90%,0.00%,"B077XN6789,B0748VNM37,B07W1NNMLW,B0BQDYX8GM,B09XLMJ3XX,B0BJ6JYSWY,B08WTCXHGH,B0BHMYCVGW,B09XM2XX1R,B0CBQJBPDQ",Tennis
tek gear drytek for men,,,,自然搜索词,0,1,B08JGBB9N1,,,,,,,,,0,,17,,,,-,,,,,,,,,,,
teen boys shorts size 14-16,14-16码的青少年男孩短裤,,,自然搜索词,0,1,B0C4GV51WK,"2,132,536",501,16,3.20%,"11,856",240,1,0,708,0.7,4,22.50%,9.10%,$1.16 ,$0.81 - $1.39,B0B8QM82B5,12.50%,9.10%,B07WWYNTKP,5.00%,0.00%,B0859BLT4T,5.00%,0.00%,"B01FKZROSA,B0BBRLL6NF,B07WWYNTKP,B07RMKP73M,B0C12J84XJ,B01AWZRXK2,B0C7Z853CR,B0BQMDTNSX,B07MX161RM,B09SY7VTN3","Teen, Shorts"
tech for men,,,,视频广告词,0,1,B0BFDTMBGP,,,,,,,,,"43,487",,21,,,,-,,,,,,,,,,,
tear away shorts for men,撕掉男士短裤,,,自然搜索词,0,1,B08JGBB9N1,"1,092,348","1,481",43,2.96%,"33,601",670,1,19,453,3.3,1,33.60%,4.90%,$1.85 ,$1.19 - $2.11,B0B5XQJBHM,17.70%,2.40%,B0BJDWLZLT,9.70%,2.40%,B0BQF6LWKZ,6.10%,0.00%,"B0BJF31LVM,B0B5XQJBHM,B0CTPSDLJJ,B09PRD6D5Y,B0BNGGVPTQ,B0CXHM4RZ2,B0CHXRL8SQ,B0C5MJLTPG,B0CFFJLP7N,B085SYX2QS",Shorts
tapout shorts,短裤,,,自然搜索词,0,1,B08JGBB9N1,"1,786,317",523,13,2.55%,"11,409",211,1,0,127,4.1,9,39.00%,0.00%,$0.93 ,$0.69 - $1.15,B0931ZZS8F,26.80%,0.00%,B07V67DYX5,7.30%,0.00%,B00ECNYRS2,4.90%,0.00%,"B087F2XQ4M,B07NDP7ZTX,B09VT7HYBB,B00ECNYRS2,B0723CZCQT,B0768K2YR9,B0BFDVJ414,B09MKMXMWN,B07V67DYX5,B0BLKM55N3",Shorts
tall shorts for men,男士高短裤,,,自然搜索词,0,1,B00AKSCXEI,"1,693,995",710,20,2.94%,"17,736",271,1,2,"44,519",0,16,17.30%,0.00%,$1.14 ,$0.86 - $1.44,B082TJ2RNH,7.70%,0.00%,B08CBTS72X,5.80%,0.00%,B00AKSCXEI,3.90%,0.00%,"B082TJ2RNH,B077SP15PG,B08JG3T2SY,B00EC87YQY,B00PI5FL1A,B089GTSLP5,B01IT4UQO8,B0BFDVJ414,B01AK7ZK7A,B0CRZ8TSYQ","Tall, Shorts"
tall mens shorts,男士短裤,,,自然搜索词,0,1,B00AKSCXEI,"1,316,128","1,529",39,2.58%,"32,285",602,1,0,"44,526",0,9,10.20%,2.00%,$1.15 ,$0.87 - $1.45,B082TJ8LV6,5.10%,2.00%,B009CTUBGS,2.90%,0.00%,B08W5KW753,2.20%,0.00%,"B082TJ8LV6,B077SP15PG,B00EC87YQY,B00PI5FL1A,B089GTSLP5,B01AK7ZK7A,B009CTUBGS,B08JG3T2SY,B01IT4UQO8,B005SW88TU","Tall, Shorts"
takedown shorts,短裤,,,自然搜索词,0,1,B0BFF67H1W,"1,533,881",688,20,2.96%,"14,611",270,1,0,102,6.8,8,17.60%,0.00%,$0.87 ,$0.64 - $1.09,B08DKHGBQH,5.90%,0.00%,B08M3CWCKH,5.90%,0.00%,B08M3G9ZTR,5.90%,0.00%,"B07NSR96WZ,B01K5FEYG0,B08M38MFHH,B0CH41GTW1,B08DC6MMC6,B09C2M13D5,B0CWKPHB2F,B07WHQPRVC,B016XS4CO2,B0CGRM8JJQ",Shorts
tagless polo,,,,SP广告词,0,1,B0BFDSVMPF,,,,,,,,,0,,0,,,,-,,,,,,,,,,,
syrinx,,,,SP广告词,0,1,B0C4GQTCJK,,,,,,,,,0,,36,,,,-,,,,,,,,,,,
sweat pant shorts mens,运动裤短裤男士,,,SP广告词,0,1,B00AKSCXEI,"1,533,645",602,15,2.61%,"15,606",259,1,0,"11,098",0.1,24,17.80%,7.70%,$1.74 ,$1.07 - $2.35,B00M0QFMSW,8.90%,0.00%,B08SQXB1FG,4.40%,7.70%,B00AKSCYBU,4.40%,0.00%,"B07F2MLBDP,B0151E6TM2,B00M0QFGRY,B00AKSCYBA,B0BB883KN5,B08VHNZPTV,B07GXZBV2V,B000MND7GO,B09DCVRMX6,B0CPW8VG2B",Shorts
suwangi,,,,SP广告词,0,1,B0C4GQTCJK,,,,,,,,,0,,111,,,,-,,,,,,,,,,,
surenow,,,,SP广告词,0,2,B0BFDRQLNC/B0BFDVPFKX,,,,,,,,,149,,95,,,,-,,,,,,,,,,,
summer wear for men,男士夏季服装,,,SP广告词,0,1,B0C4GV51WK,"1,650,648",928,27,2.96%,"23,560",354,1,0,510,1.8,13,18.00%,0.00%,$0.86 ,$0.64 - $1.08,B0BRSMNMXZ,6.60%,0.00%,B0C22WF5NF,6.60%,0.00%,B0CN978G8G,4.90%,0.00%,"B0CL6V2Y17,B0BRSMNMXZ,B0C22WF5NF,B0CMH23KSN,B07VYG39HV,B08FHQVRH8,B0CP1SNP79,B0CNWZQKY8,B0CPDKR22Q,B075JMFR6Z",Summer
summer vest for men lightweight,,,,SP广告词,0,1,B0BFDVPFKX,,,,,,,,,"4,526",,0,,,,-,,,,,,,,,,,"Vest, Lightweight, Summer"
summer shorts for men 2024,,,,自然搜索词,0,1,B00AKSCXEI,,,,,,,,,"3,330",,5,,,,-,,,,,,,,,,,"Shorts, Summer"
summer breathable lightweight athletic shorts,,,,自然搜索词,0,1,B09P3T8X61,,,,,,,,,0,,0,,,,-,,,,,,,,,,,"Athletic, Lightweight, Breathable, Summer, Shorts"
substantial clothing mens,,,,自然搜索词,0,1,B0CHMN8TDS,,,,,,,,,0,,0,,,,-,,,,,,,,,,,Clothing
stylish shorts for men,男士时尚短裤,,,自然搜索词,0,2,B0BFDTMBGP/B0C1365SJV,"1,693,283",585,17,2.91%,"14,626",271,1,0,"16,897",0,4,13.70%,0.00%,$1.60 ,$1.20 - $2.00,B0BRSJMRLX,4.60%,0.00%,B0C2TV2NLL,4.60%,0.00%,B0CNPM6KMM,4.60%,0.00%,"B0C1MTVGJL,B075WKGMZC,B0B7MRMR36,B0CNPLW9B8,B0BRSNK864,B016Y8293C,B09N8PKWXR,B07FHBPYYV,B0C5QRF4JL,B0BYDGB65W","Stylish, Shorts"
stretchy shorts men,弹力短裤男士,,,自然搜索词,0,1,B08JGBB9N1,"1,570,798","1,375",47,3.44%,"31,481",651,2,0,"5,372",0.3,15,12.80%,2.50%,$1.34 ,$1.09 - $1.60,B016Y826EE,6.80%,2.50%,B078W113QW,3.20%,0.00%,B077RTN23Y,2.90%,0.00%,"B016Y826EE,B07HNWNXPL,B07HNWC5LC,B078W113QW,B08JGBB9N1,B0BQR24NV5,B0CLCV4SN8,B0BYZDM167,B0151E6OUY,B075MYDWW1","Shorts, Stretch"
stretchy shorts for men,男士弹力短裤,Y,,AC推荐词,0,1,B08JGBB9N1,"2,201,620",663,19,2.98%,"15,054",292,1,0,"14,490",0.1,4,14.30%,0.00%,$2.26 ,$1.70 - $2.83,B078W113QW,6.10%,0.00%,B016Y826EE,4.10%,0.00%,B07HNWC5LC,4.10%,0.00%,"B08JGBB9N1,B07HNWC5LC,B016Y826EE,B07HNWNXPL,B078W113QW,B092DW6VSK,B0CLCV4SN8,B0BYZDM167,B075MYDWW1,B0151E6OUY","Shorts, Stretch"
stretchactive,,,,SP广告词,0,1,B0C4GQTCJK,"1,835,222",634,17,2.80%,"14,172",252,1,84,323,2,81,40.40%,0.00%,$1.35 ,$0.89 - $1.87,B0D4HZM3GQ,23.40%,0.00%,B0CYZXV2RV,8.50%,0.00%,B0D795DYQV,8.50%,0.00%,"B0CYZPW19L,B0CSV7FCW8,B0D3F46NV6,B0CXQ48TKP,B0D4HY9MSS,B0D3F5D743,B0D1286LLX,B0D1FMQ4B2,B0CYGZF2Y3,B0D49DTD64",Stretch
stretch gym shorts men,,,,自然搜索词,0,1,B09P3T8X61,"1,943,814",789,25,3.26%,"19,256",373,1,0,"5,123",0.2,1,14.50%,13.30%,$1.51 ,$1.25 - $1.94,B09PQK4FFW,5.50%,6.70%,B08PYNVKW1,5.50%,0.00%,B0723CZCRJ,3.60%,6.70%,"B08PYNVKW1,B0728KK8VK,B09PYSSR6D,B0942ZZYV9,B09LTQWRV7,B085NF55WL,B07H5Q7BNT,B092DW6VSK,B0151E6WTW,B09PQCXZ22","Shorts, gym, Stretch"
starter shorts for men,男士入门短裤,Y,,自然搜索词/AC推荐词,0,1,B08JGBB9N1,"1,263,854","1,443",165,11.46%,"36,774",565,4,0,247,5.8,5,20.10%,2.20%,$1.26 ,$0.94 - $1.59,B0D2RZSZPT,8.90%,2.20%,B0D2RXWB1X,6.90%,0.00%,B0D2RXML7K,4.30%,0.00%,"B0D2RZSZPT,B08JGBB9N1,B01ES415H0,B08JTQP6VY,B00KUL0W1G,B00719Z742,B0CRHF41F7,B0058CUG40,B072JBQRLG,B0036OS6LW",Shorts
starter shorts,起步短裤,,,自然搜索词,0,2,B08JGBB9N1/B09XQVCZ8B,"1,239,646","1,146",31,2.72%,"31,219",470,1,0,410,2.8,6,22.10%,0.00%,$1.10 ,$0.80 - $1.26,B0D2RZSZPT,13.20%,0.00%,B00719ZCS8,4.40%,0.00%,B0D2RXML7K,4.40%,0.00%,"B0D2RZSZPT,B00719ZB34,B08JTQP6VY,B00KUL0W1G,B0723CZCQT,B0036OS6LW,B08JGBB9N1,B08D2PB97C,B0058CUG40,B07CZHT6VC",Shorts
spyder shorts,骑士短裤,,,自然搜索词,0,1,B01AK7Y102,"1,022,615","2,054",63,3.07%,"43,084",993,2,0,163,12.6,5,15.60%,0.00%,$1.00 ,$0.76 - $1.16,B0CZHYY1QB,5.80%,0.00%,B0CW1ZHD42,5.10%,0.00%,B0BHS9VYVV,4.80%,0.00%,"B0CW1ZHD42,B0CW2345F6,B0CYV87DWR,B0CPLWWP9R,B0BT65L5VP,B0CLJKDB2W,B0BT66VT4D,B0D7W9R2B8,B0BT5R2BJ3,B0CQRX76SZ",Shorts
spyder mens clothing,,,,视频广告词,0,1,B0BFDTMBGP,,,,,,,,,"1,103",,0,,,,-,,,,,,,,,,,Clothing
spyder active shorts,spyder 运动短裤,,,视频广告词,0,1,B0BFDTMBGP,"2,355,789",992,31,3.13%,"23,954",418,1,0,103,9.6,2,54.70%,0.00%,$0.95 ,$0.68 - $1.11,B0D7W9GHPC,46.90%,0.00%,B0CW21V72H,4.70%,0.00%,B0BYH8MC77,3.10%,0.00%,"B0CW1XG9T3,B0CW1ZHD42,B0D7W9GHPC,B0D7W9R2B8,B0CPLWWP9R,B0BT5ZK2Y7,B0BT5PKWCJ,B0CLJKDB2W,B0CYV3YKH2,B08R7GNZTD","Shorts, Active"
sports shorts pack for men,,,,自然搜索词,0,3,B0151E6WPQ/B08JGBB9N1/B0C1365SJV,,,,,,,,,0,,5,,,,-,,,,,,,,,,,"Pack, Shorts, Sports"
sports shorts men,运动短裤男,,,自然搜索词,0,3,B00AKSCXEI/B0151E6WPQ/B0C1365SJV,"1,463,546","1,245",35,2.85%,"34,804",584,1,0,"17,847",0.1,4,13.70%,1.90%,$1.24 ,$0.98 - $1.37,B0BFDV4HHP,6.50%,1.90%,B08JGC1D2G,4.90%,0.00%,B0BS3S1MHC,2.30%,0.00%,"B0CRHF41F7,B08JGC1D2G,B07BPLHK9T,B0723CZCRJ,B0C1365SJV,B07H5QPL1R,B0CRRF28SH,B07CZBPF1B,B08JTQP6VY,B01AK7ZK7A","Shorts, Sports"
sports shorts for men with pockets,,,,自然搜索词,0,2,B00AKSCXEI/B0151E6WPQ,,,,,,,,,0,,19,,,,-,,,,,,,,,,,"Shorts, Sports"
sports short xxl,,,,自然搜索词,0,1,B09P3T8X61,,,,,,,,,0,,0,,,,-,,,,,,,,,,,"Short, Sports"
sports jersey for men,男士运动衫,,,自然搜索词,0,1,B0151E6WPQ,"1,497,321",689,21,3.15%,"14,509",294,1,0,"40,936",0,3,17.60%,0.00%,$0.80 ,$0.60 - $1.00,B0BQRGJCRW,7.80%,0.00%,B0BQRG2NXZ,5.90%,0.00%,B091K2XDPF,3.90%,0.00%,"B0BQRG2NXZ,B07PDWLPF5,B091K1S1W8,B07K6CCLF9,B0B8CNSMZB,B09Y12FZGM,B07J5QGFNH,B01GH5KNR6,B07S86N99F,B09YBQYXDH","Jersey, Sports"
sports clothes for men,男士运动服,,,自然搜索词,0,2,B08JGBB9N1/B09P3T8X61,"2,001,535",546,16,3.05%,"11,843",230,1,0,"25,771",0,1,21.40%,0.00%,$1.29 ,$0.98 - $1.62,B07BLXWXP8,9.50%,0.00%,B08MLHY4JD,7.10%,0.00%,B07VTSD48H,4.80%,0.00%,"B07VTSD48H,B0785VMVF4,B08MLHY4JD,B08JGBB9N1,B01GH5GSLG,B0CSWHJ9BS,B07DRNTL8K,B08SM2V5XR,B07Y9MBKSN,B09ZCZTC2H",Sports
sports apparel,,,,SP广告词,0,1,B09P3T8X61,,,,,,,,,0,,181,,,,-,,,,,,,,,,,Sports
sporting goods for men,,,,SP广告词,0,1,B0BFDVPFKX,,,,,,,,,"9,693",,0,,,,-,,,,,,,,,,,
sport shorts for men,男士运动短裤,,,自然搜索词,0,3,B00AKSCXEI/B0151E6WPQ/B0C1365SJV,"1,091,595","1,578",43,2.75%,"44,946",720,1,0,"18,126",0.1,4,11.50%,2.70%,$1.35 ,$1.00 - $1.69,B0723CZCRJ,5.00%,1.30%,B0BFDV4HHP,4.10%,0.00%,B0BS3S1MHC,2.40%,1.30%,"B0CRHF41F7,B08JGC1D2G,B07H5QPL1R,B0CRRF28SH,B0723CZCRJ,B07NDP7HYC,B0C1365SJV,B00KUL0W1G,B08LT9MJM2,B07BPLHK9T",Shorts
sport men,,,,自然搜索词,0,2,B0151E6WPQ/B0C1365SJV,,,,,,,,,0,,0,,,,-,,,,,,,,,,,
sport equipment,运动器材,,,SP广告词,0,1,B0BFDTMBGP,"1,570,191","1,247",11,0.93%,"28,307",581,1,2,"4,336",0.3,19,18.10%,12.50%,$0.94 ,$0.77 - $1.19,B0CBJJL2F6,8.30%,12.50%,B0C3VC6K6G,5.60%,0.00%,B00WL6LC1W,4.20%,0.00%,"B08M5PHGSZ,B08SKBH8DM,B01GPBXP86,B00WL6LC1W,B0C3VC6K6G,B09DF9NWC7,B087X35JJ8,B097JQYZR1,B0016BQFSS,B0CSD1DDWD",
spiderman shorts men,,,,SP广告词,0,1,B0CHMN8TDS,,,,,,,,,0,,0,,,,-,,,,,,,,,,,Shorts
speed dry short,,,,自然搜索词,0,1,B0C4GS3QJD,,,,,,,,,0,,0,,,,-,,,,,,,,,,,Short
spandex shorts for men,男士氨纶短裤,,,自然搜索词,0,1,B09P3T8X61,"1,532,543",992,33,3.42%,"22,174",460,1,0,"5,094",0.2,6,15.60%,25.00%,$1.32 ,$0.99 - $1.64,B0CSS7DZ1G,6.30%,8.30%,B0CSSD88LX,4.70%,16.70%,B094JN6ZXT,4.70%,0.00%,"B0962XT4X8,B094JNYK97,B0CSS7DZ1G,B0874X78ZL,B01ES407HO,B0C2YFJSRC,B089T92G5J,B0CGR7CC4B,B082WDVVRR,B01I6NTSKK","Shorts, Spandex"
spaghetti man,意大利面人,,,SP广告词,0,1,B0CHMN7XFY,"1,315,150",789,403,51.20%,"21,413",302,10,0,148,5.3,1,98.20%,0.00%,$0.47 ,$0.34 - $0.60,B01L7VB28E,89.10%,0.00%,B01L7X41S0,7.30%,0.00%,B00X5G21NU,1.80%,0.00%,"B01L7X41S0,B07SHXYTFQ,B089NC551B,B07YLXSWJX,B0CH8BGV2S,B09Q1PW9JF,B00X5FWVYA,B0BX25HPCX,B06XHY7STB,B09P4F9CCD",Man
soprt,,,,自然搜索词,0,1,B0C1365SJV,,,,,,,,,0,,0,,,,-,,,,,,,,,,,
soothfeel shorts,,Y,,自然搜索词/AC推荐词,0,1,B09XQVCZ8B,,,,,,,,,192,,9,,,,-,,,,,,,,,,,Shorts
softball shorts men,垒球短裤男,,,自然搜索词/SP广告词,0,3,B00AKSCXEI/B08JGBB9N1/B0BFDTMBGP,"1,171,173","1,178",42,3.57%,"31,843",559,1,0,"1,426",0.8,4,22.70%,0.00%,$1.14 ,$0.86 - $1.44,B0BG6DP3WM,8.50%,0.00%,B0BHD576FF,7.70%,0.00%,B0BG69MR87,6.50%,0.00%,"B09HGSMD63,B0BGMG4SZY,B0BWFM2YWP,B082BFSFP1,B07WWSCCBS,B0B9NZW138,B07SM96ZXL,B0BFDVJ414,B0B1KQN6PZ,B089QY6Z9B","Softball, Shorts"
softball shorts,垒球短裤,,,自然搜索词,0,1,B0BFDRQLNC,"1,006,361","1,620",52,3.24%,"35,763",723,2,1,"3,638",0.5,27,14.10%,3.70%,$0.85 ,$0.68 - $1.05,B09LR914QH,4.90%,3.70%,B09LRBHHV7,4.60%,0.00%,B09LRBTDVH,4.60%,0.00%,"B09LRCSDGL,B093LVK9PD,B07YTPZF55,B0BWFM2YWP,B0B1KQN6PZ,B0874WGZCK,B09HGSMD63,B07L53687Y,B0BFDRQLNC,B07WWSCCBS","Softball, Shorts"
soft shorts men,柔软短裤男士,,,自然搜索词,0,2,B08JGBB9N1/B09T3QHVVM,"1,342,334","1,119",33,2.97%,"32,688",471,1,0,"13,840",0.1,4,12.80%,2.10%,$1.16 ,$0.87 - $1.46,B0723CZCRJ,4.80%,2.10%,B09DCVRMX6,4.00%,0.00%,B09T3QHVVM,4.00%,0.00%,"B09DCVRMX6,B09T3QHVVM,B08JGBB9N1,B0151E6XTG,B08D2TC7BT,B07HFGBPH8,B07PM92MH2,B085DRZMDN,B00AKSCZ6Y,B0CJJZVJV7","Soft, Shorts"
soft mens shorts,,,,自然搜索词,0,2,B08JGBB9N1/B09T3QHVVM,,,,,,,,,"10,401",,4,,,,-,,,,,,,,,,,"Soft, Shorts"
soft lounge shorts,,,,自然搜索词,0,1,B09T3QHVVM,,,,,,,,,"8,382",,5,,,,-,,,,,,,,,,,"Soft, Lounge, Shorts"
soccer shorts for men,男式足球短裤,,,自然搜索词,0,2,B0C1365SJV/B0CHMQ6Z7W,"2,062,794","1,312",42,3.22%,"35,408",615,1,0,"10,083",0.1,9,16.00%,0.00%,$1.24 ,$0.93 - $1.54,B0878Y8YRQ,5.30%,0.00%,B08791PX1J,5.30%,0.00%,B088Z8JJX2,5.30%,0.00%,"B089PJ47T6,B087M3MJ1L,B088Z8JJX2,B09Y2SZ95Z,B010DKQ8A2,B0BNW445NH,B093LSQQLX,B091MKL5M9,B09XWD44P5,B00HJTK2M6","Shorts, Soccer"
sleeping shorts for men,,,,自然搜索词,0,2,B08JGBB9N1/B09T3QHVVM,"2,062,021",,,,,,,,"2,118",,21,,,,-,,,,,,,,,,,"sleeping, Shorts"
sleep shorts for men,男士睡裤,Y,,自然搜索词/AC推荐词,0,1,B09T3QHVVM,"1,150,155","1,696",20,1.18%,"44,469",765,1,0,"2,081",0.8,8,16.60%,1.00%,$1.85 ,$1.38 - $2.30,B07PM93Y17,6.70%,1.00%,B09V6FN1Y7,5.60%,0.00%,B07HPCQ8CS,4.20%,0.00%,"B07PM93Y17,B09T3QHVVM,B00M0QFMSW,B07C3TBJWC,B08VFC3W7S,B07HFGBPH8,B08L4X2BJX,B0CRMM4J7P,B08FBJJBC2,B0151E6XTG",Shorts
sleep short,睡眠不足,,,自然搜索词,0,1,B09T3QHVVM,"2,353,647",790,23,2.99%,"20,578",358,1,36,"13,830",0.1,6,16.30%,0.00%,$0.83 ,$0.56 - $0.93,B0CDCPZBNG,5.50%,0.00%,B0CX2QD58X,5.50%,0.00%,B0D2VBS5BL,5.50%,0.00%,"B0CDCPZBNG,B0CX2QD58X,B094X7WVCF,B0BLZ2LZFX,B07PM93ZL1,B083BCP15Q,B0CX2RQB81,B07HFGYCJ9,B09T3QHVVM,B084X79TNG",Short
skora,,,,SP广告词,0,1,B09WMZR2XM,,,,,,,,,92,,4,,,,-,,,,,,,,,,,
skimmers,撇渣器,,,SP广告词,0,1,B0BFDTMBGP,"1,531,759",950,9,0.97%,"21,951",429,1,4,"8,160",0.1,24,24.20%,16.70%,$1.32 ,$0.99 - $1.64,B00178IMPO,9.70%,16.70%,B002DPY196,8.10%,0.00%,B0BSRQR395,6.50%,0.00%,"B0CQPN7CHC,B00178IMPO,B071D8R93Y,B0BNMV78C9,B0CSCWJ91S,B07KY22712,B0BSRQR395,B0BTX3GVKP,B08NPDS1C9,B0CRTNJQ9M",Ski
silky shorts men,,,,自然搜索词,0,1,B0C1365SJV,,,,,,,,,"3,724",,0,,,,-,,,,,,,,,,,"Silky, Shorts"
silky shorts,,,,自然搜索词,0,1,B0C1365SJV,,,,,,,,,"3,745",,9,,,,-,,,,,,,,,,,"Silky, Shorts"
silkworld,丝绸世界,,,SP广告词,0,1,B0B9G7J8C7,"1,531,560","1,242",239,19.32%,"32,911",551,6,307,103,12.1,201,20.00%,0.00%,$1.10 ,$0.98 - $1.35,B0872XZ3KD,8.00%,0.00%,B099QXWX3B,6.70%,0.00%,B09VB9YV9B,5.30%,0.00%,"B0BCW62PW6,B0D2GYXG45,B0872XZ3KD,B07CPZP7PY,B0CZQGC89B,B0B4JNL2XG,B0CHP3SNTG,B09QD1BTGJ,B0CT8M8DF3,B0BYSVMPDB",Silk
shots for men,,,,自然搜索词,0,2,B00AKSCXEI/B08JGBB9N1,,,,,,,,,878,,1,,,,-,,,,,,,,,,,Hot
shorys,,,,自然搜索词,0,1,B01AK7Y102,"2,437,668",,,,,,,,"29,037",,0,,,,-,,,,,,,,,,,
shorts workout men,,Y,,AC推荐词,0,1,B08JGBB9N1,,,,,,,,,"8,881",,4,,,,-,,,,,,,,,,,"Shorts, Workout"
shorts with zippers,,,,SP广告词,0,1,B09P3T8X61,,,,,,,,,"9,824",,4,,,,-,,,,,,,,,,,Shorts
shorts with underwear built in men,男士内搭短裤,,,SP广告词,0,1,B0BFDSVMPF,"2,197,726",140,4,3.42%,"3,413",69,1,0,734,0.2,0,25.00%,0.00%,,-,B0BNW3V4V7,12.50%,0.00%,B07QV7SBW7,6.30%,0.00%,B09VBRB3KL,6.30%,0.00%,"B0BNW3V4V7,B08XM7421N,B09VBRB3KL,B08YP5BF2T,B089M1P84H,B08346CY99,B09WY9ZDCB,B0BLNRMJR4,B07CYGJNN7,B082XS37JW","Shorts, Underwear"
shorts with pockets for men,男式带口袋短裤,,,自然搜索词,0,5,B00AKSCXEI/B0151E6WPQ/B01AK7Y102/B09T3QHVVM/B09XQVCZ8B,"1,885,247",993,29,2.97%,"21,196",386,1,0,"25,795",0,23,10.90%,6.70%,$1.30 ,$1.00 - $1.49,B0CSDJ3K6J,4.70%,0.00%,B08JTQP6VY,3.10%,6.70%,B00KUL0W1G,3.10%,0.00%,"B08JG3T2SY,B07HNWC5LC,B07NDP7ZTX,B00XKYLJDU,B08JTQP6VY,B0D46GM438,B0CRRF28SH,B0BNMFGJC8,B072JBQRLG,B0B1LGYYKB",Shorts
shorts with elastic waist,,,,自然搜索词,0,1,B09T3QHVVM,,,,,,,,,0,,0,,,,-,,,,,,,,,,,"Shorts, Elastic, Elastic Waist"
shorts under armour,盔甲下的短裤,,,自然搜索词,0,1,B01AK7Y102,"1,462,356","1,524",54,3.57%,"45,201",738,2,0,"1,615",0.9,19,13.00%,0.00%,$0.97 ,$0.70 - $1.07,B07PS6SV2L,4.70%,0.00%,B0C12XJ159,4.70%,0.00%,B0942X45Y3,3.50%,0.00%,"B0942X45Y3,B07CZLCJP4,B0C12XJ159,B082BFSFP1,B0942VLLMR,B0C12FKWG8,B08LPWB76Y,B089MQNZ41,B09X6R2FCS,B0C12RDLCP","Shorts, Under Armour"
shorts running men,短裤跑步男,,,自然搜索词,0,1,B09XQVCZ8B,"1,430,336","1,171",34,2.91%,"32,348",482,1,0,"14,309",0.1,4,16.70%,0.00%,$1.44 ,$1.08 - $1.79,B0D1QWYNH7,7.60%,0.00%,B0723CZCQT,4.60%,0.00%,B094F825VS,4.60%,0.00%,"B0BFDSB9YG,B0C12XJ159,B0D1QWYNH7,B09PYTB8SD,B08R7GNZTD,B073P3HRXJ,B09VBK13ZV,B094F825VS,B0CHHW2HNB,B0C27G2172","Shorts, Running"
shorts para hombre deportivos,,,,自然搜索词,0,1,B00AKSCXEI,,,,,,,,,440,,1,,,,-,,,,,,,,,,,"Shorts, Hombre"
shorts para gym hombre,运动短裤,,,自然搜索词,0,2,B01AK7Y102/B08JGBB9N1,"1,495,962",525,18,3.46%,"14,986",245,1,0,517,1,4,19.50%,0.00%,$1.16 ,$1.00 - $1.36,B09247MNRF,7.30%,0.00%,B09PQCFRZS,7.30%,0.00%,B0BS3S1MHC,4.90%,0.00%,"B0CRHF41F7,B09LTQWRV7,B0CRRF28SH,B07NDP7HYC,B0BNW5GGX7,B085NF55WL,B07H5P8M39,B08XM7421N,B08JGBB9N1,B09G272YSB","Shorts, Hombre, gym"
shorts pants for men,男士短裤,,,自然搜索词,0,1,B09T3QHVVM,"1,262,743",690,23,3.40%,"15,168",310,1,0,"15,960",0,4,13.70%,0.00%,$1.02 ,$0.81 - $1.28,B07H5Q7BNT,5.90%,0.00%,B01BGZ244W,3.90%,0.00%,B0728KK8VK,3.90%,0.00%,"B07HNTTKZ6,B01JQTBSU6,B07H5PTQML,B016Y8263A,B00BBW2YKU,B08JGC1D2G,B0953MT8P7,B0C4CGLYK7,B0CRHF41F7,B01BGZ244W","Pants, Shorts"
shorts pack for men,,,,自然搜索词,0,1,B0C1365SJV,,,,,,,,,"19,708",,0,,,,-,,,,,,,,,,,"Pack, Shorts"
shorts mens athletic,,,,SP广告词,0,2,B0BFDRQLNC/B0C1365SJV,,,,,,,,,"23,732",,41,,,,-,,,,,,,,,,,"Athletic, Shorts"
shorts men's,,,,自然搜索词,0,1,B0C1365SJV,,,,,,,,,"44,612",,0,,,,-,,,,,,,,,,,Shorts
shorts men zipper pockets,短裤男士拉链口袋,,,SP广告词,0,1,B0BFDRQLNC,"1,782,850",791,21,2.74%,"18,260",304,1,0,"5,386",0.2,21,18.20%,5.60%,$1.39 ,$1.04 - $1.75,B08LTBLD95,10.90%,0.00%,B08VRLJFK2,3.60%,5.60%,B01FJNR0XM,3.60%,0.00%,"B0CJ1D8N79,B0CX54JVDP,B08LTBLD95,B0B1LGYYKB,B09VT6R6C7,B0BX7KWDWY,B09P3WHTC8,B0D2TJ12XX,B08VRDJ55L,B0D2S385WC","Zipper, Shorts, Zipper Pocket"
shorts men workout,短裤男士锻炼,,,自然搜索词,0,2,B01AK7Y102/B09P3T8X61,"1,462,353","1,398",37,2.69%,"33,800",567,1,0,"8,379",0.2,0,15.50%,6.70%,$1.57 ,$1.36 - $1.75,B089JY3L85,7.10%,0.00%,B08XM7421N,4.80%,0.00%,B01AK7Y102,3.60%,6.70%,"B09PYSSR6D,B07H5PTQML,B08JGBB9N1,B09P3RHNSY,B09LTRY112,B085NF55WL,B0723CZCQT,B0BZPMDBPM,B0BNW2RCPZ,B0987C93NK","Shorts, Workout"
shorts men under armour,盔甲下的短裤男士,,,自然搜索词,0,1,B01AK7Y102,"1,109,889","1,507",51,3.40%,"34,820",724,2,0,676,2.2,0,11.10%,0.00%,$1.39 ,$1.04 - $1.75,B0BZ8CRQ81,4.60%,0.00%,B0728BNL9X,3.60%,0.00%,B0942X45Y3,2.90%,0.00%,"B0942X45Y3,B082BFSFP1,B0C12L95VD,B0942ZZYV9,B07CZJCTGQ,B0886MZTWT,B09WD3YQGR,B0C13BX8CQ,B07PS6TVV7,B093M9HWD8","Shorts, Under Armour"
shorts men sports,,,,自然搜索词,0,3,B00AKSCXEI/B0151E6WPQ/B0C1365SJV,,,,,,,,,"19,250",,24,,,,-,,,,,,,,,,,"Shorts, Sports"
shorts men sport,,,,自然搜索词,0,5,B00AKSCXEI/B0151E6WPQ/B09XQVCZ8B/B0BFDTMBGP/B0C1365SJV,,,,,,,,,0,,45,,,,-,,,,,,,,,,,Shorts
shorts men running,短裤男士跑步,,,自然搜索词,0,1,B09XQVCZ8B,"1,369,897",862,30,3.55%,"21,324",341,1,0,"13,885",0.1,9,15.50%,0.00%,$1.50 ,$1.12 - $1.87,B09PYSSR6D,5.20%,0.00%,B0BFDSB9YG,5.20%,0.00%,B0CN16LDBN,5.20%,0.00%,"B0BFDSB9YG,B094F825VS,B08XM7421N,B0C12XJ159,B09PYTB8SD,B0CN16LDBN,B09VBK13ZV,B0D1QWYNH7,B0872XZ3KD,B073P3HRXJ","Shorts, Running"
shorts men pack of 5,,,,自然搜索词,0,1,B08JGBB9N1,,,,,,,,,"19,418",,13,,,,-,,,,,,,,,,,"Pack, Shorts"
shorts men nike para hombres,,,,自然搜索词,0,1,B09XQVCZ8B,,,,,,,,,305,,4,,,,-,,,,,,,,,,,"Shorts, NIKE"
shorts men elastic waist,,,,自然搜索词,0,1,B09T3QHVVM,,,,,,,,,0,,0,,,,-,,,,,,,,,,,"Shorts, Elastic, Elastic Waist"
shorts men dri fit,,Y,,AC推荐词,0,1,B08JGBB9N1,,,,,,,,,"1,145",,1,,,,-,,,,,,,,,,,Shorts
shorts men cotton,短裤男棉,Y,,AC推荐词,0,1,B0151E6WPQ,"628,615","3,022",19,0.63%,"79,313","1,465",1,0,"5,648",0.5,8,12.20%,4.80%,$1.65 ,$1.03 - $1.83,B0151E6WPQ,5.10%,2.40%,B0D2S5ZFLV,4.20%,0.80%,B0151E6OUY,2.90%,1.60%,"B09T3S3BCX,B0151E6WPQ,B00M0QFMSW,B09T3QJ8ZY,B0D2S5ZFLV,B007PXVAKE,B0BVMXG7PM,B00AKSCZ6Y,B009CTU9T2,B09DCTLVCC","Cotton, Shorts"
shorts men cortos sin bolsillos,,,,SP广告词,0,1,B00AKSCXEI,,,,,,,,,0,,0,,,,-,,,,,,,,,,,Shorts
shorts men champion,短裤男子冠军,Y,,自然搜索词/AC推荐词,0,1,B01AK7Y102,"2,437,660",741,19,2.63%,"16,715",300,1,0,462,1.6,16,18.90%,0.00%,$1.35 ,$1.00 - $1.69,B00KUL0W1G,11.30%,0.00%,B0009GA7U8,3.80%,0.00%,B0036OS6KI,3.80%,0.00%,"B000J9YQOS,B00AKSCZ1E,B01AK7Y12A,B08BX5PF5C,B0009GA7U8,B07BYCNKM6,B0868VS5GY,B07DGMZLH1,B0CQ2ZJ5F8,B07TKLNDJQ","Shorts, Champion"
shorts men basketball,短裤 男子 篮球,,,SP广告词,0,1,B0BFDRQLNC,"1,090,895","1,277",39,3.07%,"25,717",512,1,0,"9,202",0.1,4,13.80%,4.70%,$1.12 ,$0.85 - $1.40,B07NDP7ZTX,5.40%,0.00%,B0723CZCRJ,4.20%,4.70%,B099RSXNQH,4.20%,0.00%,"B08JG3T2SY,B07NDP7ZTX,B07BPLHK9T,B0723CZCRJ,B0036OS6LC,B0D46HCPDF,B01AK7Z5BG,B0CRHDQ8DX,B08LTBN75C,B08S99RBHL","Basketball, Shorts"
shorts men athletic cotton,,Y,,AC推荐词,0,1,B0151E6WPQ,,,,,,,,,0,,74,,,,-,,,,,,,,,,,"Athletic, Cotton, Shorts"
shorts men 9 inch inseam,,,,自然搜索词,0,1,B00AKSCXEI,,,,,,,,,"2,542",,4,,,,-,,,,,,,,,,,"Shorts, Inseam"
shorts men 5 pack,,,,自然搜索词,0,1,B08JGBB9N1,,,,,,,,,"68,879",,4,,,,-,,,,,,,,,,,"Pack, Shorts"
shorts man,,,,自然搜索词/品牌广告词/SP广告词,0,2,B0BLKN87V4/B0C1365SJV,,,,,,,,,"44,521",,22,,,,-,,,,,,,,,,,"Shorts, Man"
shorts for under armour,铠甲的短裤,,,SP广告词,0,1,B00AKSCXEI,"1,399,387","1,950",50,2.61%,"41,421",820,2,0,"1,670",1.2,0,8.00%,0.00%,$1.44 ,$1.11 - $1.67,B0728BNL9X,2.70%,0.00%,B07PS6SV2L,2.70%,0.00%,B0874WGZ6H,2.70%,0.00%,"B0C12L95VD,B082BFSFP1,B0942VLLMR,B07L9JLP7R,B093MJ3S5Z,B0BGVTPZ3H,B093LW24H2,B07PS6SV2L,B09WCR8S2R,B0886MZTWT","Shorts, Under Armour"
shorts for tall men,高个子男士短裤,,,自然搜索词,0,1,B00AKSCXEI,"1,648,236","1,117",28,2.55%,"28,391",457,1,0,"35,521",0,15,20.30%,9.10%,$1.75 ,$1.10 - $2.00,B082TJ8LV6,8.70%,0.00%,B09VT4WJ5S,5.80%,9.10%,B0BQR24NV5,5.80%,0.00%,"B082TJ8LV6,B00PI5FL1A,B089GTSLP5,B00EC87YQY,B077SP15PG,B09VT4WJ5S,B08JG3T2SY,B07NF3G29P,B0BFDVJ414,B01ISQF00W","Shorts, Tall"
shorts for short men,,,,自然搜索词,0,2,B00AKSCXEI/B0C1365SJV,,,,,,,,,"19,435",,0,,,,-,,,,,,,,,,,"Shorts, Short"
shorts for running for men,,,,自然搜索词/SP广告词,0,1,B09XQVCZ8B,,,,,,,,,"12,757",,9,,,,-,,,,,,,,,,,"Shorts, Running"
shorts for mens,,,,自然搜索词,0,3,B01AK7Y102/B0BLKN87V4/B0C1365SJV,,,,,,,,,"15,844",,2,,,,-,,,,,,,,,,,Shorts
shorts for men with elastic waist,,Y,,自然搜索词/AC推荐词,0,2,B08JGBB9N1/B09T3QHVVM,,,,,,,,,"3,501",,4,,,,-,,,,,,,,,,,"Shorts, Elastic, Elastic Waist"
shorts for men short,,,,自然搜索词,0,2,B00AKSCXEI/B0C1365SJV,,,,,,,,,0,,0,,,,-,,,,,,,,,,,"Shorts, Short"
shorts for men gym,男士健身房短裤,,,自然搜索词,0,1,B01AK7Y102,"1,735,610",950,34,3.68%,"27,031",470,1,0,"8,428",0.1,0,12.90%,8.30%,$1.25 ,$1.00 - $1.50,B08JGBB9N1,4.80%,8.30%,B0CRHF41F7,4.80%,0.00%,B087F2XQ4M,3.20%,0.00%,"B08JGBB9N1,B0CRHF41F7,B09PYSSR6D,B0723CZCRJ,B0D2XLMYGW,B0CRRF28SH,B07H5QPL1R,B09LTQWRV7,B07NDP7HYC,B0BNW3CD3W","Shorts, gym"
shorts for men cotton,男士棉质短裤,,,自然搜索词,0,1,B08JGBB9N1,"1,782,845","1,336",34,2.58%,"33,393",540,1,0,"8,608",0.2,23,8.00%,1.80%,$1.41 ,$1.00 - $2.00,B0D2S5ZFLV,3.30%,0.00%,B07H5QPL1R,2.90%,0.00%,B0151E6XTG,1.80%,1.80%,"B0151E6OUY,B09T3QJ8ZY,B00M0QFMSW,B00AKSCZ6Y,B0D2S5ZFLV,B007PXVAKE,B0BVMXG7PM,B09DCTLVCC,B08JGBB9N1,B0BTV3L1PV","Cotton, Shorts"
shorts for men big and tall,高大男士短裤,,,自然搜索词,0,2,B08JGBB9N1/B09T3QHVVM,"1,287,849","1,268",36,2.86%,"35,301",546,1,0,"43,234",0,4,10.50%,0.00%,$1.28 ,$1.04 - $1.60,B017GAFMRC,3.90%,0.00%,B07NDP7ZTX,3.50%,0.00%,B017YONTVQ,3.10%,0.00%,"B017YONTVQ,B017GAFMRC,B0921QWL1C,B0D1CVYY1G,B0CQ2ZJ5F8,B07R5Q9TRW,B07YP9JK3F,B00XKYLJA8,B008I581N2,B000OF4ON0","big, Shorts, Big And Tall, Tall"
shorts for men 7 inch,男式短裤 7 英寸,,,自然搜索词,0,1,B09P3T8X61,"1,005,965","1,574",44,2.85%,"33,359",610,1,4,"3,801",0.4,4,10.40%,1.60%,$1.04 ,$0.79 - $1.30,B08JDWY3KJ,4.30%,1.60%,B08JDWVDGZ,3.40%,0.00%,B0C26JGHGY,2.80%,0.00%,"B07F25B4GC,B08JDYVDRB,B0BXWDK38F,B0C4YR3NRY,B077RV5TZ5,B0C26JGHGY,B0BNW4VZPK,B07F27XC6G,B0D1GB9TZ4,B085NF55WL",Shorts
shorts for me,,,,自然搜索词,0,2,B08JGBB9N1/B0BFDTMBGP,,,,,,,,,"3,742",,4,,,,-,,,,,,,,,,,Shorts
shorts for man,男士短裤,,,自然搜索词/品牌广告词,0,2,B0BLKN87V4/B0C1365SJV,"1,341,590","1,310",38,2.96%,"28,498",595,1,0,"42,966",0,2,10.90%,0.00%,$1.48 ,$1.14 - $1.92,B078W113QW,3.60%,0.00%,B07H5QPL1R,3.60%,0.00%,B0CRHF41F7,3.60%,0.00%,"B08D2TC7BT,B07YP9TWCX,B0CSNTYBY1,B00BBW2XZG,B078VZ5QBW,B0C26D741D,B08LT9MJM2,B0151E6PB2,B07BPLHK9T,B07NDP7ZTX","Shorts, Man"
shorts for lightning deals of today prime,,,,自然搜索词,0,1,B0C4GRTZJR,,,,,,,,,"15,034",,0,,,,-,,,,,,,,,,,"Shorts, Prime"
shorts for gym men,健身男士短裤,,,自然搜索词,0,3,B01AK7Y102/B08JGBB9N1/B0C1365SJV,"1,782,844",425,14,3.40%,"10,388",212,1,0,"8,316",0.1,23,13.50%,10.00%,$1.46 ,$1.26 - $1.62,B08R7GNZTD,5.40%,0.00%,B08XM7421N,5.40%,0.00%,B0CRRFSBL2,2.70%,10.00%,"B0CRHF41F7,B0CRRF28SH,B08JGBB9N1,B0BNW2CZNM,B09PYSSR6D,B09LTQWRV7,B07NDP7HYC,B085NF55WL,B01AK7Z1ZG,B07H5P8M39","Shorts, gym"
shorts for gym,,Y,,自然搜索词/AC推荐词,0,2,B08JGBB9N1/B09P3T8X61,,,,,,,,,"11,204",,25,,,,-,,,,,,,,,,,"Shorts, gym"
shorts for crz yoga men,,,,SP广告词,0,1,B0BFDTMBGP,,,,,,,,,0,,0,,,,-,,,,,,,,,,,"Shorts, Yoga, crz yoga"
shorts for big men,大个子的短裤,,,自然搜索词,0,1,B09T3QHVVM,"1,495,958","1,223",36,2.96%,"28,520",465,1,0,"44,525",0,11,14.50%,0.00%,$0.93 ,$0.83 - $1.03,B07YP9JK3F,5.80%,0.00%,B00XKYLJDU,4.40%,0.00%,B07NDP7ZTX,4.40%,0.00%,"B07QX5YFCG,B017GAFO3E,B07YP9JK3F,B08JG3T2SY,B0D1CVYY1G,B017YONTZC,B0CQ2ZJ5F8,B09461YZGK,B08JTQP6VY,B008I5816E","big, Shorts"
shorts for big and tall men,高大男士短裤,,,自然搜索词,0,1,B09T3QHVVM,"2,437,651",140,4,2.97%,"4,015",62,1,0,"42,300",0,0,26.70%,0.00%,$1.05 ,$0.89 - $1.29,B09461YZGK,13.30%,0.00%,B07RPB9MNC,6.70%,0.00%,B07YP9JK3F,6.70%,0.00%,"B017GAFMRC,B017YONTVQ,B07YP9JK3F,B0831FGTCZ,B0921QWL1C,B09461YZGK,B0CQ2ZJ5F8,B0D1CVYY1G,B008I581P0,B0C25TLB5Y","big, Shorts, Big And Tall, Tall"
shorts cotton,棉质短裤,Y,,AC推荐词,0,1,B0151E6WPQ,"1,885,238","1,324",44,3.35%,"28,426",637,1,4,"16,590",0.1,4,9.00%,9.50%,$1.27 ,$1.03 - $1.55,B0BWJ373XK,3.90%,0.00%,B0151E6OUO,2.60%,4.80%,B0151E6OUY,2.60%,4.80%,"B0151E6XTG,B00M0QFGRY,B09T3QJ8ZY,B016YKK40U,B09PQJ53NS,B0BVMXG7PM,B00AKSCZ6Y,B000MND79Q,B08SPWTJ79,B09QT1Q5LR","Cotton, Shorts"
shorts casual,,,,自然搜索词,0,1,B09T3QHVVM,,,,,,,,,0,,11,,,,-,,,,,,,,,,,"Shorts, Casual"
shorts black men,,,,SP广告词,0,1,B0BFDTMBGP,,,,,,,,,0,,0,,,,-,,,,,,,,,,,"Shorts, Black"
shorts black,短裤 黑色,,,SP广告词,0,1,B0BFDRQLNC,"1,129,385",766,1,0.12%,"17,022",300,1,0,"48,004",0,9,16.70%,20.00%,$0.69 ,$0.51 - $0.87,B0BS6GF3FD,7.40%,0.00%,B0BJQ73P3F,5.60%,0.00%,B0BJQ81RJL,3.70%,20.00%,"B0BS6GF3FD,B0C1BJ6LVQ,B07R7S44Y1,B0BJQ7BBZG,B0151E6OUY,B0CQXS44KH,B08YRS74ST,B09QSXPG75,B09KNJ6NXP,B07RM7DHWF","Shorts, Black"
shorts big and tall,大而全的短裤,,,自然搜索词,0,1,B08JGBB9N1,"1,072,851","1,609",43,2.71%,"37,626",690,1,1,"61,837",0,25,18.20%,2.40%,$0.91 ,$0.75 - $1.04,B072JBQRLG,9.40%,2.40%,B09461YZGK,5.20%,0.00%,B017YONTZC,3.60%,0.00%,"B092187Z3D,B017YONTZC,B09461YZGK,B017GAFOVQ,B0CQ2ZJ5F8,B072JBQRLG,B07YP9JK3F,B00XKYLJA8,B0CPR9XDTF,B07R5Q9TRW","big, Shorts, Big And Tall, Tall"
shorts basketball for men,,,,自然搜索词,0,1,B0C1365SJV,,,,,,,,,"36,047",,4,,,,-,,,,,,,,,,,"Basketball, Shorts"
shorts basketball,短裤 篮球,,,SP广告词,0,2,B0BFDRQLNC/B0C1365SJV,"1,287,845",929,1,0.15%,"20,826",437,1,0,"28,330",0,9,16.40%,10.00%,$1.12 ,$0.85 - $1.33,B0CBMKX5CF,8.20%,0.00%,B07NDP7ZTX,4.90%,10.00%,B000MNBX74,3.30%,0.00%,"B0D46GM438,B0036OS6LC,B08S99RBHL,B0CRHRGYHT,B01ES41BW4,B0BLN5S1QX,B00719ZQG6,B0BXMT8RWM,B09QMH2M2M,B08C2G8DN5","Basketball, Shorts"
shorts athletic men,短裤运动男,,,自然搜索词,0,4,B08JGBB9N1/B09XQVCZ8B/B0BFDSVMPF/B0C1365SJV,"1,940,846",650,21,3.35%,"14,031",301,1,0,"39,803",0,9,18.80%,0.00%,$1.52 ,$1.14 - $1.90,B09PYTB8SD,6.30%,0.00%,B0C1365SJV,6.30%,0.00%,B0CRHF41F7,6.30%,0.00%,"B0CRHF41F7,B08JGBB9N1,B0CRRF28SH,B09PYTB8SD,B072JBQRLG,B0BWNHZCCR,B01AK7Z1ZG,B07H5QPL1R,B08JTQP6VY,B07BPLHK9T","Athletic, Shorts"
shortort,,,,自然搜索词,0,1,B00AKSCXEI,,,,,,,,,0,,0,,,,-,,,,,,,,,,,Short
shortd,短路,,,自然搜索词,0,2,B08JGBB9N1/B0BFDTMBGP,"2,197,711",908,26,2.96%,"24,094",351,1,0,"2,612",0.4,8,8.30%,0.00%,$0.50 ,$0.37 - $0.55,B0BYNM7MWQ,5.00%,0.00%,B000MND79Q,1.70%,0.00%,B00AKSCXBG,1.70%,0.00%,"B0151E6PB2,B08RBHVS7K,B01JQTN8SQ,B0723CZCQT,B078VZ5QBW,B009CTUGZ4,B016Y8263A,B01ES415H0,B00XKYM2DQ,B087M3MJ1L",Short
short with pocket,,,,自然搜索词,0,3,B00AKSCXEI/B0151E6WPQ/B0BFDRQLNC,,,,,,,,,0,,190,,,,-,,,,,,,,,,,"Pocket, Short"
short shirts for men,,,,自然搜索词,0,1,B0C1365SJV,,,,,,,,,"28,583",,0,,,,-,,,,,,,,,,,"Shirt, Short"
short pants men,,,,自然搜索词,0,1,B09T3QHVVM,,,,,,,,,"36,561",,4,,,,-,,,,,,,,,,,"Pants, Short"
short pants for men casual,男士休闲短裤,,,自然搜索词,0,1,B09T3QHVVM,"1,399,369",663,20,3.09%,"18,444",291,1,0,"11,835",0.1,4,16.30%,0.00%,$1.16 ,$0.87 - $1.46,B07HNWNXMK,6.10%,0.00%,B0D918R8D8,6.10%,0.00%,B01JQTBSU6,4.10%,0.00%,"B07HNWNXMK,B009CTU9T2,B016Y8263A,B07H5QPL1R,B01JQTBSU6,B00XKYM2AE,B00M0QFGRY,B09T3QHVVM,B0CMHNN5BD,B087JG8XKV","Pants, Casual, Short"
short pant for men,,,,自然搜索词,0,1,B09T3QHVVM,,,,,,,,,"36,024",,0,,,,-,,,,,,,,,,,Short
short pack men,,,,自然搜索词,0,1,B0C1365SJV,,,,,,,,,"83,309",,0,,,,-,,,,,,,,,,,"Pack, Short"
short mens shorts,男式短裤,,,自然搜索词,0,2,B01AK7Y102/B0C1365SJV,"1,430,319","1,187",41,3.53%,"30,500",581,1,0,"31,348",0,3,15.40%,0.00%,$1.40 ,$1.05 - $1.75,B09J7Z6ZP1,6.70%,0.00%,B07F1521RT,5.10%,0.00%,B086C9PRJV,3.50%,0.00%,"B07F1521RT,B09G272YSB,B09C8R78HW,B086C9PRJV,B0BS3S1MHC,B0BTT2DKXG,B094F825VS,B08SCD4RJG,B07D8W1GNJ,B08JDX7HMX","Shorts, Short"
short men algodon,,,,自然搜索词,0,1,B0151E6WPQ,,,,,,,,,0,,0,,,,-,,,,,,,,,,,Short
short hombre,矮个子男人,,,自然搜索词,0,3,B00AKSCXEI/B09P3T8X61/B0C1365SJV,"1,462,333",741,18,2.51%,"18,107",286,1,0,"28,928",0,4,15.10%,0.00%,$1.12 ,$0.83 - $1.39,B079N49KN2,5.70%,0.00%,B09QT6H6NQ,5.70%,0.00%,B07T3KL19K,3.80%,0.00%,"B0CRHF41F7,B08LT9MJM2,B085NF55WL,B00XKYM95C,B07H5QPL1R,B07YP9TWCX,B077RTN23Y,B08JG3T2SY,B016Y8268U,B0C26D741D","Hombre, Short"
short gym,短健身房,,,自然搜索词,0,2,B08JGBB9N1/B09P3T8X61,"2,061,157",971,35,3.70%,"20,032",484,1,1,"11,191",0.1,4,19.10%,0.00%,$1.44 ,$1.08 - $1.79,B09G272YSB,7.90%,0.00%,B0CWKPHB2F,6.40%,0.00%,B09N8NLPRK,4.80%,0.00%,"B0CRHF41F7,B0CRRF28SH,B09PYSSR6D,B08CXW8ZJD,B0723CZCRJ,B09N8NLPRK,B086ZDRRFT,B07NDP7HYC,B09LTQWRV7,B08JGBB9N1","gym, Short"
short for men's,,,,SP广告词,0,1,B09P3T8X61,,,,,,,,,0,,0,,,,-,,,,,,,,,,,Short
short for men summer,夏季男士短款,,,自然搜索词,0,1,B08JGBB9N1,"1,262,719","1,233",34,2.80%,"26,561",526,1,0,"16,337",0.1,9,16.70%,0.00%,$1.13 ,$0.79 - $1.29,B07YP9JK3F,6.90%,0.00%,B07H5QPL1R,5.60%,0.00%,B07NDP7ZTX,4.20%,0.00%,"B0CMHNN5BD,B08S7L2S99,B078W113QW,B08D2PB97C,B0CRZ94622,B08JGBB9N1,B07YP9JK3F,B0CS6M4KM1,B009CTU8CA,B0CP2812JP","Short, Summer"
short for men gym,,,,自然搜索词,0,1,B08JGBB9N1,,,,,,,,,"8,995",,13,,,,-,,,,,,,,,,,"gym, Short"
short for man,男人的缩写,,,自然搜索词/品牌广告词,0,2,B0BLKN87V4/B0C1365SJV,"2,437,580",384,11,2.95%,"9,642",176,1,0,"42,990",0,4,16.70%,0.00%,$1.28 ,$0.97 - $1.61,B009CTUGY0,5.60%,0.00%,B07H5QPL1R,5.60%,0.00%,B07NDP7ZTX,5.60%,0.00%,"B07H5QPL1R,B07YP9TWCX,B00BBW2XZG,B0C26D741D,B0151E6PB2,B06XWMC24B,B078VZ5QBW,B016Y820AY,B082TJ8LV7,B08LT9MJM2","Man, Short"
short de futbol para hombre,,,,SP广告词,0,1,B0BFDVPFKX,"2,127,291",384,13,3.48%,"10,578",187,1,0,154,2.5,23,25.00%,0.00%,,-,B0878Y8YRQ,13.90%,0.00%,B08791PX1J,5.60%,0.00%,B087LTC1XS,5.60%,0.00%,"B087M3MJ1L,B08JGC1D2G,B0BNW445NH,B09Y2SZ95Z,B010DKQ8A2,B00HJTK2M6,B089PJ47T6,B088Z8JJX2,B0728KK8VK,B091MKL5M9","Hombre, Short"
short cargo shorts for men,男士短款工装短裤,,,品牌广告词,0,1,B0BLKN87V4,"1,021,914","1,586",49,3.13%,"41,391",737,2,0,"3,535",0.5,9,21.30%,10.00%,$1.01 ,$0.85 - $1.20,B075MRTVV8,11.60%,10.00%,B09DTYSKPG,6.90%,0.00%,B07YP9JK3F,2.80%,0.00%,"B075MRTVV8,B078VZ2HVS,B07QM8K3DH,B07YP9JK3F,B0CWH5SDW9,B01E1BRIOO,B07MMT3MH8,B01NBROMQX,B09VGNGR9Q,B07752LYQS","Shorts, Cargo, Short, Cargo Shorts"
short beach pants for men,,,,品牌广告词,0,1,B0BLKN87V4,,,,,,,,,0,,38,,,,-,,,,,,,,,,,"Pants, Short, Beach"
short basketball shorts men,短款篮球短裤男,,,SP广告词,0,2,B09P3T8X61/B0C1365SJV,"1,495,931",603,17,2.88%,"15,462",269,1,0,"10,120",0.1,8,22.20%,0.00%,$1.21 ,$0.93 - $1.37,B09NYD3R9R,8.90%,0.00%,B08XPTXGFD,6.70%,0.00%,B099RSXNQH,6.70%,0.00%,"B08XPTXGFD,B0D2MRK7G4,B08JGHDWNP,B07BPL162D,B0CQ8GBGH6,B0BXMT8RWM,B0CZDJ31FF,B07NDP7ZTX,B0CRHDQ8DX,B0D46GM438","Basketball, Shorts, Short"
short athletic shorts men,,Y,,自然搜索词/AC推荐词,0,4,B0151E6WPQ/B08JGBB9N1/B0BFDTMBGP/B0C1365SJV,,,,,,,,,"17,376",,4,,,,-,,,,,,,,,,,"Athletic, Shorts, Short"
short adidas men,,,,SP广告词,0,1,B09XQVCZ8B,,,,,,,,,"1,663",,16,,,,-,,,,,,,,,,,"Adidas, Short"
shoets,鞋,Y,,自然搜索词/AC推荐词,0,1,B08JGBB9N1,"1,192,415","1,340",36,2.77%,"35,926",589,1,0,"29,407",0.1,3,7.50%,4.60%,$0.60 ,$0.44 - $0.75,B09MKN1MJ5,3.80%,4.60%,B08TM8T3ZX,2.40%,0.00%,B08JGBB9N1,1.40%,0.00%,"B0151E6PB2,B08RBHVS7K,B01JQTN8SQ,B0723CZCQT,B078VZ5QBW,B009CTUGZ4,B016Y8263A,B01ES415H0,B00XKYM2DQ,B087M3MJ1L",
shirt cotton men,,,,SP广告词,0,1,B0BFF67H1W,,,,,,,,,0,,0,,,,-,,,,,,,,,,,"Cotton, Shirt"
sean john clothing,肖恩·约翰服装,,,SP广告词,0,1,B0BFDTMBGP,"2,351,465",140,3,2.66%,"2,911",62,1,0,265,0.5,0,17.80%,0.00%,$0.61 ,$0.46 - $0.75,B0C7LRBD6Y,7.10%,0.00%,B0C8VD3TXZ,7.10%,0.00%,B01MXPNV60,3.60%,0.00%,"B0C7LSYQXH,B07QP5DK69,B09F9WMRR3,B0C7LPCTWG,B0CM8DNGDQ,B0C7J7GZBP,B0CLWM9572,B0C7JQSKLS,B0BLCW8P7B,B07NBHYY77",Clothing
saucony shorts,,Y,,AC推荐词,0,1,B09P3T8X61,,,,,,,,,95,,4,,,,-,,,,,,,,,,,Shorts
same day prime,,,,SP广告词,0,1,B0C4GV51WK,,,,,,,,,"4,134",,17,,,,-,,,,,,,,,,,Prime
russell shorts men,罗素短裤男,,,自然搜索词,0,2,B08JGBB9N1/B09XQVCZ8B,"2,350,052","1,247",40,3.24%,"30,376",546,1,0,234,5.3,13,24.00%,12.50%,$1.61 ,$1.07 - $2.40,B00719ZMUG,13.30%,6.30%,B000MND796,5.30%,6.30%,B000MND79Q,5.30%,0.00%,"B00719ZSHS,B071ZVQ7GF,B000MND796,B0B41WP274,B09XQVCZ8B,B001DB2WHY,B07DNHN32L,B000MN8OC6,B08JTQP6VY,B09T3QR3Y1","Shorts, russell"
russell shorts for men,罗素男短裤,,,自然搜索词,0,2,B08JGBB9N1/B09XQVCZ8B,"1,149,231","1,403",9,0.71%,"28,434",579,1,0,243,5.8,4,14.50%,0.00%,$1.61 ,$1.05 - $2.39,B000MND79Q,6.10%,0.00%,B000MND796,4.70%,0.00%,B00719ZSHS,3.70%,0.00%,"B00719ZSHS,B000MND796,B071ZVQ7GF,B0B41WP274,B084PVJTDT,B08JTQP6VY,B00CLYEOSW,B000MN8ODK,B07DNHN32L,B00AKSCZ6Y","Shorts, russell"
russell mens shorts,,,,自然搜索词,0,1,B09XQVCZ8B,,,,,,,,,386,,4,,,,-,,,,,,,,,,,"Shorts, russell"
russell fresh force shorts men,Russell Fresh Force短裤男士,,,自然搜索词,0,2,B00AKSCXEI/B09XQVCZ8B,"1,830,918",886,32,3.64%,"19,289",430,1,0,118,7.5,1,20.30%,7.70%,$1.52 ,$1.16 - $1.90,B00719ZMUG,6.80%,7.70%,B071ZVQ7GF,6.80%,0.00%,B08NRGVDVC,6.80%,0.00%,"B072Q6GMVN,B00719ZF0I,B000MND796,B0B41THVQZ,B07DNHVQYY,B000MN8ODK,B08NRGVDVC,B08JTQP6VY,B0728KK8VK,B00BBS3OE4","Shorts, Fresh, russell"
russell athletic shorts men 7 inch inseam,,,,自然搜索词,0,1,B09XQVCZ8B,,,,,,,,,51,,2,,,,-,,,,,,,,,,,"Athletic, russell, Russell Athletic, Inseam, Shorts"
runnning shorts men,,,,自然搜索词,0,1,B09XQVCZ8B,,,,,,,,,0,,4,,,,-,,,,,,,,,,,Shorts
running shorts nike,跑步短裤耐克,,,SP广告词,0,1,B0BFDTMBGP,"1,606,270",886,29,3.33%,"23,461",394,1,0,"2,246",0.4,5,18.60%,50.00%,$1.14 ,$0.86 - $1.44,B07PS6SV2L,6.80%,50.00%,B01FZ03FO2,6.80%,0.00%,B0BXFNZ1BK,5.10%,0.00%,"B01FZ027JG,B07PR22X4Q,B0BXFNZ1BK,B0BK9THY4S,B0B617HLWR,B0BGV7PZZJ,B08CBKC4B7,B07BPMTVPX,B07YKQC8X3,B08TQFF3HF","Shorts, Running, NIKE"
running shorts for men nike,耐克男士跑步短裤,,,自然搜索词,0,1,B09P3T8X61,"1,494,907","1,214",31,2.58%,"29,975",479,1,0,732,1.7,0,16.30%,0.00%,$1.39 ,$1.04 - $1.75,B07YKQC8X3,5.60%,0.00%,B08CRJHPLV,5.60%,0.00%,B09YNW36K6,5.20%,0.00%,"B087M3MJ1L,B0BGV7PZZJ,B0B619RFMM,B0C13GRWR8,B0C12P8YGH,B07YKQC8X3,B0B6JW7S7N,B0B18NMXCV,B08CRJHPLV,B07BPMTVPX","Shorts, Running, NIKE"
running short men,奔跑的矮个子,,,SP广告词,0,2,B09P3T8X61/B09XQVCZ8B,"1,646,947",663,21,3.28%,"14,730",287,1,0,"14,310",0.1,4,24.50%,0.00%,$1.74 ,$1.41 - $1.99,B08R7GNZTD,10.20%,0.00%,B08XM7421N,8.20%,0.00%,B089JY3L85,6.10%,0.00%,"B08XM7421N,B073P3HRXJ,B094F825VS,B09VBK13ZV,B0BGV7PZZJ,B09PYTB8SD,B09P3RHNSY,B0D1QWYNH7,B07R1J9J3J,B0BXWDVDXC","Running, Short"
running for men,为男人而跑,,,HR推荐词,0,1,B0CHMNB423,"1,494,900","1,296",38,2.97%,"29,348",514,1,0,"30,159",0,21,18.20%,18.20%,$1.86 ,$1.39 - $2.44,B094DTHNHZ,10.40%,9.10%,B09SY1PWFG,5.20%,0.00%,B082VW4NDH,2.60%,9.10%,"B01MG68FRD,B094DTHNHZ,B082VVVL9N,B09HHHX351,B091669827,B07NWZ6PBF,B00JM8MWTI,B0D1QWYNH7,B0CB9XD3YY,B07VMLJ2XP",Running
running ahorts,跑步,,,自然搜索词,0,1,B09P3T8X61,"1,169,962","1,383",41,3.03%,"31,138",627,1,0,"27,236",0.1,3,11.20%,2.90%,$0.50 ,$0.37 - $0.62,B097D5ZP88,4.30%,2.90%,B09XZRCZ77,3.60%,0.00%,B0BRSSDZBP,3.30%,0.00%,"B09XZRCZ77,B0C32695P9,B09MM6TWP3,B07PS6SV2L,B08FXJT5PH,B0BFDSB9YG,B08TM8T3ZX,B0BRSSF876,B0CRDV6JSD,B08MR21Y4H",Running
runners shorts men,男士跑步短裤,,,自然搜索词,0,1,B09P3T8X61,"1,938,968",140,4,3.42%,"4,099",68,1,0,400,0.4,9,18.80%,0.00%,$1.35 ,$1.00 - $1.69,B082XSSZZB,6.30%,0.00%,B089JY3L85,6.30%,0.00%,B08NB7B54W,6.30%,0.00%,"B08XM7421N,B09WXSHZZK,B094F825VS,B09PYSSR6D,B0CT2JG1HY,B09G272YSB,B08BNK9VGK,B082XSKVLV,B09P3T8X61,B0BXWB52YD",Shorts
runner shorts for men,,,,自然搜索词,0,1,B09P3T8X61,,,,,,,,,415,,0,,,,-,,,,,,,,,,,Shorts
runner gifts men,,,,SP广告词,0,1,B0C4GV51WK,,,,,,,,,0,,0,,,,-,,,,,,,,,,,Gift
rugby shorts with pockets men,,,,HR推荐词,0,2,B0151E6WPQ/B0CHMN8TDS,,,,,,,,,0,,0,,,,-,,,,,,,,,,,"Shorts, Rugby"
ropa para gimnasio de hombre,ropa para gimnasio de hombre,,,自然搜索词,0,1,B08JGBB9N1,"1,733,930",677,24,3.62%,"19,727",269,1,0,"1,481",0.5,2,24.00%,0.00%,$0.57 ,$0.43 - $0.73,B08SM156YN,10.00%,0.00%,B0CV4HDMQX,8.00%,0.00%,B0CSWHJ9BS,6.00%,0.00%,"B0CSWHJ9BS,B0785VMVF4,B0BNW2CZNM,B09BTBDVXQ,B077ZJXCTS,B0C14BB4B7,B0C7WM1QNG,B083463RFH,B09SPW1QYT,B07JW9S29Z",Hombre
ropa nike,罗帕耐克,,,SP广告词,0,1,B0BFDSVMPF,"1,997,062",767,26,3.42%,"16,495",353,1,0,"5,276",0.2,17,20.40%,0.00%,$0.70 ,$0.52 - $0.88,B08D3XLQJF,9.30%,0.00%,B07BZ8VRGD,5.60%,0.00%,B07KD7XKHT,5.60%,0.00%,"B087LWNKFB,B08WTG63BD,B08D3XLQJF,B0CBQJBPDQ,B08VWWXZ9S,B0199NOQ4E,B07FKFY78B,B08CX18SZX,B07KD7XKHT,B01ABVLOHA",NIKE
ropa deportiva para hombre nike,ropa deportiva para hombre nike,,,自然搜索词,0,1,B09XQVCZ8B,"1,689,253",140,5,3.64%,"3,702",69,1,0,736,0.2,24,17.60%,0.00%,$0.62 ,$0.38 - $0.62,B0BW16KWLX,5.90%,0.00%,B0BW4NZJZ5,5.90%,0.00%,B0CPT8KZ1V,5.90%,0.00%,"B087LZR1BM,B0C14BB4B7,B0C1TYTY6Z,B08LF2KNDF,B0BW4NZJZ5,B07895FGCL,B00AFA7YHM,B08WT2NWBV,B09V7H3C4M,B07811Z8ZV","Hombre, NIKE"
ropa deportiva hombre,男士运动装,,,SP广告词,0,1,B09P3T8X61,"1,340,506",863,26,3.09%,"23,765",419,1,0,"13,815",0.1,10,13.80%,16.70%,$0.20 ,$0.18 - $0.23,B09PQCFRZS,5.20%,16.70%,B0CTV8W8RD,5.20%,0.00%,B07RP2ZQ3G,3.50%,0.00%,"B07DRNTL8K,B0C14BB4B7,B08P1P72H8,B0785VMVF4,B09SPW1QYT,B0CT3HL8KK,B07815BDGT,B0BRN8D56D,B08JGC1D2G,B09PQCFRZS",Hombre
ropa de hombre para gym,,,,自然搜索词,0,1,B08JGBB9N1,,,,,,,,,"2,633",,10,,,,-,,,,,,,,,,,"Hombre, gym"
ropa de gimnasio para hombre,男式健身服,,,自然搜索词,0,1,B08JGBB9N1,"1,997,054",568,18,3.24%,"13,547",271,1,0,"1,492",0.4,5,14.00%,0.00%,$0.68 ,$0.38 - $0.81,B077ZJXCTS,4.70%,0.00%,B077ZKDQLV,4.70%,0.00%,B0787P86ZZ,4.70%,0.00%,"B077ZJXCTS,B0BNW2CZNM,B0C14BB4B7,B09SPW1QYT,B0785VMVF4,B09BTBDVXQ,B0CSWHJ9BS,B0852YXXDF,B0B728NH19,B083463RFH",Hombre
ronaldo jersey mens,,,,SP广告词,0,1,B0BFDTMBGP,,,,,,,,,177,,5,,,,-,,,,,,,,,,,Jersey
rocky shorts for men,,,,SP广告词,0,1,B09P3T8X61,,,,,,,,,0,,0,,,,-,,,,,,,,,,,Shorts
rocky american flag shorts,,,,SP广告词,0,1,B0BFDTMBGP,,,,,,,,,0,,0,,,,-,,,,,,,,,,,"American, Shorts, Flag"
roadbox,路盒,,,SP广告词,0,1,B0C4GV51WK,"1,460,935","1,313",227,17.32%,"29,505",595,6,151,388,3.4,56,14.70%,0.00%,$2.00 ,$1.50 - $2.50,B07PJKVMNB,6.20%,0.00%,B083R8DPP5,4.60%,0.00%,B08BFGXT91,3.90%,0.00%,"B083R8DPP5,B08BFKM7VT,B07PMVQ1ZS,B0CB5T6VH7,B0D2CQK8Z7,B0CZQHBBM3,B08XX4J7V2,B08MX6FQYS,B0BRCTSCKP,B08P551823",
ripped shorts men,破洞短裤男,,,SP广告词,0,1,B01AK7Y102,"1,646,487",482,12,2.52%,"9,937",195,1,0,380,1.3,4,17.90%,0.00%,$0.80 ,$0.60 - $1.00,B08YZ7YVQV,7.70%,0.00%,B07CNTNZXS,5.10%,0.00%,B07TVLJDFB,5.10%,0.00%,"B073XDB3DV,B0D14Q163P,B0CSSCKPN2,B07TVLJDFB,B07RB4WPCT,B09LTQQ7LB,B0BVK3NXVJ,B0919MR2NV,B0CSDGV9FC,B08YNFVM6G","Ripped, Shorts"
rei shorts,,,,自然搜索词,0,1,B09WMYXNJ9,,,,,,,,,0,,24,,,,-,,,,,,,,,,,Shorts
reflective shorts men,反光短裤男,,,视频广告词,0,1,B0BFDTMBGP,"1,829,938",140,6,4.34%,"3,743",58,1,0,"2,410",0.1,4,28.10%,0.00%,$0.68 ,$0.51 - $0.86,B07QDGN2B9,9.40%,0.00%,B0BHKQLN6J,9.40%,0.00%,B0C6JMJRCB,9.40%,0.00%,"B07QFJCLKC,B0BHL1NN2C,B0CVR37SSP,B0C6MFWW3V,B0C563R7H7,B07SX14WY7,B0BF56W5NY,B0BHST73MH,B09C238D7P,B0BMGXKXT5","Shorts, Reflect"
reebok shorts men zipper pocket,,,,自然搜索词,0,1,B09P3T8X61,,,,,,,,,0,,0,,,,-,,,,,,,,,,,"Zipper, Zipper Pocket, Reebok, Shorts, Pocket"
reebok shorts men zipper,,,,自然搜索词,0,1,B09P3T8X61,,,,,,,,,0,,0,,,,-,,,,,,,,,,,"Shorts, Zipper, Reebok"
reebok shorts men workout,,,,自然搜索词,0,1,B09P3T8X61,,,,,,,,,0,,0,,,,-,,,,,,,,,,,"Reebok, Shorts, Workout"
reebok shorts for men athletic,锐步男士运动短裤,,,自然搜索词,0,1,B09P3T8X61,"1,191,224","1,303",44,3.40%,"32,239",599,1,0,362,3.6,0,19.40%,0.00%,$1.45 ,$1.09 - $1.80,B0BJMC9CNW,8.30%,0.00%,B0BJN32KDN,5.80%,0.00%,B0BJN643P8,5.40%,0.00%,"B0BJMC9CNW,B08JTQP6VY,B0BZPJW6G4,B0BJM3YV8X,B00719ZSHS,B0874X78XM,B09NZJ51B4,B072M9TMDG,B0BQ1V8S24,B07NDP7ZTX","Athletic, Shorts, Reebok"
reebok mens workout shorts,,,,自然搜索词,0,1,B09P3T8X61,,,,,,,,,0,,0,,,,-,,,,,,,,,,,"Workout, Shorts, Reebok"
reebok mens shorts athletic,,,,自然搜索词,0,1,B09P3T8X61,,,,,,,,,324,,0,,,,-,,,,,,,,,,,"Athletic, Shorts, Reebok"
reebok men shorts,锐步男士短裤,,,自然搜索词,0,1,B09P3T8X61,"2,433,072",140,3,2.82%,"3,047",53,1,0,306,0.5,3,18.80%,0.00%,$1.09 ,$0.81 - $1.37,B08P57M5QX,6.30%,0.00%,B08P594LMV,6.30%,0.00%,B0BQ1WSQTQ,6.30%,0.00%,"B0BJMC9CNW,B08P57M5QX,B01AK7Y12A,B09Z746TZG,B0C3Q22TH4,B072J36KT1,B072JPX1Q1,B0BJMHHZCX,B09P3T8X61,B08JTQP6VY","Shorts, Reebok"
reebok gym shorts men,锐步健身短裤男,,,自然搜索词,0,1,B09P3T8X61,"1,340,088","1,215",40,3.37%,"32,975",590,1,0,315,3.9,9,21.10%,11.10%,$1.38 ,$1.17 - $1.58,B0BJMC9CNW,8.50%,11.10%,B0BJN643P8,7.00%,0.00%,B0036OS6LC,5.60%,0.00%,"B0BJMC9CNW,B0036OS6LC,B00719ZSHS,B07NDP7HYC,B08BX5PF5C,B09P3T8X61,B01AK7Y12A,B08P577C67,B072JPX1Q1,B0BZPJW6G4","Shorts, gym, Reebok"
reebok athletic shorts men,锐步运动短裤男,,,自然搜索词,0,1,B09P3T8X61,"1,733,216",324,8,2.62%,"8,029",138,1,0,236,1.4,21,28.60%,30.00%,$1.42 ,$1.07 - $1.78,B0BJMC9CNW,11.40%,20.00%,B0BJMV8NV8,11.40%,0.00%,B0BJN32KDN,5.70%,10.00%,"B0BJMC9CNW,B00719ZSHS,B08P577C67,B072M9TMDG,B07NDP7ZTX,B08JTQP6VY,B0874X78XM,B0BZPJW6G4,B0BJM3YV8X,B0BJMZJLRV","Athletic, Shorts, Reebok"
red white and blue mens shorts,,,,SP广告词,0,1,B0BFDTMBGP,,,,,,,,,0,,0,,,,-,,,,,,,,,,,"White, Shorts, Red, Blue"
red sweat shorts,红色运动短裤,,,SP广告词,0,1,B01AK7Y102,"1,340,063",620,20,3.35%,"18,217",301,1,0,"1,978",0.3,64,34.80%,0.00%,$0.85 ,$0.63 - $1.05,B0BYNQCNF6,17.40%,0.00%,B0BYNSCMR4,8.70%,0.00%,B0C4Y56WFY,8.70%,0.00%,"B0C4Y58NBZ,B0BNM8MN5Y,B09M76FMZN,B0B7HT7T19,B0CNXJJW7N,B088HHZZ6Z,B0CV5LS5PD,B0B7KK376L,B08YJPJT4Z,B010DKXWPG","Shorts, Red"
red nike shorts men,红色耐克短裤男,,,视频广告词,0,1,B0BFDTMBGP,"1,829,822",504,16,3.24%,"14,243",241,1,0,529,1,17,25.00%,33.30%,$1.22 ,$1.01 - $1.58,B07RHQVRMX,10.00%,0.00%,B087LZR1BM,7.50%,33.30%,B07NJP293W,7.50%,0.00%,"B07C95LH74,B087LZR1BM,B09PG3R54G,B07RDMTDYZ,B0B6KTFSL1,B000G3PTDE,B08R45XW9W,B092DX1CKG,B0CTFY37L2,B0CTFYNJ5H","Shorts, Red, NIKE"
rebok shorts,,,,自然搜索词,0,2,B09P3T8X61/B09XQVCZ8B,,,,,,,,,0,,0,,,,-,,,,,,,,,,,Shorts
real shorts,,,,自然搜索词,0,2,B09T3QHVVM/B0C1365SJV,,,,,,,,,0,,0,,,,-,,,,,,,,,,,Shorts
real essentials 5 pack mens dry-fit shorts,,,,自然搜索词,0,1,B08JGBB9N1,,,,,,,,,"1,590",,2,,,,-,,,,,,,,,,,"Real Essentials, Pack, Shorts"
rdx shorts,rdx 短裤,,,SP广告词,0,1,B0BFDRQLNC,"1,128,198","1,187",35,2.96%,"32,391",549,1,0,70,17,20,55.50%,13.20%,$0.73 ,$0.43 - $0.91,B083QH2GBB,26.40%,5.30%,B07PY4C6PH,23.60%,7.90%,B0CNW5P89H,5.50%,0.00%,"B07PY4C6PH,B0CZ98F227,B004WWTXBE,B0768KK4C9,B081GZN1BX,B0BQ1STY4G,B07VTSYS6J,B01LBLGKQY,B0BWQD4FF9,B084G7TYVD",Shorts
rbx performance shorts men,,,,自然搜索词,0,2,B09WMYXNJ9/B09XQVCZ8B,,,,,,,,,102,,9,,,,-,,,,,,,,,,,"Performance, Shorts"
rational shorts,,,,SP广告词,0,6,B09P3T8X61/B09WMYXNJ9/B0BFDRQLNC/B0BFDTMBGP/B0C4GV51WK/B0CHMN8TDS,,,,,,,,,0,,101,,,,-,,,,,,,,,,,Shorts
raiders shorts,袭击者短裤,,,SP广告词,0,2,B09P3T8X61/B0BLKN87V4,"1,428,388",568,22,3.92%,"12,386",252,1,0,397,1.4,1,25.60%,0.00%,$0.43 ,$0.36 - $0.49,B09BW63H5K,11.60%,0.00%,B09RKQZF5J,9.30%,0.00%,B08559LC43,4.70%,0.00%,"B0BG38YVK4,B08XZPHVG4,B09BW5SWGJ,B09MV2BBH6,B06XNL8RHV,B09RKQZF5J,B0D4VKDLGS,B08Y5L3MD8,B09RSJ7W36,B08XZN7KFS",Shorts
quick-drying underwear,,,,SP广告词,0,1,B0C4GQTCJK,,,,,,,,,0,,0,,,,-,,,,,,,,,,,Underwear
quick drying men shorts,,,,自然搜索词,0,1,B08JGBB9N1,,,,,,,,,0,,25,,,,-,,,,,,,,,,,Shorts
quick dry shorts for men,男士速干短裤,,,SP广告词,0,1,B0BFDTMBGP,"1,071,707","1,873",66,3.55%,"47,996",921,2,0,"33,796",0.1,0,12.90%,6.10%,$1.45 ,$0.94 - $1.73,B0C9MDHMXM,4.60%,6.10%,B00DNNMLLW,4.60%,0.00%,B0BNMF7HFB,3.80%,0.00%,"B075MRS4PT,B0C26DGFQK,B0BQ1WFHVV,B0C9MDHMXM,B0CPPPD5S1,B00DNNMLLW,B09XM3GM32,B0BNMF7HFB,B0CRKD7JZY,B0CLCSR7R7",Shorts
quick dry athletic shorts men,,,,自然搜索词,0,2,B08JGBB9N1/B0BFDRQLNC,,,,,,,,,"12,090",,26,,,,-,,,,,,,,,,,"Athletic, Shorts"
purple nike shorts,紫色耐克短裤,,,视频广告词,0,1,B0BFDTMBGP,"2,122,605",140,4,2.96%,"4,118",54,1,0,377,0.4,0,33.30%,0.00%,$1.21 ,$0.91 - $1.50,B0BWBKXPDS,14.80%,0.00%,B071WL715D,11.10%,0.00%,B08WRB33YC,7.40%,0.00%,"B0C2S43HYZ,B071WL715D,B09W7WY476,B0085YU65W,B0CWLW3N5P,B09CLKXF1L,B078JQXCFH,B0C6FV4CFD,B0BSK73QBV,B09PYPX2MJ","Shorts, NIKE, Purple"
purple golf shorts men,,,,SP广告词,0,1,B09WMYXNJ9,"1,881,551",569,15,2.77%,"16,334",219,1,0,653,0.9,4,41.90%,0.00%,$1.73 ,$1.29 - $2.16,B07CG695WW,18.60%,0.00%,B0C1YSJLZV,14.00%,0.00%,B0CYPGGDPH,9.30%,0.00%,"B07C79TGDS,B0C1YSJLZV,B09RZYC2ML,B0CG9HRLN1,B0BZHMW4G9,B0CCDSKK3D,B0CR2Y35H2,B07HKPMNKH,B0C12Z9P8G,B099J7LD7D","Golf, Shorts, Purple"
puma soccer shorts,彪马足球短裤,,,视频广告词,0,1,B0BFDTMBGP,"1,285,919","1,085",35,3.24%,"30,717",526,1,0,811,1.3,5,33.80%,12.50%,$0.30 ,$0.18 - $0.43,B09RTHD256,17.70%,0.00%,B091DG33LT,8.80%,0.00%,B091BHS62W,7.40%,12.50%,"B09RTHD256,B091DG33LT,B091BK8VN3,B091DG52XL,B086RS1B65,B084ZX2HVM,B091BHM79F,B0BBL3ZHP2,B091BGD6WM,B0BVMYG9GV","Shorts, Soccer, Puma"
puma running shorts men,,,,自然搜索词,0,1,B09XQVCZ8B,,,,,,,,,580,,4,,,,-,,,,,,,,,,,"Shorts, Running, Puma"
puma gym shorts men,,,,自然搜索词,0,1,B01AK7Y102,"2,122,408",767,26,3.39%,"19,151",372,1,0,341,2.3,0,33.30%,0.00%,$1.38 ,$1.03 - $1.74,B09PK6L125,20.40%,0.00%,B086TYB3S1,9.30%,0.00%,B00KUL0W1G,3.70%,0.00%,"B086TYB3S1,B09PK6L125,B08WS5ZL19,B01AK7Y102,B0BBLCYYYG,B07F9L2GQ8,B0BBL3ZHP2,B091DD2QFM,B084GFG4JP,B0CJL6XYY9","Shorts, gym, Puma"
pullover de hombre en oferta,男士套头衫报价,,,SP广告词,0,1,B0BFDTMBGP,"1,732,212",549,16,2.93%,"16,267",218,1,0,"3,083",0.2,0,16.70%,0.00%,$0.28 ,$0.20 - $0.34,B0BZDLXKTS,7.10%,0.00%,B077ZJXCTS,4.80%,0.00%,B0787P86ZZ,4.80%,0.00%,"B077ZJXCTS,B0846KGGTZ,B07VTSD48H,B071DVQLT2,B07896CH2N,B07XVY1LJG,B08V1XZP21,B07DJ74LZS,B08BBYCN46,B0CJYGT1V6","Hombre, Pullover"
pt shorts,,,,自然搜索词,0,1,B08JGBB9N1,,,,,,,,,621,,1,,,,-,,,,,,,,,,,Shorts
psycho bunny shorts for men,男士心理兔子短裤,,,自然搜索词,0,1,B00AKSCXEI,"1,828,822",620,16,2.63%,"17,870",257,1,0,166,3.7,4,23.90%,50.00%,$1.03 ,$0.91 - $1.25,B0BW7GZQWF,17.40%,0.00%,B0CQVJ5PFR,4.40%,0.00%,B0BW7H8YK2,2.20%,50.00%,"B075NWCNPP,B0BW7GZQWF,B074VG8JKR,B07SQB6TKQ,B08G8TPS7Z,B098SP9KLJ,B07FMWNXR9,B0CQTSWNXP,B0785MFQ1F,B0C2FLLVZQ","Shorts, Psycho Bunny"
prime next day delivery items,,,,SP广告词,0,1,B0C4GV51WK,,,,,,,,,"1,824",,17,,,,-,,,,,,,,,,,Prime
prime day mens shorts,,,,自然搜索词,0,2,B0151E6WPQ/B0C4GV51WK,,,,,,,,,"8,105",,24,,,,-,,,,,,,,,,,"Shorts, Prime"
prime day fashion deals,,,,HR推荐词,0,1,B0B4RQCZR1,,,,,,,,,"213,386",,10,,,,-,,,,,,,,,,,"Fashion, Prime"
prime day deals today 2024 mens,,,,自然搜索词/SP广告词,0,1,B08JGBB9N1,"1,731,905","12,731",417,3.28%,"279,016","5,860",10,0,"15,469",0.8,35,6.80%,6.40%,,-,B0CW1Q7X4L,2.70%,5.20%,B07S1BNNYD,2.30%,1.20%,B0D4YP7MFH,1.90%,0.00%,"B0CW1Q7X4L,B0D3HQ2VTL,B0D5H7G5Y6,B0D37Y1HXL,B07SM5SJNH,B07S1BNNYD,B016OTCPIA,B0BX8JFW2J,B07PH2VWX1,B09ZL3V62Q",Prime
prime day best sellers,,,,SP广告词,0,1,B0C4GV51WK,,,,,,,,,"5,267",,14,,,,-,,,,,,,,,,,Prime
possum shorts,,,,SP广告词,0,2,B01AK7Y102/B09P3T8X61,,,,,,,,,0,,0,,,,-,,,,,,,,,,,Shorts
polyester spandex shorts men,,,,自然搜索词,0,1,B09P3T8X61,,,,,,,,,"19,602",,1,,,,-,,,,,,,,,,,"Polyester, Shorts, Spandex"
polyester shorts for men,男士聚酯短裤,,,自然搜索词,0,3,B01AK7Y102/B08JGBB9N1/B09P3T8X61,"1,880,380",569,15,2.75%,"14,939",250,1,0,"28,793",0,4,20.90%,0.00%,$1.28 ,$0.97 - $1.61,B0723CZCQT,9.30%,0.00%,B01AK7Y102,7.00%,0.00%,B000JC0YJQ,4.70%,0.00%,"B08JGBB9N1,B072JBQRLG,B0BWNLCRM9,B06Y5VBPDQ,B0BQ1V8S24,B08JSBZ884,B0CHHW2HNB,B01AK7Y102,B096YJ6FTX,B0CRKQSZRG","Polyester, Shorts"
polyester mens shorts,,,,自然搜索词,0,1,B01AK7Y102,,,,,,,,,"28,639",,0,,,,-,,,,,,,,,,,"Polyester, Shorts"
pocketless shorts,无口袋短裤,,,SP广告词,0,1,B09P3T8X61,"1,935,432",621,18,2.93%,"17,060",251,1,0,260,2.4,4,28.30%,0.00%,$1.25 ,$0.94 - $1.58,B09B3VNZRT,10.90%,0.00%,B09B3VSFPM,8.70%,0.00%,B09B3W8BCN,8.70%,0.00%,"B00HJTK1UO,B07L5WTPBD,B089PJ47T6,B09B3VSFPM,B001DB2WJC,B087M3MJ1L,B003WXQL50,B010DKQ7WG,B00E1YTVHY,B00BPXPR2C",Shorts
pocket shorts,口袋短裤,,,自然搜索词,0,1,B08JGBB9N1,"1,778,377",840,23,2.76%,"18,558",359,1,3,"91,020",0,4,22.80%,0.00%,$1.69 ,$1.26 - $2.10,B0BJQ3J716,8.80%,0.00%,B0C1YKDR65,8.80%,0.00%,B0C1YJXH2K,5.30%,0.00%,"B0C1YJXH2K,B0BJQ3J716,B09R1YD7C5,B09Z7QHWS9,B0BTH4ZHHV,B093PXJ3VJ,B082XJFV39,B08V95S2H2,B0CQZG7B6Q,B0BS96M446","Shorts, Pocket"
pocket short,,Y,,AC推荐词,0,1,B0151E6WPQ,,,,,,,,,0,,0,,,,-,,,,,,,,,,,"Pocket, Short"
plus size man clothings,,,,SP广告词,0,1,B09P3T8X61,,,,,,,,,0,,0,,,,-,,,,,,,,,,,"Plus Size, Man"
pleated shorts for men,男士百褶短裤,,,品牌广告词,0,1,B0BLKN87V4,"1,527,912","1,406",40,2.86%,"38,753",641,1,2,354,4,25,23.20%,0.00%,$1.23 ,$0.92 - $1.39,B000OF2MA2,8.50%,0.00%,B0BPXRM7P1,7.90%,0.00%,B0D183D7LX,6.80%,0.00%,"B000OF2MA2,B07484HWNB,B06Y5MRJ2W,B07QK4DSFW,B0BTK4G69B,B0CBPVMFQ1,B0CZLN5FB7,B0BPXQXXB6,B0D69P5Q13,B00EVM03MS","Pleated Shorts, Shorts"
playeras carhartt para hombre,卡哈特男装,,,SP广告词,0,1,B09WMZR2XM,"1,492,723",743,26,3.55%,"17,726",369,1,0,139,5.4,21,18.90%,0.00%,$0.23 ,$0.20 - $0.28,B0CN822PDN,9.40%,0.00%,B002GHC34Q,5.70%,0.00%,B0000ANHT7,3.80%,0.00%,"B0000ANHT7,B0CN89TCZZ,B003PR42NG,B0006FSSKI,B0CN7X8TRC,B096VSK7D5,B009WQOMHU,B0CN839CNY,B0CN82F4XW,B0CN8CNPYF","Hombre, Carhartt"
plain short,,,,自然搜索词,0,1,B09T3QHVVM,,,,,,,,,0,,20,,,,-,,,,,,,,,,,"Plain, Short"
plain jerseys for men,男士纯色球衣,,,自然搜索词,0,1,B0151E6WPQ,"2,190,447",140,3,2.52%,"3,185",54,1,0,"1,819",0.1,4,23.50%,0.00%,$0.61 ,$0.46 - $0.75,B09YHHCYBD,8.80%,0.00%,B0BLGWYV5V,8.80%,0.00%,B08LDH8X4K,5.90%,0.00%,"B08S71NLNG,B09YHHCYBD,B081HZTWFX,B09C56VWGL,B08LDF21SM,B079YGW9KL,B0BLGWYV5V,B09SVXJFWJ,B076H83ZC5,B0CJ723RG4","Plain, Jersey"
pioneer camp mens shorts,,,,SP广告词,0,1,B09T3QHVVM,,,,,,,,,0,,0,,,,-,,,,,,,,,,,"Pioneer Camp, Shorts"
pinkbomb mens shorts,,,,自然搜索词,0,1,B0C1365SJV,,,,,,,,,85,,4,,,,-,,,,,,,,,,,Shorts
pinkbomb mens 2 in 1 running shorts,,,,SP广告词,0,1,B09P3T8X61,,,,,,,,,26,,0,,,,-,,,,,,,,,,,"Shorts, Running"
pink men shorts,粉色男士短裤,,,自然搜索词,0,1,B0C1365SJV,"2,190,169",140,3,2.76%,"2,804",55,1,0,"10,662",0,0,20.70%,25.00%,$1.20 ,$0.89 - $1.50,B0CPYBTWBQ,10.30%,0.00%,B08P68Q7BR,6.90%,12.50%,B0C9HMYNMH,3.50%,12.50%,"B0D1VLZKW4,B089PK61LW,B09C8R78HW,B0CCRYM7LX,B08CMPQKG8,B0C1TXQYMY,B0C9GWP3S3,B0C26LGFRP,B0CQZ4JG1K,B096858XP9","Shorts, Pink"
pink basketball shorts,粉色篮球短裤,,,自然搜索词,0,1,B0C1365SJV,"1,070,985","1,406",44,3.13%,"35,367",605,1,0,"1,936",0.7,3,13.60%,0.00%,$0.83 ,$0.51 - $0.94,B089PJDKWN,5.10%,0.00%,B0BGW11FVV,4.40%,0.00%,B0CM5CXRTK,4.10%,0.00%,"B089PJDKWN,B086RSDL8D,B089PLTR89,B0BGW11FVV,B0CSYMS88C,B010DKYLLA,B0D1JSW785,B0B49WB82L,B0BRV39DQ1,B0CW65D9LZ","Basketball, Shorts, Pink"
philadelphia phillies beach shorts,,,,SP广告词,0,1,B0C4GQTCJK,,,,,,,,,0,,0,,,,-,,,,,,,,,,,"Shorts, Beach"
pfg shorts for men,pfg 男士短裤,,,SP广告词,0,1,B0BFDTMBGP,"266,531","6,981","1,241",17.79%,"145,714","2,787",29,0,404,17.3,11,31.20%,5.10%,$1.10 ,$0.99 - $1.26,B00DNNMFY0,15.90%,3.20%,B0CH63K2CS,10.80%,0.00%,B00DNNZ3BW,4.40%,1.90%,"B00DNNZ3BW,B0C63TM6N6,B0B2KTB771,B00ZV47CXS,B07RCTS3CW,B07GSZQVX2,B0C63HX7LS,B01GSMNJN8,B00ZV47N7S,B0000DCS7T",Shorts
performance athletic short,,,,SP广告词,0,1,B09WMYXNJ9,,,,,,,,,0,,23,,,,-,,,,,,,,,,,"Athletic, Performance, Short"
patriotic shorts for men,男士爱国短裤,,,SP广告词,0,2,B0B4RQCZR1/B0CHMM393V,"2,263,304","1,830",57,3.13%,"49,460",864,2,0,"1,502",1.2,5,6.60%,1.90%,$0.85 ,$0.63 - $1.05,B0C9WXMR2H,2.80%,0.00%,B0CWZYM3QW,1.90%,1.90%,B0D6R9FFBG,1.90%,0.00%,"B082BH9758,B00S9X9BFK,B084BSRVG7,B085C1RXD4,B0CQVPY8VY,B0D6R9W4Z7,B01NCRT5MU,B0CRDQPWXJ,B0BNR2Q5D9,B0BZWBJBB6","Shorts, Patriotic"
patriotic men,,,,SP广告词,0,1,B0BFDSVMPF,,,,,,,,,0,,0,,,,-,,,,,,,,,,,Patriotic
para hombre,准男性,,,视频广告词,0,2,B0BFDTMBGP/B0BFDVPFKX,"1,602,384",953,27,2.93%,"23,903",382,1,9,"6,267",0.2,22,16.10%,0.00%,$0.72 ,$0.54 - $0.89,B00MSZK0G4,8.10%,0.00%,B0B9DC2M89,4.80%,0.00%,B00BIZSXMS,3.20%,0.00%,"B00MSZK0G4,B09PF6Q6YV,B0159XXTN2,B0787P86ZZ,B072QRN7HR,B0BZWS5BM5,B01KE592JU,B0CLX1HQ17,B09X2CG92L,B0B9DC2M89",Hombre
pantalonetas nike hombre,耐克男式短裤,,,自然搜索词,0,2,B09XQVCZ8B/B0CHMN8TDS,"1,036,173","1,180",40,3.46%,"35,024",571,1,0,251,4.7,9,14.40%,0.00%,$0.43 ,$0.33 - $0.55,B07BPLHK9T,4.90%,0.00%,B0CPTG74GX,4.90%,0.00%,B07DZDCK95,4.60%,0.00%,"B087M3RDVK,B0B6KQR5JP,B07BPLHK9T,B0BGV7PZZJ,B07NJNW4QL,B01JIPH51Y,B01AK7Z2AU,B0D13595HQ,B07CZC664D,B0BYTCLTYK","NIKE, Hombre"
pantalonetas nike,耐克长裤,,,自然搜索词,0,1,B09XQVCZ8B,"1,991,642",140,3,2.74%,"3,249",55,1,0,241,0.6,5,30.30%,0.00%,$0.57 ,$0.43 - $0.73,B0B76QG9SK,12.10%,0.00%,B01JIPGJMU,9.10%,0.00%,B0CPTJZW5H,9.10%,0.00%,"B087LTC1XS,B0B6KQR5JP,B0B76QG9SK,B01JIPGJMU,B07NJPDSSX,B08CHN278L,B09PG3392C,B08SRBWX9K,B08NYKGWR2,B0BNQDC4KR",NIKE
pantalonetas hombre deportivas,,,,自然搜索词,0,1,B0151E6WPQ,"1,426,321",637,19,3.07%,"13,260",292,1,0,"1,968",0.3,4,19.10%,0.00%,$1.09 ,$0.81 - $1.36,B0723CZCQT,8.50%,0.00%,B0CCT6CTSV,6.40%,0.00%,B08LT9MJM2,4.30%,0.00%,"B01AK7ZK7A,B08LT9MJM2,B0CRHF41F7,B08JGC1D2G,B087M3RDVK,B0CRQFLWT3,B07NDP7ZTX,B0D1QZ7464,B09PYTB8SD,B07BPLHK9T",Hombre
pantalonetas deportivas para hombre cortas,,,,自然搜索词,0,1,B09P3T8X61,,,,,,,,,253,,0,,,,-,,,,,,,,,,,Hombre
pantalonetas,裤子,Y,,自然搜索词/AC推荐词,0,2,B08JGBB9N1/B09P3T8X61,"1,088,516","1,389",11,0.82%,"38,414",556,1,0,838,1.7,24,9.00%,0.00%,$0.81 ,$0.61 - $1.00,B08LT9MJM2,4.40%,0.00%,B07DZDCK95,2.40%,0.00%,B0BQT4KHWT,2.40%,0.00%,"B08LT9MJM2,B08JGBB9N1,B07BPLHK9T,B08S9PYBNY,B078VZ5QBW,B0BLKKW3M4,B0151E6PB2,B01AK7Y12A,B085NF55WL,B0728KK8VK",
pantaloneta under armour para hombre,裤子 under armour para hombre,,,自然搜索词,0,1,B09XQVCZ8B,"1,933,483",794,21,2.72%,"23,596",304,1,0,159,5,5,18.20%,0.00%,,-,B0BZ8CRQ81,7.30%,0.00%,B093MF88RV,5.50%,0.00%,B0942R17Z5,5.50%,0.00%,"B077XQMB7G,B082BF9H3M,B01MA6CY8L,B0C12FKWG8,B0C12XJ159,B093LW24H2,B07815S8J8,B0C13BX8CQ,B0CF71GPZB,B07CZLWXN1","Hombre, Under Armour"
pantaloneta para hombre,男式长裤,Y,,AC推荐词,0,1,B08JGBB9N1,"1,878,304",390,12,3.10%,"11,133",169,1,0,391,1,0,11.10%,0.00%,$0.83 ,$0.62 - $1.04,B0CRHF41F7,5.60%,0.00%,B00AKSCZWI,2.80%,0.00%,B00XKYM95C,2.80%,0.00%,"B08JGBB9N1,B078VZ5QBW,B00XKYM95C,B07NDPRYKM,B0CRHF41F7,B0D2S5ZFLV,B08LTC53FR,B08JTQP6VY,B09PYSSR6D,B00AKSCZWI",Hombre
pantaloneta adidas hombre,,,,SP广告词,0,1,B0C4GV51WK,,,,,,,,,0,,0,,,,-,,,,,,,,,,,"Adidas, Hombre"
pantalones de hombre cortos,,,,自然搜索词,0,1,B0C1365SJV,,,,,,,,,614,,9,,,,-,,,,,,,,,,,Hombre
pantalones cortos hombre,,,,自然搜索词,0,1,B0C1365SJV,,,,,,,,,"7,429",,4,,,,-,,,,,,,,,,,Hombre
pantalones cortos deportivos para hombre,裤子 cortos deportivos para hombre,,,自然搜索词,0,2,B09P3T8X61/B0C1365SJV,"1,036,170","1,896",51,2.73%,"54,887",764,2,0,497,3.8,16,7.60%,0.00%,,-,B0BWNHZCCR,2.90%,0.00%,B00KUL0W1G,2.40%,0.00%,B072JBQRLG,2.40%,0.00%,"B0CRHF41F7,B08LT9MJM2,B085NF55WL,B07H5QPL1R,B08JG3T2SY,B0CRRF28SH,B00KUL0W1G,B07NDP7HYC,B0BWNHZCCR,B09PYTB8SD",Hombre
pantalones cortos de hombre,cortos de hombre 长裤,,,自然搜索词,0,1,B0C1365SJV,"1,991,634",651,17,2.76%,"13,733",272,1,0,"9,815",0.1,20,12.50%,0.00%,$0.20 ,$0.18 - $0.21,B01BGZ244W,4.20%,0.00%,B07F255633,4.20%,0.00%,B08JGC1D2G,4.20%,0.00%,"B07H5QPL1R,B0CRHF41F7,B0775MHLC7,B0C4CGLYK7,B08JGC1D2G,B08LT8LY5N,B0D6GGJYRZ,B01JQTBSU6,B00M0QFGRY,B0BWNLCRM9",Hombre
pajamas shorts for men,男士睡衣短裤,,,自然搜索词,0,1,B09T3QHVVM,"1,019,804","1,555",5,0.35%,"41,198",749,1,0,"2,134",0.7,5,10.80%,1.30%,$1.01 ,$0.76 - $1.26,B07PM93ZL1,5.40%,0.00%,B0C5QKGNXD,3.20%,1.30%,B07HPCQ8CS,2.20%,0.00%,"B07PM93ZL1,B07RJSL1TL,B0CJK2JLJZ,B00RFHM1H6,B07HFGBPH8,B09T3PJWSR,B01BVIRPWA,B08VFC3W7S,B09KP1SG8Q,B0CN37YYBK","Shorts, Pajamas"
pajamas for men shorts,男士睡衣短裤,,,自然搜索词,0,1,B09T3QHVVM,"2,188,410",458,14,3.10%,"9,360",219,1,0,"5,686",0.1,0,15.80%,0.00%,$1.83 ,$1.17 - $2.09,B07PN75241,5.30%,0.00%,B09689BLCC,5.30%,0.00%,B09T3RL8CN,5.30%,0.00%,"B07PN75241,B00M0QH7BC,B07HFGBPH8,B09KP1SG8Q,B09V6FN1Y7,B00RFHM1H6,B08VF995KY,B0CJK4RSTC,B0C5QLQ1GD,B09T3PJWSR","Shorts, Pajamas"
packs of shorts for men,男士短裤包,Y,,自然搜索词/AC推荐词,0,1,B08JGBB9N1,"2,118,459",331,11,3.59%,"7,895",164,1,0,"2,750",0.1,16,17.10%,10.00%,$0.97 ,$0.70 - $1.14,B0BNW4VZPK,5.70%,10.00%,B07NDP7ZTX,5.70%,0.00%,B08LTC53FR,5.70%,0.00%,"B0CRHF41F7,B0BNW29CRN,B08LT8LY5N,B08JGBB9N1,B0BNW2KC41,B0D2MRK7G4,B08LTC53FR,B0BNW4Q4BR,B07H5QPL1R,B07NDP7ZTX",Shorts
pack shorts men,,,,自然搜索词,0,1,B0C1365SJV,,,,,,,,,0,,0,,,,-,,,,,,,,,,,"Pack, Shorts"
pack shorts for men,男装短裤,,,自然搜索词,0,1,B08JGBB9N1,"2,341,685",140,4,3.07%,"3,552",63,1,0,"18,337",0,9,27.30%,0.00%,$0.97 ,$0.73 - $1.14,B0BNW2Q62D,12.10%,0.00%,B0BQT4KHWT,9.10%,0.00%,B0728KK8VK,6.10%,0.00%,"B0CRHF41F7,B0BNW29CRN,B0D2S2Y2RQ,B08JGBB9N1,B08LT8LY5N,B0CJ11X2MY,B0D2MRK7G4,B08LTC53FR,B0BNW2KC41,B07H5QPL1R","Pack, Shorts"
pack of shorts men,短裤的男人包,,,自然搜索词,0,1,B08JGBB9N1,"2,341,681",458,12,2.63%,"9,208",199,1,0,"18,252",0,17,28.90%,0.00%,$0.97 ,$0.70 - $1.14,B0BNW2Q62D,15.80%,0.00%,B07NDP7ZTX,7.90%,0.00%,B08JTQP6VY,5.30%,0.00%,"B0CRHF41F7,B08JGBB9N1,B0BNW29CRN,B08LT8LY5N,B0BNW4Q4BR,B0CRRF28SH,B0D2S5ZFLV,B07H5QPL1R,B0BNW2KC41,B08LTC53FR","Pack, Shorts"
pack of gym shorts for men,,,,自然搜索词,0,2,B0151E6WPQ/B01AK7Y102,,,,,,,,,0,,0,,,,-,,,,,,,,,,,"Pack, gym, Shorts"
pack of basketball shorts for men,,,,自然搜索词,0,1,B0C1365SJV,,,,,,,,,"13,471",,0,,,,-,,,,,,,,,,,"Basketball, Pack, Shorts"
pace breaker shorts men,步伐破坏者短裤男士,,,自然搜索词,0,1,B0CHMNB423,"2,341,646",140,4,2.99%,"3,189",64,1,0,390,0.4,0,36.70%,33.30%,$1.25 ,$0.94 - $1.58,B07R1J9J3J,20.00%,33.30%,B07JYG9BB9,10.00%,0.00%,B07F1RKP5C,6.70%,0.00%,"B0BLRWCWCB,B09CGXNN69,B07JYG9BB9,B09JZ1KMB2,B08XPQ41Q7,B08D7R2FCS,B09JSF38W3,B09XQWRBHB,B08NXFN3ZV,B0C1JKXQJW",Shorts
outlet deals,,,,SP广告词,0,1,B0C4GV51WK,,,,,,,,,"4,138",,54,,,,-,,,,,,,,,,,
outdoor sports shorts,,,,SP广告词,0,1,B0CHMN8TDS,,,,,,,,,0,,20,,,,-,,,,,,,,,,,"Shorts, Outdoor, Sports"
outdoor sports clothes,,,,视频广告词,0,1,B0BFDTMBGP,,,,,,,,,0,,0,,,,-,,,,,,,,,,,"Outdoor, Sports"
oudota workout shorts,,,,视频广告词,0,1,B0BFDTMBGP,,,,,,,,,0,,0,,,,-,,,,,,,,,,,"Workout, Shorts"
ouber mens athletic gym shorts,,,,自然搜索词,0,1,B00AKSCXEI,"2,341,112",430,11,2.76%,"10,872",174,1,0,250,1.7,0,32.40%,11.10%,$1.48 ,$1.25 - $1.75,B09Q5D8VQ2,13.50%,0.00%,B096K5P5Y2,10.80%,0.00%,B076545KSR,8.10%,11.10%,"B096K7KJZ8,B0C98RSF3C,B076545KSR,B0CGHQN5MW,B09CM5H4W2,B0B56TC9SG,B08JLSVFB2,B097B7PR8X,B07SCHTXJV,B0D2VSBTDZ","Athletic, Shorts, gym"
ot shirts shirt,,,,SP广告词,0,1,B0C4GV51WK,,,,,,,,,0,,0,,,,-,,,,,,,,,,,Shirt
organic cotton shorts men,有机棉男士短裤,,,自然搜索词,0,2,B0151E6WPQ/B09T3QHVVM,"1,310,399",888,26,2.94%,"25,180",404,1,0,556,1.6,15,18.60%,0.00%,$0.92 ,$0.68 - $1.14,B07MZLT3JN,6.80%,0.00%,B0BJDDMQ4F,6.80%,0.00%,B092ZXV1X2,5.10%,0.00%,"B092ZVW9HQ,B07F19VP5V,B0151E6WPQ,B07Y8JWV8Q,B07GQSRVX9,B08ZY91KSJ,B09RQ9YVY7,B00M0QFGRY,B0BWJXPK34,B09WDTS9VC","Cotton, Shorts, Organic"
organic cotton shorts,有机棉短裤,,,SP广告词,0,1,B0BFDSVMPF,"1,126,430","1,281",37,2.92%,"34,458",531,1,2,"1,549",0.8,4,16.40%,5.60%,$0.92 ,$0.68 - $1.14,B092366XTL,6.10%,0.00%,B09234WJCG,5.70%,2.80%,B06XXJPF6S,4.60%,2.80%,"B092365266,B0BVMW3PCQ,B0151E6XTG,B08ZY91KSJ,B07F19VP5V,B07Y8JWV8Q,B0BXBMPNR7,B0CP32XMDB,B0BLHZ4TT2,B07T8K823R","Cotton, Shorts, Organic"
omewear,,,,SP广告词,0,1,B0CHMQ6Z7W,,,,,,,,,0,,0,,,,-,,,,,,,,,,,
ocean pacific shorts for men,男式海洋太平洋短裤,,,品牌广告词,0,1,B0BLKN87V4,"1,425,543",888,32,3.66%,"24,684",440,1,0,200,4.4,9,16.90%,0.00%,$1.02 ,$0.76 - $1.28,B0CM5RH5MN,6.80%,0.00%,B08Q7N1Q8B,5.10%,0.00%,B09N9VDGRB,5.10%,0.00%,"B09N9VDGRB,B07B8GM33V,B082TJ23FX,B017URQJPA,B0CM5RH5MN,B08Q7N1Q8B,B004DNVP54,B00XKYM95C,B00CYY53XE,B00UWVG3HG","Shorts, ocean pacific"
nylon mens shorts,尼龙男士短裤,Y,,自然搜索词/AC推荐词,0,1,B08JGBB9N1,"2,116,931",717,20,2.85%,"17,991",333,1,0,"7,984",0.1,1,15.40%,0.00%,$1.32 ,$0.99 - $1.64,B072JBQRLG,7.70%,0.00%,B075MXZ12G,3.90%,0.00%,B0BZPJW6G4,3.90%,0.00%,"B0C26GLSZN,B08JGBB9N1,B00719ZSHS,B075MYDWW1,B083VR377G,B0CJ1D8N79,B08D2QCQT7,B08JTQP6VY,B01ES41E3K,B0C5WWD3GZ","Nylon, Shorts"
nylon gym shorts men,,,,自然搜索词,0,1,B09P3T8X61,,,,,,,,,0,,0,,,,-,,,,,,,,,,,"Nylon, gym, Shorts"
northyard shorts,北院短裤,,,视频广告词,0,1,B0BFDTMBGP,"1,106,741","1,626",45,2.82%,"33,441",673,2,0,186,8.7,5,34.60%,5.40%,$7.96 ,$5.98 - $9.96,B09P3RHNSY,22.40%,5.40%,B0BQ1YTS18,8.70%,0.00%,B0BFDTRNNR,3.50%,0.00%,"B09P3RHNSY,B0BVM9QVCV,B0BVGS44JR,B0BQ21S181,B0CW9L3821,B0CX1CC1RD,B0CYLWRSMJ,B0CYLPF52J,B0CWP3YCC7,B0CWV9BLB3",Shorts
northyard mens,,,,SP广告词,0,1,B0CHMN8TDS,,,,,,,,,420,,5,,,,-,,,,,,,,,,,
northyard men's athletic running shorts quick dry workout shorts,,,,视频广告词,0,1,B0BFDTMBGP,,,,,,,,,0,,0,,,,-,,,,,,,,,,,"Athletic, Shorts, Running, Workout"
northyard athletic shorts for mens,,,,SP广告词,0,1,B09P3T8X61,,,,,,,,,0,,0,,,,-,,,,,,,,,,,"Athletic, Shorts"
northgard mens shorts,,Y,,AC推荐词,0,1,B09P3T8X61,,,,,,,,,60,,4,,,,-,,,,,,,,,,,Shorts
north face tank top men,,,,SP广告词,0,1,B0C4GV51WK,,,,,,,,,113,,5,,,,-,,,,,,,,,,,"Top, Tank Top"
nordstrom mens shorts,,Y,,AC推荐词,0,1,B0BFF67H1W,,,,,,,,,0,,0,,,,-,,,,,,,,,,,Shorts
nikes shorts for men,耐克男士短裤,,,自然搜索词,0,1,B09XQVCZ8B,"2,339,170","1,608",49,3.10%,"42,560",700,2,0,"1,000",1.6,9,16.00%,0.00%,$1.24 ,$0.93 - $1.54,B07DZDCK95,6.90%,0.00%,B0CPTG74GX,5.10%,0.00%,B087LTC1XS,3.90%,0.00%,"B07BPLHK9T,B087M3MJ1L,B07NJPDSSX,B0B6KQR5JP,B01JIPH51Y,B01AK7XJS2,B08NYKGWR2,B0BGV7PZZJ,B07CZC664D,B072118P4W",Shorts
nike workout shorts,耐克运动短裤,,,自然搜索词,0,1,B09P3T8X61,"1,490,475","1,286",40,3.18%,"31,484",606,1,0,"2,967",0.4,5,19.70%,9.10%,$1.39 ,$1.25 - $1.66,B087M3MJ1L,10.50%,9.10%,B07FKCHLJH,5.30%,0.00%,B07XJDX2GF,4.00%,0.00%,"B087M3MJ1L,B07BPL162D,B071WL718C,B07FKCHLJH,B0B69FBQ18,B09CPFXGD2,B001MB1MPS,B08NYHYT7G,B082XSM4BC,B0BNQD5J2X","Workout, NIKE, Shorts"
nike women's dry classic ii short,耐克女子干式经典二代短裤,,,视频广告词,0,1,B0BFDTMBGP,"1,188,707","1,314",43,3.31%,"34,120",501,1,4,194,6.8,5,54.30%,11.10%,,-,B0C9KSJBR6,20.90%,0.00%,B0C9FQ8ZF1,17.70%,0.00%,B0C9KLW1DJ,15.60%,11.10%,"B0C9KSJBR6,B0C9KLW1DJ,B0C9L4BB9K,B084P85T4C,B005HNF3VQ,B091MGLLF6,B0C9KZPQ1H,B0C9L76QYG,B0C9KH2C33,B0C9KTBGPL","Classic, NIKE, Short"
nike training shorts men,耐克训练短裤男,,,自然搜索词,0,1,B09P3T8X61,"1,456,932","1,175",34,2.96%,"29,164",553,1,0,912,1.3,5,19.10%,6.70%,$1.32 ,$0.99 - $1.64,B087M3MJ1L,11.30%,6.70%,B0CPTG74GX,4.30%,0.00%,B087LTC1XS,3.50%,0.00%,"B087M3MJ1L,B072118MKS,B07BPMTVPX,B0BDGKDC2F,B09TYZZDGR,B098NFCL3J,B0BNNYCHPM,B0B619RFMM,B09PG3392C,B0B6CWXPQD","Shorts, NIKE, Training"
nike tennis shorts,耐克网球短裤,,,自然搜索词,0,2,B09P3T8X61/B09XQVCZ8B,"1,188,700","1,517",48,3.18%,"32,255",658,2,0,491,3.1,5,15.80%,0.00%,$1.34 ,$1.00 - $1.67,B087LTC1XS,6.00%,0.00%,B087M3RDVK,5.40%,0.00%,B0C1HD2ZNY,4.40%,0.00%,"B087M3RDVK,B072118MKS,B07H4LSYM6,B0B6JTKRZV,B0C1HD2ZNY,B08794ZR2T,B09XLM82D3,B0C1JKXQJW,B0C13GRWR8,B0C66789T5","Shorts, NIKE, Tennis"
nike swoosh,耐克旋风,,,视频广告词,0,1,B0BFDTMBGP,"2,423,377",140,3,2.62%,"4,068",54,1,17,"2,892",0.1,1,20.60%,0.00%,$1.05 ,$0.61 - $1.32,B0BNQ2NN8V,8.80%,0.00%,B008C27ROU,5.90%,0.00%,B01AK22GJU,5.90%,0.00%,"B01AK22GJU,B008C27ZD8,B019NZBSYO,B0BNQ2NN8V,B0CQMSWFYX,B08G88TS8P,B008C27ROU,B008C24OUA,B0C2LBWFLZ,B0CBCKJCXZ",NIKE
nike stride,nike stride,,,视频广告词,0,1,B0BFDTMBGP,"1,309,813","1,284",38,2.96%,"36,516",606,1,13,178,7.2,4,45.40%,12.50%,$1.34 ,$1.00 - $1.67,B0B1WTHG4X,19.60%,12.50%,B09N3ZR48X,16.20%,0.00%,B09Z6VP941,9.60%,0.00%,"B0B1WTHG4X,B09Z6VP941,B0B18NMXCV,B09N3ZR48X,B0C8C8W5NJ,B07YKQC8X3,B0BR4LBS8F,B0BG8MQ223,B0CJZDYGG6,B0C13GRWR8",NIKE
nike sport shorts men,,,,自然搜索词,0,2,B08JGBB9N1/B09XQVCZ8B,,,,,,,,,"1,758",,5,,,,-,,,,,,,,,,,"Shorts, NIKE"
nike shorts with zipper pockets men,耐克短裤拉链口袋男士,,,SP广告词,0,1,B0BFDTMBGP,"2,185,952",550,16,3.06%,"13,349",225,1,0,558,1,21,45.20%,0.00%,,-,B07BPMTVPX,19.10%,0.00%,B07BPL162D,16.70%,0.00%,B07BPLFM4D,9.50%,0.00%,"B07BPMTVPX,B072118MKS,B0B4CNWW82,B09P3WHTC8,B08LTB9SZW,B087M3MJ1L,B0CDG81MRY,B09XQWCCGR,B08YYBP95M,B09VT6R6C7","Zipper, Shorts, NIKE, Zipper Pocket"
nike shorts men with pockets,带口袋的耐克短裤男士,,,自然搜索词,0,1,B09XQVCZ8B,"1,562,413","1,169",34,2.93%,"25,371",519,1,0,"1,298",0.9,5,16.70%,0.00%,$1.20 ,$0.89 - $1.37,B087LTC1XS,5.60%,0.00%,B087M3MJ1L,5.60%,0.00%,B09CPFXGD2,5.60%,0.00%,"B07BPMTVPX,B087M3MJ1L,B072118P4W,B006DJH9BK,B01AK7XJS2,B09CPFXGD2,B0BNQFWYY9,B0B6KXL23R,B07NJPD9GV,B0BFDVJ414","Shorts, NIKE"
nike shorts men running,,,,自然搜索词,0,1,B09P3T8X61,,,,,,,,,"1,984",,9,,,,-,,,,,,,,,,,"Shorts, NIKE, Running"
nike shorts men dri fit,耐克短裤男士 dri fit,,,自然搜索词,0,1,B09P3T8X61,"1,146,476","1,620",47,2.96%,"46,647",661,2,0,997,1.6,23,14.80%,0.00%,$1.37 ,$1.02 - $1.73,B0BN4NNGGZ,5.50%,0.00%,B0CPTG74GX,5.20%,0.00%,B07BPLHK9T,4.20%,0.00%,"B07BPLHK9T,B087LTC1XS,B0B6KQR5JP,B072118MKS,B0BN4NNGGZ,B098NFCL3J,B0BNNYCHPM,B07DX1SLQZ,B0B6CWXPQD,B0B1WWG9BF","Shorts, NIKE"
nike shorts men 9 inch,耐克男式 9 英寸短裤,,,自然搜索词,0,1,B09XQVCZ8B,"1,052,480","1,469",38,2.61%,"34,630",624,1,0,517,2.8,5,16.10%,14.30%,$1.39 ,$1.04 - $1.75,B07BPL162D,8.40%,5.70%,B087M3MJ1L,4.50%,5.70%,B0B321LZ56,3.20%,2.90%,"B07BPL162D,B087M3MJ1L,B072118MKS,B07QYFHSYK,B0B321LZ56,B0BNQFPCG1,B0BFDVJ414,B0B6JTW2F5,B08875T7XG,B09XQVCZ8B","Shorts, NIKE"
nike running shorts men 7 inch dri fit,,Y,,自然搜索词/AC推荐词,0,1,B09XQVCZ8B,,,,,,,,,260,,4,,,,-,,,,,,,,,,,"Shorts, NIKE, Running"
nike nylon shorts men,,,,自然搜索词,0,2,B08JGBB9N1/B09P3T8X61,,,,,,,,,473,,5,,,,-,,,,,,,,,,,"Nylon, NIKE, Shorts"
nike mens shorts with pockets,耐克男式带口袋短裤,,,自然搜索词,0,1,B09XQVCZ8B,"1,425,163","1,400",39,2.83%,"29,793",551,1,0,805,1.7,4,17.40%,5.40%,$1.37 ,$1.02 - $1.73,B087LTC1XS,8.00%,1.80%,B087M3MJ1L,5.40%,0.00%,B07BPMTVPX,4.00%,3.60%,"B07BPMTVPX,B087M3MJ1L,B072118P4W,B09CPFXGD2,B01AK7XJS2,B07NJPD9GV,B07CZC664D,B0BNQFWYY9,B0B6KNPZDG,B09XQVCZ8B","Shorts, NIKE"
nike mens shorts 7 inch,耐克男式短裤 7 英寸,,,自然搜索词,0,1,B09P3T8X61,"1,824,158","1,381",40,2.96%,"31,398",632,1,0,484,2.9,19,24.40%,0.00%,$1.30 ,$0.98 - $1.63,B087M3MJ1L,11.00%,0.00%,B07FKCHLJH,8.50%,0.00%,B087M3RDVK,4.90%,0.00%,"B087M3MJ1L,B089MMJ8DL,B07BPMTVPX,B09YNWPHT2,B07FKCHLJH,B08BX5PF5C,B0C13GRWR8,B0B6KXL23R,B0B619RFMM,B001MB1MPS","Shorts, NIKE"
nike mens gym shorts,,,,自然搜索词,0,1,B09XQVCZ8B,,,,,,,,,"1,652",,26,,,,-,,,,,,,,,,,"Shorts, NIKE, gym"
nike mens athletic shorts,,,,自然搜索词,0,1,B09P3T8X61,,,,,,,,,"3,417",,10,,,,-,,,,,,,,,,,"Athletic, Shorts, NIKE"
nike men running shorts,,,,自然搜索词,0,1,B09XQVCZ8B,,,,,,,,,976,,5,,,,-,,,,,,,,,,,"Shorts, NIKE, Running"
nike khaki shorts men,耐克卡其色短裤男士,,,品牌广告词,0,1,B0BLKN87V4,"1,728,058",485,14,2.95%,"9,939",233,1,0,810,0.6,5,25.60%,16.70%,$1.44 ,$1.08 - $1.79,B07GXVND2H,12.80%,0.00%,B00QSGLAKO,10.30%,0.00%,B0CLF1TPKL,2.60%,16.70%,"B00QSGLAKO,B089N9WHYL,B0CLF1TPKL,B07PPXVN3Y,B0C6FK1HG2,B07HNVJCWR,B07FHBQPMC,B09XQWRBHB,B08PJ18DZ3,B0874WM8MH","Khaki, Shorts, NIKE"
nike form shorts 7 inch,,,,自然搜索词,0,1,B09P3T8X61,"2,260,252",392,11,2.94%,"8,896",165,1,0,97,4,5,44.40%,0.00%,,-,B0BQ6KLLRM,16.70%,0.00%,B0BQ6MK5MJ,13.90%,0.00%,B0BQ6NR6VK,13.90%,0.00%,"B0BQ6NR6VK,B08CBKC4B7,B07FKCHLJH,B0D4QSSD8K,B0B617HLWR,B0C13GRWR8,B0CTCQGTYX,B0CG5WBMGL,B0CN8TBX1Q,B072118MKS","Shorts, NIKE"
nike flow shorts men,耐克流动短裤男士,,,视频广告词,0,1,B0BFDTMBGP,"2,116,170",652,16,2.52%,"19,490",262,1,0,253,2.6,5,56.30%,0.00%,$2.05 ,$1.12 - $2.57,B09PG3392C,25.00%,0.00%,B095NFCV38,22.90%,0.00%,B001MB1MPS,8.30%,0.00%,"B09PG3392C,B001MB1MPS,B0B6255987,B09PG3R64J,B0CJHWGYV9,B0BWLCXRHT,B0C9R5SW9N,B0CLF1TPKL,B0CRMVZP2Z,B0C9R6T29L","Shorts, NIKE"
nike fleece shorts,耐克绒毛短裤,,,SP广告词,0,2,B0BFDSVMPF/B0BFDTMBGP,"1,258,572","1,334",82,6.15%,"30,745",631,2,0,557,2.4,5,22.80%,0.00%,$1.19 ,$0.88 - $1.49,B01JIPH51Y,9.70%,0.00%,B0CPTJZW5H,8.60%,0.00%,B0CPPWLZKL,4.50%,0.00%,"B07NJPR9R3,B01JIPH51Y,B08GQTRTZX,B0CJ5KCT7C,B087M3RDVK,B07BTS1B8W,B07TGJWBC6,B0CPPWLZKL,B08ZJWZMBY,B07DGSV214","Shorts, NIKE, Fleece"
nike elite shorts mens,耐克精英短裤男装,,,品牌广告词,0,1,B0BLKN87V4,"1,824,137",430,10,2.52%,"11,654",172,1,0,162,2.7,17,46.00%,0.00%,$1.25 ,$0.93 - $1.55,B0BJQQFTHF,18.90%,0.00%,B07DX2ZY4G,16.20%,0.00%,B08NYKP4HV,10.80%,0.00%,"B07DX2ZY4G,B087M3RDVK,B0BJQQFTHF,B0BJQVQPXS,B07BPMTVPX,B0C8BPGK31,B0C81512FL,B0C811GGPG,B0C7ZZZRRZ,B0C8BMBK67","Shorts, NIKE"
nike dry fit shorts,耐克干式短裤,,,自然搜索词,0,1,B09XQVCZ8B,"2,185,888",460,13,2.92%,"10,648",196,1,0,"1,343",0.3,5,15.80%,33.30%,$1.12 ,$0.95 - $1.29,B098NFCL3J,5.30%,33.30%,B07BPL162D,5.30%,0.00%,B07BPMTTN3,5.30%,0.00%,"B07BPL162D,B087M3MJ1L,B072118MKS,B0B6KQR5JP,B098NFCL3J,B0BNNYCHPM,B0B619RFMM,B0BN4NNGGZ,B0BNQFPCG1,B01FZ03GNM","Shorts, NIKE"
nike deportivos para hombre,男士耐克运动鞋,,,SP广告词,0,1,B0C4GQTCJK,"2,423,280",607,15,2.52%,"13,681",241,1,0,215,2.8,5,15.50%,0.00%,$0.40 ,$0.30 - $0.50,B078X16RP7,6.70%,0.00%,B07TDRLSP4,4.40%,0.00%,B09691JZJM,4.40%,0.00%,"B0B56YYS3T,B08QB1X4GC,B09691JZJM,B0BNJJGD5Q,B0BZDV5WB5,B08Q9YKZ58,B09NSYD4TC,B0C7VQ1FSP,B001CQ3CG0,B09XBVM335","NIKE, Hombre"
nike cotton shorts for men,耐克男士棉质短裤,,,SP广告词,0,1,B01AK7Y102,"1,337,034","1,464",43,2.98%,"32,871",564,1,0,"1,226",1.2,5,12.10%,8.60%,$1.28 ,$1.15 - $1.49,B01JIPH51Y,4.30%,5.70%,B01JIPH7H6,3.90%,2.90%,B01JIPH244,3.90%,0.00%,"B07NJPZDRW,B01JIPH244,B087M3RDVK,B07TGJYSLW,B0872MJ9P8,B00AKSCXES,B08NYKPH55,B07DGSV214,B0B6JTKRZV,B09521HS65","Cotton, Shorts, NIKE"
nike black shorts men,耐克黑色男士短裤,,,自然搜索词,0,2,B09P3T8X61/B09XQVCZ8B,"1,641,258",392,12,3.28%,"9,291",177,1,0,"1,867",0.2,5,27.80%,0.00%,$1.22 ,$0.92 - $1.52,B087LWNKFB,11.10%,0.00%,B001MB1MPS,8.30%,0.00%,B07QW5JJ7X,8.30%,0.00%,"B087M3MJ1L,B0B6KQR5JP,B072118MKS,B07NJNW4QL,B001MB1MPS,B01JIPGJMU,B0B6CWXPQD,B001MAZSSQ,B098N14C66,B07DX2N7JQ","Black, NIKE, Shorts"
nike black shorts,耐克黑色短裤,,,自然搜索词,0,1,B09XQVCZ8B,"1,490,432","1,223",33,2.70%,"27,533",514,1,0,"5,493",0.2,4,30.00%,20.00%,$1.50 ,$1.12 - $1.88,B087M3MJ1L,14.30%,0.00%,B0CPTG74GX,10.00%,0.00%,B087LTC1XS,5.70%,20.00%,"B087M3MJ1L,B001MB1MPS,B0B6KQR5JP,B072118MKS,B07NJNW4QL,B01JIPGJMU,B08CNP7NS1,B088XWQ8TH,B098N14C66,B001MAZSSQ","Black, NIKE, Shorts"
nike athletic shorts,耐克运动短裤,,,自然搜索词,0,1,B09XQVCZ8B,"1,562,361","1,437",106,7.41%,"33,998",666,3,0,"3,178",0.5,22,15.50%,0.00%,$0.95 ,$0.87 - $1.29,B01FZ03GNM,7.80%,0.00%,B087M3RDVK,4.20%,0.00%,B0CPTG74GX,3.50%,0.00%,"B087M3RDVK,B07BPL162D,B01FZ03GNM,B08CNNXWHF,B072118MKS,B0C12LDLN4,B07NJPDSSX,B09T57NS5Q,B01AK7XJS2,B07YKQC8X3","Athletic, Shorts, NIKE"
new york shorts for men,,,,SP广告词,0,1,B09P3T8X61,,,,,,,,,0,,24,,,,-,,,,,,,,,,,Shorts
neleus shorts men,neeus 短裤 男士,,,自然搜索词,0,2,B08JGBB9N1/B0BFDTMBGP,"1,562,102",506,16,3.24%,"12,602",223,1,0,126,4,5,22.50%,0.00%,$2.17 ,$1.62 - $2.71,B07PRV2TWG,7.50%,0.00%,B09SGG361R,7.50%,0.00%,B0C33GLDSJ,7.50%,0.00%,"B07PRV2TWG,B08346K3ZS,B082WDVXNM,B0C33JJJMB,B093BZ9ZQ4,B06XRWXXC7,B07PWMLQFW,B084CZKT16,B0872XZ3KD,B08LTB9SZW",Shorts
neleus shorts,纽扣短裤,,,自然搜索词,0,1,B08JGBB9N1,"1,364,942","1,325",45,3.42%,"26,801",504,2,0,118,11.2,5,12.10%,0.00%,$2.16 ,$1.62 - $2.70,B09SGG361R,4.20%,0.00%,B0C33GLDSJ,4.20%,0.00%,B07PRW5NRJ,3.80%,0.00%,"B07PRV2TWG,B083463RFH,B082WDVXNM,B0C33GLDSJ,B06XRWXXC7,B08MT36H3F,B07SJTPYJ1,B09F6DW54B,B09L5W3LQF,B084CZKT16",Shorts
nba basketball shorts men,nba篮球短裤男,,,自然搜索词,0,1,B08JGBB9N1,"1,019,074","1,257",37,3.02%,"33,801",604,1,0,582,2.2,4,7.90%,0.00%,$0.33 ,$0.27 - $0.37,B089HTHK4W,2.60%,0.00%,B089HVC87Q,2.60%,0.00%,B0D4THTRR6,2.60%,0.00%,"B076LSJTVT,B0BX4MWHJK,B0BX4PC7JM,B089HTHK4W,B0BX4NV713,B07N9KHL6X,B0BXMYN9VF,B09W2D19HL,B0CSYZ3Y4J,B08T5VW2HH","Basketball, Shorts"
navy blue shorts for men,男款海军蓝短裤,,,品牌广告词,0,1,B0BLKN87V4,"2,259,587",460,15,3.40%,"13,053",179,1,0,"12,153",0,4,18.40%,0.00%,$0.95 ,$0.77 - $1.05,B01JQTA77G,7.90%,0.00%,B01JQTB8AQ,5.30%,0.00%,B01MCV81KJ,5.30%,0.00%,"B07DXH9JMC,B0151E6XTG,B082THYXQD,B009CTUGY0,B01MCV81KJ,B00EC83O3G,B01JQTB8AQ,B09XQXKTPS,B0C4YHVZC6,B07RP19WM3","Shorts, Navy, Blue"
multipack shorts for men,,,,自然搜索词,0,1,B08JGBB9N1,,,,,,,,,739,,,,,,-,,,,,,,,,,,Shorts
mitre shorts,,,,SP广告词,0,1,B0C4GV51WK,,,,,,,,,137,,8,,,,-,,,,,,,,,,,Shorts
mint green shorts men,薄荷绿短裤男士,,,品牌广告词,0,1,B0BLKN87V4,"2,420,451",337,10,3.07%,"9,555",146,1,0,"1,132",0.3,4,22.80%,0.00%,$0.95 ,$0.72 - $1.20,B07XMY2YZK,8.60%,0.00%,B0C98FF2DW,8.60%,0.00%,B07XGRSBPY,5.70%,0.00%,"B07XJCL62J,B08P66V47T,B09VKR4NK1,B0C98FF2DW,B0BJKDV497,B09VGT54LZ,B07BY8DW6H,B0BLRYBTL6,B09XX96LCY,B0C3H24DRX","Green, Shorts, Mint"
metallica shorts,,,,SP广告词,0,1,B0BFDSVMPF,,,,,,,,,0,,0,,,,-,,,,,,,,,,,"Shorts, Metallic"
mesh sports shorts,,,,自然搜索词,0,1,B0C1365SJV,,,,,,,,,0,,0,,,,-,,,,,,,,,,,"Mesh, Shorts, Sports"
mesh shorts with pockets,,,,自然搜索词,0,1,B0C1365SJV,,,,,,,,,"3,347",,5,,,,-,,,,,,,,,,,"Mesh, Shorts"
mesh shorts men graphic,网状短裤男士图案,,,品牌广告词,0,2,B0BLKN87V4/B0C1365SJV,"1,488,864","1,243",38,3.10%,"28,641",564,1,0,717,1.7,4,10.90%,0.00%,$0.80 ,$0.60 - $1.00,B0C7C8RWSQ,3.90%,0.00%,B0C7C8QNB4,3.50%,0.00%,B0CGV6BZ3G,3.50%,0.00%,"B0CJJHVQ99,B0C7C8RWSQ,B0CGV6BZ3G,B0CP2BB1ZQ,B0CC948JVD,B0D2DXDTYS,B0CXCRYVP3,B0CRV2WJ2G,B0CK17LS9L,B0C3DY22DN","Mesh, Shorts, Graphic"
mesh shorts for men,男士网眼短裤,,,SP广告词,0,3,B08JGBB9N1/B0BFDTMBGP/B0C1365SJV,"1,423,644","1,769",52,2.98%,"44,400",703,2,2,"11,123",0.2,1,9.70%,3.30%,$1.22 ,$0.76 - $1.52,B01ES40ZBW,3.40%,3.30%,B000J9YQOS,3.40%,0.00%,B0CGV6BZ3G,2.80%,0.00%,"B000J9YQOS,B00719ZR9M,B01ES40ZBW,B07CZBPF1B,B08JGBB9N1,B08JTQP6VY,B0CRRF28SH,B0058CTCRM,B07NDP7HYC,B0723CZCRJ","Mesh, Shorts"
mesh mens shorts,网眼男式短裤,,,自然搜索词,0,2,B08JGBB9N1/B0C1365SJV,"1,145,524","1,511",39,2.63%,"33,962",646,1,0,"12,179",0.1,6,13.60%,5.10%,$1.24 ,$0.93 - $1.54,B08JLCW32G,7.60%,1.70%,B08JGBB9N1,3.00%,3.40%,B0CT2FRFBW,3.00%,0.00%,"B000J9YQOS,B01ES40ZBW,B08JGBB9N1,B07CZBPF1B,B00719ZR9M,B0CT271DJC,B0CRQFLWT3,B0CRHF41F7,B07NDP7HYC,B0728KK8VK","Mesh, Shorts"
mesh logo shorts,网眼标志短裤,,,自然搜索词,0,1,B0C1365SJV,"2,047,637",140,4,2.94%,"3,167",64,1,0,"1,881",0.1,0,27.60%,0.00%,$1.11 ,$0.82 - $1.24,B0C7C8QNB4,13.80%,0.00%,B0C3SLGWCS,6.90%,0.00%,B0CC91PK44,6.90%,0.00%,"B0C3SN6NJ5,B0CP29WBGS,B0C7C938V5,B0CGV6BZ3G,B0CC948JVD,B099RSXNQH,B0BPLFK9GW,B0C9XJRWCF,B0CXXTWRVN,B0C815VXTH","Mesh, Shorts"
men’s short shorts,,,,自然搜索词,0,1,B0C1365SJV,,,,,,,,,0,,0,,,,-,,,,,,,,,,,"Shorts, Short"
men’s short,男士短裤,,,SP广告词,0,1,B09P3T8X61,"1,069,060","1,548",40,2.62%,"46,034",632,1,0,"10,138",0.2,24,11.30%,2.10%,$1.34 ,$1.00 - $1.67,B07H5QPL1R,4.30%,1.00%,B009CTUGW2,3.70%,0.00%,B0B1LMFBDV,3.40%,1.00%,"B07YP9TWCX,B07H5QPL1R,B009CTUGZ4,B082TJ8LV7,B016Y8268U,B01N2UE6IB,B081W8R8RN,B0151E6PB2,B06XWMC24B,B07NDP7ZTX",Short
men’s pajama shorts,男士睡衣短裤,,,自然搜索词,0,1,B09T3QHVVM,"1,821,556",394,11,2.97%,"9,055",154,1,3,"1,951",0.2,9,16.70%,0.00%,$1.89 ,$1.41 - $2.38,B07HPCQ8CS,5.60%,0.00%,B07PP86MLM,5.60%,0.00%,B08VFC3W7S,5.60%,0.00%,"B07PN75241,B00M0QH7BC,B07C3TBJWC,B0CJK2JLJZ,B08VFC3W7S,B07HFGBPH8,B00RFHM1H6,B09T3QHVVM,B09KP1SG8Q,B01BVIRPWA","Shorts, Pajama"
men’s long shorts,,,,自然搜索词,0,4,B00AKSCXEI/B08JGBB9N1/B0BFDRQLNC/B0C1365SJV,,,,,,,,,"29,446",,159,,,,-,,,,,,,,,,,"Long, Shorts"
men’s khaki shorts,男士卡其色短裤,,,品牌广告词,0,1,B0BLKN87V4,"1,125,035","1,331",40,3.07%,"39,812",661,1,0,"2,814",0.5,158,14.90%,0.00%,$1.14 ,$0.86 - $1.44,B016Y825YU,6.90%,0.00%,B01JQTNVII,4.00%,0.00%,B0D918R8D8,4.00%,0.00%,"B016Y825YU,B01JQTN8SQ,B009CTUBIQ,B07HNTTKZ6,B00XKYM95C,B07FHBQPMC,B0C26D741D,B07HNVJCWR,B0CQZ3RLDZ,B0CTG7QHLT","Khaki, Shorts"
men’s cotton shorts,男士棉质短裤,,,SP广告词,0,2,B0151E6WPQ/B09T3QHVVM,"2,335,149",638,17,2.77%,"18,806",260,1,0,"8,624",0.1,16,21.30%,0.00%,$1.24 ,$0.97 - $1.45,B01JQTA74O,10.60%,0.00%,B0151E6OUY,6.40%,0.00%,B01NAHT9DF,4.30%,0.00%,"B0151E6OUY,B09T3QJ8ZY,B00M0QFMSW,B07PN75241,B00AKSCZ6Y,B007PXVAKE,B0BVMXG7PM,B0D2S5ZFLV,B08L4XD1JB,B009CTU9T2","Cotton, Shorts"
men’s apparel,,,,SP广告词,0,2,B0CHMN8TDS/B0CHMNB423,,,,,,,,,0,,0,,,,-,,,,,,,,,,,
mensshorts,男装短裤,,,自然搜索词,0,3,B08JGBB9N1/B09T3QHVVM/B0BLKN87V4,"1,821,550",796,26,3.37%,"21,764",380,1,0,"42,922",0,9,10.90%,0.00%,$0.95 ,$0.70 - $1.26,B07H5QPL1R,3.60%,0.00%,B0BGFVMW7R,3.60%,0.00%,B0CRRF28SH,3.60%,0.00%,"B07YP9TWCX,B01JQTBSU6,B0151E6PB2,B07H5QPL1R,B078W113QW,B0C26D741D,B08TB8595Q,B082TJ8LV7,B016Y826EE,B00XKYLJA8",Shorts
mensmens,,,,自然搜索词,0,1,B0C1365SJV,,,,,,,,,0,,0,,,,-,,,,,,,,,,,
mensi,,,,视频广告词,0,1,B0BFDTMBGP,,,,,,,,,0,,8,,,,-,,,,,,,,,,,
menshorts,,,,自然搜索词,0,1,B01AK7Y102,,,,,,,,,0,,0,,,,-,,,,,,,,,,,Shorts
mensal,,,,视频广告词,0,1,B0BFDTMBGP,,,,,,,,,0,,5,,,,-,,,,,,,,,,,
mens' shorts,,,,自然搜索词,0,1,B0C1365SJV,,,,,,,,,"44,553",,0,,,,-,,,,,,,,,,,Shorts
mens xxl shorts,男士 xxl 短裤,,,自然搜索词,0,1,B09P3T8X61,"1,681,605",867,27,3.13%,"17,897",429,1,0,"5,589",0.2,4,19.00%,0.00%,$1.10 ,$0.81 - $1.30,B0723CZCRJ,10.30%,0.00%,B07YP9JK3F,5.20%,0.00%,B000MND7A0,3.50%,0.00%,"B08JGC1D2G,B07H5P8M39,B072JBQRLG,B08JTQP6VY,B07NDPC6SZ,B071LGZ66P,B000MND7A0,B01JQTEGT6,B01AK7Z2AU,B0CSN8MRPC",Shorts
mens xs shorts,男士 xs 短裤,,,自然搜索词,0,1,B08JGBB9N1,"1,363,753",843,21,2.59%,"17,004",324,1,0,"1,745",0.5,4,21.10%,0.00%,$1.25 ,$0.94 - $1.58,B0719SF8JT,10.50%,0.00%,B08JG8DNVQ,5.30%,0.00%,B0BS3S1MHC,5.30%,0.00%,"B071S83557,B08BCKC89W,B07XMZQ6CP,B08X3P6XPX,B0C8NCW9HQ,B08CMPQKG8,B0BXKP7BB1,B08JGBB9N1,B0874X78XM,B07XMYFC82","Shorts, XS"
mens woven shorts,男式梭织短裤,,,自然搜索词,0,2,B09P3T8X61/B09XQVCZ8B,"1,233,504","1,336",39,2.96%,"30,903",515,1,0,"1,232",1.1,20,18.60%,0.00%,$1.24 ,$0.93 - $1.54,B09PG3392C,7.00%,0.00%,B0723CZCQT,6.30%,0.00%,B09XLL648Z,5.30%,0.00%,"B093LWXP3K,B08BX4YRYJ,B09XLL648Z,B0C2HTXSH3,B0C2679WCW,B09PG3392C,B07T3HTPKF,B09XQVCZ8B,B0BQ1Y468B,B0BGVRZW5T","Shorts, Woven"
mens workout shorts with pockets,,,,自然搜索词,0,2,B00AKSCXEI/B08JGBB9N1,,,,,,,,,"6,412",,0,,,,-,,,,,,,,,,,"Workout, Shorts"
mens workout shorts under armour,,,,自然搜索词,0,1,B01AK7Y102,,,,,,,,,"1,514",,4,,,,-,,,,,,,,,,,"Workout, Shorts, Under Armour"
mens workout shorts pack,男士健身短裤包,Y,,自然搜索词/AC推荐词,0,1,B08JGBB9N1,"2,182,338",843,28,3.44%,"22,752",419,1,0,"9,322",0.1,4,17.50%,0.00%,$1.19 ,$0.94 - $1.34,B0D2RLHHJ9,7.00%,0.00%,B0BNW2C7P6,5.30%,0.00%,B0BNW445NH,5.30%,0.00%,"B0D2RLHHJ9,B08JGBB9N1,B0BNW2C7P6,B07H5PTQML,B0D4JFK852,B0CRHDB5DR,B0BNW3CD3W,B0CRQFLWT3,B08JTQP6VY,B0BNW3NJ7L","Pack, Shorts, Workout"
mens workout shorts nike,男士运动短裤耐克,,,自然搜索词,0,2,B09P3T8X61/B09XQVCZ8B,"2,047,520",140,4,3.46%,"3,708",54,1,0,551,0.3,0,24.00%,16.70%,$1.39 ,$1.04 - $1.75,B01AK7XJS2,8.00%,16.70%,B07BPL162D,8.00%,0.00%,B0B6KHK5P8,8.00%,0.00%,"B07BPL162D,B087M3MJ1L,B0B6KJS75Q,B071WL718C,B01AK7Z2AU,B077XQMB7G,B09CPFXGD2,B09P3T8X61,B09XQVCZ8B,B07BJLDNCB","Workout, NIKE, Shorts"
mens workout shorts 9 inch,,,,SP广告词,0,1,B0C4GRTZJR,,,,,,,,,0,,0,,,,-,,,,,,,,,,,"Workout, Shorts"
mens workout short,,,,自然搜索词,0,1,B08JGBB9N1,,,,,,,,,"8,356",,19,,,,-,,,,,,,,,,,"Workout, Short"
mens workout set,,,,自然搜索词,0,1,B08JGBB9N1,,,,,,,,,"10,292",,5,,,,-,,,,,,,,,,,"Workout, Set"
mens workout for men,,,,自然搜索词,0,1,B01AK7Y102,,,,,,,,,0,,0,,,,-,,,,,,,,,,,Workout
mens wicking shorts,男士排汗短裤,,,自然搜索词,0,2,B08JGBB9N1/B0C1365SJV,"2,335,122",821,28,3.53%,"21,551",397,1,0,"13,717",0.1,17,16.10%,0.00%,$1.30 ,$0.98 - $1.63,B0728KK8VK,7.10%,0.00%,B07PMTLHHP,5.40%,0.00%,B0723CZCRJ,3.60%,0.00%,"B0B1LX9FGW,B078VZ5QBW,B08JTQP6VY,B07S7W5DMP,B075MXZ12G,B08D2PB97C,B0728KK8VK,B0BNMD6JSP,B08V128WYV,B0C1TYTY6Z",Shorts
mens white tennis shorts,男士白色网球短裤,,,自然搜索词,0,2,B09XQVCZ8B/B0BFDVPFKX,"1,233,502","1,605",43,2.72%,"33,932",687,1,0,"2,956",0.5,26,23.40%,2.50%,$1.19 ,$0.88 - $1.49,B0C664PFY5,12.70%,1.70%,B091MM1NQL,5.60%,0.00%,B0C66789T5,5.00%,0.80%,"B0C6657VMX,B07F2NZMJR,B0BXWBRP9L,B0BZVMHLM4,B089PK4FC2,B09XLLCGL4,B093LV4DT1,B0C1TXXPB1,B00R3VF8BA,B08XXD4QWV","White, Shorts, Tennis"
mens waffle shorts,,,,自然搜索词,0,1,B0151E6WPQ,"1,681,591","1,173",32,2.74%,"25,174",473,1,0,642,1.8,26,17.90%,0.00%,$0.99 ,$0.74 - $1.24,B0CN11GCRF,7.50%,0.00%,B0CSYNV8BX,6.00%,0.00%,B0CM8ZXZCK,4.50%,0.00%,"B0CM8ZXZCK,B0CMWC8H15,B0CNPMB936,B0CZ98RZ5N,B0CNVNH792,B0CQYM88C4,B0CN12VVF3,B0BNZY3KPZ,B0C58531F7,B0CS6M4KM1","Shorts, Waffle"
mens volleyball shorts,男排短裤,,,自然搜索词,0,2,B08JGBB9N1/B09P3T8X61,"1,308,475","1,147",33,2.95%,"32,517",545,1,0,"8,377",0.1,4,14.10%,0.00%,$1.25 ,$0.93 - $1.55,B0BMK9Z4YW,5.90%,0.00%,B09VBRK6DZ,4.30%,0.00%,B0C66789T5,3.90%,0.00%,"B09P3T8X61,B09VBRK6DZ,B08R7GNZTD,B0BMK9Z4YW,B0723CZCQT,B077XLKW1K,B09PYR7WHV,B0C66789T5,B078TTHTXJ,B0C1JKXQJW",Shorts
mens vacation shorts,男士度假短裤,,,自然搜索词,0,1,B09P3T8X61,"1,069,048","1,694",50,2.96%,"46,930",718,2,0,"10,387",0.2,173,11.20%,0.00%,$1.23 ,$0.92 - $1.53,B08S7L2S99,4.00%,0.00%,B0922VZF71,4.00%,0.00%,B08S77BPSD,3.20%,0.00%,"B08S7L2S99,B009CTUGZ4,B0BLKKW3M4,B0BKGK2H9F,B0CM5PJQC9,B0B1N2DK9R,B078W113QV,B0CPY7G7XG,B07FHB5WWP,B0CJV7N5D8","Shorts, Vacation"
mens vacation essentials,男士度假必备品,,,SP广告词,0,1,B0BFDVPFKX,"1,187,534","1,485",50,3.42%,"32,636",711,2,0,"4,780",0.3,46,15.80%,2.40%,$1.07 ,$0.80 - $1.34,B00INVCHRC,9.10%,0.00%,B07S1BNNYD,3.70%,2.40%,B0B17NB28N,3.00%,0.00%,"B00INVCHRC,B079HV3TC9,B0BV241H3F,B098DSKJNV,B08MF4G5NP,B005EHQGCU,B09Q4C5MJL,B07PLZP5LN,B07T8KL6C6,B07S1BNNYD","Essential, Vacation"
mens under armour shorts athletic,,,,自然搜索词,0,2,B01AK7Y102/B09XQVCZ8B,,,,,,,,,0,,0,,,,-,,,,,,,,,,,"Athletic, Shorts, Under Armour"
mens under armour running shorts,,,,自然搜索词,0,1,B01AK7Y102,,,,,,,,,391,,0,,,,-,,,,,,,,,,,"Shorts, Running, Under Armour"
mens under armour hunting under layer,,,,视频广告词,0,1,B0BFDTMBGP,,,,,,,,,0,,77,,,,-,,,,,,,,,,,Under Armour
mens tight shorts,男士紧身短裤,,,自然搜索词,0,1,B08JGBB9N1,"1,002,604","1,711",50,2.97%,"45,314",795,2,0,"22,073",0.1,4,12.30%,0.00%,$1.10 ,$0.97 - $1.36,B088LV986W,5.40%,0.00%,B07CCGNFCV,3.40%,0.00%,B082WF7H4R,3.40%,0.00%,"B082WF7H4R,B094JNYK97,B0874VJ7DF,B086CCDVM7,B0962P79K5,B01I6NTSKK,B01ES40DD2,B07TBPGMQM,B089T6LR9X,B07SD8SMV2",Shorts
mens things,,,,SP广告词,0,1,B0BFDTMBGP,,,,,,,,,"6,045",,2,,,,-,,,,,,,,,,,Thin
mens thin shorts,,,,自然搜索词,0,2,B00AKSCXEI/B09T3QHVVM,,,,,,,,,"92,940",,0,,,,-,,,,,,,,,,,"Shorts, Thin"
mens tennis shorts 7 inch,7 英寸男式网球短裤,,,自然搜索词,0,1,B09P3T8X61,"2,112,926",771,22,2.95%,"22,414",300,1,0,849,0.9,1,18.50%,0.00%,$1.32 ,$0.99 - $1.64,B0D8TNXJCB,7.40%,0.00%,B091MM1NQL,5.60%,0.00%,B0BHND4CYK,5.60%,0.00%,"B0BHND4CYK,B0BZCQQBGG,B0CTBM2Q59,B0C4YSKB7R,B09XLLQT2Z,B09XLMJ3XX,B0C6K43VCK,B089MNLYR6,B0BY3PMYXV,B07T1F78NY","Shorts, Tennis"
mens tech、,,,,自然搜索词,0,1,B0C1365SJV,,,,,,,,,0,,0,,,,-,,,,,,,,,,,
mens sweatpants for short men,男士短款运动裤,,,自然搜索词,0,1,B0151E6WPQ,"1,821,510",338,37,11.15%,"7,178",129,1,0,"7,264",0.1,35,25.70%,0.00%,$1.16 ,$1.05 - $1.53,B094C31M62,14.30%,0.00%,B08C71QTNM,5.70%,0.00%,B08YHHTRB8,5.70%,0.00%,"B08C71QTNM,B094C31M62,B0CCPLHF33,B094C4KQXS,B0BVMV8CBZ,B08YHLZDPK,B09H79QJSH,B09FQ1J9XP,B08LMJYLPP,B07NP9KT7J","Sweatpants, Short"
mens sweatpant shorts,男士运动裤,,,自然搜索词,0,1,B09T3QHVVM,"1,560,553",719,6,0.87%,"14,834",275,1,0,"10,934",0.1,3,19.20%,0.00%,$2.32 ,$1.52 - $2.92,B09DCTLVCC,7.70%,0.00%,B00AKSCY8I,5.80%,0.00%,B00AKSCYBA,5.80%,0.00%,"B00AKSCYBA,B0BWZLGFDP,B09DCVRMX6,B0151E6TM2,B07DGSV214,B08VHNZPTV,B0BB883KN5,B07F2NNFWS,B00M0QFMSW,B08SQXB1FG",Shorts
mens sweat shorts with pockets,男式带口袋运动短裤,Y,,AC推荐词,0,1,B0151E6WPQ,"575,912","2,456",21,0.88%,"61,088","1,070",1,1,"2,845",0.9,3,12.50%,0.00%,$1.23 ,$0.93 - $1.50,B0151E6WPQ,5.70%,0.00%,B08X6WZT5N,3.50%,0.00%,B0CM8ZHCBJ,3.30%,0.00%,"B0151E6WPQ,B09DCVRMX6,B07GY1J8BZ,B08VHNZPTV,B000MND7GO,B07DGSV214,B0BWZLGFDP,B00M0QFGRY,B00AKSCZ6Y,B0BB86Y3KZ",Shorts
mens summer shorts casual,男士夏季短裤休闲,,,品牌广告词,0,1,B0BLKN87V4,"2,047,474",796,28,3.59%,"23,549",307,1,0,"31,818",0,4,18.20%,0.00%,$1.23 ,$1.08 - $1.37,B0BGFVMW7R,7.30%,0.00%,B00BBW2YKU,5.50%,0.00%,B09QT6H6NQ,5.50%,0.00%,"B0B1LMFBDV,B00BBW2YKU,B0BLKKYR1J,B0CRZ94622,B07HNWNXMK,B01JQTN8HM,B01JQTC81Y,B016Y8268U,B0CS6M4KM1,B08C291LRW","Shorts, Casual, Summer"
mens summer shorts 7 inch inseam,,,,自然搜索词,0,1,B09P3T8X61,,,,,,,,,"1,650",,0,,,,-,,,,,,,,,,,"Summer, Shorts, Inseam"
mens stylish shorts,男士时尚短裤,,,自然搜索词,0,2,B0BFDRQLNC/B0C1365SJV,"1,986,502",843,31,3.73%,"23,946",418,1,0,"15,511",0.1,3,19.30%,0.00%,$1.20 ,$0.89 - $1.50,B0BRSJMRLX,7.00%,0.00%,B0BRSNK864,7.00%,0.00%,B0CNPM7L4B,5.30%,0.00%,"B0C1MTVGJL,B0BRSNK864,B0CNPLW9B8,B075NZQ6SS,B075WKGMZC,B07FHBPYYV,B08YP5S6XG,B016Y8293C,B0B7MRMR36,B09N8PKWXR","Stylish, Shorts"
mens stretchy shorts,男士弹力短裤,,,自然搜索词,0,1,B08JGBB9N1,"1,455,296","1,052",32,3.05%,"21,409",428,1,0,"8,258",0.1,23,9.20%,5.90%,$1.27 ,$1.12 - $1.59,B0CLCV4SN8,3.10%,5.90%,B016Y825WW,3.10%,0.00%,B075MXZ12G,3.10%,0.00%,"B016Y826EE,B07HNWNXPL,B08JGBB9N1,B07HNWC5LC,B0CLCV4SN8,B092DW6VSK,B078W113QW,B075MYDWW1,B077RTN23Y,B0CRGV7W67","Shorts, Stretch"
mens stretch waist shorts,男士弹力腰短裤,,,SP广告词,0,1,B0BLKN87V4,"1,873,727","1,138",29,2.63%,"32,567",477,1,0,"13,374",0.1,8,10.80%,1.70%,$1.96 ,$1.47 - $2.45,B075MRS4MC,4.00%,0.00%,B016Y8268U,3.60%,1.70%,B01MUPURQ5,3.20%,0.00%,"B016Y8268U,B07HNXRR5M,B01N6Z3NXO,B08JHJZMXV,B075MRS4MC,B07MMT3MH8,B000OF4ON0,B075MXZ12G,B078W12LZ8,B06Y5VBPDQ","Shorts, Stretch"
mens stretch shorts 9 inch inseam,男式弹力短裤 9 英寸内缝,,,SP广告词,0,1,B0BFDRQLNC,"1,599,060",934,27,2.99%,"24,044",449,1,0,"3,075",0.3,6,29.50%,0.00%,,-,B08JDX7MWY,16.40%,0.00%,B08JDWKQ6Z,8.20%,0.00%,B0CRKD7JZY,4.90%,0.00%,"B0C4YLNGRV,B016Y825WW,B0CRKG3QH8,B08JDTV536,B0CSPV7417,B08JDWKQ6Z,B0C4YHYNDB,B0CR4WY39B,B0C1BVT83J,B0BLKL57FG","Shorts, Stretch, Inseam"
mens sports shorts with pockets,,,,自然搜索词,0,2,B00AKSCXEI/B0151E6WPQ,,,,,,,,,"24,309",,0,,,,-,,,,,,,,,,,"Shorts, Sports"
mens sport shorts with pockets,男式带口袋运动短裤,,,自然搜索词,0,2,B00AKSCXEI/B0151E6WPQ,"1,335,662","1,452",43,2.99%,"30,965",673,1,0,"24,307",0.1,4,13.20%,4.40%,$1.52 ,$1.33 - $1.71,B0728KK8VK,4.80%,0.00%,B0BFDV4HHP,4.80%,0.00%,B0CRRF28SH,3.60%,4.40%,"B0CRRGWXMS,B08JG3T2SY,B0CRHF41F7,B07H5QPL1R,B07BPL162D,B0BWNHZCCR,B08JTQP6VY,B00KUL0W1G,B0728KK8VK,B0BZPMDBPM",Shorts
mens spandex workout shorts,,,,自然搜索词,0,2,B09P3T8X61/B09XQVCZ8B,"1,639,283",638,17,2.71%,"16,460",245,1,0,"8,178",0.1,4,19.10%,0.00%,$1.11 ,$0.82 - $1.26,B01I6NTTG8,6.40%,0.00%,B07RXYCN9L,6.40%,0.00%,B09SPZPLL7,6.40%,0.00%,"B094JNWX7S,B0CGR7CC4B,B01I6NTTG8,B07RXSRN2S,B0D1VNG2R6,B08XQ3L81D,B0CCRW2ZP7,B01ES40B16,B0CSS7DZ1G,B0C2YFJSRC","Workout, Spandex, Shorts"
mens sonoma shorts,,,,SP广告词,0,1,B0BFDTMBGP,,,,,,,,,389,,0,,,,-,,,,,,,,,,,Shorts
mens softball,男子垒球,,,SP广告词,0,1,B0C4GV51WK,"1,105,687","1,352",48,3.59%,"28,540",538,2,1,"9,895",0.1,2,14.30%,0.00%,$0.60 ,$0.50 - $0.70,B09BG55JDP,5.20%,0.00%,B0D41WX4CP,5.20%,0.00%,B084ZKKQGS,3.90%,0.00%,"B0CLYRDHCV,B00C7HYVJA,B00C7HYVFO,B095XXF629,B07RRGWCV5,B07VHRVTZS,B09LS9366L,B0778RJMRL,B0C5JZ1JF1,B0060KTYDI",Softball
mens soft shorts,男士柔软短裤,,,自然搜索词,0,2,B08JGBB9N1/B09T3QHVVM,"1,257,386","1,278",46,3.64%,"26,314",501,2,0,"12,134",0.1,4,13.90%,0.00%,$1.20 ,$0.89 - $1.50,B0728KK8VK,6.00%,0.00%,B09T3QHVVM,4.10%,0.00%,B0723CZCRJ,3.80%,0.00%,"B09DCVRMX6,B09T3QHVVM,B0151E6XTG,B08JGBB9N1,B085DRZMDN,B0CJJZVJV7,B08D2TC7BT,B00AKSCZ6Y,B07PM92MH2,B0BXWDK38F","Soft, Shorts"
mens soft lounge shorts,,Y,,AC推荐词,0,1,B09T3QHVVM,,,,,,,,,"64,249",,4,,,,-,,,,,,,,,,,"Soft, Lounge, Shorts"
mens small shorts for teen boys,十几岁男孩的男式小短裤,,,自然搜索词,0,1,B00AKSCXEI,"1,821,492",679,21,3.13%,"16,256",309,1,0,435,1.6,1,18.00%,0.00%,,-,B07NDPRYKM,8.00%,0.00%,B0BBRFGK67,6.00%,0.00%,B07H5QPL1R,4.00%,0.00%,"B08JGC1D2G,B07NDPRYKM,B087M3MJ1L,B0C26D741D,B077XLKW1K,B07J6BD8CX,B0BXMYN9VF,B08RJ8KJ5Z,B0BBRFGK67,B0BX7JLY2Y","Shorts, Small, Teen"
mens small athletic shorts,男士小号运动短裤,,,SP广告词,0,1,B0BFDTMBGP,"1,681,556",890,26,3.02%,"23,559",427,1,0,"10,079",0.1,9,18.60%,0.00%,$1.36 ,$0.94 - $1.83,B07NDP7ZTX,8.50%,0.00%,B08JLFDRWS,5.10%,0.00%,B08JTQP6VY,5.10%,0.00%,"B08JGC1D2G,B0CRRF28SH,B08JTQP6VY,B07NDP7ZTX,B00KUL0W1G,B07H5QPL1R,B0CRHF41F7,B08LT9MJM2,B0CHHZ6CLN,B087M3RDVK","Athletic, Shorts, Small"
mens sleepwear shorts,男士睡衣短裤,,,自然搜索词,0,1,B09T3QHVVM,"1,523,547",666,24,3.62%,"18,137",325,1,0,"1,667",0.4,5,20.40%,11.10%,$1.83 ,$1.37 - $2.28,B07PM93ZL1,12.20%,5.60%,B095Z2PYQZ,4.10%,5.60%,B06ZXWRYTK,4.10%,0.00%,"B07PM93ZL1,B07RJSL1TL,B07C3TBJWC,B0CJJZZ51Z,B00RFHM1H6,B0C2911HYL,B07HFGBPH8,B08VFC3W7S,B08GZL3J73,B012VOY8NC","Sleepwear, Shorts"
mens sleeping shorts soft cotton,男式睡衣短裤软棉,,,自然搜索词,0,2,B0151E6WPQ/B09T3QHVVM,"1,986,477",623,19,3.08%,"17,574",250,1,0,866,0.7,1,21.70%,5.90%,,-,B07PP86MLM,10.90%,0.00%,B095Z2PYQZ,6.50%,0.00%,B095ZNWMX9,4.40%,5.90%,"B00M0QGQO6,B07PP86MLM,B09T3QHVVM,B00RFHM1H6,B08VFC3W7S,B095ZNWMX9,B08399PLH3,B012VOXUQ8,B0C292RKHK,B0CJJZWWD2","sleeping, Cotton, Shorts, Soft"
mens sleep shorts with pockets,男式带口袋睡裤,,,自然搜索词,0,2,B08JGBB9N1/B09T3QHVVM,"1,423,532","1,116",33,3.02%,"22,548",532,1,0,"1,676",0.7,1,18.20%,7.70%,$0.62 ,$0.46 - $0.77,B09T3QJ8ZY,7.60%,0.00%,B09T3QHVVM,6.10%,7.70%,B07D5XKRBQ,4.60%,0.00%,"B09T3QHVVM,B07RJSL1TL,B07HFGWQX6,B0C31GSKKP,B08VFC3W7S,B00RFHM1H6,B0C8NDP14V,B09V6MZNQ2,B0CJK2WQT5,B089CKY6XB",Shorts
mens sleep shorts cotton,男士睡眠短裤纯棉,Y,,AC推荐词,0,1,B09T3QHVVM,"2,335,032",551,18,3.42%,"15,820",216,1,0,"2,803",0.2,2,26.20%,7.10%,$1.10 ,$0.82 - $1.37,B00M0QH7BC,11.90%,0.00%,B0151E6XTG,7.10%,7.10%,B09T3QJ8ZY,7.10%,0.00%,"B09T3QHVVM,B07PN58J9N,B0151E6XTG,B07RJSL1TL,B00RFHM21G,B09KP1SG8Q,B08FBJJBC2,B08399PLH3,B07C3TBJWC,B0CRMM4RX7","Cotton, Shorts"
mens silkies shorts,男士丝质短裤,,,自然搜索词,0,2,B01AK7Y102/B0C1365SJV,"1,423,528",571,17,3.09%,"14,423",265,1,0,"2,813",0.2,4,27.90%,0.00%,$1.15 ,$0.87 - $1.45,B003AU5VZQ,11.60%,0.00%,B003AU5W0A,9.30%,0.00%,B0CFCRSQ3D,7.00%,0.00%,"B003AU5W0A,B0CFCRSQ3D,B094F6LRTC,B0D7SM66J1,B01MU5WI4H,B0CRJMZF17,B01K5TTDMQ,B074BDC6Q4,B093DCPMM9,B07WKB3P8L",Shorts
mens silkies,男士丝绸,,,SP广告词,0,1,B0BFDSVMPF,"1,821,477",692,60,8.73%,"18,310",313,2,1,"7,811",0.1,4,37.30%,0.00%,$0.47 ,$0.30 - $0.60,B003AU5W0A,13.70%,0.00%,B0CFCRSQ3D,11.80%,0.00%,B0CJLT5PKL,11.80%,0.00%,"B003AU5W0A,B0CFCRSQ3D,B01MU5WI4H,B074BGJ4B7,B094F41X4W,B0D7SM66J1,B0CRJMZF17,B09QS2KZ5B,B0C73DCRFB,B07WKB3P8L",Silk
mens shorys,男士短裙,,,自然搜索词,0,2,B09T3QHVVM/B0BLKN87V4,"2,112,865",719,18,2.61%,"19,090",294,1,0,"42,921",0,4,17.30%,11.10%,$0.64 ,$0.43 - $0.81,B07H5QPL1R,9.60%,0.00%,B07YP9TWCX,3.90%,11.10%,B016Y825ZE,3.90%,0.00%,"B07YP9TWCX,B0151E6PB2,B07H5QPL1R,B078W113QW,B016Y820AY,B01JQTB3PG,B082TJ8LV7,B0C26D741D,B009CTU8CA,B00XKYLJA8",
mens shorts xxl,男士短裤 xxl,,,自然搜索词,0,1,B09P3T8X61,"2,335,021","1,213",37,3.07%,"34,391",495,1,0,"13,469",0.1,4,10.50%,0.00%,$0.86 ,$0.75 - $1.25,B08JGHDWNP,4.50%,0.00%,B07H5P8M39,3.00%,0.00%,B07H5QPL1R,3.00%,0.00%,"B07H5P8M39,B08JGC1D2G,B072JBQRLG,B000MND7A0,B08JTQP6VY,B01JQTEGT6,B071LGZ66P,B07NDPC6SZ,B00AKSCZ28,B01AK7Z2AU",Shorts
mens shorts xl,男士短裤 xl,,,自然搜索词,0,2,B09T3QHVVM/B0C4GV51WK,"1,639,271",843,28,3.44%,"18,327",405,1,0,"8,906",0.1,23,21.10%,0.00%,$1.21 ,$0.91 - $1.50,B08JLCW32G,8.80%,0.00%,B08JTMKJX8,7.00%,0.00%,B07NDP7ZTX,5.30%,0.00%,"B0CRHF41F7,B08LT8LY5N,B08JTQP6VY,B07NDP7ZTX,B08PYQRD1Y,B07H5P8M39,B01AK7XQQC,B0CRRF28SH,B0723CZCRJ,B0151E6WTW",Shorts
mens shorts workout,男士短裤锻炼,,,自然搜索词,0,2,B00AKSCXEI/B08JGBB9N1,"1,187,512","1,407",41,2.97%,"28,739",665,1,0,"8,786",0.2,4,10.60%,3.30%,$1.50 ,$1.35 - $1.82,B09PYSSR6D,5.20%,0.00%,B0723CZCQT,2.90%,0.00%,B09PYTB8SD,2.60%,3.30%,"B085NF55WL,B08JGBB9N1,B09PYSSR6D,B07H5PTQML,B0D4JFK852,B09LTRY112,B0CRHF41F7,B0BNW2RCPZ,B09P3RHNSY,B0987C93NK","Shorts, Workout"
mens shorts with zipper,,,,SP广告词,0,1,B0BFDTMBGP,,,,,,,,,0,,0,,,,-,,,,,,,,,,,"Shorts, Zipper"
mens shorts with pockets lightweight gym athletic shorts,,,,自然搜索词,0,2,B00AKSCXEI/B01AK7Y102,,,,,,,,,0,,0,,,,-,,,,,,,,,,,"Athletic, Shorts, Lightweight, gym"
mens shorts with pockets cotton,,Y,,AC推荐词,0,1,B0151E6WPQ,,,,,,,,,0,,0,,,,-,,,,,,,,,,,"Cotton, Shorts"
mens shorts with elastic waistband and pockets,,,,自然搜索词,0,2,B08JGBB9N1/B09T3QHVVM,,,,,,,,,0,,24,,,,-,,,,,,,,,,,"Shorts, Elastic, Waistband, Elastic Waist"
mens shorts with elastic waist,,,,自然搜索词,0,2,B08JGBB9N1/B09T3QHVVM,,,,,,,,,"10,235",,4,,,,-,,,,,,,,,,,"Shorts, Elastic, Elastic Waist"
mens shorts with back pockets,,,,自然搜索词,0,1,B0151E6WPQ,,,,,,,,,"10,656",,23,,,,-,,,,,,,,,,,Shorts
mens shorts with 7 inch inseam,,,,SP广告词,0,1,B0BFDSVMPF,,,,,,,,,"3,229",,0,,,,-,,,,,,,,,,,"Shorts, Inseam"
mens shorts under armour,盔甲下的男士短裤,Y,,AC推荐词,0,1,B0C1365SJV,"458,739","3,836",109,2.87%,"77,114","1,467",3,0,632,6.1,7,8.60%,1.50%,$1.16 ,$0.87 - $1.46,B0C12FKWG8,3.10%,0.80%,B0C1365SJV,2.90%,0.80%,B0874X37Z6,2.60%,0.00%,"B0942X45Y3,B0C1365SJV,B07CZBPDZB,B082BH9758,B0C12XJ159,B082BF9H3M,B0942R17Z5,B0C12L95VD,B08LNYVWKP,B07PR28K3Z","Shorts, Under Armour"
mens shorts training,,,,自然搜索词,0,1,B09P3T8X61,,,,,,,,,0,,5,,,,-,,,,,,,,,,,"Shorts, Training"
mens shorts sports,,,,自然搜索词,0,1,B0C1365SJV,,,,,,,,,"18,132",,6,,,,-,,,,,,,,,,,"Shorts, Sports"
mens shorts sleeve shirts,,,,SP广告词,0,1,B0BFDVPFKX,,,,,,,,,0,,0,,,,-,,,,,,,,,,,"Shorts, Sleeve"
mens shorts size 40,,,,SP广告词,0,1,B0BFDTMBGP,,,,,,,,,"5,021",,9,,,,-,,,,,,,,,,,Shorts
mens shorts shorts,,,,自然搜索词,0,2,B00AKSCXEI/B0151E6WPQ,,,,,,,,,0,,0,,,,-,,,,,,,,,,,Shorts
mens shorts short,男士短裤,,,自然搜索词,0,1,B0C1365SJV,"2,418,961",867,28,3.28%,"18,211",407,1,0,"21,762",0,0,13.80%,0.00%,$0.94 ,$0.75 - $1.21,B086C9PRJV,6.90%,0.00%,B077RV5TZ5,3.50%,0.00%,B07DZVVH5J,3.50%,0.00%,"B07F1521RT,B086C9PRJV,B0BS3S1MHC,B09G272YSB,B07D8W1GNJ,B09C8R78HW,B0BTT2DKXG,B08JDX7HMX,B094F825VS,B08SCD4RJG","Shorts, Short"
mens shorts running,男士短裤跑步,,,自然搜索词,0,1,B09XQVCZ8B,"1,986,470","1,365",43,3.18%,"39,604",596,1,0,"13,672",0.1,9,13.20%,0.00%,$1.42 ,$1.07 - $1.78,B07R1J9J3J,5.30%,0.00%,B01AK7Z1ZG,4.00%,0.00%,B08XM7421N,4.00%,0.00%,"B094F825VS,B08XM7421N,B0D1QWYNH7,B09PYTB8SD,B09P3RHNSY,B0872XZ3KD,B07R1J9J3J,B09VBK13ZV,B01AK7ZK7A,B0BGV7PZZJ","Shorts, Running"
mens shorts quick dry,男式短裤速干,,,自然搜索词,0,1,B08JGBB9N1,"1,125,002","1,745",53,3.07%,"39,282",856,2,0,"14,840",0.1,16,11.30%,0.00%,$0.81 ,$0.61 - $1.00,B075MRS4PT,4.00%,0.00%,B0C26DGFQK,4.00%,0.00%,B00DNNMLLW,3.20%,0.00%,"B075MRS4PT,B0C26DGFQK,B0CPPPD5S1,B07HNWSRV7,B0CRKD7JZY,B0BQ1WFHVV,B0CLCX33S4,B09SKRFJHL,B0BZPPT4QF,B00DNNMLLW",Shorts
mens shorts polyester,,,,自然搜索词,0,3,B01AK7Y102/B08JGBB9N1/B09P3T8X61,,,,,,,,,"27,282",,4,,,,-,,,,,,,,,,,"Polyester, Shorts"
mens shorts pink,,,,自然搜索词,0,1,B0C1365SJV,,,,,,,,,"1,096",,4,,,,-,,,,,,,,,,,"Shorts, Pink"
mens shorts pajamas,男士短裤睡衣,,,自然搜索词,0,1,B09T3QHVVM,"2,418,959",485,12,2.65%,"13,026",185,1,0,"2,411",0.2,2,17.90%,7.10%,$1.91 ,$1.26 - $2.17,B07PP86MLM,7.70%,0.00%,B08VF9GN6V,5.10%,7.10%,B07PN75241,5.10%,0.00%,"B07PN75241,B0CJK4RSTC,B07C3TBJWC,B09T3QHVVM,B08VF995KY,B09KP1SG8Q,B07HFGBPH8,B00RFHM1H6,B07RJSL1TL,B06ZXWRYTK","Shorts, Pajamas"
mens shorts packs,男士短裤包,,,自然搜索词,0,1,B08JGBB9N1,"1,488,744","1,332",33,2.51%,"38,816",563,1,0,"2,382",0.6,1,17.90%,7.10%,$1.02 ,$0.79 - $1.13,B08LT8LY5N,7.70%,7.10%,B0BNW3NJ7L,5.10%,0.00%,B0BNW4339Z,5.10%,0.00%,"B0CRHF41F7,B0BNW29CRN,B08LT8LY5N,B07H5QPL1R,B08JGBB9N1,B0CJ11X2MY,B07NDP7ZTX,B0D2MRK7G4,B0BNW2KC41,B0CRRGWXMS",Shorts
mens shorts nylon,,Y,,AC推荐词,0,1,B08JGBB9N1,,,,,,,,,"7,358",,9,,,,-,,,,,,,,,,,"Shorts, Nylon"
mens shorts mesh,男士短裤网眼,,,自然搜索词,0,2,B08JGBB9N1/B0C1365SJV,"1,423,526","1,311",43,3.31%,"29,174",599,1,0,"12,183",0.1,1,24.30%,0.00%,$1.25 ,$1.10 - $1.44,B0728KK8VK,10.80%,0.00%,B01ES40ZBW,9.50%,0.00%,B0036OS6KI,4.10%,0.00%,"B000J9YQOS,B01ES40ZBW,B07CZBPF1B,B00719ZR9M,B0CRQFLWT3,B08JGBB9N1,B0D1JYKPZW,B07NDP7HYC,B07TKLNDJQ,B0CRHF41F7","Mesh, Shorts"
mens shorts medium,男士短裤中号,,,自然搜索词,0,3,B0151E6WPQ/B08JGBB9N1/B09T3QHVVM,"2,335,018",821,23,2.86%,"20,550",318,1,0,"16,807",0.1,4,14.30%,0.00%,$1.26 ,$0.94 - $1.59,B08LT8LY5N,5.40%,0.00%,B0BNW23GRN,5.40%,0.00%,B07H5QPL1R,3.60%,0.00%,"B0CRHF41F7,B08JGBB9N1,B08LT8LY5N,B07NDP7ZTX,B08JTQP6VY,B07H5QPL1R,B01AK7Y12A,B0BNW23GRN,B07BPLHK9T,B0C26DW41Y",Shorts
mens shorts lululemon,,,,自然搜索词,0,1,B09P3T8X61,,,,,,,,,596,,3,,,,-,,,,,,,,,,,"lululemon, Shorts"
mens shorts lounge,,Y,,自然搜索词/AC推荐词,0,2,B08JGBB9N1/B09T3QHVVM,,,,,,,,,"2,261",,1,,,,-,,,,,,,,,,,"Shorts, Lounge"
mens shorts loose fit,,,,自然搜索词,0,4,B08JGBB9N1/B09T3QHVVM/B0BFDRQLNC/B0BFDTMBGP,,,,,,,,,"11,199",,8,,,,-,,,,,,,,,,,"Shorts, Loose Fit"
mens shorts lightweight,,,,自然搜索词,0,2,B09P3T8X61/B09T3QHVVM,,,,,,,,,"49,081",,9,,,,-,,,,,,,,,,,"Shorts, Lightweight"
mens shorts lee extreme motion,,,,SP广告词,0,1,B0BFDTMBGP,,,,,,,,,0,,0,,,,-,,,,,,,,,,,"Shorts, LEE"
mens shorts large,,,,自然搜索词,0,2,B00AKSCXEI/B09T3QHVVM,,,,,,,,,"45,527",,4,,,,-,,,,,,,,,,,"Large, Shorts"
mens shorts knee length,,,,自然搜索词,0,2,B0BLKN87V4/B0CHMN8TDS,,,,,,,,,"6,790",,3,,,,-,,,,,,,,,,,"Shorts, Knee Length"
mens shorts jogger,,,,SP广告词,0,1,B09P3T8X61,,,,,,,,,0,,0,,,,-,,,,,,,,,,,"Shorts, Jogger"
mens shorts hanes,,Y,,AC推荐词,0,2,B0151E6WPQ/B09T3QHVVM,,,,,,,,,124,,1,,,,-,,,,,,,,,,,"Shorts, Hanes"
mens shorts gym,男士短裤健身房,,,自然搜索词,0,2,B01AK7Y102/B08JGBB9N1,"1,125,001","1,930",60,3.15%,"55,666",935,2,0,"8,422",0.2,4,14.60%,2.50%,$1.37 ,$1.02 - $1.71,B0723CZCRJ,6.30%,1.20%,B09PYSSR6D,4.70%,1.20%,B08JLGKCB6,3.70%,0.00%,"B0CRHF41F7,B08JGBB9N1,B0CRRF28SH,B09PYSSR6D,B0723CZCRJ,B07H5P8M39,B085NF55WL,B01AK7XUGS,B0036OS6KI,B07NDP7HYC","Shorts, gym"
mens shorts for training,,,,自然搜索词,0,1,B09P3T8X61,,,,,,,,,0,,2,,,,-,,,,,,,,,,,"Shorts, Training"
mens shorts for short men,,,,自然搜索词,0,2,B01AK7Y102/B0C1365SJV,,,,,,,,,"61,597",,5,,,,-,,,,,,,,,,,"Shorts, Short"
mens shorts for exercise,,Y,,自然搜索词/AC推荐词,0,1,B08JGBB9N1,"2,335,017",998,27,2.74%,"26,402",379,1,0,"12,864",0.1,4,14.10%,0.00%,$1.34 ,$1.00 - $1.67,B079N49KN2,4.70%,0.00%,B0CRRGWXMS,4.70%,0.00%,B0D3XT936N,4.70%,0.00%,"B07H5QPL1R,B08JGBB9N1,B0CRRGWXMS,B0CRHF41F7,B09P3RHNSY,B0C12XJ159,B08CXW8ZJD,B09PYTHR82,B072JBQRLG,B00KUL0W1G",Shorts
mens shorts fleece,,,,自然搜索词,0,1,B0151E6WPQ,,,,,,,,,"2,511",,,,,,-,,,,,,,,,,,"Shorts, Fleece"
mens shorts elastic,,Y,,AC推荐词,0,2,B08JGBB9N1/B09T3QHVVM,,,,,,,,,"16,372",,1,,,,-,,,,,,,,,,,"Shorts, Elastic"
mens shorts dri fit,男士短裤 dri fit,Y,,自然搜索词/AC推荐词,0,1,B08JGBB9N1,"1,488,743","1,248",36,2.94%,"27,637",562,1,0,"1,739",0.7,25,9.30%,0.00%,$1.24 ,$0.95 - $1.37,B08LTB9SZW,4.10%,0.00%,B0BVSSX29K,3.00%,0.00%,B0BZPJW6G4,2.20%,0.00%,"B08JGBB9N1,B089N9WHYL,B07H5QPL1R,B08LTB9SZW,B085NF55WL,B08JTQP6VY,B0BQ1SVQNQ,B0B1LS2RCT,B07BPMTVPX,B0BZPJW6G4",Shorts
mens shorts drawstring,男士短裤抽绳,,,自然搜索词,0,1,B0151E6WPQ,"1,282,297","1,752",55,3.17%,"45,075",850,2,0,"6,082",0.3,4,17.40%,3.40%,$1.20 ,$0.91 - $1.32,B06XWMWW9D,9.10%,0.00%,B01JQTME5E,4.40%,2.30%,B0C26JCDM4,3.90%,1.10%,"B01JQTC81Y,B0C26JCDM4,B0BWNMWLJX,B07NF3V7M5,B09MW2F6CC,B0CRRDY4Q3,B01BUJ0LT4,B00M0QFMSW,B0CPY7GP4G,B0BLKKW3M4","Shorts, Drawstring"
mens shorts dickies,男士短裤,,,品牌广告词,0,1,B0BLKN87V4,"1,257,378","1,497",42,2.85%,"39,082",690,1,0,116,12.9,4,21.30%,1.70%,$0.99 ,$0.74 - $1.24,B00IEYGUHQ,8.30%,0.00%,B000N8X3SK,8.00%,1.70%,B0BQR24NV5,5.00%,0.00%,"B000N8X3T4,B00EC83JQ8,B0032YVLPE,B00EC87YQY,B00EC83IDW,B0011RP5Y2,B07NW15R8B,B005SZFAN4,B0BWGM3KS4,B08PQ2Y4MM","Shorts, Dickies"
mens shorts cotton with pockets,,Y,,AC推荐词,0,1,B0151E6WPQ,,,,,,,,,"12,783",,1,,,,-,,,,,,,,,,,"Cotton, Shorts"
mens shorts cotton,男式短裤纯棉,Y,,AC推荐词,0,1,B0151E6WPQ,"335,083","5,578",27,0.49%,"145,632","2,744",1,0,"8,246",0.7,11,10.20%,2.90%,$1.15 ,$0.87 - $1.45,B0151E6WPQ,4.00%,1.00%,B00M0QFGRY,3.20%,1.40%,B0151E6OUY,3.00%,0.50%,"B0151E6OUY,B09T3QJ8ZY,B00M0QFGRY,B00AKSCZ6Y,B0BVMXG7PM,B09DCTLVCC,B0D2S5ZFLV,B007PXVAKE,B07F27YVN8,B08L4XD1JB","Cotton, Shorts"
mens shorts comfy,,Y,,AC推荐词,0,2,B08JGBB9N1/B09T3QHVVM,,,,,,,,,"2,094",,9,,,,-,,,,,,,,,,,"Shorts, Comfy"
mens shorts clearance sale prime,男士短裤清仓促销 Prime,,,自然搜索词,0,1,B0C1365SJV,"2,112,864",867,28,3.31%,"21,476",384,1,0,"4,631",0.2,0,12.10%,0.00%,,-,B07H5QPL1R,5.20%,0.00%,B09SKWNB88,3.50%,0.00%,B0D2HDVHG8,3.50%,0.00%,"B0151E6TM2,B0CRHDB5DR,B0CQZ59GB4,B0C267HKW3,B0CQZ4TY9J,B08P66V2H4,B01BKSQV2G,B07WSRW8C2,B07TNT3LJB,B07CZBPFTM","Clearance, Shorts, Prime"
mens shorts clearance sale,男士短裤清仓大甩卖,,,自然搜索词,0,1,B08JGBB9N1,"1,166,060","1,417",35,2.52%,"42,395",579,1,0,"4,787",0.3,9,11.20%,0.00%,$1.01 ,$0.76 - $1.26,B0D1N4YL1L,5.10%,0.00%,B0D7D37CFF,3.40%,0.00%,B0D1N4FM74,2.70%,0.00%,"B0CRHDB5DR,B0D1N4YL1L,B0CRHR9D5R,B08JGBB9N1,B08P66V2H4,B0151E6TM2,B07WSRW8C2,B01IT4UQO8,B01AK7Y12A,B01BKSQV2G","Clearance, Shorts"
mens shorts cheap,,,,自然搜索词,0,2,B09T3QHVVM/B0C1365SJV,,,,,,,,,0,,0,,,,-,,,,,,,,,,,"Shorts, Cheap"
mens shorts champion,男子短裤冠军,Y,,AC推荐词/SP广告词,0,2,B00AKSCXEI/B01AK7Y102,"1,363,714","1,358",47,3.51%,"32,098",673,2,0,"3,078",0.4,4,29.30%,8.20%,$0.83 ,$0.62 - $1.04,B00KUL0W1G,18.40%,5.50%,B00AKSCZ6Y,7.80%,2.70%,B00AKSCZ1E,3.20%,0.00%,"B00AKSCZ1E,B000J9YQOS,B01AK7Y12A,B0009GA7U8,B07BYCM5MF,B08BX5PF5C,B0868VS5GY,B07DGMZLH1,B0CQ2ZJ5F8,B07TKLNDJQ","Shorts, Champion"
mens shorts casual stretch,男士短裤休闲弹力,,,自然搜索词,0,1,B09XQVCZ8B,"1,725,835",998,29,2.96%,"21,800",447,1,2,"4,362",0.2,4,15.60%,0.00%,$1.25 ,$0.94 - $1.58,B016Y8268U,7.80%,0.00%,B08JDTZRZM,4.70%,0.00%,B07HNWNXMK,3.10%,0.00%,"B016Y8268U,B075MXZ12G,B07HNWNXMK,B0D1G5SV9G,B096YLSDLP,B08JDX7HMX,B0CRZ8GGSH,B07711SDY4,B07HNVJCWR,B009CTUD0C","Shorts, Casual, Stretch"
mens shorts casual pack,,,,自然搜索词,0,1,B09T3QHVVM,"2,256,530",,,,,,,,0,,0,,,,-,,,,,,,,,,,"Pack, Casual, Shorts"
mens shorts casual elastic waist,,Y,,自然搜索词/AC推荐词,0,1,B09T3QHVVM,,,,,,,,,"8,572",,4,,,,-,,,,,,,,,,,"Shorts, Elastic, Casual, Elastic Waist"
mens shorts casual cotton,,,,自然搜索词,0,1,B09T3QHVVM,"2,418,956",,,,,,,,"5,527",,4,,,,-,,,,,,,,,,,"Cotton, Shorts, Casual"
mens shorts casual big and tall,男士短裤休闲大长腿,,,自然搜索词,0,1,B09T3QHVVM,"1,725,834","1,386",44,3.18%,"33,859",595,1,0,"18,234",0.1,3,10.80%,0.00%,$0.74 ,$0.56 - $1.07,B07HNWNXMK,3.60%,0.00%,B09SKWNB88,3.60%,0.00%,B0BGFVMW7R,3.60%,0.00%,"B07HNWNXMK,B0D1CVWWF6,B017YONTU2,B00BBW2YKU,B000OF2MA2,B0CWQM5WJ7,B00XKYM2AE,B0D2S3R2ZL,B07H5P8M39,B0831DQQ1G","Casual, big, Big And Tall, Tall, Shorts"
mens shorts bundle,,Y,,AC推荐词,0,1,B08JGBB9N1,"2,256,529",,,,,,,,231,,9,,,,-,,,,,,,,,,,Shorts
mens shorts bulk,男式短裤散装,Y,,自然搜索词/AC推荐词,0,2,B08JGBB9N1/B0C1365SJV,"2,335,015",607,21,3.48%,"14,183",303,1,0,"22,562",0,1,15.50%,11.10%,$0.83 ,$0.72 - $1.03,B0BNW4VZPK,6.70%,0.00%,B094FZQP4H,4.40%,11.10%,B07H5PTQML,4.40%,0.00%,"B0CRHF41F7,B08JGBB9N1,B0D2MRK7G4,B08LTC53FR,B094FZQP4H,B0BX7JC52G,B0BNW4VZPK,B07NF3G29P,B07NDP7HYC,B08JTQP6VY",Shorts
mens shorts basketball,男式短裤篮球,,,SP广告词,0,2,B0BFDSVMPF/B0C1365SJV,"1,187,509","1,982",60,3.08%,"49,887",973,2,1,"14,611",0.1,6,11.10%,0.00%,$1.24 ,$1.00 - $1.37,B07NDP7ZTX,4.60%,0.00%,B072JBQRLG,3.40%,0.00%,B01AK7Z5BG,3.20%,0.00%,"B08JG3T2SY,B07NDP7ZTX,B01AK7Z5BG,B07BPLHK9T,B0036OS6LC,B0D46GM438,B08LTBN75C,B0723CZCRJ,B08S99RBHL,B082BH9758","Basketball, Shorts"
mens shorts athleticv,,,,自然搜索词,0,1,B0BFDRQLNC,,,,,,,,,0,,0,,,,-,,,,,,,,,,,"Athletic, Shorts"
mens shorts athletic with pockets,,,,自然搜索词,0,1,B0C1365SJV,,,,,,,,,0,,0,,,,-,,,,,,,,,,,"Athletic, Shorts"
mens shorts athletic pack,男式短裤运动包,,,自然搜索词,0,1,B0C1365SJV,"2,335,014",638,20,3.20%,"18,753",294,1,0,"7,342",0.1,6,17.00%,0.00%,$1.29 ,$0.98 - $1.62,B0CRH9JKV4,6.40%,0.00%,B0CRHF41F7,6.40%,0.00%,B072JBQRLG,4.30%,0.00%,"B0CRHF41F7,B08JGC1D2G,B07NDP7ZTX,B08LT9MJM2,B07H5QPL1R,B0CRRF28SH,B0BX7JC52G,B08JTQP6VY,B0CRQFLWT3,B0D3P9XTKV","Athletic, Pack, Shorts"
mens shorts athletic 9 inch,,Y,,AC推荐词,0,2,B00AKSCXEI/B08JGBB9N1,"1,681,545","1,149",31,2.76%,"29,211",494,1,0,"42,492",0,4,14.70%,4.60%,$1.36 ,$0.98 - $1.57,B0BFDVJ414,5.90%,4.60%,B0BFDRQLNC,4.40%,0.00%,B0BVTGTKQC,4.40%,0.00%,"B0BFDVJ414,B08P57B616,B0CX54JVDP,B0BVT9V2XD,B000JC0YJQ,B00AKSCXEI,B08JT243GF,B0CRHF41F7,B08JGBB9N1,B00719ZR9M","Athletic, Shorts"
mens shorts amazon basics,,,,自然搜索词,0,1,B09T3QHVVM,,,,,,,,,"1,877",,1,,,,-,,,,,,,,,,,"Amazon, Shorts"
mens shorts amazon,男士短裤亚马逊,,,自然搜索词,0,2,B00AKSCXEI/B0151E6WPQ,"2,335,013",719,21,2.96%,"15,875",341,1,0,"4,178",0.2,1,19.20%,7.10%,$0.99 ,$0.74 - $1.24,B0CZRSBVT4,9.60%,0.00%,B06XWMC24B,5.80%,0.00%,B07F2B45Z6,3.90%,7.10%,"B0728KK8VK,B07F27YVN8,B06XWMC24B,B08JDWSNWX,B07752LYQS,B01JQTM148,B096YLSDLP,B07FHBNY51,B07DZVVBSK,B08JDX7MRF","Amazon, Shorts"
mens shorts active,,,,自然搜索词,0,1,B08JGBB9N1,,,,,,,,,"11,529",,9,,,,-,,,,,,,,,,,"Shorts, Active"
mens shorts 9 inch inseam athletic,,,,自然搜索词,0,4,B00AKSCXEI/B01AK7Y102/B08JGBB9N1/B0C4GV51WK,,,,,,,,,"1,939",,4,,,,-,,,,,,,,,,,"Athletic, Shorts, Inseam"
mens shorts 9 inch,男式短裤 9 英寸,,,自然搜索词,0,2,B00AKSCXEI/B0BFDRQLNC,"1,166,059","1,319",44,3.37%,"30,002",651,1,0,"2,912",0.5,4,13.00%,3.50%,$1.29 ,$1.05 - $1.60,B01JQTN8SQ,4.90%,1.80%,B07FHB3M9W,4.20%,0.00%,B0CSPV7417,3.90%,1.80%,"B01JQTN8SQ,B0C4YLNGRV,B0CSPV7417,B016Y825WW,B08JDTV536,B0CRKD7JZY,B07FHB3MGG,B08NX99GH4,B0CX54JVDP,B07QY8DPNC",Shorts
mens shorts 7 inseam,男士短裤 7 inseam,,,自然搜索词,0,1,B09P3T8X61,"2,112,863",653,22,3.42%,"14,146",296,1,0,"8,471",0.1,1,14.60%,0.00%,$1.24 ,$0.93 - $1.54,B08JDTJLBH,6.30%,0.00%,B07F282RK2,4.20%,0.00%,B0C4YPY5K5,4.20%,0.00%,"B07F282RK2,B0BXWDK38F,B0C4YPY5K5,B08JDYVDRB,B0D1GB9TZ4,B07FHBCC58,B0BPLWM5QP,B08JDWY3KJ,B0C1TXY8W2,B09DCVRMX6","Shorts, Inseam"
mens shorts 7 inch inseam athletic,,,,自然搜索词,0,2,B08JGBB9N1/B09XQVCZ8B,,,,,,,,,"1,927",,6,,,,-,,,,,,,,,,,"Athletic, Shorts, Inseam"
mens shorts 50 inch waist,,,,自然搜索词,0,1,B0151E6WPQ,,,,,,,,,0,,0,,,,-,,,,,,,,,,,Shorts
mens shorts 4xl big and tall,,Y,,自然搜索词/AC推荐词,0,1,B09T3QHVVM,,,,,,,,,"2,027",,4,,,,-,,,,,,,,,,,"big, Shorts, Big And Tall, Tall"
mens shorts 4xl,男士短裤 4xl,Y,,自然搜索词/AC推荐词,0,1,B09T3QHVVM,"2,047,447",976,26,2.72%,"19,553",435,1,0,"1,412",0.7,4,17.50%,0.00%,$1.22 ,$0.86 - $1.49,B08D2TC7BT,7.90%,0.00%,B09T3R84XZ,4.80%,0.00%,B0BZHDP4VX,4.80%,0.00%,"B09T3QHVVM,B0945GZPMB,B0BZHDP4VX,B08LTBN75C,B0058CUV3G,B08X1RP36Y,B01DL9UJXE,B09GYJ7SMW,B0BX7LHL7R,B01F2B1DHA",Shorts
mens shorts 44 waist,男士短裤44腰,,,SP广告词,0,1,B0BFDTMBGP,"1,488,741","1,076",30,2.81%,"27,481",473,1,0,"4,991",0.2,4,24.30%,4.80%,$0.93 ,$0.82 - $1.03,B01JQTNVII,10.60%,0.00%,B017YONSXA,7.60%,4.80%,B01CE0JXCE,6.10%,0.00%,"B01CE0JXCE,B017YONSXA,B01JQTNVII,B07YP9G56P,B008I5802E,B07QX5YFCG,B06Y62ZJZ6,B01N7INH2B,B001SOIZ86,B0CB8D1LQ8",Shorts
mens shorts 3xl,男士短裤 3xl,Y,,自然搜索词/AC推荐词,0,1,B08JGBB9N1,"1,560,538","1,583",46,2.94%,"44,882",766,2,0,"5,207",0.3,3,8.60%,0.00%,$0.93 ,$0.76 - $1.26,B094692JQ8,3.20%,0.00%,B08JGBB9N1,2.90%,0.00%,B08D2TC7BT,2.50%,0.00%,"B08JGBB9N1,B08D2TC7BT,B0CRRDY4Q3,B077XQMB7G,B08D366S6N,B000MNA0NW,B01BUJ0JVY,B01F2B1EIS,B094692JQ8,B09T3Q8N7W",Shorts
mens shorts 34 waist,男士短裤34腰,,,SP广告词,0,1,B0BFDTMBGP,"1,772,514",976,26,2.69%,"26,983",428,1,0,"2,000",0.5,4,19.10%,5.90%,$1.25 ,$0.94 - $1.58,B0BQR24NV5,7.90%,0.00%,B08JDX7HRH,6.40%,0.00%,B01JQTB3PG,4.80%,5.90%,"B00XKYLJA8,B01JQTB3PG,B08TB6BXH2,B009CTUD16,B082TJ8LV7,B00XKY8I7K,B016Y8263A,B08RBJW44G,B01JQTAIAW,B01IT4UQOI",Shorts
mens shorts 2xl,,,,自然搜索词,0,1,B0BLKN87V4,,,,,,,,,"4,441",,4,,,,-,,,,,,,,,,,Shorts
mens shorts 2 pack,男式短裤2包,,,自然搜索词,0,1,B08JGBB9N1,"1,928,589",338,8,2.58%,"7,098",138,1,0,"12,764",0,4,22.80%,0.00%,$1.20 ,$0.89 - $1.50,B09PYSSR6D,8.60%,0.00%,B0CSNGJ5QG,8.60%,0.00%,B0C24YNMFN,5.70%,0.00%,"B0CSN9VJZN,B09PYTB8SD,B0728KK8VK,B09T3QPWDJ,B0CNVQT7JY,B0BNW3ZH4Q,B09W9J74JC,B0C9MDHMXM,B08LT98HPS,B00M0QFGRY","Pack, Shorts"
mens shorte,,,,自然搜索词,0,2,B09T3QHVVM/B0BLKN87V4,,,,,,,,,"44,460",,4,,,,-,,,,,,,,,,,Short
mens shortd,男士短裤,,,自然搜索词,0,2,B09T3QHVVM/B0BLKN87V4,"1,393,101","1,407",44,3.18%,"33,417",634,1,0,"44,315",0,9,6.90%,3.30%,$1.15 ,$0.87 - $1.45,B08JGBB9N1,3.10%,1.70%,B016Y825ZE,2.10%,0.00%,B078W113QW,1.70%,1.70%,"B07YP9TWCX,B07H5QPL1R,B016Y820AY,B0151E6PB2,B01JQTB3PG,B078W113QW,B0C26D741D,B08TB8595Q,B082TJ8LV7,B009CTU8CA",Short
mens short pack,男式短包,Y,,自然搜索词/AC推荐词,0,1,B08JGBB9N1,"2,047,442",140,4,3.08%,"3,675",65,1,0,"19,632",0,1,18.20%,33.30%,$1.01 ,$0.79 - $1.13,B08JGBB9N1,6.10%,16.70%,B0BNW29CRN,6.10%,16.70%,B07NDP7ZTX,6.10%,0.00%,"B0CRHF41F7,B08JGBB9N1,B0BNW29CRN,B08LT8LY5N,B07H5QPL1R,B0CJ11X2MY,B0D2MRK7G4,B0D2S385WC,B0CRRGWXMS,B07NDP7ZTX","Pack, Short"
mens short gym shorts,,,,自然搜索词,0,1,B08JGBB9N1,,,,,,,,,"8,602",,4,,,,-,,,,,,,,,,,"Shorts, gym, Short"
mens shoets,男鞋,,,自然搜索词,0,3,B09T3QHVVM/B0BLKN87V4/B0C1365SJV,"1,069,023","1,684",43,2.59%,"47,958",696,1,0,"43,123",0,4,8.00%,2.60%,$1.30 ,$0.98 - $1.63,B08JGBB9N1,3.40%,1.30%,B07H5QPL1R,2.60%,0.00%,B078W113QW,2.00%,1.30%,"B07YP9TWCX,B07H5QPL1R,B016Y820AY,B0151E6PB2,B01JQTB3PG,B078W113QW,B0C26D741D,B08TB8595Q,B082TJ8LV7,B009CTU8CA",
mens sequin shorts,男士亮片短裤,,,视频广告词,0,1,B0BFDTMBGP,"2,418,937",140,4,3.37%,"3,987",62,1,0,590,0.2,0,24.10%,0.00%,$0.40 ,$0.30 - $0.50,B0BX3C3G52,10.30%,0.00%,B0BX3B954J,6.90%,0.00%,B0BX3Q79W4,6.90%,0.00%,"B0BX3DXWMB,B0D126V9G2,B0BTX6P1GZ,B0BX3Q79W4,B0CF1DZQYF,B0C236F72X,B0C6MDDT8R,B0CGTZVCKZ,B0BYRV2P12,B0D14V8Z1K","Shorts, Sequin"
mens sale,,,,视频广告词,0,1,B0BFDTMBGP,,,,,,,,,"4,976",,0,,,,-,,,,,,,,,,,
mens russell shorts,,,,自然搜索词,0,1,B09XQVCZ8B,,,,,,,,,223,,1,,,,-,,,,,,,,,,,"Shorts, russell"
mens running shorts nike,,,,自然搜索词,0,1,B09P3T8X61,,,,,,,,,624,,5,,,,-,,,,,,,,,,,"Shorts, Running, NIKE"
mens running short,男装缺货,,,自然搜索词,0,1,B09XQVCZ8B,"2,182,203",653,18,2.85%,"13,350",292,1,2,"13,672",0.1,8,16.70%,0.00%,$1.65 ,$1.24 - $2.06,B08XM7421N,8.30%,0.00%,B07R1J9J3J,4.20%,0.00%,B09PYVH5XT,4.20%,0.00%,"B08XM7421N,B094F825VS,B0BFDSB9YG,B0C12XJ159,B073P3HRXJ,B09PYTB8SD,B0872XZ3KD,B09VBK13ZV,B07R1J9J3J,B09PYR7WHV","Running, Short"
mens running clothes,男式跑步服,,,自然搜索词,0,1,B09P3T8X61,"1,599,031",771,20,2.62%,"19,840",354,1,0,"28,534",0,9,14.80%,16.70%,$0.87 ,$0.74 - $1.00,B082XSM4BC,7.40%,0.00%,B0BFDVFFF3,3.70%,16.70%,B082VVNPCL,3.70%,0.00%,"B07815JCHQ,B07DRMT92L,B0CSWHJ9BS,B082VVNPCL,B09WXSHZZK,B01MA6CY8L,B07NWXDLVX,B07VTSD48H,B083463RFH,B09VBRK6DZ",Running
mens rugby shorts,男式橄榄球短裤,,,自然搜索词,0,1,B00AKSCXEI,"1,725,818",507,17,3.37%,"11,475",229,1,0,"15,136",0,9,30.00%,0.00%,$1.01 ,$0.81 - $1.37,B019I97M1S,15.00%,0.00%,B019R613PI,7.50%,0.00%,B09G272YSB,7.50%,0.00%,"B00D6JQFWY,B019R613PI,B019I97RAO,B0CT2NTHC4,B07L23GK4K,B019H78G70,B00D6JQH40,B089PJ47T6,B09G272YSB,B0CNXLYXL4","Shorts, Rugby"
mens quicksilver shorts,,,,SP广告词,0,1,B0BFDRQLNC,,,,,,,,,334,,24,,,,-,,,,,,,,,,,"Shorts, Silver"
mens prime day,,,,视频广告词,0,1,B0BFDTMBGP,,,,,,,,,"18,574",,5,,,,-,,,,,,,,,,,Prime
mens pink basketball shorts,,,,自然搜索词,0,1,B0C1365SJV,,,,,,,,,"1,697",,0,,,,-,,,,,,,,,,,"Basketball, Shorts, Pink"
mens pink athletic shorts,,,,自然搜索词,0,1,B0C1365SJV,,,,,,,,,977,,6,,,,-,,,,,,,,,,,"Athletic, Shorts, Pink"
mens pickleball shorts,男士泡菜球短裤,,,自然搜索词,0,1,B08JGBB9N1,"1,166,043","1,395",39,2.85%,"29,165",585,1,0,325,4.3,0,16.70%,0.00%,$1.29 ,$0.98 - $1.62,B0C66789T5,6.90%,0.00%,B0BFDV4HHP,6.30%,0.00%,B0BZPJW6G4,3.50%,0.00%,"B09P3V2ZCD,B0937K3RQ7,B095GD1JG6,B0C66789T5,B0BZPJW6G4,B07H5Q7BNT,B09VBRK6DZ,B09PYR7WHV,B08CBKC4B7,B082XS37JW","Shorts, pickleball"
mens pajama shorts with pockets,男式带口袋睡衣短裤,,,自然搜索词,0,1,B09T3QHVVM,"2,047,400",623,19,3.05%,"15,833",284,1,0,"1,717",0.4,23,15.20%,0.00%,,-,B09T3QHVVM,6.50%,0.00%,B00M0QH7BC,4.40%,0.00%,B00RFHM21G,4.40%,0.00%,"B00RFHM1H6,B07RJSL1TL,B07C443M38,B07HFGWQX6,B08VFC3W7S,B07PP86MLM,B0CSDKLR3L,B09T3QHVVM,B0CJK29BS1,B09KP1SG8Q","Shorts, Pajama"
mens pack of shorts,男装短裤,Y,,自然搜索词/AC推荐词,0,2,B08JGBB9N1/B0C1365SJV,"1,681,516",796,25,3.22%,"21,655",396,1,0,"18,230",0,1,14.60%,11.10%,$0.98 ,$0.75 - $1.15,B08LT8LY5N,7.30%,0.00%,B0BNW2Q62D,3.60%,11.10%,B0728KK8VK,3.60%,0.00%,"B0CRHF41F7,B08JGBB9N1,B0BNW29CRN,B08LT8LY5N,B0CJ11X2MY,B0D2S5ZFLV,B0BX7JC52G,B07NDP7ZTX,B0BNW2KC41,B07H5QPL1R","Pack, Shorts"
mens olive green shorts,,,,SP广告词,0,1,B09WMYXNJ9,,,,,,,,,"1,033",,4,,,,-,,,,,,,,,,,"Olive, Green, Shorts"
mens nylon shorts with pockets,男士带口袋尼龙短裤,Y,,AC推荐词,0,1,B08JGBB9N1,"2,112,818",746,24,3.26%,"15,901",360,1,0,"4,986",0.2,8,13.20%,5.90%,$1.29 ,$0.98 - $1.62,B01ES419IU,5.70%,0.00%,B08JGBB9N1,3.80%,5.90%,B072JBQRLG,3.80%,0.00%,"B08JGBB9N1,B00719ZSHS,B0CRHF41F7,B0723CZCQT,B0CJ1D8N79,B08RHQ8YX9,B01ES415H0,B08JTQP6VY,B0CRHR9D5R,B08D2QCQT7","Nylon, Shorts"
mens nylon shorts 7 inch inseam,,,,自然搜索词,0,1,B09P3T8X61,,,,,,,,,642,,4,,,,-,,,,,,,,,,,"Nylon, Shorts, Inseam"
mens nylon gym shorts,,,,自然搜索词,0,1,B09P3T8X61,,,,,,,,,0,,0,,,,-,,,,,,,,,,,"Nylon, gym, Shorts"
mens nike workout shorts,男士耐克运动短裤,,,自然搜索词,0,2,B09P3T8X61/B09XQVCZ8B,"1,986,433",571,18,3.18%,"15,946",242,1,0,"1,587",0.4,10,27.90%,0.00%,$1.37 ,$1.24 - $1.50,B087M3MJ1L,14.00%,0.00%,B087LTC1XS,9.30%,0.00%,B082XS8ZZ4,4.70%,0.00%,"B07BPL162D,B087M3MJ1L,B071WL718C,B01AK7Z2AU,B09CPFXGD2,B09XQVCZ8B,B001MB1MPS,B07CZC664D,B07FKCHLJH,B09P3T8X61","Workout, NIKE, Shorts"
mens nike shorts 7 inch,男式耐克短裤 7 英寸,,,自然搜索词,0,1,B09P3T8X61,"1,105,665","1,346",39,2.98%,"33,368",550,1,0,498,2.7,5,20.30%,0.00%,$1.42 ,$1.07 - $1.78,B087M3MJ1L,8.10%,0.00%,B09YNWPHT2,6.80%,0.00%,B07FKCHLJH,5.40%,0.00%,"B087M3MJ1L,B089MMJ8DL,B07BPMTJGY,B09YNWPHT2,B08BX5PF5C,B0B6KXL23R,B07FKCHLJH,B0C13GRWR8,B0B617HLWR,B0C1JKXQJW","Shorts, NIKE"
mens nike gym shorts,,,,自然搜索词,0,1,B09XQVCZ8B,,,,,,,,,"1,709",,5,,,,-,,,,,,,,,,,"Shorts, NIKE, gym"
mens nike athletic shorts,男士耐克运动短裤,,,SP广告词,0,1,B01AK7Y102,"1,681,509","1,109",35,3.24%,"32,291",474,1,0,"3,343",0.3,5,13.40%,11.10%,$1.45 ,$1.09 - $1.80,B07QV7SBW7,4.50%,11.10%,B087M3MJ1L,4.50%,0.00%,B09XLLS58S,4.50%,0.00%,"B07BPL162D,B087M3MJ1L,B01AK7XJS2,B077XLKW1K,B072118MKS,B07CZC664D,B09CPFXGD2,B089MMJ8DL,B0BSMVH7VN,B000J9YQOS","Athletic, Shorts, NIKE"
mens night shorts,男士睡裤,,,自然搜索词,0,1,B09T3QHVVM,"1,210,069","1,425",44,3.10%,"36,914",609,1,0,923,1.5,1,10.90%,0.00%,$0.95 ,$0.72 - $1.20,B07PM93Y17,4.10%,0.00%,B072JBQRLG,3.40%,0.00%,B07PP9RPC7,3.40%,0.00%,"B07RJSL1TL,B07PM92MH2,B0C2911HYL,B0151E6PB2,B08L4X2BJX,B07C4455RT,B00B17P5HO,B0CJJZZ51Z,B01M0EZ6WN,B0CRMPLPSD",Shorts
mens mesh pajamas,,,,SP广告词,0,1,B09WMZR2XM,,,,,,,,,0,,89,,,,-,,,,,,,,,,,"Mesh, Pajamas"
mens mesh gym shorts,男士网眼健身短裤,,,自然搜索词,0,1,B08JGBB9N1,"1,560,493","1,091",30,2.81%,"26,384",449,1,0,"2,357",0.5,9,11.80%,0.00%,$1.21 ,$0.93 - $1.36,B00719ZAE4,4.40%,0.00%,B0CRQFLWT3,4.40%,0.00%,B000JC0YJQ,2.90%,0.00%,"B000J9YQOS,B01ES4116U,B00719ZR9M,B08JTQP6VY,B0CRQFLWT3,B0723CZCQT,B0CT271DJC,B07NDP7ZTX,B086ZDRRFT,B08JGBB9N1","Mesh, Shorts, gym"
mens mesh basketball shorts with pockets,,,,自然搜索词,0,1,B0C1365SJV,,,,,,,,,"53,620",,6,,,,-,,,,,,,,,,,"Basketball, Mesh, Shorts"
mens mesh athletic shorts,,,,自然搜索词,0,3,B00AKSCXEI/B0BFDRQLNC/B0C1365SJV,,,,,,,,,"4,134",,24,,,,-,,,,,,,,,,,"Athletic, Mesh, Shorts"
mens lululemon shorts doop,,,,SP广告词,0,1,B09P3T8X61,"1,363,679","1,314",43,3.28%,"27,227",633,1,0,363,3.6,5,24.30%,0.00%,$1.37 ,$1.02 - $1.73,B0BLRWCWCB,11.50%,0.00%,B0BPS8T2ZV,7.70%,0.00%,B0B82LMY6W,5.10%,0.00%,"B0BLRWCWCB,B09CGXNN69,B0B82LMY6W,B08RN53G8T,B0B8NQJDD1,B09XQWCCGR,B0C1JKXQJW,B08CXW8ZJD,B08P6FF14Y,B0CTMJBPKL","lululemon, Shorts"
mens lululemon dupe,,,,自然搜索词,0,1,B09XQVCZ8B,,,,,,,,,196,,5,,,,-,,,,,,,,,,,"lululemon, Dupe"
mens lounging shorts,男士休闲短裤,Y,,AC推荐词,0,2,B0151E6WPQ/B09T3QHVVM,"1,393,057","1,183",37,3.18%,"29,323",541,1,0,"1,942",0.6,0,20.60%,7.10%,$1.20 ,$1.00 - $1.32,B072JBQRLG,11.80%,0.00%,B0151E6OUY,4.40%,7.10%,B07RDL93KQ,4.40%,0.00%,"B07PM92MH2,B07RJSL1TL,B08JGC1D2G,B09T3QHVVM,B0151E6WPQ,B08JTQP6VY,B0CJJZZ51Z,B07HFGBPH8,B07H5P8M39,B012VOXUQ8",Shorts
mens loose shorts,男士宽松短裤,Y,,AC推荐词,0,2,B08JGBB9N1/B09T3QHVVM,"2,112,796",338,12,3.64%,"7,477",167,1,0,"13,262",0,3,17.10%,0.00%,$1.00 ,$0.66 - $1.17,B00OTMA7JO,5.70%,0.00%,B078VZGQH7,5.70%,0.00%,B08C2Q49MR,5.70%,0.00%,"B08JGBB9N1,B000MND7A0,B09T3QHVVM,B0723CZCQT,B085DZVM4B,B0151E6TM2,B078VZGQH7,B00XKY8LNG,B00719ZGNO,B082TJ2RNH",Shorts
mens long shorts knee length,男士长裤及膝长度,,,自然搜索词,0,1,B0CHMN8TDS,"1,145,452","1,631",58,3.57%,"39,440",625,2,0,"4,220",0.4,111,12.30%,1.20%,$1.15 ,$0.87 - $1.45,B082TJ2RNH,4.40%,0.00%,B076HDT46F,4.10%,0.00%,B09VT587SP,3.80%,1.20%,"B082TJ2RNH,B0CWP4N64D,B09VT587SP,B00PI5FJHG,B009CTUD16,B076HDT46F,B0868SS9SZ,B077SP15PG,B089GTF648,B00EC88E4K","Long, Shorts, Knee Length"
mens long gym shorts,,,,自然搜索词,0,1,B01AK7Y102,,,,,,,,,"4,544",,0,,,,-,,,,,,,,,,,"Long, Shorts, gym"
mens lined shorts 9 inch inseam,,,,自然搜索词/SP广告词,0,3,B09P3T8X61/B0BFDSVMPF/B0CHMN8TDS,,,,,,,,,"11,561",,0,,,,-,,,,,,,,,,,"Shorts, Inseam, Lined"
mens lightweight sleep shorts,,,,自然搜索词,0,1,B09T3QHVVM,"2,334,926",623,22,3.55%,"13,577",244,1,0,"2,115",0.3,1,21.70%,0.00%,$1.34 ,$0.93 - $1.91,B07HFGB9N2,8.70%,0.00%,B09T3QHVVM,6.50%,0.00%,B09T3QJ8ZY,6.50%,0.00%,"B08QZ2PQ2R,B07HFGB9N2,B07RJSL1TL,B09V6J2GB7,B09T3QHVVM,B0CJJZZ51Z,B0CKLXNDXL,B0151E6XTG,B07C3TBJWC,B095Z2PYQZ","Shorts, Lightweight"
mens lightweight breathable cotton blend polo shirts,,,,SP广告词,0,1,B09WMZR2XM,,,,,,,,,0,,21,,,,-,,,,,,,,,,,"Cotton, Lightweight, Breathable, Blend"
mens letter print shorts,,,,SP广告词,0,1,B09P3T8X61,,,,,,,,,"2,779",,26,,,,-,,,,,,,,,,,"Shorts, Letter"
mens leisure shorts,,,,自然搜索词,0,1,B09T3QHVVM,,,,,,,,,"1,906",,4,,,,-,,,,,,,,,,,"Shorts, Leisure"
mens large shorts,男士大短裤,,,自然搜索词,0,3,B00AKSCXEI/B09T3QHVVM/B0C4GV51WK,"1,002,581","1,708",48,2.85%,"50,736",698,2,0,"16,804",0.1,4,8.70%,5.50%,$1.01 ,$0.80 - $1.24,B0CRHF41F7,3.80%,3.60%,B07NDP7ZTX,2.60%,0.00%,B07NDP7HYC,2.30%,1.80%,"B0CRHF41F7,B08JG3T2SY,B0CRRGWXMS,B07NDP7ZTX,B07H5PTQML,B0D2XLMYGW,B0151E6PB2,B08TB8595Q,B08LTBLD95,B08JTQP6VY","Large, Shorts"
mens lacrosse shorts,,,,自然搜索词/SP广告词,0,1,B09P3T8X61,,,,,,,,,0,,23,,,,-,,,,,,,,,,,Shorts
mens l,,,,SP广告词,0,1,B0BFDSVMPF,,,,,,,,,0,,0,,,,-,,,,,,,,,,,
mens kahki shorts,男士卡其色短裤,,,品牌广告词,0,1,B0BLKN87V4,"1,308,415","1,238",41,3.33%,"32,411",615,1,0,"3,036",0.4,9,23.00%,5.00%,$1.25 ,$0.93 - $1.47,B016Y825YU,8.10%,5.00%,B07F2N46GF,8.10%,0.00%,B0D918R8D8,6.80%,0.00%,"B01JQTN8SQ,B016Y8263A,B0C26D741D,B08RBHVS7K,B07FHBQPMC,B009CTUBFE,B00XKYM95C,B07HNVJCWR,B08JDX1F3Z,B0CRZ8NDFG",Shorts
mens jorts,男装,,,SP广告词,0,1,B0B4RQCZR1,"87,890","19,656",518,2.65%,"487,700","7,945",12,0,678,29,43,21.30%,1.40%,$1.13 ,$0.86 - $1.41,B08P55PW83,7.60%,0.00%,B01BGYIDQG,7.40%,1.40%,B096WWVCV8,6.40%,0.00%,"B01BGYIDQG,B08P55PW83,B075MRNRJC,B08M4BY2JB,B00XKXYWDA,B0CQZ4LT8F,B095XG2MBT,B0C9911NCF,B000CESGAU,B07F112ZRK",jorts
mens hybrid,,,,SP广告词,0,1,B0BFDSVMPF,,,,,,,,,0,,0,,,,-,,,,,,,,,,,
mens hunting,男子狩猎,,,视频广告词,0,1,B0BFDTMBGP,"2,256,417","1,450",59,4.08%,"38,527",557,2,0,"44,441",0,9,12.30%,12.50%,$1.16 ,$0.80 - $1.41,B06XCF4LQ3,4.90%,12.50%,B09DK1NCZG,3.70%,0.00%,B0C2C39BMJ,3.70%,0.00%,"B09YMG4J7X,B09V7CNT3K,B06XCF4LQ3,B07W6CY5RZ,B0CFQYP7GX,B07NK3XJPZ,B0BD79MSB4,B0BFRV5QR7,B07N81HGLT,B0CJLBX54S",
mens hot pink shorts,男式热粉色短裤,,,自然搜索词,0,1,B0C1365SJV,"1,873,636",432,13,3.17%,"9,181",204,1,0,645,0.7,0,29.70%,25.00%,$1.15 ,$0.87 - $1.45,B0CPYBTWBQ,10.80%,12.50%,B08XXC9NRM,10.80%,0.00%,B089PK61LW,8.10%,12.50%,"B089PK61LW,B0CPYBXPTW,B08XXC1959,B077JW4T1S,B0C1TXQYMY,B07YF4XSQ2,B09NHR5S76,B0C2PMR9FD,B0C8LTZKS3,B0CBLQXKWP","Hot, Shorts, Hot pink, Pink"
mens hanes,男装,,,自然搜索词,0,1,B0151E6WPQ,"1,233,447","1,506",39,2.63%,"40,208",663,1,3,"6,153",0.2,0,18.10%,3.10%,$2.75 ,$2.06 - $3.49,B086KYKR6Q,8.40%,3.10%,B086L316XC,4.80%,0.00%,B086L4BXZC,4.80%,0.00%,"B086KYKR6Q,B086L1PM9P,B086L77BVP,B09FCKXM5Q,B00ACIGNMY,B00CAXQV3K,B00L6TPSHY,B08H3CSNWW,B09R829YGL,B0BQZ7QBPZ",Hanes
mens gym wear,,,,自然搜索词,0,2,B08JGBB9N1/B09P3T8X61,,,,,,,,,"26,145",,10,,,,-,,,,,,,,,,,gym
mens gym shorts under armour,男士运动短裤 under armour,,,自然搜索词,0,3,B01AK7Y102/B09XQVCZ8B/B0C4GS3QJD,"1,928,501",571,17,3.09%,"15,450",275,1,0,199,2.9,4,32.60%,0.00%,$1.45 ,$1.29 - $1.75,B0728BNL9X,14.00%,0.00%,B0714D4Q4B,11.60%,0.00%,B0942X45Y3,7.00%,0.00%,"B0942X45Y3,B082BGKDV1,B07CZCCGY8,B0942R17Z5,B0C12XJ159,B089MQNZ41,B08875T7XG,B09X6J9T51,B093LV4DT1,B093MJ3S5Z","Shorts, gym, Under Armour"
mens gym shorts pack,男士健身短裤包,,,自然搜索词,0,3,B0151E6WPQ/B01AK7Y102/B08JGBB9N1,"1,124,966","1,284",32,2.52%,"26,234",530,1,0,"8,317",0.2,1,12.70%,1.70%,$1.10 ,$0.91 - $1.29,B0CRHF41F7,6.00%,0.00%,B0BNW2Q62D,4.20%,1.70%,B0BWQD4FF9,2.50%,0.00%,"B0CRHF41F7,B08JGBB9N1,B07H5P8M39,B07NDP7HYC,B086ZDRRFT,B0BNW29F6Z,B0CHZZR6Q6,B08JT243GF,B08LTBLD95,B0CRQFLWT3","Pack, gym, Shorts"
mens gym shorts nike,男士健身短裤耐克,,,自然搜索词,0,1,B09XQVCZ8B,"2,182,109",432,12,2.96%,"9,130",189,1,0,669,0.7,5,18.90%,0.00%,$1.39 ,$1.04 - $1.75,B00KUL0W1G,8.10%,0.00%,B07C93ZRT9,5.40%,0.00%,B087M3MJ1L,5.40%,0.00%,"B07BPMTVPX,B087M3MJ1L,B01AK7XJS2,B0B6JTW2F5,B071WL718C,B07CZC664D,B08JTQP6VY,B07NJNRHL5,B09PG3R54G,B01JIPGJMU","Shorts, NIKE, gym"
mens gym shorts 7 inch,男士健身短裤 7 英寸,,,自然搜索词,0,1,B09P3T8X61,"2,112,760","1,227",41,3.40%,"29,646",595,1,0,"1,846",0.7,4,16.20%,0.00%,$1.35 ,$1.14 - $1.59,B085NF55WL,8.80%,0.00%,B0BFDV4HHP,4.40%,0.00%,B08GLXZSV7,2.90%,0.00%,"B0BXWDK38F,B085NF55WL,B0CRQFLWT3,B0D1C18PXQ,B0BN58FBLH,B0BZPMDBPM,B0D3P9XTKV,B09NY1DK1N,B0CJSM512X,B0BVMW2HZX","Shorts, gym"
mens gym shorts 6 inch inseam,男士健身短裤 6 英寸内缝,,,自然搜索词,0,1,B08JGBB9N1,"2,256,405",796,24,3.13%,"21,883",393,1,0,673,1.2,4,14.50%,0.00%,$1.25 ,$0.94 - $1.58,B0915MJDN5,5.50%,0.00%,B0BZ8QPQVY,5.50%,0.00%,B07R1J9J3J,3.60%,0.00%,"B0BZ8QPQVY,B08LG561T3,B0882T8F6C,B09VGV4ST3,B09PYTB8SD,B09LTRJRP2,B09VBK13ZV,B0CW1T9143,B08SCD4RJG,B0C1JKXQJW","Shorts, gym, Inseam"
mens gym short,男士健身房短裤,Y,,自然搜索词/AC推荐词,0,2,B01AK7Y102/B08JGBB9N1,"1,986,378",867,31,3.64%,"22,343",426,1,1,"8,316",0.1,4,17.20%,10.50%,$1.46 ,$1.10 - $1.83,B01AK7Y102,6.90%,10.50%,B09PYSSR6D,6.90%,0.00%,B0BRCL4VRD,3.50%,0.00%,"B0CRHF41F7,B08JGBB9N1,B09PYSSR6D,B0CRRF28SH,B0036OS6KI,B085NF55WL,B01AK7Y102,B07H5QPL1R,B09LTQWRV7,B0151E6XTG","gym, Short"
mens gym,男子健身房,,,自然搜索词,0,1,B01AK7Y102,"1,034,750","2,038",278,13.66%,"46,324",927,7,0,"64,411",0,22,10.90%,8.30%,$1.09 ,$0.75 - $1.33,B077ZJXCTS,4.50%,5.60%,B0BF8Z1719,3.50%,0.00%,B07QP13BJ9,3.00%,2.80%,"B077ZJXCTS,B0785VMVF4,B0CRHF41F7,B07GSJ45CF,B08ZSCHSNV,B09PYSSR6D,B01L8JJ5KC,B09W9TYLW9,B07JG7WN8L,B07QP13BJ9",gym
mens green sweater,,,,SP广告词,0,1,B09WMZR2XM,,,,,,,,,0,,0,,,,-,,,,,,,,,,,"Green, Sweater"
mens graphic mesh shorts,,,,自然搜索词,0,1,B0C1365SJV,,,,,,,,,744,,0,,,,-,,,,,,,,,,,"Mesh, Shorts, Graphic"
mens golf shorts 11 in,,,,SP广告词,0,1,B0CHMN8TDS,,,,,,,,,0,,21,,,,-,,,,,,,,,,,"Golf, Shorts"
mens fruit of the loom shorts,男式织机短裤,Y,,AC推荐词,0,1,B09T3QHVVM,"2,334,870",843,28,3.44%,"22,045",408,1,0,55,15.3,1,24.60%,0.00%,$0.86 ,$0.75 - $0.95,B0D918VXCW,12.30%,0.00%,B09T3QPWDJ,7.00%,0.00%,B09T3QHVVM,5.30%,0.00%,"B09T3S3BCX,B0151E6XTG,B00AZ6WQPG,B08GZL3J73,B0C318P341,B08FBLCCWT,B00719WZ7Y,B08D11DTFK,B0BVMTKGVY,B09SZLMP74","Shorts, Fruit of the Loom, Fruit"
mens french terry shorts,男士毛圈布短裤,,,自然搜索词,0,1,B09T3QHVVM,"1,598,969",890,31,3.57%,"23,633",351,1,0,498,1.8,4,11.90%,0.00%,$1.10 ,$0.82 - $1.37,B0BJDCNLTJ,5.10%,0.00%,B0872MFG8Y,3.40%,0.00%,B0BB881768,3.40%,0.00%,"B0BJDCNLTJ,B0BB883KN5,B09SYBVJRL,B01BUJ0L0I,B0872MJ9P8,B00AKSCYBA,B0C12HT8K8,B0CBRD47NM,B000MND7GO,B09XC8P994","Shorts, French, Terry"
mens fleece shorts 9 inch inseam,,,,SP广告词,0,1,B0C4GV51WK,,,,,,,,,0,,0,,,,-,,,,,,,,,,,"Shorts, Fleece, Inseam"
mens flag shorts,,,,SP广告词,0,1,B0BFDSVMPF,,,,,,,,,0,,0,,,,-,,,,,,,,,,,"Shorts, Flag"
mens fitness shorts,男士健身短裤,,,自然搜索词,0,1,B08JGBB9N1,"1,335,599","1,427",49,3.46%,"34,816",685,2,0,"2,702",0.5,4,12.00%,0.00%,$1.47 ,$1.10 - $1.84,B089JY3L85,4.20%,0.00%,B08XM7421N,4.20%,0.00%,B0BWQD4FF9,3.50%,0.00%,"B085NF55WL,B08XM7421N,B08JGBB9N1,B09P3RHNSY,B09PYSW3SM,B08LGWPRBQ,B0BT6YKN9M,B09LTQWH1Z,B0728KK8VK,B083463RFH","Fitness Shorts, Shorts, Fitness"
mens fall clothing,,,,视频广告词,0,1,B0BFDTMBGP,,,,,,,,,0,,350,,,,-,,,,,,,,,,,Clothing
mens everyday shorts,男士日常短裤,,,自然搜索词,0,1,B0151E6WPQ,"1,488,676",890,32,3.62%,"25,937",356,1,0,"2,316",0.4,4,15.20%,0.00%,$1.25 ,$0.93 - $1.55,B0723CZCQT,5.10%,0.00%,B0CNX9PZ8B,5.10%,0.00%,B0D918R8D8,5.10%,0.00%,"B016Y826EE,B0B5DFQ27C,B09XQTGV2X,B01JQTM148,B0723CZCQT,B0CRKRLGNF,B06XWFKZZD,B077RWVSDP,B0BLKJ9M2L,B07F2N83WG",Shorts
mens essential shorts,,,,自然搜索词,0,2,B0151E6WPQ/B08JGBB9N1,,,,,,,,,"1,874",,4,,,,-,,,,,,,,,,,"Essential, Shorts"
mens elastic waist shorts for seniors,男士老年人弹力腰短裤,,,自然搜索词,0,2,B09T3QHVVM/B0BFDTMBGP,"1,639,170",771,22,2.87%,"22,130",327,1,0,330,2.3,9,14.80%,0.00%,$0.80 ,$0.59 - $1.42,B08JHJ137C,5.60%,0.00%,B09SKWNB88,5.60%,0.00%,B00719WUS8,3.70%,0.00%,"B08PYNVKW1,B00719WUS8,B0151E6WTW,B000KK4HKY,B01JQTD83G,B08JHJ137C,B08SC2DSKB,B01N3C2EPT,B09RVH8H27,B00AKSCZ28","Shorts, Elastic, Elastic Waist"
mens elastic shorts with pockets,,Y,,自然搜索词/AC推荐词,0,2,B08JGBB9N1/B09T3QHVVM,,,,,,,,,"12,625",,30,,,,-,,,,,,,,,,,"Shorts, Elastic"
mens elastic shorts,男士弹力短裤,,,自然搜索词,0,2,B08JGBB9N1/B09T3QHVVM,"1,393,029","1,537",50,3.31%,"40,928",708,2,0,"5,143",0.3,9,14.20%,1.20%,$1.32 ,$0.99 - $1.64,B08JGBB9N1,5.70%,0.00%,B0151E6WTW,5.10%,1.20%,B06XWMWW9D,3.50%,0.00%,"B0151E6WTW,B08JHJ137C,B08JGBB9N1,B0C26D741D,B09T3QHVVM,B000MND79Q,B08JTQP6VY,B09YDPVRSB,B0BWNMWLJX,B0CRRGWXMS","Shorts, Elastic"
mens drawstring shorts 9 inch inseam,,,,自然搜索词,0,1,B00AKSCXEI,,,,,,,,,"2,476",,4,,,,-,,,,,,,,,,,"Shorts, Drawstring, Inseam"
mens drawstring casual jogging,,,,SP广告词,0,1,B0BFDSVMPF,,,,,,,,,0,,0,,,,-,,,,,,,,,,,"jogging, Drawstring, Casual"
mens draw string shorts,,,,自然搜索词,0,1,B0151E6WPQ,,,,,,,,,"2,066",,,,,,-,,,,,,,,,,,"Shorts, String"
mens distressed shorts,,,,视频广告词,0,1,B0BFDTMBGP,,,,,,,,,0,,0,,,,-,,,,,,,,,,,"Shorts, Distressed"
mens dhorts,,,,自然搜索词,0,2,B09T3QHVVM/B0BLKN87V4,,,,,,,,,"40,345",,4,,,,-,,,,,,,,,,,
mens crossfit shorts,男式交叉健身短裤,,,自然搜索词,0,1,B09P3T8X61,"1,598,952",771,20,2.63%,"15,878",331,1,0,289,2.7,4,11.10%,0.00%,$2.18 ,$1.36 - $2.68,B07YMHRP9Z,3.70%,0.00%,B07YMLMWHG,3.70%,0.00%,B08HWP5DYB,3.70%,0.00%,"B07YMSB4SP,B07TMQFQ9N,B085NF55WL,B09VBK13ZV,B08D9TCJ4S,B08NX49SK6,B09P3T8X61,B0BT6S26VZ,B09PYSW3SM,B09LTQWH1Z","Shorts, CrossFit"
mens cotton sweat shorts,男式棉质运动短裤,Y,,AC推荐词,0,1,B0151E6WPQ,"2,047,267",821,24,2.96%,"24,542",347,1,1,"1,459",0.6,4,17.80%,8.30%,$1.25 ,$0.94 - $1.58,B00M0QFIK4,7.10%,8.30%,B00M0QH7BC,5.40%,0.00%,B0863H2XQZ,5.40%,0.00%,"B0151E6WPQ,B00M0QFGRY,B0CWJB6XZJ,B0BB883KN5,B000MND7GO,B0BY23WV22,B09M744F5R,B00AKSCZ6Y,B09DCTLVCC,B08SQXB1FG","Cotton, Shorts"
mens cotton shorts pack,,Y,,AC推荐词,0,2,B0151E6WPQ/B09T3QHVVM,,,,,,,,,"5,649",,1,,,,-,,,,,,,,,,,"Cotton, Shorts, Pack"
mens cotton shorts 10 inch inseam,,,,SP广告词,0,2,B09T3QHVVM/B0BFDRQLNC,,,,,,,,,"13,822",,6,,,,-,,,,,,,,,,,"Cotton, Shorts, Inseam"
mens cotton lounge shorts,男士棉质休闲短裤,Y,,AC推荐词,0,1,B0151E6WPQ,"1,282,240","1,357",43,3.20%,"34,740",575,1,0,"1,507",0.9,5,19.50%,0.00%,$1.02 ,$0.76 - $1.28,B00M0QH7BC,6.50%,0.00%,B07PN75241,6.50%,0.00%,B07PP86MLM,6.50%,0.00%,"B0151E6WPQ,B07PN75241,B00M0QFGRY,B09T3QJ8ZY,B00AKSCZ1E,B007PXVAIQ,B08399PLH3,B085D8CWZ2,B09DCTLVCC,B01M0EYBP7","Cotton, Lounge, Shorts"
mens cotton knit shorts,,Y,,AC推荐词,0,1,B0151E6WPQ,,,,,,,,,"2,413",,,,,,-,,,,,,,,,,,"Knit, Cotton, Shorts"
mens cotton jersey shorts with pockets,,Y,,AC推荐词,0,1,B0151E6WPQ,,,,,,,,,0,,0,,,,-,,,,,,,,,,,"Cotton, Shorts, Jersey"
mens cotton gym shorts with pockets,,,,自然搜索词,0,1,B01AK7Y102,"1,873,595",,,,,,,,"2,331",,4,,,,-,,,,,,,,,,,"Cotton, Shorts, gym"
mens cotton elastic waist shorts,,Y,,自然搜索词/AC推荐词,0,1,B09T3QHVVM,,,,,,,,,0,,0,,,,-,,,,,,,,,,,"Cotton, Shorts, Elastic, Elastic Waist"
mens cotton athletic shorts,男士棉质运动短裤,Y,,自然搜索词/AC推荐词,0,1,B0151E6WPQ,"1,363,642","1,333",34,2.62%,"30,008",555,1,0,"2,648",0.5,9,11.70%,1.20%,$1.37 ,$1.10 - $1.62,B00M0QH7BC,4.00%,0.00%,B01DL9UJXE,4.00%,0.00%,B0151E6WPQ,3.70%,1.20%,"B0151E6WPQ,B00AKSCZ6Y,B000MND796,B0BVMW2HZX,B00M0QFMSW,B09T3QPWDJ,B08L4XD1JB,B08VHMV2V1,B000KK2NAA,B0CWJ9SGCR","Athletic, Cotton, Shorts"
mens clothing clearance sale prime,,,,自然搜索词,0,1,B08JGBB9N1,,,,,,,,,"52,515",,5,,,,-,,,,,,,,,,,"Clearance, Clothing, Prime"
mens clothes deals,,,,SP广告词,0,1,B0BFDVPFKX,,,,,,,,,"203,141",,23,,,,-,,,,,,,,,,,
mens clearance shorts,,,,自然搜索词,0,2,B00AKSCXEI/B0C1365SJV,"2,182,042",,,,,,,,0,,0,,,,-,,,,,,,,,,,"Clearance, Shorts"
mens champion mesh shorts,男士冠军网眼短裤,,,自然搜索词,0,2,B00AKSCXEI/B01AK7Y102,"2,112,696",666,17,2.66%,"19,819",292,1,0,223,3,1,32.60%,16.70%,$1.25 ,$0.93 - $1.55,B000J9YQOS,14.30%,8.30%,B0036OS6KI,12.20%,8.30%,B0036OS6LW,6.10%,0.00%,"B0036OS6LC,B07TKLNDJQ,B0CV7QCX8D,B08BX5PF5C,B00719ZR9M,B08BX58RJB,B014WBHXO8,B0CJST3RGG,B01AK7Y102,B07SHY6CQ9","Mesh, Shorts, Champion"
mens chacos size 10,男士 chacos 尺寸 10,,,SP广告词,0,1,B0C4GV51WK,"1,681,440","1,287",43,3.40%,"30,259",639,1,0,43,29.9,17,30.00%,23.50%,$0.91 ,$0.80 - $1.13,B012RQBWF6,12.60%,11.80%,B013NTQWVK,10.50%,5.90%,B000ZIHTME,6.90%,5.90%,"B012RQBWF6,B013NTQWVK,B07MRDJVS5,B07ZPMT1R8,B08C2D2ZT7,B000ZIHTME,B0CG7L7R32,B07ZPMLP5X,B0CG77HV35,B099D5PNX7",
mens casual short pants,,,,自然搜索词,0,1,B09T3QHVVM,,,,,,,,,0,,24,,,,-,,,,,,,,,,,"Pants, Casual, Short"
mens casual athletic shorts,,,,自然搜索词,0,1,B00AKSCXEI,"1,423,447","1,383",43,3.15%,"35,954",679,1,0,"15,129",0.1,3,11.90%,0.00%,$1.28 ,$0.97 - $1.61,B0BLKKW3M4,7.10%,0.00%,B0728KK8VK,2.40%,0.00%,B07W7VR67F,2.40%,0.00%,"B0CRHF41F7,B07H5P8M39,B0BLKKW3M4,B0728KK8VK,B07NDP7ZTX,B0D46HCPDF,B0CRRGWXMS,B00KUL0W1G,B016Y8268U,B00AKSCXEI","Athletic, Shorts, Casual"
mens camping gear,,,,SP广告词,0,2,B0BFDRQLNC/B0BFDTMBGP,,,,,,,,,"28,422",,21,,,,-,,,,,,,,,,,Camping
mens breathable shorts,男士透气短裤,,,自然搜索词,0,1,B09P3T8X61,"1,257,313","1,771",56,3.17%,"46,435",797,2,0,"7,256",0.2,9,8.70%,0.00%,$1.16 ,$0.81 - $1.36,B0BXCVWCMP,3.70%,0.00%,B0BZPJW6G4,2.90%,0.00%,B08C26G4J6,2.10%,0.00%,"B075MXVDYS,B08C26G4J6,B0CRHCZTNH,B0BXCVWCMP,B09P3T8X61,B0728KK8VK,B07NF3V7M5,B07M5C9LWN,B0B1LH72B8,B00719Z9SQ","Shorts, Breathable"
mens breathable cotton shorts latex free,,,,自然搜索词,0,2,B0151E6WPQ/B09WMZR2XM,,,,,,,,,0,,23,,,,-,,,,,,,,,,,"Cotton, Shorts, Breathable, Latex"
mens bras,男士胸罩,,,视频广告词,0,1,B0BFDTMBGP,"1,257,312",623,21,3.44%,"18,173",286,1,0,306,2,5,15.20%,0.00%,$0.76 ,$0.57 - $0.95,B09YMX7TTH,6.50%,0.00%,B07PZB63DV,4.40%,0.00%,B089KDRQJH,4.40%,0.00%,"B089ZX8G9Z,B0BC1XV3MS,B0C7LVJC2S,B089KDRQJH,B0BXSYF1S8,B0BQR4N6X1,B0B2NRTCCD,B0CGPGW5TP,B08DCY5KL4,B0CJYF795D",
mens black shorts casual,男士黑色短裤休闲,,,品牌广告词,0,1,B0BLKN87V4,"1,772,370",796,20,2.60%,"22,716",340,1,0,"4,300",0.2,9,23.60%,0.00%,$1.21 ,$0.91 - $1.50,B01JQTA74O,10.90%,0.00%,B0BGFVMW7R,7.30%,0.00%,B07F2KFQQ7,5.50%,0.00%,"B009CTUIE8,B07F2KFQQ7,B01JQTAD66,B016Y81XQQ,B088GTRQY8,B0BQQRT8SP,B0BLKJHVBN,B0BYZ12Z9W,B082TJ143F,B0CY4TVXCW","Black, Casual, Shorts"
mens black shorts 7 inch inseam,,,,自然搜索词,0,1,B09P3T8X61,,,,,,,,,"2,088",,8,,,,-,,,,,,,,,,,"Black, Shorts, Inseam"
mens black shorts 10 inch inseam,,,,品牌广告词,0,1,B0BLKN87V4,"2,047,227",653,21,3.31%,"18,315",308,1,0,806,0.8,4,35.40%,0.00%,,-,B07XGRSBL4,18.80%,0.00%,B009CTUIE8,8.30%,0.00%,B0BGFVMW7R,8.30%,0.00%,"B009CTUIE8,B0C4YS9KS8,B0CSBNJSG1,B07XGRSBL4,B082THVWSQ,B0CRHDQ8DX,B0CGLW8W6P,B0C4YKHMKY,B0CYCC3Y6T,B0C4X8BJY9","Black, Shorts, Inseam"
mens black nike shorts,男士黑色耐克短裤,,,自然搜索词,0,2,B09XQVCZ8B/B0BFDRQLNC,"1,821,335",679,22,3.37%,"17,894",328,1,0,"1,858",0.4,23,28.00%,16.70%,$1.29 ,$0.98 - $1.62,B001MB1MPS,12.00%,0.00%,B087M3RDVK,8.00%,16.70%,B087M3MJ1L,8.00%,0.00%,"B087M3MJ1L,B0B6KQR5JP,B072118MKS,B01JIPGJMU,B0B6CWXPQD,B001MB1MPS,B07NJNW4QL,B001MAZSSQ,B07DX2N7JQ,B0BN4NNGGZ","Black, NIKE, Shorts"
mens black gym shorts,男士黑色运动短裤,,,自然搜索词,0,1,B01AK7Y102,"1,335,560","1,146",30,2.70%,"24,919",437,1,0,"5,606",0.2,4,15.40%,14.30%,$1.51 ,$1.35 - $1.74,B0723CZCRJ,9.20%,0.00%,B08JTWR1S3,3.10%,9.50%,B09XQWCCGR,3.10%,4.80%,"B0CRHF41F7,B0BXWDK38F,B08JG671Z8,B0723CZCRJ,B08JTQP6VY,B01ES415H0,B0CSNTYBY1,B01AK7Y102,B09PYRLHK4,B087M3MJ1L","Black, gym, Shorts"
mens big and tall shorts elastic waist,男士高大短裤松紧腰,,,自然搜索词,0,1,B09T3QHVVM,"2,182,010",867,25,2.93%,"18,849",362,1,0,"10,760",0.1,4,12.10%,0.00%,,-,B0BWQRYSCL,5.20%,0.00%,B000MNA0NW,3.50%,0.00%,B000MND7A0,3.50%,0.00%,"B07HNXRR5M,B01N5XFTON,B000MND79Q,B0CT4P9669,B07GXB2Y7X,B087R2WNCB,B01MQW64HU,B071FJHNCN,B09464J5CN,B07BDD8441","Elastic, Elastic Waist, big, Tall, Shorts"
mens big and tall gym shorts,,,,自然搜索词,0,2,B00AKSCXEI/B08JGBB9N1,,,,,,,,,"8,601",,4,,,,-,,,,,,,,,,,"big, Tall, Big And Tall, gym, Shorts"
mens big and tall athletic shorts,男式高大运动短裤,,,自然搜索词,0,2,B00AKSCXEI/B0BFDVPFKX,"2,182,009",867,25,2.96%,"24,946",351,1,0,"17,376",0.1,4,19.00%,0.00%,,-,B0723CZCRJ,8.60%,0.00%,B07NDP7ZTX,6.90%,0.00%,B00KUL0W1G,3.50%,0.00%,"B0CRHF41F7,B09461YZGK,B000J9YQOS,B072JBQRLG,B08JGC1D2G,B0C25TLB5Y,B00KUL0W1G,B000MND796,B0CQ32QQKW,B0151E6XTG","Athletic, big, Big And Tall, Tall, Shorts"
mens best sellers,男士畅销书,,,自然搜索词,0,2,B08JGBB9N1/B0BFDTMBGP,"2,047,214",623,19,3.18%,"12,746",299,1,0,620,1,8,15.20%,0.00%,$0.37 ,$0.28 - $0.47,B07PBXXNCY,6.50%,0.00%,B07KGTKY9Q,4.40%,0.00%,B0BY3R85DV,4.40%,0.00%,"B086L76ZKM,B07KGRRP75,B0014C2NBC,B0BY3R85DV,B00FXPT39Q,B008G08TTK,B002G9UDXW,B079K3YGPS,B0B57N4Y1F,B09H3QH1ZY",
mens bermuda shorts with pockets,带口袋的男士百慕大短裤,,,自然搜索词,0,1,B08JGBB9N1,"1,598,906","1,284",38,2.96%,"31,631",539,1,0,"3,777",0.3,16,25.30%,0.00%,,-,B06XW8YR6V,14.70%,0.00%,B07YP9TWCX,6.70%,0.00%,B009CTU9UQ,4.00%,0.00%,"B07YP9TWCX,B009CTU9UQ,B06XW73CPZ,B01BGZ1ZVK,B07GXZ23KG,B01ISQF1CY,B0D3D2HFDV,B018FTWYI8,B0151E6XEQ,B075NTLB17","Shorts, Bermuda shorts"
mens basketball shorts with pocket,,,,自然搜索词,0,5,B00AKSCXEI/B0151E6WPQ/B01AK7Y102/B09XQVCZ8B/B0C1365SJV,,,,,,,,,0,,32,,,,-,,,,,,,,,,,"Basketball, Shorts, Pocket"
mens basketball shorts pack,,,,自然搜索词,0,1,B0C1365SJV,,,,,,,,,"14,156",,1,,,,-,,,,,,,,,,,"Basketball, Pack, Shorts"
mens basketball shorts mesh,男子篮球短裤网眼,,,自然搜索词,0,1,B0C1365SJV,"1,873,539",796,25,3.18%,"19,463",338,1,0,"3,970",0.2,1,14.50%,0.00%,$1.07 ,$0.80 - $1.34,B08JT243GF,5.50%,0.00%,B08JTWKLXB,5.50%,0.00%,B01ES411CE,3.60%,0.00%,"B000J9YQOS,B01ES40ZBW,B07NDP7ZTX,B00719ZR9M,B08LTBN75C,B076DJ5PWB,B0CBL63RJM,B0CT2FRFBW,B08HYPDMXK,B001DB6ZA4","Basketball, Mesh, Shorts"
mens basketball shorts 11 inch inseam,,,,自然搜索词,0,1,B0BFDRQLNC,,,,,,,,,543,,4,,,,-,,,,,,,,,,,"Basketball, Shorts, Inseam"
mens basket ball shorts,,,,自然搜索词,0,1,B0C1365SJV,,,,,,,,,"11,450",,4,,,,-,,,,,,,,,,,"Shorts, Ball"
mens baseball shorts,男士棒球短裤,,,自然搜索词,0,1,B08JGBB9N1,"1,639,132",955,27,2.83%,"19,808",415,1,1,"2,822",0.3,7,17.70%,0.00%,$1.09 ,$0.79 - $1.28,B07NDP7ZTX,6.50%,0.00%,B0BQT4KHWT,6.50%,0.00%,B09HGSMD63,4.80%,0.00%,"B09HGSNG98,B08LT9MJM2,B0B1KQN6PZ,B09P3SYCGN,B07NDP7ZTX,B082BFSFP1,B087LZR1BM,B01AK7Z1ZG,B08JGBB9N1,B0723CZCRJ",Shorts
mens athletics shorts,,,,自然搜索词,0,3,B08JGBB9N1/B09XQVCZ8B/B0C1365SJV,,,,,,,,,"17,347",,4,,,,-,,,,,,,,,,,"Athletic, Shorts"
mens athletic wear,男式运动服,,,自然搜索词,0,3,B08JGBB9N1/B0CHMN8TDS/B0CHMQ6Z7W,"1,392,987","1,366",7,0.52%,"31,337",641,1,0,"41,358",0,5,9.40%,0.00%,$1.25 ,$0.94 - $1.58,B082XSM4BC,3.80%,0.00%,B0785VMVF4,2.80%,0.00%,B07DRN7QQD,2.80%,0.00%,"B0785VMVF4,B07DRN7QQD,B087G2XPB2,B01MA6CY8L,B083463RFH,B07NWZ6PBF,B09H79QJSH,B0B728NH19,B08JGBB9N1,B0785FGJPB",Athletic
mens athletic vintage cotton shorts,,,,自然搜索词,0,1,B0151E6WPQ,,,,,,,,,0,,,,,,-,,,,,,,,,,,"Athletic, Cotton, Vintage, Shorts"
mens athletic shorts under armour,盔甲下的男士运动短裤,,,自然搜索词,0,1,B01AK7Y102,"2,334,764","1,100",30,2.74%,"32,938",489,1,0,656,1.7,17,12.10%,0.00%,,-,B09X6JC4PM,4.60%,0.00%,B0C12S3M55,4.60%,0.00%,B01AK7Y102,3.00%,0.00%,"B08X1RP36Y,B07CZJCTGQ,B0C12L95VD,B082BFSFP1,B093M9HWD8,B08875T7XG,B089MPC471,B078BDT81N,B07BPLHK9T,B0942ZY9B1","Athletic, Shorts, Under Armour"
mens athletic shorts tech training,,,,自然搜索词,0,1,B01AK7Y102,,,,,,,,,0,,0,,,,-,,,,,,,,,,,"Athletic, Shorts, Training"
mens athletic shorts nike,男式运动短裤耐克,,,SP广告词,0,3,B01AK7Y102/B09P3T8X61/B0BFDSVMPF,"1,523,416","1,710",53,3.15%,"45,949",720,2,0,"2,368",0.7,5,14.30%,0.00%,$1.36 ,$1.01 - $1.70,B087M3MJ1L,5.10%,0.00%,B087M3RDVK,5.10%,0.00%,B077XLKW1K,4.10%,0.00%,"B087M3MJ1L,B07BPLHK9T,B077XLKW1K,B0B6JTYB4X,B07CZC664D,B01AK7XJS2,B000J9YQOS,B072118MKS,B09XLLS58S,B089MMJ8DL","Athletic, Shorts, NIKE"
mens athletic shorts multipack,,Y,,AC推荐词,0,1,B08JGBB9N1,,,,,,,,,413,,1,,,,-,,,,,,,,,,,"Athletic, Shorts"
mens athletic shorts mesh,,,,自然搜索词,0,1,B00AKSCXEI,,,,,,,,,"7,839",,,,,,-,,,,,,,,,,,"Athletic, Mesh, Shorts"
mens athletic shorts cotton,,Y,,自然搜索词/AC推荐词,0,1,B0151E6WPQ,,,,,,,,,"3,758",,4,,,,-,,,,,,,,,,,"Athletic, Cotton, Shorts"
mens athletic shorts big and tall,,,,自然搜索词,0,1,B00AKSCXEI,,,,,,,,,"70,558",,4,,,,-,,,,,,,,,,,"Athletic, big, Big And Tall, Tall, Shorts"
mens athletic shorts 8 inch inseam,男式运动短裤8英寸内裤,,,自然搜索词,0,1,B08JGBB9N1,"1,523,415",432,12,2.85%,"10,168",176,1,0,619,0.7,1,24.30%,0.00%,,-,B0723CZCRJ,8.10%,0.00%,B0C9MVN1SK,8.10%,0.00%,B0C9MX3B3X,8.10%,0.00%,"B09WDCK97T,B072JBQRLG,B0C1TXY8W2,B00719ZR9M,B0CW1XG9T3,B0B1KCW372,B08BX4YRYJ,B09431D7HB,B08JT243GF,B0B1KJYP94","Athletic, Shorts, Inseam"
mens athletic shorts 2 pack,,,,自然搜索词,0,1,B08JGBB9N1,,,,,,,,,"59,418",,7,,,,-,,,,,,,,,,,"Athletic, Pack, Shorts"
mens athletic shorts 10 inch inseam,,,,SP广告词,0,2,B01AK7Y102/B0C4GV51WK,,,,,,,,,"2,293",,60,,,,-,,,,,,,,,,,"Athletic, Shorts, Inseam"
mens athletic short,,Y,,自然搜索词/AC推荐词,0,5,B0151E6WPQ/B08JGBB9N1/B09P3T8X61/B09XQVCZ8B/B0C1365SJV,,,,,,,,,"19,373",,8,,,,-,,,,,,,,,,,"Athletic, Short"
mens athletic compression shorts,,,,自然搜索词,0,1,B09P3T8X61,"1,873,530","1,153",34,2.97%,"27,216",565,1,0,"5,644",0.2,3,14.70%,6.70%,,-,B08XM7421N,5.90%,0.00%,B09SPYRYZM,5.90%,0.00%,B07RFQLFFX,2.90%,6.70%,"B094JKXP76,B0C2YFJSRC,B0874W4WR5,B01ES407HO,B089T92G55,B0CGR7CC4B,B0962XT4X8,B0BNW5DWR1,B07PGFCYHG,B0CSSD88LX","Athletic, Shorts, Compression"
mens athletic clothing,,,,自然搜索词,0,2,B08JGBB9N1/B09P3T8X61,,,,,,,,,"151,302",,5,,,,-,,,,,,,,,,,"Athletic, Clothing"
mens athletic clothes,男士运动服,,,自然搜索词,0,1,B0C1365SJV,"2,112,655","1,693",5,0.34%,"40,676",804,1,0,"54,609",0,5,13.00%,0.00%,$1.22 ,$0.92 - $1.52,B0785VMVF4,6.00%,0.00%,B0C66789T5,4.00%,0.00%,B07DRNTL8K,3.00%,0.00%,"B0785VMVF4,B07DRNTL8K,B0CSWHJ9BS,B01MA6CY8L,B0BWQMXHMR,B073R29T2P,B08NWMDV6V,B0C7VY6WF6,B077XN677T,B08BBYCN46",Athletic
mens athletic,男子运动,,,自然搜索词,0,2,B09XQVCZ8B/B0C1365SJV,"2,112,654","1,221",1,0.06%,"36,141",601,1,3,"54,049",0,5,9.60%,0.00%,$1.54 ,$1.29 - $2.03,B0C66789T5,4.10%,0.00%,B0785VMVF4,2.70%,0.00%,B08JGC1D2G,2.70%,0.00%,"B0785VMVF4,B08JGC1D2G,B01FXGNEEO,B08MLHY4JD,B0C1365SJV,B08XM7421N,B07815BDGT,B07DRNTL8K,B07HDM36QH,B00FSB5YHK",Athletic
mens atheltic shorts,男士运动短裤,Y,,自然搜索词/AC推荐词,0,3,B08JGBB9N1/B09XQVCZ8B/B0C1365SJV,"1,928,408","1,090",34,3.18%,"23,755",537,1,0,"42,423",0,4,11.90%,7.10%,$1.25 ,$0.93 - $1.55,B0CRHF41F7,4.50%,7.10%,B0BS3S1MHC,4.50%,0.00%,B0036OS6KI,3.00%,0.00%,"B0CRHF41F7,B07H5QPL1R,B00KUL0W1G,B08JGBB9N1,B072JBQRLG,B0BWNHZCCR,B0CRRF28SH,B07BPLHK9T,B000J9YQOS,B07NDP7ZTX",Shorts
mens apparel,男式服装,,,自然搜索词,0,1,B0C1365SJV,"1,051,526","1,871",1,0.06%,"54,716",811,1,0,"18,524",0.1,18,6.60%,0.00%,$1.27 ,$1.01 - $1.60,B0CL3XCVYD,2.80%,0.00%,B0CKKSDJN7,2.30%,0.00%,B09313VG36,1.50%,0.00%,"B0785VV446,B072QRN7HR,B01GH5JPH0,B093136ND2,B0B1TK5BZZ,B0CKKSDJN7,B0CL3XCVYD,B08NWMDV6V,B07VRF3J36,B09KG8VJS8",
mens and1 shorts,,,,自然搜索词,0,1,B08JGBB9N1,,,,,,,,,213,,5,,,,-,,,,,,,,,,,Shorts
mens amazon essentials shorts,男士亚马逊 Essentials 短裤,,,自然搜索词,0,2,B0151E6WPQ/B08JGBB9N1,"1,034,728","1,904",59,3.15%,"55,505",949,2,0,623,3.1,1,14.50%,4.20%,$1.21 ,$0.91 - $1.50,B0728KK8VK,6.20%,2.80%,B01JQTBSU6,4.10%,1.40%,B07F27YVN8,4.10%,0.00%,"B01JQTBSU6,B0728KK8VK,B07F27YVN8,B01JQTM148,B07752LYQS,B096YLSDLP,B07F1521RT,B08JDWSP2H,B0784LX25D,B0C4YHVSY6","Amazon, Shorts, Amazon Essentials"
mens adidas shorts 5 inch,,,,自然搜索词,0,1,B09P3T8X61,,,,,,,,,195,,3,,,,-,,,,,,,,,,,"Adidas, Shorts"
mens addidas shorts,男士阿迪达斯短裤,,,SP广告词,0,1,B01AK7Y102,"1,363,607","1,243",36,2.93%,"35,939",498,1,0,904,1.4,2,18.70%,0.00%,$1.13 ,$0.86 - $1.27,B0878Y8YRQ,6.90%,0.00%,B09XLL648Z,6.50%,0.00%,B0C3WXGQX9,5.30%,0.00%,"B010DKQO2E,B0C3WXGQX9,B09Y2SZ95Z,B09Y2VG81M,B0CHR3J39D,B09XLL648Z,B08791PX1J,B08CXHQHTH,B0C2JRLYH8,B09XWD44P5",Shorts
mens activewear shorts,,,,自然搜索词,0,3,B00AKSCXEI/B0151E6WPQ/B08JGBB9N1,,,,,,,,,"16,705",,4,,,,-,,,,,,,,,,,"Shorts, Active"
mens activewear and,,,,自然搜索词,0,1,B08JGBB9N1,,,,,,,,,0,,20,,,,-,,,,,,,,,,,Active
mens active wear,,,,自然搜索词,0,2,B08JGBB9N1/B09P3T8X61,,,,,,,,,"18,848",,5,,,,-,,,,,,,,,,,Active
mens active shorts polyester,,,,自然搜索词,0,1,B09P3T8X61,,,,,,,,,0,,0,,,,-,,,,,,,,,,,"Polyester, Shorts, Active"
mens active shorts 7 inch inseam,,,,自然搜索词,0,1,B09P3T8X61,,,,,,,,,569,,4,,,,-,,,,,,,,,,,"Shorts, Active, Inseam"
mens 9 inch shorts athletic,男式 9 英寸短裤运动,,,自然搜索词,0,3,B00AKSCXEI/B08JGBB9N1/B09XQVCZ8B,"1,873,522","1,105",35,3.22%,"29,284",548,1,0,"4,681",0.2,66,16.20%,0.00%,$1.45 ,$1.09 - $1.80,B08P57B616,5.90%,0.00%,B0BFDVJ414,5.90%,0.00%,B000JC0YP0,4.40%,0.00%,"B08P57B616,B0BFDVJ414,B0B52JTY6V,B00719ZR9M,B0CX54JVDP,B000JC0YJQ,B0C6MP6CZT,B0BVT9V2XD,B0728KK8VK,B08JGBB9N1","Athletic, Shorts"
mens 9 inch inseam shorts,男式 9 英寸内缝短裤,,,自然搜索词,0,1,B00AKSCXEI,"2,047,196",623,18,2.96%,"15,673",237,1,0,"1,164",0.5,9,17.40%,0.00%,$1.11 ,$0.87 - $1.35,B01JQTNVII,8.70%,0.00%,B01JQTB84C,4.40%,0.00%,B01JQTN8SQ,4.40%,0.00%,"B01JQTN8SQ,B0CSPV7417,B07FHB3MGG,B0C4YLNGRV,B0CX54JVDP,B016Y825WW,B009CTUGW2,B09X2JKSRB,B0C4GTL6T3,B0CRKD7JZY","Shorts, Inseam"
mens 7" golf shorts,,,,HR推荐词,0,1,B09WMZR2XM,,,,,,,,,0,,0,,,,-,,,,,,,,,,,"Golf, Shorts"
mens 7 shorts,男士 7 短裤,,,自然搜索词,0,1,B09XQVCZ8B,"2,256,248","1,625",44,2.74%,"39,348",727,1,0,"17,591",0.1,4,9.90%,0.00%,$1.25 ,$0.94 - $1.58,B077RV5TZ5,3.30%,0.00%,B08JDWXD4B,3.30%,0.00%,B08Q7N1Q8B,3.30%,0.00%,"B07F27YVN8,B08JDYVDRB,B0D1GB8RNH,B0C4YR3NRY,B0C26JGHGY,B0BXWDVDXC,B0CSPRWDYN,B085NF55WL,B07FHBCC58,B0C4YJ14JK",Shorts
mens 7 inch athletic shorts,,,,自然搜索词,0,1,B08JGBB9N1,,,,,,,,,"2,672",,4,,,,-,,,,,,,,,,,"Athletic, Shorts"
mens 5 pack shorts,,,,自然搜索词,0,1,B08JGBB9N1,"2,418,663",,,,,,,,"52,991",,21,,,,-,,,,,,,,,,,"Pack, Shorts"
mens 4xl shorts,男士 4xl 短裤,,,自然搜索词,0,1,B09T3QHVVM,"1,165,992","1,491",45,3.05%,"35,923",592,2,0,"2,437",0.6,3,17.60%,1.50%,$1.20 ,$0.89 - $1.50,B0723CZCRJ,7.10%,0.00%,B08D2TC7BT,5.70%,1.50%,B09461YZGK,4.70%,0.00%,"B08LTBN75C,B09461YZGK,B0BZHDP4VX,B09T3QHVVM,B08X1RP36Y,B0058CUV3G,B07HNWFWRG,B01DL9UJXE,B01MQSRBAL,B0CCY5QVJJ",Shorts
mens 3x shorts,男士 3x 短裤,,,自然搜索词,0,1,B08JGBB9N1,"1,725,700",998,32,3.29%,"29,497",458,1,0,"2,168",0.5,4,21.90%,0.00%,$1.11 ,$0.77 - $1.38,B08D2PB97C,9.40%,0.00%,B072JBQRLG,7.80%,0.00%,B08DRSDXBQ,4.70%,0.00%,"B08D2PB97C,B09T3Q8N7W,B0BNJSZ68Q,B08LTB7MP3,B09464J5CN,B0868STX1N,B0BX7LHL7R,B07XKZMD6S,B0BNJVGJ6K,B01BUJ0JVY","3x, Shorts"
mens 10 inch shorts,男式 10 英寸短裤,,,自然搜索词,0,1,B08JGBB9N1,"1,681,406",432,11,2.64%,"10,345",181,1,0,"3,094",0.1,3,13.50%,0.00%,$2.01 ,$1.51 - $2.52,B01MA5EOSD,5.40%,0.00%,B0CKHKW2D3,5.40%,0.00%,B00AKSCXEI,2.70%,0.00%,"B01MA5EOSD,B009CTU9U6,B082TJ13C3,B0C4YK4NDV,B08KTXFFCY,B08RBHG3F9,B0C4YKHMKY,B00HW1BIDS,B0874WPW3F,B07SL69SV7",Shorts
mens 10 inch inseam shorts,男式 10 英寸内缝短裤,,,自然搜索词,0,1,B08JGBB9N1,"1,002,548","2,119",73,3.48%,"62,537",989,2,0,"2,615",0.8,26,10.10%,0.00%,$1.29 ,$0.98 - $1.62,B0CW1PNH5G,3.50%,0.00%,B00HW1BIDS,3.30%,0.00%,B0CXPM7TPG,3.30%,0.00%,"B009CTUD0C,B00HW1BIDS,B01MA5EOSD,B08KTW6W29,B0CWP4C3HL,B082TJ13C3,B0C4YK4NDV,B07SL69SV7,B08JGBB9N1,B00KUL0W1G","Shorts, Inseam"
menk,,,,视频广告词,0,1,B0BFDTMBGP,,,,,,,,,0,,0,,,,-,,,,,,,,,,,
mengya,,,,视频广告词,0,1,B0BFDTMBGP,,,,,,,,,0,,0,,,,-,,,,,,,,,,,
mengwen,,,,视频广告词,0,1,B0BFDTMBGP,,,,,,,,,0,,0,,,,-,,,,,,,,,,,
meneea,,,,视频广告词,0,1,B0BFDTMBGP,,,,,,,,,0,,6,,,,-,,,,,,,,,,,
mena shorts,短裤,,,自然搜索词,0,4,B00AKSCXEI/B09T3QHVVM/B0BLKN87V4/B0C1365SJV,"1,282,210","1,244",37,2.99%,"27,559",493,1,0,"44,318",0,9,7.50%,0.00%,$0.94 ,$0.50 - $1.05,B016Y825ZE,2.60%,0.00%,B0B1LRLY9T,2.60%,0.00%,B07YP9TWCX,2.20%,0.00%,"B0CRHF41F7,B07YP9TWCX,B07H5QPL1R,B016Y820AY,B0151E6PB2,B01JQTB3PG,B078W113QW,B08JG3T2SY,B0C26D741D,B08TB8595Q",Shorts
men's zipper pockets hiking athletic running shorts,,,,SP广告词,0,1,B09P3T8X61,,,,,,,,,0,,53,,,,-,,,,,,,,,,,"Athletic, Running, Hiking, Zipper, Zipper Pocket, Shorts"
men's workout shorts with pockets,,,,自然搜索词,0,2,B00AKSCXEI/B08JGBB9N1,,,,,,,,,0,,4,,,,-,,,,,,,,,,,"Workout, Shorts"
men's workout shorts 7 inch inseam,,,,自然搜索词,0,1,B09P3T8X61,,,,,,,,,0,,0,,,,-,,,,,,,,,,,"Workout, Shorts, Inseam"
men's workout,,,,自然搜索词,0,1,B08JGBB9N1,,,,,,,,,"60,695",,5,,,,-,,,,,,,,,,,Workout
men's training shorts,男士训练短裤,,,自然搜索词,0,1,B09P3T8X61,"2,112,622",432,12,2.82%,"9,130",196,1,0,"4,229",0.1,4,18.90%,0.00%,$1.57 ,$1.04 - $2.81,B089JY3L85,8.10%,0.00%,B07CZBPFTM,5.40%,0.00%,B09G272YSB,5.40%,0.00%,"B01AK7Y12A,B08JG3T2SY,B09P3T8X61,B0723CZCQT,B09VBK13ZV,B08BCK9G6R,B0B69FBQ18,B0CRHF41F7,B07CZBPFTM,B0D1QZ7464","Shorts, Training"
men's tennis for short,,,,自然搜索词,0,1,B09P3T8X61,,,,,,,,,0,,0,,,,-,,,,,,,,,,,"Short, Tennis"
men's tall shorts,男士高筒短裤,,,自然搜索词,0,1,B00AKSCXEI,"1,598,884",530,17,3.37%,"13,320",253,1,0,"88,716",0,3,17.10%,0.00%,,-,B0CLCWF31Q,7.30%,0.00%,B00PZTVEMY,4.90%,0.00%,B082TJ8LV6,4.90%,0.00%,"B082TJ8LV6,B00PI5FL1A,B077SP15PG,B00EC87YQY,B0BFDVJ414,B01AK7ZK7A,B016Y826EE,B08JG3T2SY,B089GTSLP5,B0BQR24NV5","Tall, Shorts"
men's sweatpant shorts,,,,自然搜索词,0,1,B09T3QHVVM,"1,423,415",,,,,,,,"1,775",,16,,,,-,,,,,,,,,,,Shorts
men's sweat shorts with pockets,,,,自然搜索词,0,2,B0151E6WPQ/B0C1365SJV,,,,,,,,,"6,344",,0,,,,-,,,,,,,,,,,Shorts
men's summer quick-drying sports suit,,,,SP广告词,0,1,B0BFDVPFKX,,,,,,,,,0,,0,,,,-,,,,,,,,,,,"Summer, Suit, Sports"
men's summer casual loose fit shorts,,,,自然搜索词,0,1,B09T3QHVVM,,,,,,,,,0,,0,,,,-,,,,,,,,,,,"Shorts, Casual, Loose Fit, Summer"
men's stylish shorts,,,,自然搜索词,0,1,B0C1365SJV,,,,,,,,,"6,078",,4,,,,-,,,,,,,,,,,"Stylish, Shorts"
men's sportswear,男士运动装,,,SP广告词,0,2,B0BFDSVMPF/B0BFF67H1W,"2,047,166",507,14,2.92%,"11,434",227,1,5,"6,252",0.1,46,17.50%,0.00%,$0.85 ,$0.67 - $1.44,B09Y7PYXPR,7.50%,0.00%,B091F4LQWS,5.00%,0.00%,B0D7VJQ5SJ,5.00%,0.00%,"B07BBQCSF9,B07813H62D,B0C14BB4B7,B09XGV95JV,B07DRN7P8J,B082XS37JW,B07MBR1WZV,B08XM7421N,B0BRN8MJSV,B08LF2KNDF",Sports
men's sports shorts,男士运动短裤,,,自然搜索词,0,3,B00AKSCXEI/B0151E6WPQ/B0C1365SJV,"1,523,392","1,296",88,6.83%,"32,526",531,2,0,"17,891",0.1,5,13.20%,0.00%,$1.62 ,$1.09 - $3.26,B07NDP7ZTX,7.90%,0.00%,B01AK7YV1Q,2.60%,0.00%,B01AK7ZK7A,2.60%,0.00%,"B0CRHF41F7,B08JGC1D2G,B07H5QPL1R,B0CRRF28SH,B07BPLHK9T,B01AK7ZK7A,B07NDP7ZTX,B0723CZCQT,B0D2XLMYGW,B08LT9MJM2","Shorts, Sports"
men's sports,,Y,,AC推荐词,0,2,B08JGBB9N1/B0C1365SJV,,,,,,,,,0,,22,,,,-,,,,,,,,,,,Sports
men's sport shorts,男士运动短裤,,,自然搜索词,0,3,B00AKSCXEI/B0151E6WPQ/B0C1365SJV,"1,034,714","1,587",45,2.84%,"38,876",676,2,1,"19,253",0.1,4,10.50%,2.40%,$1.59 ,$1.07 - $3.19,B0CRHF41F7,3.90%,1.20%,B0723CZCQT,3.30%,1.20%,B0BFDV4HHP,3.30%,0.00%,"B0CRHF41F7,B08JGC1D2G,B00KUL0W1G,B07H5QPL1R,B0723CZCRJ,B07NDP7ZTX,B07BPLHK9T,B08JTQP6VY,B0BWNHZCCR,B0CRRF28SH",Shorts
men's spandex shorts,男士氨纶短裤,,,自然搜索词,0,2,B08JGBB9N1/B09P3T8X61,"1,681,394","1,164",29,2.53%,"29,730",442,1,0,"6,035",0.2,1,16.70%,9.50%,$1.60 ,$1.12 - $3.21,B094JKXP76,7.60%,4.80%,B0CSS7DZ1G,4.60%,4.80%,B0CRKVW8MF,4.60%,0.00%,"B0962XT4X8,B0CSS7DZ1G,B094JKXP76,B01ES407HO,B0874X78ZL,B0CGR7CC4B,B089T92G5J,B0C2YFJSRC,B082WDVVRR,B0CRKVW8MF","Shorts, Spandex"
men's sleeping shorts,男士睡裤,,,自然搜索词,0,2,B08JGBB9N1/B09T3QHVVM,"1,233,387",998,27,2.75%,"23,855",450,1,0,"2,139",0.5,5,14.10%,14.30%,$1.52 ,$1.03 - $3.06,B07HFGB9N2,4.70%,7.10%,B07HFGWQX6,4.70%,7.10%,B0CN37YYBK,4.70%,0.00%,"B07PM93ZL1,B07RJSL1TL,B09T3QHVVM,B07C3TBJWC,B07HFGWQX6,B0CJK21ZCH,B08VFC3W7S,B0C2911HYL,B00RFHM1H6,B095Z2PYQZ","sleeping, Shorts"
men's shorts with zipper pockets,拉链口袋男士短裤,,,SP广告词,0,1,B0BFDTMBGP,"744,950","2,545",86,3.39%,"69,380","1,179",2,0,"4,272",0.6,14,10.20%,2.10%,$0.93 ,$0.69 - $1.86,B08LTBLD95,4.50%,1.10%,B0B1LGYYKB,3.50%,1.10%,B08LTB9SZW,2.20%,0.00%,"B0B1LGYYKB,B0D2TJ12XX,B0BX7KWDWY,B08LTBLD95,B0CJ1D8N79,B09VT6R6C7,B0CX54JVDP,B0CSDJ3K6J,B0943DWNK7,B09P3WHTC8","Zipper, Shorts, Zipper Pocket"
men's shorts with pockets,男式带口袋短裤,,,自然搜索词,0,4,B00AKSCXEI/B0151E6WPQ/B01AK7Y102/B09T3QHVVM,"1,681,390",719,21,2.94%,"15,345",343,1,0,"25,824",0,4,17.30%,6.70%,$1.40 ,$1.01 - $2.82,B08JGBB9N1,5.80%,6.70%,B07HNWC5LC,5.80%,0.00%,B09QT6H6NQ,5.80%,0.00%,"B08JG3T2SY,B07HNWC5LC,B07NDP7ZTX,B0D46GM438,B00XKYLJDU,B0151E6WX8,B0C2VL8LFW,B08JTQP6VY,B09T3QHVVM,B08LTBLD95",Shorts
men's shorts with elastic waist,男式松紧腰短裤,,,自然搜索词,0,2,B08JGBB9N1/B09T3QHVVM,"1,363,597","1,370",38,2.81%,"35,730",542,1,0,"11,437",0.1,4,16.00%,6.60%,,-,B08JHJ137C,7.30%,6.60%,B01MUPURQ5,4.30%,0.00%,B01NB10GAT,4.30%,0.00%,"B08JHJ137C,B01NB10GAT,B0151E6WTW,B08JGBB9N1,B07BDD8441,B0BWNMWLJX,B000MND79Q,B087M9YQFP,B07HNXRR5M,B0CLP5WN79","Shorts, Elastic, Elastic Waist"
men's shorts on amazon,,,,自然搜索词,0,2,B08JGBB9N1/B0BFDSVMPF,"1,086,877","2,789",73,2.63%,"75,844","1,226",2,0,"6,101",0.5,30,10.50%,0.00%,,-,B0BGFVMW7R,4.70%,0.00%,B09QT6H6NQ,3.00%,0.00%,B0CRKD7JZY,2.90%,0.00%,"B01JQTN8SQ,B07YP9JK3F,B009CTU8B6,B07F27YVN8,B07752LYQS,B01IT4UQO8,B0921VP6KT,B00XKY82ZS,B0C4YP661B,B08JDX7MRF","Amazon, Shorts"
men's shorts for home,,,,SP广告词,0,1,B0CHMN8TDS,,,,,,,,,0,,0,,,,-,,,,,,,,,,,Shorts
men's shorts elastic waist,男士短裤弹性腰围,,,自然搜索词,0,3,B08JGBB9N1/B09T3QHVVM/B0BFDTMBGP,"1,681,389","1,599",51,3.24%,"34,795",735,2,0,"11,436",0.1,9,13.20%,0.00%,$1.54 ,$0.97 - $3.10,B08JHJZMXV,5.50%,0.00%,B0151E6XTG,4.40%,0.00%,B08JHN4ZYD,3.30%,0.00%,"B08JHJ137C,B0151E6WTW,B08JGBB9N1,B0C26D741D,B01AK7YF80,B0BWNMWLJX,B000MND79Q,B0CLP5WN79,B07BDD8441,B01N3C2EPT","Shorts, Elastic, Elastic Waist"
men's shorts drawstring,,,,自然搜索词,0,1,B0151E6WPQ,,,,,,,,,0,,0,,,,-,,,,,,,,,,,"Shorts, Drawstring"
men's shorts cotton,男式短裤棉质,Y,,AC推荐词,0,1,B0151E6WPQ,"1,821,280",679,20,2.97%,"19,511",313,1,0,"8,619",0.1,4,14.00%,5.90%,$1.73 ,$1.26 - $3.47,B07H5QPL1R,6.00%,0.00%,B09T3QJ8ZY,4.00%,5.90%,B00AKSCZ6Y,4.00%,0.00%,"B0151E6WPQ,B09T3QJ8ZY,B00M0QFMSW,B07PN75241,B00AKSCZ6Y,B009CTU9T2,B007PXVAKE,B0D2S5ZFLV,B0BVMXG7PM,B08L4XD1JB","Cotton, Shorts"
men's shorts athletic long,,,,自然搜索词,0,1,B01AK7Y102,,,,,,,,,0,,0,,,,-,,,,,,,,,,,"Athletic, Long, Shorts"
men's shorts 10 inch inseam,男式短裤 10 英寸内缝,,,自然搜索词,0,1,B08JGBB9N1,"1,560,362",679,18,2.69%,"14,358",259,1,0,"2,640",0.3,3,12.00%,0.00%,$1.72 ,$1.09 - $3.45,B009CTUD0C,4.00%,0.00%,B08BSQDS1S,4.00%,0.00%,B0BQQWYMNG,4.00%,0.00%,"B009CTUD0C,B0C4YK4NDV,B08KTW6W29,B01MA5EOSD,B00HW1BIDS,B082TJ13C3,B00PI5EXOQ,B0058YQZJI,B0CRKC45YM,B08JGBB9N1","Shorts, Inseam"
men's short-sleeved breathablef,,,,SP广告词,0,1,B09WMZR2XM,,,,,,,,,0,,0,,,,-,,,,,,,,,,,Breathable
men's short pants casual,,,,自然搜索词,0,1,B09T3QHVVM,,,,,,,,,0,,24,,,,-,,,,,,,,,,,"Pants, Casual, Short"
men's short pants,男士短裤,,,自然搜索词,0,1,B09T3QHVVM,"1,873,501","1,068",31,2.96%,"27,195",431,1,0,"15,143",0.1,8,10.60%,7.70%,$1.03 ,$0.83 - $2.08,B0BGFVMW7R,4.60%,0.00%,B01JQTBSU6,3.00%,7.70%,B07DXJTPT1,3.00%,0.00%,"B009CTU9T2,B01JQTBSU6,B07HNTTKZ6,B016Y8263A,B07H5QPL1R,B01BGZ244W,B0775MHLC7,B075MX5NQ4,B07F25B4GC,B01IT4UQOI","Pants, Short"
men's short pajamas,男士短睡衣,,,自然搜索词,0,1,B09T3QHVVM,"2,256,207",140,4,3.28%,"3,003",60,1,0,"2,385",0.1,5,21.20%,0.00%,$1.88 ,$1.12 - $3.78,B0CLXPZXK1,9.10%,0.00%,B07PM93ZL1,6.10%,0.00%,B08VFC3W7S,6.10%,0.00%,"B07PN75241,B00RFHM1H6,B09T3QHVVM,B09KP1SG8Q,B0CLXPZXK1,B00M0QH7BC,B07HFGBPH8,B0CJK4RSTC,B0CP3B54G3,B08VF995KY","Short, Pajamas"
men's short athletic shorts,,,,自然搜索词,0,2,B0151E6WPQ/B0C1365SJV,,,,,,,,,0,,0,,,,-,,,,,,,,,,,"Athletic, Shorts, Short"
men's short,男士短裤,,,自然搜索词,0,2,B0BLKN87V4/B0C1365SJV,"1,455,161","1,352",184,13.62%,"35,341",515,5,3,"9,932",0.1,3,6.50%,1.60%,$1.72 ,$1.00 - $3.45,B09QT6H6NQ,2.50%,0.00%,B009CTUGW2,2.20%,1.60%,B079N49KN2,1.80%,0.00%,"B07YP9TWCX,B009CTUGW2,B07H5QPL1R,B016Y825ZE,B0C26D741D,B06XWMC24B,B01N2UE6IB,B082TJ8LV7,B078VZ5QBW,B0CQZ57M44",Short
men's running track shorts,,,,自然搜索词,0,1,B0CHMQ6Z7W,,,,,,,,,0,,0,,,,-,,,,,,,,,,,"Shorts, Running"
men's running clothing,,,,SP广告词,0,1,B0CHMN8TDS,,,,,,,,,"147,722",,10,,,,-,,,,,,,,,,,"Clothing, Running"
men's reebok shorts,,,,自然搜索词,0,1,B09P3T8X61,,,,,,,,,322,,0,,,,-,,,,,,,,,,,"Shorts, Reebok"
men's quick-drying sports shorts,,,,自然搜索词,0,1,B08JGBB9N1,,,,,,,,,0,,22,,,,-,,,,,,,,,,,"Shorts, Sports"
men's quick dry athletic shorts,,Y,,自然搜索词/AC推荐词,0,1,B08JGBB9N1,,,,,,,,,0,,4,,,,-,,,,,,,,,,,"Athletic, Shorts"
men's polyester shorts,,,,自然搜索词,0,3,B01AK7Y102/B08JGBB9N1/B09P3T8X61,,,,,,,,,"30,165",,4,,,,-,,,,,,,,,,,"Polyester, Shorts"
men's pink shorts,男士粉色短裤,,,自然搜索词,0,1,B0C1365SJV,"1,165,973","1,285",44,3.44%,"35,810",611,1,0,"5,685",0.2,4,13.80%,0.00%,$1.15 ,$0.87 - $2.24,B0CPYBTWBQ,5.50%,0.00%,B0D6Z8FQGJ,4.70%,0.00%,B08P67RN6B,3.60%,0.00%,"B089PJFPL9,B0CPYBTWBQ,B096858XP9,B0CQZ4JG1K,B0BJSJB8T8,B09C8R78HW,B0BLRZH6MN,B0C26LGFRP,B08P64BCHP,B0CT1PHNH3","Shorts, Pink"
men's performance shorts,,,,自然搜索词,0,1,B09WMYXNJ9,,,,,,,,,"8,166",,0,,,,-,,,,,,,,,,,"Performance, Shorts"
men's pajamas shorts,,,,自然搜索词,0,1,B09T3QHVVM,,,,,,,,,"1,859",,0,,,,-,,,,,,,,,,,"Shorts, Pajamas"
men's pajama shorts 3pack,,,,SP广告词,0,1,B01AK7Y102,,,,,,,,,0,,0,,,,-,,,,,,,,,,,"Shorts, Pajama"
men's nylon shorts,男士尼龙短裤,Y,,AC推荐词,0,1,B08JGBB9N1,"1,308,343",679,21,3.24%,"19,872",335,1,0,"8,308",0.1,4,14.00%,12.50%,$1.78 ,$1.13 - $3.58,B08JGBB9N1,6.00%,12.50%,B0723CZCQT,4.00%,0.00%,B075MYDWW1,4.00%,0.00%,"B0C26GLSZN,B08JGBB9N1,B00719ZSHS,B075MYDWW1,B01ES41E3K,B08JTQP6VY,B0CJ1D8N79,B001JPMUXK,B083VR377G,B0723CZCQT","Nylon, Shorts"
men's mesh shorts with pockets,,,,自然搜索词,0,1,B0C1365SJV,,,,,,,,,0,,0,,,,-,,,,,,,,,,,"Mesh, Shorts"
men's loose shorts,,Y,,AC推荐词,0,2,B08JGBB9N1/B09T3QHVVM,,,,,,,,,0,,21,,,,-,,,,,,,,,,,Shorts
men's loose fitness running casual shorts,,,,自然搜索词,0,1,B09P3T8X61,,,,,,,,,0,,0,,,,-,,,,,,,,,,,"Casual, Running, Loose Fit, Fitness, Shorts"
men's lightweight shorts,男士轻便短裤,,,自然搜索词,0,1,B09T3QHVVM,"1,392,959","1,158",29,2.52%,"29,216",477,1,0,"88,714",0,4,9.30%,2.60%,$1.74 ,$1.14 - $3.08,B0B1LB9B18,3.90%,0.00%,B0151E6PB2,2.70%,2.60%,B0BNMF7HFB,2.70%,0.00%,"B0B1LB9B18,B0BNMF7HFB,B078VZ2HVS,B08JG3T2SY,B0151E6PB2,B07H5QPL1R,B08PCYCQYP,B009CTUGW2,B075MRS4PT,B0BWNMWLJX","Shorts, Lightweight"
men's knit shorts,,Y,,AC推荐词,0,1,B0151E6WPQ,,,,,,,,,"3,386",,4,,,,-,,,,,,,,,,,"Knit, Shorts"
men's jogging shorts,,,,自然搜索词,0,1,B08JGBB9N1,,,,,,,,,"15,906",,9,,,,-,,,,,,,,,,,"jogging, Shorts"
men's jersey shorts with pockets,,Y,,AC推荐词,0,1,B0151E6WPQ,,,,,,,,,0,,,,,,-,,,,,,,,,,,"Shorts, Jersey"
men's jersey shorts,,Y,,AC推荐词,0,3,B0151E6WPQ/B08JGBB9N1/B09T3QHVVM,,,,,,,,,"1,894",,4,,,,-,,,,,,,,,,,"Shorts, Jersey"
men's jersey,男式球衣,,,自然搜索词,0,1,B0151E6WPQ,"1,928,360",485,17,3.68%,"10,097",237,1,0,"40,478",0,23,12.80%,0.00%,$0.94 ,$0.68 - $1.89,B09YHGD5KF,7.70%,0.00%,B07KMLFZCB,2.60%,0.00%,B07T12VPN8,2.60%,0.00%,"B08S71NLNG,B0CKM8TYRW,B0CW7JGXSC,B0BQRH5YMX,B073WM67XH,B09XB83GP8,B09YHGS2C7,B091K1BJJN,B07T12VPN8,B0B65HXF2P",Jersey
men's huk shorts,,,,SP广告词,0,1,B0BFDSVMPF,,,,,,,,,280,,5,,,,-,,,,,,,,,,,Shorts
men's hiking,,,,SP广告词,0,1,B0CHMN8TDS,,,,,,,,,0,,21,,,,-,,,,,,,,,,,Hiking
men's gym loose workout shorts,,,,自然搜索词,0,1,B09P3T8X61,,,,,,,,,0,,0,,,,-,,,,,,,,,,,"Workout, gym, Shorts"
men's fleece shorts,男士抓绒短裤,,,自然搜索词,0,1,B0151E6WPQ,"1,725,665","1,403",41,2.96%,"33,518",646,1,0,"2,344",0.6,9,11.40%,0.00%,$1.53 ,$0.93 - $2.96,B07MW5QDWD,3.80%,0.00%,B07VN4FYR4,3.80%,0.00%,B085DZVM4B,3.80%,0.00%,"B08J9224KH,B0BB883KN5,B0BGW6KJ6L,B07MW5QDWD,B07F2T3MX6,B0BWZR87LT,B07DGSY8VT,B08S1Y187C,B0C8VLG2C6,B0B6D59GST","Shorts, Fleece"
men's fitness shorts,,,,HR推荐词,0,2,B08JGBB9N1/B0BFDVPFKX,,,,,,,,,0,,10,,,,-,,,,,,,,,,,"Fitness Shorts, Shorts, Fitness"
men's dri fit shorts with pockets,,,,自然搜索词,0,1,B01AK7Y102,,,,,,,,,0,,0,,,,-,,,,,,,,,,,Shorts
men's drawstring shorts with pockets,,Y,,AC推荐词,0,1,B0151E6WPQ,,,,,,,,,0,,,,,,-,,,,,,,,,,,"Shorts, Drawstring"
men's crossfit shorts,男士运动短裤,,,自然搜索词,0,2,B01AK7Y102/B09P3T8X61,"2,112,574",140,4,3.05%,"3,979",61,1,0,289,0.5,4,18.80%,0.00%,$1.50 ,$1.02 - $3.00,B07TKMPMRK,9.40%,0.00%,B07TMQFQ9N,6.30%,0.00%,B07YMHRP9Z,3.10%,0.00%,"B07TMQFQ9N,B07YMSB4SP,B085NF55WL,B08D9TCJ4S,B09VBK13ZV,B09PYSW3SM,B09P3T8X61,B0BT6S26VZ,B09LTQWH1Z,B09XQWHWKJ","Shorts, CrossFit"
men's cotton shorts with pockets,男式带口袋棉质短裤,Y,,AC推荐词,0,1,B0151E6WPQ,"1,873,476",719,23,3.26%,"20,550",323,1,0,"13,450",0.1,9,17.30%,0.00%,,-,B0151E6TM2,5.80%,0.00%,B0151E6WPQ,5.80%,0.00%,B08L4XD1JB,5.80%,0.00%,"B0151E6WPQ,B09T3S3BCX,B07RJSL1TL,B00AKSCZ6Y,B08L4XD1JB,B009CTU9T2,B000MND7A0,B0BTV3L1PV,B08VHMV2V1,B0BVMW2H8V","Cotton, Shorts"
men's cotton shorts,男式棉短裤,Y,,AC推荐词,0,2,B09T3QHVVM/B0151E6WPQ,"297,648","7,544","1,557",20.64%,"219,735","2,914",36,0,"5,371",1.4,17,10.60%,2.40%,$1.74 ,$1.12 - $3.49,B00M0QH7BC,4.00%,0.30%,B0151E6WPQ,3.80%,1.80%,B0151E6OUY,2.80%,0.30%,"B0151E6OUY,B09T3QJ8ZY,B0151E6WPQ,B00M0QFMSW,B07PN75241,B0BVMXG7PM,B00AKSCZ6Y,B007PXVAKE,B0D2S5ZFLV,B009CTU9T2","Cotton, Shorts"
men's cotton and linen loose casual shorts,,,,SP广告词,0,1,B09T3QHVVM,,,,,,,,,0,,26,,,,-,,,,,,,,,,,"Cotton, Shorts, Casual, Linen"
men's corduroy shorts,,,,品牌广告词,0,1,B0BLKN87V4,,,,,,,,,150,,25,,,,-,,,,,,,,,,,"Shorts, Corduroy"
men's clearance,男士清关,,,HR推荐词,0,1,B0CHMN8TDS,"1,986,214",394,12,3.22%,"10,762",169,1,0,"89,183",0,5,8.30%,16.70%,,-,B073CZ5275,2.80%,16.70%,B01NAFW5O0,2.80%,0.00%,B06XWMJH3K,2.80%,0.00%,"B08ZH6P1NY,B0BWNHZCCR,B077XNMSPS,B002VUAM46,B09KG1817D,B0787P86ZZ,B09ZL3V62Q,B072QRN7HR,B071DVQLT2,B0BB8572WR",Clearance
men's classic athletic sports gym shorts,,,,自然搜索词,0,1,B01AK7Y102,,,,,,,,,0,,0,,,,-,,,,,,,,,,,"Athletic, gym, Classic, Shorts, Sports"
men's casual sports shorts,,,,自然搜索词,0,1,B00AKSCXEI,,,,,,,,,0,,13,,,,-,,,,,,,,,,,"Shorts, Casual, Sports"
men's casual pants short,,,,自然搜索词,0,1,B09T3QHVVM,,,,,,,,,0,,12,,,,-,,,,,,,,,,,"Pants, Casual, Short"
men's breathable athletic shorts,,,,自然搜索词,0,2,B00AKSCXEI/B09P3T8X61,,,,,,,,,0,,0,,,,-,,,,,,,,,,,"Athletic, Shorts, Breathable"
men's black spandex,,,,自然搜索词,0,1,B09P3T8X61,,,,,,,,,0,,0,,,,-,,,,,,,,,,,"Black, Spandex"
men's big and tall,男装大码和高码,,,自然搜索词,0,1,B0C1365SJV,"2,256,156","2,034",73,3.61%,"44,992",816,2,2,"73,356",0,5,8.70%,0.00%,$1.33 ,$0.93 - $2.67,B0CBDHMCHK,4.40%,0.00%,B01MYWGRYW,2.60%,0.00%,B00HFJTP5K,1.70%,0.00%,"B08MMH7FR8,B00FSB5TNE,B08NWJL7VX,B07HRFSNL4,B01MYWGRYW,B01GH5KOZ2,B086L79Q6X,B0193H2ID2,B07D126W6P,B002G9UD8W","big, Tall, Big And Tall"
men's beach casual shorts,,,,SP广告词,0,1,B0BFDVPFKX,,,,,,,,,0,,0,,,,-,,,,,,,,,,,"Shorts, Casual, Beach"
men's basketball short,,,,自然搜索词,0,1,B0C1365SJV,,,,,,,,,0,,0,,,,-,,,,,,,,,,,"Basketball, Short"
men's athletic tights with fly,,,,SP广告词,0,1,B09WMYXNJ9,,,,,,,,,0,,19,,,,-,,,,,,,,,,,"Athletic, Fly, Tights"
men's athletic shorts 9 inch inseam,男士运动短裤 9 英寸下裆,,,自然搜索词,0,2,B01AK7Y102/B08JGBB9N1,"2,418,560",571,17,3.04%,"16,192",270,1,0,"3,761",0.2,22,16.30%,0.00%,,-,B01AK7Y102,7.00%,0.00%,B00719ZAE4,4.70%,0.00%,B00KUL0W1G,4.70%,0.00%,"B08JGBB9N1,B07H5P8M39,B08P57B616,B01ES41BSS,B01AK7Y102,B09LHCQCV6,B000JC0YJQ,B08JTQP6VY,B0C4GT8GJG,B0723CZCQT","Athletic, Shorts, Inseam"
men's athletic shorts 7 inch inseam,男式运动短裤 7 英寸内缝,,,自然搜索词,0,2,B09P3T8X61/B09XQVCZ8B,"1,282,194","1,216",30,2.52%,"33,748",478,1,3,"1,872",0.7,4,16.00%,0.00%,,-,B085NF55WL,5.80%,0.00%,B089MML9CZ,5.80%,0.00%,B0D3P9XTKV,4.40%,0.00%,"B0D3P9XTKV,B08CXW8ZJD,B0D1BRRJX4,B0CJSM512X,B0BNW4VZPK,B0C1TXY8W2,B08BX4YRYJ,B089MPGDQP,B0BNW3NJ7L,B0CRQFLWT3","Athletic, Shorts, Inseam"
men's athletic shorts 5 inch,男士运动短裤5英寸,,,SP广告词,0,1,B0BFDTMBGP,"2,112,559",679,23,3.51%,"15,964",332,1,0,"1,568",0.4,4,18.00%,0.00%,,-,B07R1J9J3J,8.00%,0.00%,B0BS3S1MHC,6.00%,0.00%,B07QW5JJ7X,4.00%,0.00%,"B09PYTB8SD,B0C27FN2BN,B0BX7JC52G,B0BLRBS6NP,B07R1J9J3J,B0CQ89H4T2,B0BS3S1MHC,B0CRQF296G,B09VBK13ZV,B08XPZ3MYM","Athletic, Shorts"
men's apparel,,,,自然搜索词,0,1,B0C1365SJV,,,,,,,,,"145,856",,4,,,,-,,,,,,,,,,,
men's activewear,,Y,,自然搜索词/AC推荐词/SP广告词,0,2,B08JGBB9N1/B0BFDTMBGP,,,,,,,,,0,,116,,,,-,,,,,,,,,,,Active
men's active shorts,男士运动短裤,Y,,自然搜索词/AC推荐词,0,1,B08JGBB9N1,"1,335,502","1,311",47,3.59%,"35,709",537,2,1,"3,395",0.4,4,12.30%,5.90%,$1.79 ,$1.27 - $3.21,B0723CZCRJ,7.00%,3.90%,B0BFDWJ8LF,2.80%,0.00%,B08JGBB9N1,2.50%,2.00%,"B0CRHF41F7,B08JGBB9N1,B01AK7Z1ZG,B0723CZCQT,B07H5QPL1R,B09PYTB8SD,B08JTWR1S3,B07BPLHK9T,B0BQ1WFHVV,B07CZBPDZB","Shorts, Active"
men's 9 inch shorts,,,,自然搜索词,0,1,B00AKSCXEI,,,,,,,,,"5,894",,4,,,,-,,,,,,,,,,,Shorts
men workout set,,,,自然搜索词,0,1,B08JGBB9N1,,,,,,,,,0,,10,,,,-,,,,,,,,,,,"Workout, Set"
men workout gear,,,,SP广告词,0,2,B08JGBB9N1/B0BFDTMBGP,,,,,,,,,"40,849",,25,,,,-,,,,,,,,,,,Workout
men workout clothes for gym,,,,自然搜索词,0,1,B08JGBB9N1,,,,,,,,,"36,297",,10,,,,-,,,,,,,,,,,"Workout, gym"
men work cloth,,,,SP广告词,0,1,B0BFDVPFKX,,,,,,,,,0,,0,,,,-,,,,,,,,,,, work
men training shorts,男士训练短裤,,,自然搜索词,0,1,B09P3T8X61,"2,047,105",666,18,2.74%,"17,934",288,1,0,"4,418",0.2,24,16.30%,0.00%,$1.44 ,$1.24 - $1.62,B0CQ8RNN1C,8.20%,0.00%,B08JG3T2SY,4.10%,0.00%,B08JGC1D2G,4.10%,0.00%,"B08JG3T2SY,B0CRHF41F7,B0987C93NK,B01AK7Y12A,B08BCK9G6R,B0D1QZ7464,B09VBK13ZV,B087M3MJ1L,B09PYSSR6D,B0BZPJW6G4","Shorts, Training"
men tennis shorts,男子网球短裤,,,自然搜索词,0,2,B08JGBB9N1/B09P3T8X61,"1,455,127","1,205",9,0.80%,"29,453",508,1,0,"6,220",0.2,9,22.10%,0.00%,$1.29 ,$0.98 - $1.62,B0BTJDD9XB,10.30%,0.00%,B091M6H7ZT,5.90%,0.00%,B091MM1NQL,5.90%,0.00%,"B0C1JHLB6Y,B0BTJDD9XB,B0C66789T5,B09XLMJ3XX,B08797294F,B09XLL648Z,B07CZBPD66,B091MM1NQL,B09Y2SX673,B07H4LSYM6","Shorts, Tennis"
men sports shorts,男士运动短裤,,,自然搜索词,0,2,B0151E6WPQ/B0C1365SJV,"1,681,346","1,276",91,7.15%,"32,092",487,3,0,"17,303",0.1,4,12.70%,5.00%,$1.48 ,$1.11 - $1.85,B01AK7Z1ZG,4.20%,5.00%,B072JBQRLG,4.20%,0.00%,B07NF3FLNV,4.20%,0.00%,"B08JGC1D2G,B0CRHF41F7,B01AK7ZK7A,B07NDP7ZTX,B0C1365SJV,B072JBQRLG,B07BPLHK9T,B08JTQP6VY,B0BWNHZCCR,B08LT9MJM2","Shorts, Sports"
men sport skirt set,,,,SP广告词,0,1,B0BFDSVMPF,,,,,,,,,0,,0,,,,-,,,,,,,,,,,"Skirt, Set"
men sport,,,,自然搜索词,0,2,B0151E6WPQ/B0C1365SJV,,,,,,,,,0,,0,,,,-,,,,,,,,,,,
men spandex shorts with pocket,,,,自然搜索词,0,1,B09P3T8X61,,,,,,,,,0,,0,,,,-,,,,,,,,,,,"Shorts, Pocket, Spandex"
men spandex shorts,男士氨纶短裤,,,自然搜索词,0,1,B09P3T8X61,"1,681,345",821,28,3.42%,"21,391",406,1,0,"6,397",0.1,18,25.00%,0.00%,$1.50 ,$1.12 - $1.88,B0CSS7DZ1G,10.70%,0.00%,B094JNYK97,7.10%,0.00%,B0CRK7KMVD,7.10%,0.00%,"B0962XT4X8,B094JNWX7S,B0CSS7DZ1G,B089T92G5J,B01ES407HO,B0874X78ZL,B0C2YFJSRC,B082WDVVRR,B0CGR7CC4B,B06XRPYZDW","Shorts, Spandex"
men singlet,男单线,,,SP广告词,0,1,B0BFDRQLNC,"1,308,325",890,23,2.62%,"18,107",338,1,0,"1,749",0.5,2,22.00%,8.30%,$0.28 ,$0.20 - $0.41,B00HVVVMM6,10.20%,8.30%,B01JLR234I,6.80%,0.00%,B0CS5Q65GP,5.10%,0.00%,"B00HVVVMM6,B01JLR234I,B06XWFZGQ9,B06XSM6P1S,B08RCM683L,B0CS62ND6Y,B00VTVAXPG,B07QWNQF7K,B0BW8JPPTC,B0CJZ2ZPLM",
men shorts workout,,Y,,AC推荐词,0,2,B08JGBB9N1/B09XQVCZ8B,,,,,,,,,"7,821",,9,,,,-,,,,,,,,,,,"Shorts, Workout"
men shorts with pockets,,,,自然搜索词,0,4,B00AKSCXEI/B0151E6WPQ/B01AK7Y102/B09T3QHVVM,,,,,,,,,"25,363",,4,,,,-,,,,,,,,,,,Shorts
men shorts summer,,,,自然搜索词,0,1,B08JGBB9N1,,,,,,,,,"5,945",,26,,,,-,,,,,,,,,,,"Shorts, Summer"
men shorts gym,男士 短裤 健身房,,,自然搜索词,0,2,B01AK7Y102/B08JGBB9N1,"2,112,539",867,26,3.07%,"20,181",418,1,0,"8,089",0.1,4,13.80%,13.30%,$1.49 ,$1.12 - $1.86,B00KUL0W1G,6.90%,6.70%,B0728KK8VK,3.50%,6.70%,B08CXW8ZJD,3.50%,0.00%,"B0CRHF41F7,B08JGBB9N1,B0CRRF28SH,B085NF55WL,B09LTQWRV7,B0723CZCRJ,B09PYSSR6D,B0036OS6KI,B07H5QPL1R,B0BWNHZCCR","Shorts, gym"
men shorts cotton,男士短裤棉质,Y,,AC推荐词,0,1,B0151E6WPQ,"688,837","2,803",12,0.43%,"67,483","1,211",1,0,"8,620",0.3,32,9.90%,2.60%,$1.48 ,$1.26 - $1.85,B0151E6OUY,3.80%,0.00%,B0D2S5ZFLV,3.60%,2.60%,B0863H2XQZ,2.40%,0.00%,"B0151E6WPQ,B0151E6OUY,B09T3QJ8ZY,B00M0QFGRY,B00AKSCZ6Y,B000MND796,B0D2S5ZFLV,B0BVMXG7PM,B01JQTBO5U,B0B6D2G6LT","Cotton, Shorts"
men shorts clearance sale,男士短裤清仓大甩卖,,,自然搜索词,0,2,B08JGBB9N1/B09T3QHVVM,"1,598,846",551,64,11.77%,"11,026",250,2,0,"9,181",0.1,4,16.70%,0.00%,$1.48 ,$1.11 - $1.85,B0D62BHWNV,7.10%,0.00%,B0151E6OUY,4.80%,0.00%,B08JGBB9N1,4.80%,0.00%,"B08JGBB9N1,B0D62BHWNV,B0151E6TM2,B07YP9TWCX,B07NF3G29P,B0BWNHZCCR,B01AK7Y12A,B0CRHDB5DR,B0D5BN8LDB,B08P66V2H4","Clearance, Shorts"
men shorts big and tall,,,,自然搜索词,0,1,B09T3QHVVM,,,,,,,,,"44,550",,4,,,,-,,,,,,,,,,,"big, Shorts, Big And Tall, Tall"
men shorts basketball,,,,SP广告词,0,2,B0BFDRQLNC/B0C1365SJV,,,,,,,,,"16,625",,4,,,,-,,,,,,,,,,,"Basketball, Shorts"
men shorta,,,,自然搜索词,0,2,B09T3QHVVM/B0BLKN87V4,,,,,,,,,"40,360",,4,,,,-,,,,,,,,,,,Short
men short shirts,,,,自然搜索词,0,1,B0C1365SJV,,,,,,,,,0,,0,,,,-,,,,,,,,,,,"Shirt, Short"
men short pajamas,,Y,,自然搜索词/AC推荐词,0,1,B09T3QHVVM,,,,,,,,,"5,949",,27,,,,-,,,,,,,,,,,"Short, Pajamas"
men rugby shorts,,,,自然搜索词,0,1,B00AKSCXEI,,,,,,,,,0,,5,,,,-,,,,,,,,,,,"Shorts, Rugby"
men quick dry shorts,男士速干短裤,,,自然搜索词,0,2,B08JGBB9N1/B0BFDTMBGP,"1,455,119","1,345",36,2.70%,"34,047",546,1,0,"15,662",0.1,9,18.40%,0.00%,$1.27 ,$0.95 - $1.60,B00DNNMLLW,7.90%,0.00%,B09SKRFJHL,5.30%,0.00%,B0C26DGFQK,5.30%,0.00%,"B075MRS4PT,B0C9MDHMXM,B0C26DGFQK,B0CPPPD5S1,B00DNNMLLW,B0BZPPT4QF,B0D1G8N2J4,B0CLCSR7R7,B0BNMF7HFB,B0CRKD7JZY",Shorts
men quick dry short,,,,自然搜索词,0,1,B08JGBB9N1,,,,,,,,,0,,33,,,,-,,,,,,,,,,,Short
men polyester shorts,,,,自然搜索词,0,2,B01AK7Y102/B09P3T8X61,,,,,,,,,0,,0,,,,-,,,,,,,,,,,"Polyester, Shorts"
men pink shorts,男士粉色短裤,,,自然搜索词,0,1,B0C1365SJV,"1,051,498","1,272",37,2.96%,"35,048",566,1,0,"11,132",0.1,26,11.40%,0.00%,$1.12 ,$0.82 - $1.39,B08P68YTSY,5.30%,0.00%,B0C26LGFRP,3.00%,0.00%,B0CPYBTWBQ,3.00%,0.00%,"B096858XP9,B0C26LGFRP,B089PK61LW,B08P64BCHP,B08CMPQKG8,B0CPYBTWBQ,B0C1TXQYMY,B0C9GWP3S3,B0CQZ4JG1K,B09C8R78HW","Shorts, Pink"
men pajamas shorts,,,,自然搜索词,0,1,B09T3QHVVM,,,,,,,,,"3,015",,0,,,,-,,,,,,,,,,,"Shorts, Pajamas"
men pajama short,,Y,,AC推荐词,0,1,B09T3QHVVM,,,,,,,,,0,,0,,,,-,,,,,,,,,,,"Short, Pajama"
men nylon shorts,男士尼龙短裤,Y,,自然搜索词/AC推荐词,0,2,B08JGBB9N1/B09P3T8X61,"2,181,845",607,20,3.35%,"15,812",272,1,0,"14,072",0,4,15.50%,0.00%,$1.00 ,$0.75 - $1.25,B0C26GLSZN,6.70%,0.00%,B0BGG6MWC1,4.40%,0.00%,B0CHTMG9Y1,4.40%,0.00%,"B0C26GLSZN,B00719ZSHS,B08JGBB9N1,B075MYDWW1,B0CJ1D8N79,B08JTQP6VY,B0BGG6MWC1,B083VR377G,B0723CZCQT,B01ES41E3K","Nylon, Shorts"
men mesh short,,,,自然搜索词,0,1,B0C1365SJV,,,,,,,,,0,,1,,,,-,,,,,,,,,,,"Mesh, Short"
men lululemon shorts,男士 lululemon 短裤,,,自然搜索词,0,1,B0BFDTMBGP,"2,112,525",692,18,2.70%,"14,405",308,1,0,292,2.4,4,25.50%,20.00%,$1.27 ,$0.95 - $1.60,B09JSF38W3,11.80%,20.00%,B09496WLTQ,7.80%,0.00%,B09CGWK6PR,5.90%,0.00%,"B09CGXNN69,B0BLRWCWCB,B0B82GK78B,B09XQXMKPR,B0C1JKXQJW,B0BT6V92HH,B08D7R2FCS,B0BRCL4VRD,B08XPQ41Q7,B09JSF38W3","lululemon, Shorts"
men long training shorts,,,,自然搜索词,0,1,B01AK7Y102,,,,,,,,,0,,0,,,,-,,,,,,,,,,,"Long, Shorts, Training"
men lingeries,,,,SP广告词,0,2,B0BFDTMBGP/B0CHMN7XFY,,,,,,,,,0,,103,,,,-,,,,,,,,,,,Lingerie
men lightweight shorts,,,,自然搜索词,0,1,B09T3QHVVM,,,,,,,,,0,,0,,,,-,,,,,,,,,,,"Shorts, Lightweight"
men lightweight breathable cotton blend polo shirts,,,,SP广告词,0,1,B09WMZR2XM,,,,,,,,,0,,23,,,,-,,,,,,,,,,,"Cotton, Lightweight, Breathable, Blend"
men jersey shorts,男士针织短裤,,,自然搜索词,0,3,B0151E6WPQ/B08JGBB9N1/B09T3QHVVM,"2,047,079",551,15,2.82%,"11,798",241,1,0,"3,333",0.2,1,16.70%,0.00%,$0.86 ,$0.75 - $1.13,B07NDP7ZTX,7.10%,0.00%,B00AKSCXBG,4.80%,0.00%,B00AKSCZ6Y,4.80%,0.00%,"B0151E6TM2,B08JGBB9N1,B00AKSCXES,B0BTV3L1PV,B09T3Q8N7W,B007PXVAIQ,B07CJKSPK6,B0728KK8VK,B0D2S5ZFLV,B08JTQP6VY","Shorts, Jersey"
men in black three,黑衣三人组,,,SP广告词,0,1,B0CHMM393V,"1,455,109",461,16,3.50%,"10,876",229,1,0,"3,980",0.1,4,89.50%,0.00%,$2.17 ,$1.62 - $2.71,B00BRAFZIE,84.20%,0.00%,B009HEJXFS,2.60%,0.00%,B009HEN7LY,2.60%,0.00%,"B009HEJXFS,B000I8G5NA,B0011E7JBW,B07SZ4CTN2,B0D544W7KJ,B01M7O68MH,B07T4F72QF,B08V1PX1K7,B0018Y7BH2,B0CPRRMSLJ",Black
men gym wear,,,,自然搜索词,0,1,B08JGBB9N1,,,,,,,,,"25,087",,10,,,,-,,,,,,,,,,,gym
men gym shorts 7 inch,男士健身短裤 7 英寸,,,自然搜索词,0,1,B09P3T8X61,"1,523,353","1,364",37,2.77%,"28,363",627,1,0,"1,739",0.8,9,21.10%,7.70%,$1.34 ,$1.14 - $1.70,B085NF55WL,10.50%,7.70%,B0C1NLXPVM,6.60%,0.00%,B0BFDV4HHP,4.00%,0.00%,"B0BXWDK38F,B085NF55WL,B0CRQFLWT3,B0BNW3NJ7L,B0BN58FBLH,B0D1C18PXQ,B08BX5PF5C,B09NY1DK1N,B0BVMW2HZX,B0C1NLXPVM","Shorts, gym"
men gym shorts 10 inch,,,,SP广告词,0,1,B00AKSCXEI,,,,,,,,,0,,120,,,,-,,,,,,,,,,,"Shorts, gym"
men gym short,,,,自然搜索词,0,2,B01AK7Y102/B08JGBB9N1,,,,,,,,,"8,995",,4,,,,-,,,,,,,,,,,"gym, Short"
men gym,男子健身房,,,自然搜索词,0,1,B01AK7Y102,"1,282,175","1,355",49,3.64%,"29,886",658,2,0,"72,414",0,9,13.00%,0.00%,$1.29 ,$0.99 - $1.70,B09XLFRMNS,5.20%,0.00%,B077ZJXCTS,3.90%,0.00%,B077ZKDQLV,3.90%,0.00%,"B077ZJXCTS,B0785VMVF4,B08RYRJW2L,B08R7SPBLS,B09PYSSR6D,B07WTSQ55M,B09LTQWRV7,B01L8JJ5KC,B07VTS8ZJD,B08ZSCHSNV",gym
men fleece shorts,男士抓绒短裤,,,自然搜索词,0,1,B0151E6WPQ,"1,233,351","1,515",9,0.62%,"44,250",721,1,0,"2,510",0.6,4,9.20%,0.00%,$1.16 ,$0.82 - $1.34,B08JGF559G,4.80%,0.00%,B07F2T3MX6,2.20%,0.00%,B0BWZLGFDP,2.20%,0.00%,"B08J9224KH,B0BB883KN5,B07F2T3MX6,B07DGSV214,B0BWZR87LT,B0B6D59GST,B07MW5QDWD,B0BGW6KJ6L,B07DGNXNYX,B0C2JRLYH8","Shorts, Fleece"
men exercise shorts,男士运动短裤,Y,,自然搜索词/AC推荐词,0,1,B08JGBB9N1,"1,725,614","1,225",38,3.13%,"31,243",511,1,0,"12,518",0.1,58,12.30%,8.00%,$1.41 ,$1.21 - $1.86,B07H5QPL1R,4.10%,4.00%,B089JY3L85,4.10%,4.00%,B0723CZCRJ,4.10%,0.00%,"B08JGBB9N1,B07H5QPL1R,B08CXW8ZJD,B0CRRGWXMS,B072JBQRLG,B09P3RHNSY,B00KUL0W1G,B09PYTHR82,B0BWQD4FF9,B0151E6WTW",Shorts
men elastic waist shorts,男士弹力腰短裤,,,自然搜索词,0,2,B08JGBB9N1/B09T3QHVVM,"1,423,368",653,22,3.44%,"18,805",305,1,0,"11,436",0.1,9,18.80%,0.00%,$0.95 ,$0.79 - $1.05,B07XJCK47H,8.30%,0.00%,B0C26D741D,6.30%,0.00%,B0D3HQYYBD,4.20%,0.00%,"B0151E6WTW,B08JHJ137C,B0C26D741D,B08JGBB9N1,B0CRRGWXMS,B0D6GFTV39,B09T3QHVVM,B000MND79Q,B0BWNMWLJX,B0CLP5WN79","Shorts, Elastic, Elastic Waist"
men dri fit shorts,男士干练短裤,Y,,自然搜索词/AC推荐词,0,1,B08JGBB9N1,"1,455,100",821,22,2.74%,"20,753",333,1,0,"2,090",0.4,4,12.50%,14.30%,$1.26 ,$0.94 - $1.59,B0BVT9V2XD,5.40%,0.00%,B07H5PTQML,3.60%,14.30%,B083W47YW5,3.60%,0.00%,"B08JGBB9N1,B07H5QPL1R,B08LTB9SZW,B08JTQP6VY,B01AK7XUGS,B085NF55WL,B07BPLHK9T,B0B1LS2RCT,B0723CZCRJ,B0BZPMDBPM",Shorts
men cotton shorts,男士棉质短裤,Y,,AC推荐词,0,1,B0151E6WPQ,"313,026","6,409",47,0.74%,"159,717","2,544",2,0,"8,235",0.8,158,6.90%,2.30%,$1.09 ,$0.81 - $1.36,B0151E6WPQ,2.60%,0.90%,B0151E6OUY,2.30%,0.90%,B00M0QFIK4,2.10%,0.50%,"B0151E6XTG,B00M0QFMSW,B09T3QJ8ZY,B00AKSCZ6Y,B0BVMXG7PM,B007PXVAKE,B0BTV3L1PV,B01JQTN8SQ,B0D2S5ZFLV,B07PN75241","Cotton, Shorts"
men champion shorts,男子冠军短裤,,,自然搜索词,0,1,B01AK7Y102,"1,165,945","1,288",32,2.54%,"30,046",519,1,0,"3,240",0.4,8,16.10%,2.60%,$1.15 ,$0.76 - $1.52,B00KUL0W1G,8.40%,2.60%,B01AK7Y102,4.40%,0.00%,B00AKSCZ1E,3.30%,0.00%,"B01AK7Y12A,B00AKSCZ1E,B0036OS6KI,B08BX5PF5C,B07DGMZLH1,B0009GA6YA,B07BYCNKM6,B0868VS5GY,B07DGRTC99,B07TKLNDJQ","Shorts, Champion"
men causal shorts,,,,SP广告词,0,1,B09P3T8X61,,,,,,,,,0,,19,,,,-,,,,,,,,,,,Shorts
men big and tall shorts,男士大码短裤,,,自然搜索词,0,1,B09T3QHVVM,"1,018,286","1,756",60,3.46%,"42,161",817,2,0,"42,316",0,4,9.70%,1.80%,$1.19 ,$0.88 - $1.49,B0921QWL1C,3.90%,0.00%,B09464J5CN,3.30%,1.80%,B072JBQRLG,2.50%,0.00%,"B017YONTZC,B017GAFMRC,B0921QWL1C,B08RBJHLRJ,B09461YZGK,B0CQ2ZJ5F8,B0BN173RV2,B008I581N2,B000OF4ON0,B0831FGTCZ","big, Tall, Big And Tall, Shorts"
men basketball shorts with pockets,,,,自然搜索词,0,3,B00AKSCXEI/B01AK7Y102/B0C1365SJV,,,,,,,,,"11,031",,0,,,,-,,,,,,,,,,,"Basketball, Shorts"
men basketball shorts long,男篮球短裤长,,,自然搜索词,0,1,B0C1365SJV,"1,423,356","1,397",45,3.28%,"33,684",644,2,0,"4,456",0.3,4,18.50%,0.00%,$1.47 ,$1.10 - $1.84,B08SWLZR37,8.60%,0.00%,B07NDP7ZTX,4.90%,0.00%,B08SVZN1K5,4.90%,0.00%,"B07NDP7ZTX,B08JG3T2SY,B07BPL162D,B08619TWNC,B08SWLZR37,B07NFDBPRN,B07RRBBFM2,B0CHJN7W7Z,B08LTBNKPC,B0CWP3M7DC","Basketball, Long, Shorts"
men basketball short,,,,自然搜索词,0,2,B0BFDRQLNC/B0C1365SJV,,,,,,,,,0,,4,,,,-,,,,,,,,,,,"Basketball, Short"
men basic shorts,,,,自然搜索词,0,1,B09T3QHVVM,,,,,,,,,0,,5,,,,-,,,,,,,,,,,"Shorts, Basic"
men athletic shorts with pockets,,,,自然搜索词,0,1,B0C1365SJV,,,,,,,,,0,,0,,,,-,,,,,,,,,,,"Athletic, Shorts"
men athletic  shorts,,,,自然搜索词,0,2,B0151E6WPQ/B0C1365SJV,,,,,,,,,0,,0,,,,-,,,,,,,,,,,"Athletic, Shorts"
men ahorts,,,,自然搜索词,0,3,B01AK7Y102/B09T3QHVVM/B0BLKN87V4,,,,,,,,,"44,370",,4,,,,-,,,,,,,,,,,
men activewear,,,,自然搜索词,0,1,B08JGBB9N1,,,,,,,,,"59,475",,5,,,,-,,,,,,,,,,,Active
men active shorts,男士运动短裤,Y,,自然搜索词/AC推荐词,0,2,B08JGBB9N1/B09P3T8X61,"1,068,924","1,553",45,2.96%,"43,515",690,2,0,"3,400",0.5,4,11.40%,0.00%,$1.32 ,$1.07 - $1.49,B0BFDV4HHP,4.70%,0.00%,B08JGBB9N1,3.50%,0.00%,B072JBQRLG,3.20%,0.00%,"B0CRHF41F7,B08JGBB9N1,B07NDP7ZTX,B01AK7Z1ZG,B09PYTB8SD,B0BQ1WFHVV,B08JTWR1S3,B0723CZCQT,B085NF55WL,B07H5QPL1R","Shorts, Active"
men 7 inch shorts,男士 7 英寸短裤,,,自然搜索词,0,1,B09XQVCZ8B,"1,187,376","1,394",39,2.81%,"31,029",615,1,0,"3,541",0.4,1,12.80%,2.30%,$1.02 ,$0.76 - $1.28,B07F25B4GC,5.20%,0.00%,B0BXWDK38F,4.20%,2.30%,B08GLXZSV7,3.50%,0.00%,"B0BXWDK38F,B08JDYVDRB,B07F25B4GC,B0C26JGHGY,B09DCVRMX6,B07F27XC6G,B0C4YR3NRY,B085NF55WL,B0CSPV5D5Q,B0D1C18PXQ",Shorts
mem shorts,,,,自然搜索词,0,2,B01AK7Y102/B09P3T8X61,,,,,,,,,452,,0,,,,-,,,,,,,,,,,Shorts
me s shorts,,,,自然搜索词,0,1,B09T3QHVVM,,,,,,,,,645,,5,,,,-,,,,,,,,,,,Shorts
marsh wear,沼泽服,,,自然搜索词,0,1,B0CHMNB423,"1,124,713","1,437",46,3.24%,"31,729",637,2,0,314,4.6,16,20.60%,11.10%,$0.95 ,$0.72 - $1.20,B09GYS5957,7.30%,11.10%,B09GYSSH1P,7.30%,0.00%,B0958112M5,5.90%,0.00%,"B09GYS5957,B09TGFZF7S,B0C46R8KXR,B0958112M5,B00WKEXCM2,B0C1JKXQJW,B01KTUK3PM,B01DPY8YIM,B0CZ2FCHPR,B0CDK85GDP",
marathon shorts,,,,自然搜索词,0,1,B09P3T8X61,,,,,,,,,0,,0,,,,-,,,,,,,,,,,"Shorts, Marathon"
mans shorts,男士短裤,,,自然搜索词,0,3,B09T3QHVVM/B0BFDRQLNC/B0BLKN87V4,"2,111,663",623,20,3.37%,"12,914",305,1,0,"44,318",0,4,19.60%,0.00%,$0.67 ,$0.50 - $0.83,B07H5QPL1R,6.50%,0.00%,B08JGBB9N1,6.50%,0.00%,B09QT6H6NQ,6.50%,0.00%,"B07YP9TWCX,B07H5QPL1R,B016Y820AY,B0151E6PB2,B078W113QW,B01JQTB3PG,B0C26D741D,B082TJ8LV7,B009CTU8CA,B00XKYLJA8",Shorts
mans basketball shorts,,,,自然搜索词,0,3,B00AKSCXEI/B09P3T8X61/B0C1365SJV,,,,,,,,,0,,28,,,,-,,,,,,,,,,,"Basketball, Shorts"
manatee shorts,,,,SP广告词,0,1,B09P3T8X61,,,,,,,,,0,,0,,,,-,,,,,,,,,,,Shorts
man sports shorts,,,,自然搜索词,0,1,B0C1365SJV,,,,,,,,,0,,9,,,,-,,,,,,,,,,,"Shorts, Man, Sports"
man short pants,男短裤,,,自然搜索词,0,1,B09T3QHVVM,"1,281,837",796,25,3.24%,"17,287",373,1,0,"36,127",0,3,16.40%,0.00%,$1.27 ,$0.95 - $1.60,B0723CZCRJ,9.10%,0.00%,B00BBW2YKU,3.60%,0.00%,B07H5QPL1R,3.60%,0.00%,"B07HNTTKZ6,B00BBW2YKU,B08JGC1D2G,B01JQTBSU6,B075MX5NQ4,B07H5QPL1R,B016Y8263A,B01BGZ244W,B075JM1KZH,B0C4CGLYK7","Pants, Man, Short"
man short,男人矮,,,自然搜索词,0,3,B0151E6WPQ/B0BFDTMBGP/B0C1365SJV,"2,180,847",867,30,3.53%,"25,626",361,1,0,"44,401",0,0,12.10%,0.00%,$1.32 ,$1.12 - $1.71,B07H5QPL1R,5.20%,0.00%,B0151E6XEQ,3.50%,0.00%,B07NDP7HYC,3.50%,0.00%,"B009CTUGY0,B07YP9TWCX,B078W113QW,B08LT9MJM2,B0C26DW41Y,B07H5QPL1R,B0CQZ57M44,B07NDP7ZTX,B01JQTN8SQ,B08TB5KMQ8","Man, Short"
male shorts,男短裤,,,自然搜索词,0,1,B01AK7Y102,"1,124,635","1,578",47,3.03%,"39,504",647,2,0,"34,239",0.1,4,9.30%,3.90%,$0.98 ,$0.83 - $1.20,B07NDP7ZTX,4.40%,0.00%,B07H5QPL1R,2.60%,0.00%,B08JGBB9N1,2.30%,3.90%,"B0BWQMXHMR,B01JQTN8SQ,B07H5QPL1R,B0CRHG67T6,B0BT52M2TL,B0CV3XXDC6,B0BNW5M2ZS,B07NDP7ZTX,B0BQQ971MN,B0151E6TM2","Male, Shorts"
lululemon shorts for men,Lululemon 男士短裤,,,自然搜索词,0,2,B09P3T8X61/B09XQVCZ8B,"1,724,521","2,041",69,3.39%,"42,013","1,009",2,0,285,7.2,5,14.10%,5.30%,$1.73 ,$1.25 - $2.51,B09496WLTQ,5.80%,5.30%,B08K8BH3LS,5.00%,0.00%,B09XQVCZ8B,3.30%,0.00%,"B09CGXNN69,B0BLRWCWCB,B0B82GK78B,B08XPMFSW4,B09XQVCZ8B,B08D7R2FCS,B09JSF38W3,B0C1JKXQJW,B01MTKL4RQ,B0BT6V92HH","lululemon, Shorts"
lululemon shorts dupes,lululemon 短裤欺骗,,,自然搜索词,0,1,B09XQVCZ8B,"1,362,887","1,222",1,0.10%,"35,669",515,1,0,414,3,23,14.90%,0.00%,$0.60 ,$0.44 - $0.75,B097D5ZP88,7.10%,0.00%,B09WDQNS8P,4.50%,0.00%,B09WDSRFW4,3.40%,0.00%,"B09WDQNS8P,B09XDS2M1G,B0CJ5134DL,B0BR3JMG7L,B097D4YNPM,B0C32XPQ98,B096WVNS2R,B0BY8MF53V,B09MKN1MJ5,B0BCVBG5TH","lululemon, Shorts"
lululemon short,露露柠檬短片,,,自然搜索词,0,1,B09XQVCZ8B,"1,680,302",719,19,2.76%,"18,457",292,1,0,807,0.9,5,21.20%,0.00%,$1.12 ,$0.83 - $1.39,B09J6XDPNC,9.60%,0.00%,B08LPM3G32,5.80%,0.00%,B097D4YNPM,5.80%,0.00%,"B09XDS2M1G,B097D4YNPM,B0C5RQ2KCG,B0C32XPQ98,B08LPM3G32,B09J6XDPNC,B0967FXQB9,B09Z5XH5SB,B09WDQNS8P,B0CJ5134DL","lululemon, Short"
lululemon mens shorts 9 inch,,,,自然搜索词,0,1,B09XQVCZ8B,"2,416,408",552,19,3.53%,"15,663",275,1,0,124,4.5,8,26.20%,0.00%,$1.62 ,$1.24 - $2.35,B07F1RKP5C,9.50%,0.00%,B09NDL6XNX,9.50%,0.00%,B01N8P7W76,7.10%,0.00%,"B08NXFN3ZV,B07F1RKP5C,B08XPMFSW4,B01N8P7W76,B0C4GTL6T3,B0B8NQJDD1,B089MMKSCY,B09XQVCZ8B,B09NDL6XNX,B079SGWZK9","lululemon, Shorts"
lululemon mens shorts 7 inch,lululemon 男士短裤 7 英寸,,,自然搜索词,0,2,B09P3T8X61/B09XQVCZ8B,"1,068,503","1,514",38,2.53%,"30,628",587,1,0,233,6.5,5,17.30%,0.00%,$1.60 ,$1.29 - $2.00,B09496WLTQ,7.40%,0.00%,B094963977,5.60%,0.00%,B08XPQ41Q7,4.30%,0.00%,"B09CGXNN69,B0B82GK78B,B09XQVCZ8B,B08XPQ41Q7,B01MTKL4RQ,B0BQCLHBGB,B08CXW8ZJD,B089MPGDQP,B08D7R2FCS,B0CTCQGTYX","lululemon, Shorts"
lululemon men shorts,Lululemon男士短裤,,,自然搜索词/SP广告词,0,1,B09P3T8X61,"1,334,858","1,339",52,3.92%,"36,562",522,2,0,277,4.8,4,24.00%,3.70%,$2.13 ,$1.23 - $2.91,B09496WLTQ,13.90%,3.70%,B094963977,6.00%,0.00%,B07F1G226F,4.10%,0.00%,"B0BLRWCWCB,B09CGXNN69,B09XQXMKPR,B0B82GK78B,B08XPMFSW4,B0BT6V92HH,B08D7R2FCS,B0C1JKXQJW,B08NXFN3ZV,B01N02J25S","lululemon, Shorts"
lululemon dupes shorts,lululemon dupes 短裤,,,HR推荐词,0,1,B09P3T8X61,"1,256,667","1,346",1,0.12%,"35,398",558,1,0,584,2.3,137,18.00%,0.00%,$0.81 ,$0.61 - $1.00,B09WDSRFW4,7.70%,0.00%,B09WHBY4MV,6.30%,0.00%,B097D4YNPM,4.00%,0.00%,"B09XDS2M1G,B097D4YNPM,B0B63TNPXX,B0CJ5134DL,B0BY8MF53V,B096WVNS2R,B0C32XPQ98,B09Z5XH5SB,B09MKN1MJ5,B0BR3JMG7L","lululemon, Shorts"
lululemon dupe mens shorts,,,,自然搜索词,0,1,B09XQVCZ8B,,,,,,,,,144,,4,,,,-,,,,,,,,,,,"lululemon, Shorts, Dupe"
lulu mens shorts,露露男士短裤,,,自然搜索词/SP广告词,0,1,B09P3T8X61,"2,110,970","1,434",47,3.31%,"40,676",686,2,0,169,8.5,3,14.80%,0.00%,$1.33 ,$1.00 - $1.65,B094963977,6.20%,0.00%,B09496WLTQ,4.90%,0.00%,B08K8BH3LS,3.70%,0.00%,"B0BLR7TBYL,B09CGXNN69,B094963977,B09XQW9WN2,B0B82LMY6W,B0C1JKXQJW,B08RN53G8T,B08NXFN3ZV,B01N02J25S,B09C8PMN3G","Shorts, lulu"
lulu dupes shorts,,,,SP广告词,0,1,B09WMZR2XM,,,,,,,,,615,,161,,,,-,,,,,,,,,,,"Shorts, lulu"
lounging shorts for men,男士休闲短裤,,,自然搜索词,0,3,B00AKSCXEI/B0151E6WPQ/B09T3QHVVM,"1,144,766","1,452",51,3.55%,"34,433",582,2,0,"1,168",1.2,1,16.30%,1.30%,$1.29 ,$1.12 - $1.46,B08JLFDRWS,9.50%,0.00%,B0151E6WPQ,3.40%,1.30%,B07PM92MH2,3.40%,0.00%,"B07PM92MH2,B07RJSL1TL,B09T3QHVVM,B0151E6WPQ,B08JGC1D2G,B0CJJZZ51Z,B07H5P8M39,B07HFGBPH8,B08JTQP6VY,B096DJGZVV",Shorts
lounge shorts with pockets,,,,自然搜索词,0,1,B09T3QHVVM,,,,,,,,,"9,982",,9,,,,-,,,,,,,,,,,"Lounge, Shorts"
lounge shorts for men,男士休闲短裤,,,自然搜索词,0,2,B08JGBB9N1/B09T3QHVVM,"1,144,763","1,352",45,3.33%,"33,519",630,2,0,"2,269",0.6,6,14.90%,5.00%,$1.16 ,$1.00 - $1.57,B072JBQRLG,7.50%,0.00%,B07HFGYCJ9,4.10%,1.70%,B00FDVS0ZS,3.40%,3.30%,"B00FDVS0ZS,B07HFGYCJ9,B0CJK2WQT5,B07PP86MLM,B0151E6TM2,B08JGBB9N1,B01N7GAC81,B09T3QHVVM,B0BNJVGP1P,B09V73DPWF","Lounge, Shorts"
loose workout shorts,,,,自然搜索词,0,1,B08JGBB9N1,,,,,,,,,939,,4,,,,-,,,,,,,,,,,"Workout, Shorts"
loose shorts men,宽松短裤男,Y,,AC推荐词,0,3,B08JGBB9N1/B09T3QHVVM/B09XQVCZ8B,"2,045,290",623,17,2.73%,"17,575",276,1,0,"14,833",0,9,15.20%,0.00%,$0.40 ,$0.30 - $0.50,B0018P1ZHS,6.50%,0.00%,B000MNBX74,4.40%,0.00%,B08JLCW32G,4.40%,0.00%,"B08JGBB9N1,B0728KK8VK,B000MND7A0,B09T3QHVVM,B01IT4UQO8,B085DZVM4B,B0151E6TM2,B00719ZGNO,B082TJ2RNH,B07CZDPVRJ",Shorts
loose fit shorts for men,男士宽松短裤,Y,,自然搜索词/AC推荐词,0,2,B08JGBB9N1/B09T3QHVVM,"1,422,447","1,171",36,3.15%,"34,176",491,1,0,"11,274",0.1,4,16.90%,0.00%,$1.96 ,$1.47 - $2.45,B00IEYGUHQ,5.60%,0.00%,B0723CZCQT,5.60%,0.00%,B072JBQRLG,5.60%,0.00%,"B08JGBB9N1,B09QHG7R1L,B000N8X3T4,B078VZGQH7,B072JBQRLG,B000MND7A0,B082TJ2RNH,B01IT4UQO8,B00EC87YQY,B07C4VF6FM","Shorts, Loose Fit"
long workout shorts men,,,,自然搜索词,0,2,B00AKSCXEI/B01AK7Y102,,,,,,,,,"5,232",,0,,,,-,,,,,,,,,,,"Long, Workout, Shorts"
long gym shorts for men,男士长运动短裤,,,自然搜索词,0,1,B01AK7Y102,"1,124,294","1,400",38,2.76%,"37,765",597,1,0,"11,841",0.1,3,13.80%,0.00%,$1.34 ,$1.15 - $1.48,B07RRBBFM2,6.40%,0.00%,B08B8ZS65T,5.00%,0.00%,B0861B2MQP,2.50%,0.00%,"B0CWP4N64D,B07NDP7HYC,B09VT587SP,B08LTBNKPC,B0861B2MQP,B0874WPW3F,B08JTQP6VY,B089GTSLP5,B0CRHF41F7,B0CHJMRJL9","Long, Shorts, gym"
long gym shorts,,,,自然搜索词,0,2,B00AKSCXEI/B01AK7Y102,,,,,,,,,0,,0,,,,-,,,,,,,,,,,"Long, Shorts, gym"
loin cloth mens,腰布男装,,,SP广告词,0,1,B0C4GV51WK,"1,559,060",140,43,31.18%,"3,905",58,1,0,157,0.9,0,35.70%,33.30%,$1.08 ,$0.81 - $1.35,B09T3LTVYJ,17.90%,0.00%,B071W9TR4T,10.70%,0.00%,B0D21SW28C,7.10%,33.30%,"B071W9TR4T,B09B7W2YJC,B0CV1G379Q,B09T3LTVYJ,B0B1PNFW9B,B093DXJNJG,B08P8DJLGD,B0CG5K5CHG,B08HX78BHQ,B07F6RW4SN",
ll bean mens shorts,,,,自然搜索词,0,1,B09P3T8X61,,,,,,,,,377,,0,,,,-,,,,,,,,,,,Shorts
linksoul shorts for men,男士连裤短裤,,,自然搜索词,0,1,B09XQVCZ8B,"1,637,520",913,32,3.57%,"19,480",346,1,0,133,6.9,5,55.00%,0.00%,$1.58 ,$1.20 - $2.07,B08TLRPZC3,31.70%,0.00%,B08TWZX8X8,11.70%,0.00%,B0BT3BTJB3,11.70%,0.00%,"B08TLRPZC3,B07PNRZSSK,B01JOL2F6W,B08YP539V5,B08LNYXB15,B0BT368WXQ,B0BT2YMPWF,B0D4GHZ979,B0BT3FFSPW,B082THLR5J",Shorts
lined gym shorts,,,,自然搜索词,0,1,B09P3T8X61,,,,,,,,,0,,0,,,,-,,,,,,,,,,,"Shorts, gym, Lined"
lightweight sports gym shorts,,,,SP广告词,0,1,B0C4GV51WK,,,,,,,,,0,,0,,,,-,,,,,,,,,,,"Shorts, Lightweight, gym, Sports"
lightweight mens shorts,轻便男士短裤,,,自然搜索词,0,2,B09T3QHVVM/B0BFDTMBGP,"1,281,132","1,403",40,2.88%,"32,761",650,1,0,"16,320",0.1,6,12.10%,0.00%,$1.41 ,$1.07 - $1.77,B0728KK8VK,6.20%,0.00%,B0D918VL7H,3.50%,0.00%,B072JBQRLG,2.40%,0.00%,"B0B1LB9B18,B081W8R8RN,B0151E6PB2,B0BQ1WFHVV,B075MRS4PT,B08JG3T2SY,B08PCYCQYP,B016Y8268U,B07H5QPL1R,B009CTUGW2","Shorts, Lightweight"
lightweight men's shorts,,,,自然搜索词,0,1,B09T3QHVVM,,,,,,,,,0,,0,,,,-,,,,,,,,,,,"Shorts, Lightweight"
lightweight men shorts,,,,自然搜索词,0,1,B09T3QHVVM,,,,,,,,,0,,0,,,,-,,,,,,,,,,,"Shorts, Lightweight"
lightweight gym shorts for men,,,,自然搜索词,0,4,B00AKSCXEI/B01AK7Y102/B08JGBB9N1/B09XQVCZ8B,,,,,,,,,0,,5,,,,-,,,,,,,,,,,"Shorts, Lightweight, gym"
lightweight gym shorts,,,,自然搜索词,0,1,B01AK7Y102,,,,,,,,,0,,0,,,,-,,,,,,,,,,,"Shorts, Lightweight, gym"
lightweight breathable comfort tennis shorts,,Y,,AC推荐词,0,1,B09P3T8X61,,,,,,,,,0,,0,,,,-,,,,,,,,,,,"Shorts, Lightweight, Breathable, Tennis"
lightweight athletic shorts men,,,,自然搜索词,0,1,B0151E6WPQ,,,,,,,,,0,,5,,,,-,,,,,,,,,,,"Athletic, Shorts, Lightweight"
lightweight athletic gym shorts,,,,自然搜索词,0,1,B01AK7Y102,,,,,,,,,0,,0,,,,-,,,,,,,,,,,"Athletic, Shorts, Lightweight, gym"
light weight shorts for men,男士轻量短裤,,,自然搜索词,0,1,B08JGBB9N1,"1,165,099","1,917",56,2.94%,"54,036",839,2,0,"6,237",0.3,4,8.30%,0.00%,$1.09 ,$0.77 - $1.30,B07H5QPL1R,3.70%,0.00%,B09SKWNB88,2.50%,0.00%,B07H5PTQML,2.20%,0.00%,"B075MRS4PT,B07H5QPL1R,B0B1LHJ5VX,B0BZPJW6G4,B07HNWC5LC,B0BQ1SVQNQ,B078VZZRX7,B08SBZWK7Z,B08JGBB9N1,B0BNMGB7S9","Light, Shorts"
light weight mens shorts,轻量级男式短裤,,,自然搜索词,0,1,B08JGBB9N1,"1,983,684","1,101",39,3.61%,"23,382",530,1,0,"10,021",0.1,23,13.70%,10.00%,$1.13 ,$0.85 - $1.35,B0151E6OVI,4.60%,10.00%,B01JRPXXDO,4.60%,0.00%,B07QYG8SNS,4.60%,0.00%,"B08D2PB97C,B0151E6PB2,B078VZZRX7,B08JGBB9N1,B075MRS4PT,B0BZPJW6G4,B0B1LHJ5VX,B07QYG8SNS,B0BNMGB7S9,B08TTDN5HS","Light, Shorts"
light shorts men,光短裤男,,,自然搜索词,0,1,B08JGBB9N1,"2,414,934",639,16,2.58%,"18,647",260,1,0,"15,201",0,9,12.80%,0.00%,$1.13 ,$0.76 - $1.28,B07QYG8SNS,4.30%,0.00%,B08LTBLD95,4.30%,0.00%,B08TT64SYG,4.30%,0.00%,"B07QYG8SNS,B07NF3G29P,B0BS3S1MHC,B0BZPJW6G4,B0C26N36XM,B08NX49SK6,B0151E6OVI,B07JMNJS2W,B0B1LGYYKB,B08JGBB9N1","Light, Shorts"
libin shorts for men,,,,自然搜索词,0,1,B09WMYXNJ9,,,,,,,,,0,,0,,,,-,,,,,,,,,,,Shorts
libin mens shorts,,,,自然搜索词,0,1,B09WMYXNJ9,,,,,,,,,0,,0,,,,-,,,,,,,,,,,Shorts
levis mens jorts,,,,视频广告词,0,1,B0BFDTMBGP,,,,,,,,,589,,16,,,,-,,,,,,,,,,,"levis, jorts"
levis chino shorts,,,,自然搜索词,0,1,B0BLKN87V4,,,,,,,,,256,,16,,,,-,,,,,,,,,,,"levis, Shorts, chino, Chino shorts"
levi jeans for men athletic fit,Levi 男式运动型牛仔裤,,,SP广告词,0,1,B09P3T8X61,"1,679,359","1,358",46,3.42%,"37,466",639,2,0,303,4.5,4,39.50%,0.00%,,-,B0821GP7X6,17.10%,0.00%,B09JYQR3TH,13.20%,0.00%,B01EBPUFD6,9.20%,0.00%,"B01EBPUFD6,B09JYQR3TH,B0CLQDB2Y7,B09NMN8RZ9,B073V3STHY,B07BJL1GN4,B077RGP1ST,B07338G8NS,B09JYRYFQX,B071WBXW9C","Jeans, Athletic, levi"
leisure shorts men,,,,自然搜索词,0,1,B09T3QHVVM,,,,,,,,,"2,009",,0,,,,-,,,,,,,,,,,"Shorts, Leisure"
legend shorts men,传奇短裤男装,,,HR推荐词,0,1,B09WMZR2XM,"1,334,145","1,294",44,3.42%,"33,027",586,1,0,249,5.2,4,13.70%,0.00%,$1.25 ,$0.97 - $1.38,B0BT6V92HH,5.50%,0.00%,B0BT6S26VZ,4.70%,0.00%,B0C1JJDFVJ,3.50%,0.00%,"B0C1JKXQJW,B0BFDR5NPJ,B0BT6S26VZ,B0BZPJW6G4,B0C664PFY5,B0BQ1V8S24,B07R1J9J3J,B09PYSW3SM,B09XMRRPYF,B08YYBP95M",Shorts
lee men's big & tall extreme motion flat front short,,,,SP广告词,0,1,B0BFDSVMPF,,,,,,,,,0,,0,,,,-,,,,,,,,,,,"big, Tall, Short, LEE"
lee extreme motion shorts big and tall,,,,SP广告词,0,1,B0C4GV51WK,"1,453,398","1,414",47,3.39%,"31,728",660,2,0,147,9.6,17,28.60%,2.40%,,-,B0831DZBJJ,13.30%,1.20%,B01NADTC1J,7.60%,1.20%,B0D91BHDP2,7.60%,0.00%,"B0831DZBJJ,B01NADTC1J,B017GAFLVY,B008I581PU,B08TB5KJ2Y,B078VZ2HVS,B0143JK2NI,B01N7CUNO6,B076VSXBJD,B0CQZ5F1QF","LEE, big, Tall, Big And Tall, Shorts"
lazy one mens shorts,,,,SP广告词,0,1,B0151E6WPQ,,,,,,,,,0,,0,,,,-,,,,,,,,,,,"Shorts, Lazy One"
last man down,最后一个人倒下,,,SP广告词,0,1,B0CHMM393V,"1,186,149","1,575",138,8.78%,"44,598",745,4,6,"3,712",0.4,3,94.20%,75.00%,$0.56 ,$0.43 - $0.70,B09J4HBS7Q,75.90%,0.00%,B09J4HMM9N,14.30%,0.00%,425189880,4.00%,75.00%,"0425189880,B09BY8165L,B09J4K1Q65,1493063952,B09QFC6PB6,B09QFDJXK6,B0066SXZZM,B09D7ZFHSH,B06WD5NM5R,B0B212TDRQ",Man
large shorts for men,男士大短裤,,,自然搜索词,0,2,B00AKSCXEI/B09T3QHVVM,"2,177,671",433,11,2.76%,"9,684",186,1,0,"16,807",0,4,24.30%,9.10%,$0.93 ,$0.75 - $1.25,B0CRHF41F7,8.10%,9.10%,B0151E6PBM,8.10%,0.00%,B07H5QPL1R,8.10%,0.00%,"B0CRHF41F7,B0CRRGWXMS,B08JG3T2SY,B07NDP7ZTX,B07H5PTQML,B0151E6PB2,B08LTBLD95,B08JTQP6VY,B0D2S5ZFLV,B00XKYLJA8","Large, Shorts"
large mens shorts,大号男士短裤,,,自然搜索词,0,2,B00AKSCXEI/B09T3QHVVM,"1,722,850",572,14,2.55%,"15,011",220,1,0,"35,908",0,26,18.60%,0.00%,$0.92 ,$0.76 - $1.22,B0CRHF41F7,9.30%,0.00%,B07YP9JK3F,4.70%,0.00%,B09QT6H6NQ,4.70%,0.00%,"B0CRHF41F7,B0CRRGWXMS,B08JG3T2SY,B0D2XLMYGW,B07H5PTQML,B07NDP7ZTX,B0151E6PB2,B08JTQP6VY,B087M3MJ1L,B01AK7ZK7A","Large, Shorts"
lacoste tennis shorts for men,,,,品牌广告词,0,1,B0BLKN87V4,,,,,,,,,49,,16,,,,-,,,,,,,,,,,"Shorts, Lacoste, Tennis"
lacoste mens shorts,,,,品牌广告词,0,1,B0BLKN87V4,,,,,,,,,356,,20,,,,-,,,,,,,,,,,"Shorts, Lacoste"
lacoste men shorts,拉科斯特男士短裤,,,品牌广告词,0,1,B0BLKN87V4,"1,596,338",999,30,3.07%,"23,245",413,1,0,391,2.6,4,21.90%,25.00%,$1.55 ,$1.16 - $1.95,B0B6Q7DD16,10.90%,0.00%,B0B6Q9HN65,6.30%,25.00%,B00R3VF8BA,4.70%,0.00%,"B0B6Q7DD16,B0CHCZ9NH2,B00R3VF8BA,B0CHDBMVYM,B0B6Q99XSS,B0CHDKFFHT,B0C117W5YQ,B01MZ2CK8Z,B0B6Q87DCG,B07SX8PF7C","Shorts, Lacoste"
kyodan shorts,,,,SP广告词,0,1,B0BFDTMBGP,,,,,,,,,17,,2,,,,-,,,,,,,,,,,Shorts
knit shorts men,针织短裤男,Y,,AC推荐词,0,1,B0151E6WPQ,"753,320","2,137",74,3.48%,"47,469",986,2,0,"9,300",0.2,9,12.30%,1.40%,$1.07 ,$0.91 - $1.34,B0151E6WPQ,5.50%,1.40%,B0C6KMVT8T,4.70%,0.00%,B00M0QFGRY,2.10%,0.00%,"B0151E6WPQ,B09T3PJWSR,B00M0QFMSW,B00AKSCZ4G,B08L4X623C,B07PN58J9N,B0CNPNZ1XC,B0BTV3L1PV,B000MND7GO,B0CM8ZHCBJ","Knit, Shorts"
khaki athletic shorts men,卡其色运动短裤男士,,,SP广告词,0,1,B09WMZR2XM,"1,677,751",532,16,3.13%,"12,171",265,1,0,"2,230",0.2,16,19.50%,0.00%,$1.66 ,$1.25 - $2.08,B0BPS7TN7Q,9.80%,0.00%,B08JDWY3KJ,4.90%,0.00%,B09XQWRBHB,4.90%,0.00%,"B09XQWRBHB,B0CQRJGYCN,B0D13XZTNZ,B08V17S77R,B0CRKX28YT,B016Y8268U,B0B4JVYRCB,B07XHSGRNL,B07HNVJCWR,B09ZQLVD7C","Khaki, Shorts, Athletic"
katin shorts,卡丁短裤,,,品牌广告词,0,1,B0BLKN87V4,"1,520,276","1,449",51,3.55%,"38,963",704,2,0,145,10,5,53.20%,25.00%,$0.98 ,$0.74 - $1.23,B0CXGCVT19,31.70%,0.00%,B0CYQSH685,11.40%,0.00%,B0CXFZYYQ1,10.10%,25.00%,"B0CXG4BD4Y,B0CXFZYYQ1,B0CYQVQT59,B0BQDXVMG9,B0CM5PJQC9,B08VZK17WS,B0CXBFQ5RH,B0CXG382GM,B07QWVNWLH,B0BCLZ3G1X",Shorts
kanu shirts with pockets,,,,自然搜索词,0,1,B0B9G7J8C7,,,,,,,,,0,,0,,,,-,,,,,,,,,,,Pocket
jwj mens shorts,,,,SP广告词,0,1,B0CHMN8TDS,,,,,,,,,0,,0,,,,-,,,,,,,,,,,Shorts
jumbo trunks pajamas,,,,SP广告词,0,1,B00AKSCXEI,,,,,,,,,0,,0,,,,-,,,,,,,,,,,Pajamas
jordan shorts for men,男式乔丹短裤,,,SP广告词,0,1,B0BFDRQLNC,"1,103,887",892,1,0.17%,"18,497",441,1,0,590,1.5,4,15.20%,0.00%,$1.03 ,$0.89 - $1.26,B07BTSK42B,5.10%,0.00%,B07BV5DYC6,5.10%,0.00%,B086GB8N5W,5.10%,0.00%,"B07C95F5DK,B07BTSK42B,B086GB8N5W,B0849NG3V4,B087M3MJ1L,B089HYYL9K,B076LW337P,B096K89J95,B0CTGMZL59,B0CNXGHTR2",Shorts
jordan basketball shorts men,,,,SP广告词,0,1,B0BFDRQLNC,,,,,,,,,0,,0,,,,-,,,,,,,,,,,"Basketball, Shorts"
jogging shorts,慢跑短裤,,,SP广告词,0,1,B0C4GV51WK,"1,016,808","1,524",228,14.98%,"33,463",673,6,2,"13,753",0.1,57,8.90%,0.00%,$1.27 ,$0.91 - $1.48,B089JY3L85,3.40%,0.00%,B07H5P8M39,2.80%,0.00%,B08R7GNZTD,2.80%,0.00%,"B07H5P8M39,B094F6RDCD,B0151E6WTW,B08XM7421N,B00719ZR9M,B0CWNXZDB8,B09PYRLHK4,B011KF62BO,B072J36KT1,B016YKJONS","jogging, Shorts"
jmierr mens casual shorts,Jmierr 男式休闲短裤,,,品牌广告词,0,1,B0BLKN87V4,"1,677,222",639,23,3.64%,"16,464",260,1,3,111,5.8,4,23.40%,0.00%,$1.71 ,$1.27 - $2.14,B0BLKN87V4,10.60%,0.00%,B0BLKM55N3,8.50%,0.00%,B0BLKJHVBN,4.30%,0.00%,"B0BLKM55N3,B0BQQRT8SP,B0CNX9PZ8B,B0BWY4QQ77,B0CS5Y594G,B0CP2BKRFF,B0CM8BMR13,B0CNPNY85D,B0CQCKBFCS,B0BY23PRV2","JMIERR, Casual, Shorts"
jimmer,,,,SP广告词,0,1,B0C4GQTCJK,,,,,,,,,0,,0,,,,-,,,,,,,,,,,
jim shorts for men,,,,自然搜索词,0,1,B00AKSCXEI,,,,,,,,,0,,0,,,,-,,,,,,,,,,,Shorts
jesus shorts,耶稣短裤,,,SP广告词,0,1,B0BFDVPFKX,"1,390,039","1,167",32,2.76%,"30,069",459,1,1,309,3.8,24,21.90%,0.00%,$1.07 ,$0.80 - $1.34,B0CLD5HS6K,9.20%,0.00%,B0CLD3X92T,6.80%,0.00%,B0C5S2QFFP,6.00%,0.00%,"B0CLD3X92T,B0876GQYKS,B0C5RZJVSP,B0C781659L,B09LSMW5JK,B0CQX6LXPP,B08MTLNMN5,B0D2SCJ11R,B0CXJ21VZC,B0CBMNBZT1",Shorts
jersey shorts for men,,Y,,AC推荐词,0,4,B00AKSCXEI/B0151E6WPQ/B08JGBB9N1/B09T3QHVVM,,,,,,,,,"3,083",,8,,,,-,,,,,,,,,,,"Shorts, Jersey"
jersey knit shorts men,,Y,,AC推荐词,0,1,B0151E6WPQ,,,,,,,,,0,,0,,,,-,,,,,,,,,,,"Knit, Shorts, Jersey"
iwj mens mesh shorts,,,,SP广告词,0,1,B09WMZR2XM,,,,,,,,,0,,0,,,,-,,,,,,,,,,,"Mesh, Shorts"
iron flex shorts for men,男士铁质弹性短裤,,,品牌广告词,0,1,B0BLKN87V4,"1,360,628","1,394",42,3.06%,"33,655",655,1,0,200,7,4,17.10%,0.00%,$1.29 ,$0.98 - $1.62,B01JQTA1PY,8.20%,0.00%,B016Y8238S,4.60%,0.00%,B0BT51D747,4.30%,0.00%,"B016Y8238S,B0BT51D747,B01JQTA1PY,B00PICJSAI,B0CSQDJX1Q,B0925D67FY,B075MRNRHL,B07HNVV8MV,B078W113QV,B0CCPMRHWF",Shorts
ikoopetu,,,,SP广告词,0,1,B0BFDVPFKX,,,,,,,,,0,,106,,,,-,,,,,,,,,,,
ice silk shorts,,,,SP广告词,0,1,B0BFDTMBGP,,,,,,,,,"1,677",,78,,,,-,,,,,,,,,,,"Shorts, ice, Silk"
hym,赞美诗,,,SP广告词,0,1,B0BFDVPFKX,"1,254,343",640,17,2.74%,"17,552",292,1,93,480,1.3,47,80.80%,0.00%,$1.01 ,$0.60 - $1.29,B07V3GS9F9,70.20%,0.00%,B0B1P5QMP9,6.40%,0.00%,B09TLB8Q61,4.30%,0.00%,"B07V3GS9F9,B09TLB8Q61,B0CRHSVTGR,B0CRNHSWZZ,B0B1P5QMP9,B09TL9K7VK,B09PZC17XZ,B0CYCLRFV1,B09PZCM3NB,B09PZBVHWC",
hylete,运动员,,,自然搜索词,0,1,B0C4GV51WK,"2,324,799",694,22,3.29%,"14,396",313,1,14,255,2.7,5,31.40%,0.00%,$2.72 ,$2.03 - $3.40,B0BNP4Q44S,13.70%,0.00%,B0BRBR1T6J,11.80%,0.00%,B07TMNJLV8,5.90%,0.00%,"B07TMNJLV8,B09XQWJL42,B0C4GV51WK,B0BNP4J7W1,B08BLL6J3K,B08D9QXQJ4,B07WRNWX1T,B083JQ7MGD,B07YMPTZV3,B082VW4NDH",
hurley dri fit shorts for men,,,,SP广告词,0,1,B0BFDSVMPF,,,,,,,,,174,,14,,,,-,,,,,,,,,,,"Hurley, Shorts"
houston shorts,,,,自然搜索词/SP广告词,0,1,B0C4GV51WK,,,,,,,,,0,,42,,,,-,,,,,,,,,,,Shorts
hot pink mens gym shorts,,,,自然搜索词,0,1,B0C1365SJV,,,,,,,,,0,,0,,,,-,,,,,,,,,,,"Hot, Hot pink, gym, Shorts, Pink"
home shorts for men,男士家居短裤,,,自然搜索词,0,1,B09T3QHVVM,"1,765,833",655,23,3.57%,"13,167",258,1,0,"2,478",0.3,1,22.90%,0.00%,$1.20 ,$1.00 - $1.37,B0728KK8VK,10.40%,0.00%,B0151E6OUY,8.30%,0.00%,B00AKSCXES,4.20%,0.00%,"B08L4XD1JB,B00M0QFIK4,B07H5PTQML,B0151E6OUY,B09T3QHVVM,B08HMSB6QN,B00AKSCYBU,B0CRHF41F7,B0CYNH16XZ,B0723CZCRJ",Shorts
hockey shorts with velcro,,,,SP广告词,0,1,B09P3T8X61,,,,,,,,,0,,0,,,,-,,,,,,,,,,,Shorts
hikingshorts men,,,,SP广告词,0,1,B0BFF67H1W,,,,,,,,,0,,0,,,,-,,,,,,,,,,,Shorts
hiking shorts men 7 inch inseam,徒步短裤男士7英寸内裤,,,自然搜索词,0,1,B09P3T8X61,"1,593,509",533,17,3.24%,"10,951",260,1,0,"2,851",0.2,6,36.60%,14.30%,,-,B075MRTVV8,14.60%,0.00%,B097PLGKD3,12.20%,14.30%,B07F2KBXSW,9.80%,0.00%,"B097PJL8DQ,B0716XM5DC,B0CFDPT8JB,B075MRTVV8,B08QCMZ1R8,B0CZ9CBSK3,B0D3KMSQ4B,B08JDTYHGC,B0BPLWFDLQ,B0D1GCZ7RF","Shorts, Hiking, Inseam"
hifeos athletic shorts for men,hifeos 男子运动短裤,,,视频广告词,0,1,B0BFDTMBGP,"2,406,542",349,9,2.60%,"7,626",143,1,0,28,12.5,4,45.70%,0.00%,$1.44 ,$1.08 - $1.79,B0BZCK2F86,17.10%,0.00%,B0BZCLTFNK,17.10%,0.00%,B0C53PFF23,11.40%,0.00%,"B0BZCLTFNK,B09WMY8LYW,B0BQ1WFHVV,B0C1JM1NRL,B0C28BFDV8,B0937K4W3D,B071HTXLBW,B0BYX5NV4Z,B08LM64VWB,B08YYBP95M","Athletic, Shorts"
heather grey cotton gym shorts,,,,SP广告词,0,1,B0BFDSVMPF,,,,,,,,,0,,0,,,,-,,,,,,,,,,,"grey, Shorts, gym, Cotton"
hanes store,汉斯商店,,,自然搜索词,0,1,B0151E6WPQ,"1,865,201","1,198",35,2.96%,"29,448",558,1,0,"3,615",0.3,3,14.50%,0.00%,$1.17 ,$0.81 - $1.70,B0CP6DPMF7,5.80%,0.00%,B00KBZOR9O,4.40%,0.00%,B07RJSL1TL,4.40%,0.00%,"B00KBZOR9O,B016YKL8W8,B00HVVVGN6,B01L8JJ840,B00FZR19OE,B086KY66Q5,B086L4XXGF,B00KRYLK12,B00WK0U06M,B085B56PGG",Hanes
hanes shorts men with pockets,hanes 短裤 男士 带口袋,,,自然搜索词,0,2,B0151E6WPQ/B09T3QHVVM,"1,388,347","1,095",32,2.94%,"23,532",497,1,0,309,3.5,4,24.60%,4.40%,$0.85 ,$0.50 - $1.07,B00M0QGQO6,9.20%,0.00%,B0151E7192,9.20%,0.00%,B0151E6TM2,6.20%,4.40%,"B01BUJ0JVY,B00M0QFMSW,B01ES415H0,B0BTV3L1PV,B0BVMY13H9,B09T3QHVVM,B0BB8WHNCJ,B06ZXWRYTK,B07PN75241,B0BTTPLGL3","Shorts, Hanes"
hanes shorts men cotton,,Y,,自然搜索词/AC推荐词,0,2,B0151E6WPQ/B09T3QHVVM,,,,,,,,,0,,0,,,,-,,,,,,,,,,,"Cotton, Shorts, Hanes"
hanes shorts men,hanes 短裤 男士,Y,,AC推荐词,0,2,B09T3QHVVM/B0151E6WPQ,"177,264","13,627",216,1.59%,"408,146","5,774",5,0,322,42.3,13,19.10%,2.40%,$0.68 ,$0.44 - $0.81,B0151E6OUY,8.30%,1.40%,B0151E6WPQ,6.20%,1.00%,B00M0QGQO6,4.50%,0.00%,"B0151E6WX8,B07CNXBLZW,B01ES415H0,B0BTTMHWZQ,B0CKLXVKVX,B09T3S3BCX,B07V5NCT9X,B0BB85RXTF,B0BTTPLGL3,B07GXZ23KG","Shorts, Hanes"
hanes shorts for men,男士短裤,Y,,AC推荐词,0,3,B0151E6WPQ/B08JGBB9N1/B09T3QHVVM,"2,171,014",959,28,2.97%,"28,386",444,1,0,313,3.1,4,33.90%,0.00%,$0.68 ,$0.44 - $0.81,B0151E6OUY,14.50%,0.00%,B00M0QFMSW,12.90%,0.00%,B0151E7192,6.50%,0.00%,"B0151E6WTW,B00M0QFMSW,B0BTV3L1PV,B01ES415H0,B09T3QHVVM,B07C3TBJWC,B0BVMSRL4J,B07GXZ23KG,B0BTV3KXML,B08JTQP6VY","Shorts, Hanes"
hanes mens sleep shorts,hanes 男士睡裤,,,自然搜索词,0,1,B09T3QHVVM,"1,813,592",800,26,3.29%,"17,905",344,1,0,237,3.4,1,18.20%,7.70%,$0.44 ,$0.36 - $0.50,B00M0QGQO6,7.30%,0.00%,B00M0QFGRY,5.50%,7.70%,B07PN7C1QC,5.50%,0.00%,"B00M0QFMSW,B07PN7C1QC,B07V5NCT9X,B09T3QHVVM,B092LS8LC9,B0151E6XTG,B084BWCJQJ,B00CAXS2Q4,B0CKLXNDXL,B00PUYQRDU","Shorts, Hanes"
hanes mens shorts with pockets,hanes 男士带口袋短裤,,,自然搜索词,0,1,B09T3QHVVM,"1,483,294",915,23,2.60%,"26,017",388,1,0,188,4.9,1,30.00%,7.70%,$0.50 ,$0.38 - $0.62,B0151E6OUY,10.00%,3.90%,B0151E6WPQ,10.00%,3.90%,B00M0QGQO6,10.00%,0.00%,"B0151E6TM2,B01ES415H0,B0BTV3L1PV,B00M0QFMSW,B09T3QHVVM,B0BVMY13H9,B0BTTPLGL3,B0BPW4HGNZ,B0BB8WHNCJ,B0BVMTT6S9","Shorts, Hanes"
hanes mens cotton shorts,hanes 男士棉质短裤,Y,,AC推荐词,0,2,B0151E6WPQ/B09T3QHVVM,"2,405,367",140,4,3.07%,"3,282",69,1,0,74,1.9,0,30.30%,8.30%,$0.73 ,$0.51 - $0.91,B0151E6TM2,12.10%,8.30%,B00M0QGQO6,9.10%,0.00%,B0863H2XQZ,9.10%,0.00%,"B0151E6WPQ,B00M0QFGRY,B0BVMSRL4J,B0BTV3L1PV,B09T3QHVVM,B07C4455RT,B0BTTPLGL3,B07PN7C1QC,B06ZXWRYTK,B0BPVSTV25","Cotton, Shorts, Hanes"
hanes mens athletic shorts,,Y,,AC推荐词,0,1,B0151E6WPQ,,,,,,,,,139,,4,,,,-,,,,,,,,,,,"Athletic, Shorts, Hanes"
hanes mens,汉斯男装,,,自然搜索词,0,1,B0151E6WPQ,"1,977,022","1,918",180,9.39%,"57,066",738,5,23,"6,027",0.3,1,13.80%,10.00%,$2.46 ,$1.85 - $3.33,B00CAXQV3K,5.50%,6.70%,B086KSDTQ4,4.60%,0.00%,B00D1ARZMC,3.70%,3.30%,"B086L4BXZC,B00CAXQV3K,B00D1ARZMC,B086L1PM9P,B086L77BVP,B00ACIGNMY,B00L6TPSHY,B09R829YGL,B01L8JJ57U,B09FCKXM5Q",Hanes
hanes men's shorts,,,,自然搜索词,0,1,B09T3QHVVM,,,,,,,,,254,,4,,,,-,,,,,,,,,,,"Shorts, Hanes"
hanes men's,,,,自然搜索词,0,1,B0151E6WPQ,,,,,,,,,"1,946",,13,,,,-,,,,,,,,,,,Hanes
hanes men shorts,汉斯男士短裤,Y,,AC推荐词,0,3,B0151E6WPQ/B08JGBB9N1/B09T3QHVVM,"1,919,673",655,19,2.95%,"14,507",294,1,0,323,2,4,35.40%,20.00%,$0.60 ,$0.38 - $0.79,B0151E6OUY,14.60%,13.30%,B0151E6WPQ,12.50%,6.70%,B0151E6OUO,8.30%,0.00%,"B0151E6WPQ,B00M0QFMSW,B0BTV3L1PV,B0CKLXVKVX,B01ES40ZBW,B09T3QHVVM,B0BPVYL687,B07GXZ23KG,B0BTTPLGL3,B06ZXWRYTK","Shorts, Hanes"
hanes men,汉斯男人,,,自然搜索词,0,1,B0151E6WPQ,"1,000,135","1,932",1,0.06%,"51,711",881,1,82,"5,895",0.3,9,14.50%,7.10%,$1.41 ,$0.94 - $1.85,B00CAXQV3K,6.10%,2.80%,B086L4BXZC,4.90%,4.20%,B00D1ARZMC,3.40%,0.00%,"B086L4BXZC,B00CAXQV3K,B09R829YGL,B00D1ARZMC,B01L8JJ57U,B086L77BVP,B00KBZOTI8,B004QO20P4,B09FCKXM5Q,B0BQZ7QBPZ",Hanes
hanes lounge shorts men,,,,自然搜索词,0,2,B0151E6WPQ/B09T3QHVVM,,,,,,,,,100,,0,,,,-,,,,,,,,,,,"Lounge, Hanes, Shorts"
hanes jersey shorts women,hanes 球衣短裤 女士,,,自然搜索词,0,1,B0151E6WPQ,"1,102,766","1,324",34,2.63%,"32,701",513,1,0,111,11.9,16,50.00%,0.00%,$0.52 ,$0.40 - $0.66,B016YKK7CA,25.00%,0.00%,B016YKKHOI,16.30%,0.00%,B016YKHX1S,8.80%,0.00%,"B016YKK3LA,B0170AD4BE,B0BVMVJ8MY,B01I21EKN6,B0BTTP9Z3W,B08B4Q4MDH,B0BN5D3XKD,B08HYZN22P,B0CDCPZBNG,B016LJ6QS8","Shorts, Hanes, Jersey"
hanes jersey shorts,,Y,,AC推荐词,0,1,B0151E6WPQ,,,,,,,,,451,,4,,,,-,,,,,,,,,,,"Shorts, Hanes, Jersey"
hanes jersey pocket shorts men,,Y,,AC推荐词,0,1,B0151E6WPQ,"1,359,200",,,,,,,,0,,0,,,,-,,,,,,,,,,,"Shorts, Pocket, Jersey, Hanes"
hanes jersey pocket shorts,hanes 平纹针织口袋短裤,Y,,自然搜索词/AC推荐词,0,1,B0151E6WPQ,"1,554,362",140,3,2.70%,"2,879",55,1,0,379,0.4,5,50.00%,21.40%,$0.87 ,$0.75 - $1.09,B016YKKHOI,20.60%,14.30%,B016YKKKZE,14.70%,7.10%,B016YKHX1S,14.70%,0.00%,"B016YKK7CA,B0151E6WPQ,B0CKLXNDXL,B0BVMW2HZX,B0BTTPLGL3,B01ES40RC4,B00M0QFMSW,B0BN4NVQTM,B0BTTP9Z3W,B08B4Q4MDH","Shorts, Pocket, Jersey, Hanes"
hanes for men,,,,自然搜索词,0,1,B0151E6WPQ,,,,,,,,,"3,244",,4,,,,-,,,,,,,,,,,Hanes
hanes athletic shorts for men,,Y,,自然搜索词/AC推荐词,0,2,B0151E6WPQ/B08JGBB9N1,,,,,,,,,"2,953",,4,,,,-,,,,,,,,,,,"Athletic, Shorts, Hanes"
h&m shorts men,h&amp;m 短裤 男士,,,自然搜索词,0,2,B0151E6WPQ/B01AK7Y102,"1,919,329",696,23,3.42%,"19,002",322,1,0,348,2,5,11.80%,0.00%,$1.12 ,$0.83 - $1.35,B084R8SSLB,3.90%,0.00%,B08X6WZT5N,3.90%,0.00%,B092ZWVLKS,3.90%,0.00%,"B099KDPXXN,B09XX9ZYQ8,B09CM5YLB7,B0765VWPY5,B07FHBRL8W,B0151E6WPQ,B0BZPJW6G4,B0BLKJ9M2L,B084R8SSLB,B082TJBHFM","H&M, Shorts"
gym workout shorts for men,男士健身短裤,,,自然搜索词,0,2,B01AK7Y102/B08JGBB9N1,"2,243,987",465,13,2.93%,"9,632",206,1,1,"7,141",0.1,21,10.50%,50.00%,$1.26 ,$0.94 - $1.59,B09LTQWRV7,5.30%,0.00%,B0BZPMDBPM,2.60%,25.00%,B0CRRGWXMS,2.60%,25.00%,"B08JGBB9N1,B0BNW3CD3W,B09P3RHNSY,B085NF55WL,B09LTQWRV7,B09PYSSR6D,B0CRHF41F7,B0987C93NK,B0CQ893MT7,B01AK7XUGS","Workout, gym, Shorts"
gym wear men,体操服男,,,自然搜索词,0,2,B08JGBB9N1/B09P3T8X61,"1,632,372",800,25,3.24%,"22,919",345,1,0,"9,683",0.1,5,20.00%,0.00%,$1.26 ,$0.94 - $1.59,B0787P86ZZ,7.30%,0.00%,B0BZDLXKTS,7.30%,0.00%,B08R7GNZTD,5.50%,0.00%,"B0B728NH19,B0785VMVF4,B077ZJXCTS,B08RYRJW2L,B083463RFH,B09ZD1VP4J,B07448K9DC,B087G2XPB2,B09H79QJSH,B07DRNTL8K",gym
gym shrorts men,,,,自然搜索词,0,1,B0C1365SJV,,,,,,,,,0,,0,,,,-,,,,,,,,,,,gym
gym shorts with pockets mens,,,,自然搜索词,0,1,B01AK7Y102,,,,,,,,,0,,4,,,,-,,,,,,,,,,,"Shorts, gym"
gym shorts with pockets for men,男式带口袋运动短裤,,,自然搜索词,0,1,B01AK7Y102,"2,321,781",696,24,3.55%,"16,932",347,1,0,"6,976",0.1,4,17.60%,10.00%,,-,B072JBQRLG,7.80%,0.00%,B0C3W8MHZF,5.90%,0.00%,B08LT9MJM2,3.90%,10.00%,"B0CRHF41F7,B08JG3T2SY,B0CRRGWXMS,B0151E6WX8,B00719ZR9M,B08LTBLD95,B0BWNHZCCR,B0CRQFLWT3,B07NDP7ZTX,B01AK7Y102","Shorts, gym"
gym shorts with pockets,有口袋的运动短裤,,,自然搜索词,0,3,B00AKSCXEI/B01AK7Y102/B08JGBB9N1,"1,554,131",775,23,2.98%,"15,835",332,1,5,"9,132",0.1,4,16.70%,0.00%,$1.10 ,$0.82 - $1.37,B07QN3K2XN,5.60%,0.00%,B0BPP4K7PZ,5.60%,0.00%,B0C1YL334F,5.60%,0.00%,"B0151E6WX8,B08JGBB9N1,B0723CZCQT,B00719ZR9M,B00AKSCXEI,B01ES415H0,B09R1YD7C5,B07QN3K2XN,B0for men,男士大码短裤,,0.51%,自然搜索词,25","Shorts, gym"
mens workout shorts,男式运动短裤,,0.49%,自然搜索词,"24,233",7,B0CHMN8TDS/B0151E6WPQ/B0C4GV51WK/B09XQVCZ8B/B08JGBB9N1/B00AKSCXEI/B09P3T8X61,"12,531","105,604",918,0.87%,"2,718,653","41,893",21,0,"8,659",12.2,114,8.90%,0.90%,$1.98 ,$1.49 - $2.48,B0723CZCRJ,3.50%,0.40%,B072JBQRLG,2.80%,0.20%,B07H5PTQML,2.60%,0.40%,"B07H5PTQML,B085NF55WL,B0987C93NK,B09LTRY112,B0723CZCRJ,B09P3RHNSY,B08CXW8ZJD,B083463RFH,B0C12L95VD,B09VBK13ZV","Workout, Shorts"
dickies shorts for men,dickies 男士短裤,,0.43%,自然搜索词/品牌广告词,"21,206",1,B0BLKN87V4,"10,131","122,376","21,391",17.49%,"3,024,505","54,897",486,0,,"936,519","1,444",39,2.74%,"42,068",615,1,0,525,2.8,5,28.30%,0.00%,$1.21 ,$0.94 - $1.34,B0C6S3XTT2,"Shorts, Dickies"
mens running shorts 5 inch with liner,男士跑步短裤 5 英寸带衬里,,,自然搜索词,295,1,B09PYSSR6D,"866,787","1,762",17,0.97%,"41,267",693,1,0,793,2.2,4,19.60%,3.90%,,-,B073P3HRXJ,9.80%,3.90%,B08XM7421N,5.00%,0.00%,B0BRCL4VRD,4.80%,0.00%,"B073P3HRXJ,B0CPDRDRLJ,B09VBK13ZV,B0C12MGWNG,B08BNFYKXR,B0CV4VKTM4,B0CMZSXR3T,B0CBTTSPWW,B09WXSHZZK,B0CN6PDYL7","Shorts, Running"
night shorts for men,男士睡裤,,,自然搜索词,295,1,B07RJSL1TL,"958,635","1,365",38,2.85%,"30,184",567,1,0,930,1.5,0,14.60%,3.40%,$1.50 ,$1.10 - $1.87,B0728KK8VK,6.40%,1.70%,B08L4X2BJX,4.30%,0.00%,B07PP9RPC7,3.90%,1.70%,"B07PM92MH2,B08L4X2BJX,B07RJSL1TL,B0C2911HYL,B07C4455RT,B0CJJZZ51Z,B0151E6PB2,B083Z36HYP,B07TDBDRKG,B01M0EZ6WN",Shorts
akawooko,akawooko,,,自然搜索词,294,1,B0BZPJW6G4,"979,484","1,493",37,2.53%,"39,137",603,1,0,25,59.7,9,27.50%,2.30%,$1.00 ,$0.75 - $1.25,B09B56GGVP,13.40%,2.30%,B09B5CP1SQ,7.70%,0.00%,B0BMXSRV7K,6.40%,0.00%,"B09B5C22DM,B0BN6N33GY,B0BMXT57W6,B0CG8NYZLZ,B0887NTYVY,B0BN6HMH35,B096VV1TFF,B0C4Q2MNVT,B08T1895S8,B0BZPJW6G4",
balance collection shorts,平衡系列短裤,,,自然搜索词,293,1,B0723CZCRJ,"884,829","1,916",48,2.52%,"47,517",803,2,0,200,9.6,5,22.70%,16.00%,$1.47 ,$1.10 - $1.84,B0C5PKGRFN,12.50%,12.00%,B0BTCYNGSV,5.20%,4.00%,B07R1J9J3J,5.00%,0.00%,"B07R1J9J3J,B0C5PKGRFN,B096XDDQNL,B07QN3K2XN,B0BTCYNGSV,B09KNK5B14,B0CKY3VTGC,B0BZPMDBPM,B0CKY4QJB8,B084PYN5YL",Shorts
nice shorts for men,漂亮的男士短裤,,,自然搜索词,292,1,B0BZPJW6G4,"973,180","1,589",52,3.33%,"34,435",720,2,0,"2,974",0.5,4,9.30%,0.00%,$1.00 ,$0.75 - $1.25,B07HNWNXPL,4.10%,0.00%,B00BBW2Z9U,2.6VKTM4,B0872XZ3KD",,,,,"Shorts, Nice"
mens gym shorts,男式运动短裤,,1.51%,HR推荐词/SP广告词,"74,728",6,B0CRHR9D5R/B08JTQP6VY/B085NF55WL/B08XM7421N/B0C66789T5/B082XSSZZB,"12,022","115,230",933,0.81%,"2,478,835","52,137",22,0,"8,307",13.9,190,9.20%,1.00%,$1.46 ,$1.10 - $1.83,B0723CZCRJ,4.10%,0.50%,B072JBQRLG,3.10%,0.20%,B07H5PTQML,2.00%,0.40%,"B0CRHF41F7,B0CRRF28SH,B08JGBB9N1,B085NF55WL,B07H5QPL1R,B08LGWPRBQ,B01AK7Z1ZG,B0723CZCRJ,B07NDP7HYC,B0151E6XTG","Shorts, gym"
athletic shorts,运动短裤,,1.48%,自然搜索词/SP广告词,"73,556",6,B082XSSZZB/B0C66789T5/B08JTQP6VY/B085NF55WL/B08XM7421N/B0CRHR9D5R,"16,288","91,554","7,232",7.90%,"2,527,969","44,877",165,56,"8,355",11,108,7.20%,1.20%,$1.09 ,$0.77 - $1.25,B097D5ZP88,3.80%,0.40%,B0BRSSDZBP,1.70%,0.20%,B09XZQJ1GN,1.70%,0.70%,"B09MM6TWP3,B09XZRCZ77,B08MTJ55LX,B09MKMXMWN,B07S58P8LD,B0C12LDLN4,B0BR3HSQXR,B0BRSSDZBP,B0723CZCQT,B08FXLN3QH","Athletic, Shorts"
mens running shorts,男式跑步短裤,,1.43%,自然搜索词/HR推荐词/SP广告词,"71,043",5,B09PQCXZ22/B0C66789T5/B085NF55WL/B08XM7421N/B082XSSZZB,"14,036","98,694",513,0.52%,"2,157,954","45,686",12,3,"5,760",17.1,215,8.90%,0.90%,$1.46 ,$1.10 - $1.83,B089JY3L85,3.30%,0.30%,B08XM7421N,3.10%,0.50%,B073P3HRXJ,2.50%,0.10%,"B094F825VS,B0BWNJVFPJ,B0C12XJ159,B09PYTB1BQ,B09PYR7WHV,B073P3HRXJ,B09P3RHNSY,B09VBK13ZV,B07QV7SBW7,B073P33Q2H","Shorts, Running"
mens workout shorts,男式运动短裤,,1.41%,自然搜索词/HR推荐词/SP广告词,"69,904",6,B082XSSZZB/B0C66789T5/B08JTQP6VY/B085NF55WL/B08XM7421N/B0CRHR9D5R,"12,531","105,604",918,0.87%,"2,718,653","41,893",21,0,"8,659",12.2,114,8.90%,0.90%,$1.98 ,$1.49 - $2.48,B0723CZCRJ,3.50%,0.40%,B072JBQRLG,2.80%,0.20%,B07H5PTQML,2.60%,0.40%,"B07H5PTQML,B085NF55WL,B0987C93NK,B09LTRY112,B0723CZ,7","Workout, Shorts"
yoga shorts,瑜伽短裤,,0.89%,自然搜索词,"12,734",1,B09CGWK6PR,"18,735","82,958","7,499",9.04%,"1,995,986","41,002",171,132,"96,852",0.9,267,9.90%,4.00%,$0.82 ,$0.62 - $1.03,B0BJQ3J716,3.50%,1.30%,B0BJQ81RJL,3.40%,1.70%,B0BS6FWS3H,3.00%,1.00%,"B0BJQ81RJL,B0BJQ3J716,B0BS6FWS3H,B096XDDQNL,B074SK5229,B0967FXQB9,B091F3815B,B09XZQJ1GN,B0B2ZL6PYZ,B09Z4WHJMX","Shorts, Yoga"
mens 5 inch shorts,男士 5 英寸短裤,,0.87%,自然搜索词/SP广告词,"12,453",2,B0C27G2172/B09PYR7WHV,"49,115","43,456",186,0.43%,"1,174,495","21,602",5,1,"2,405",18.1,69,13.20%,1.40%,$1.30 ,$0.98 - $1.63,B07R1J9J3J,6.30%,1.20%,B07DZV1HN3,3.90%,0.30%,B07FH4WRVJ,3.10%,0.00%,"B07F1521RT,B0BLYVSVTL,B07DZV2Y5S,B09VBK13ZV,B0BLRBS6NP,B07R1J9J3J,B07L33J8SG,B0C12V9KWL,B087RDPQZ6,B082G6SCM1",Shorts
nike shorts men,耐克短裤男士,,0.86%,自然搜索词,"12,343",2,B08SRCQTSM/B09PYR7WHV,"6,476","154,183",539,0.35%,"3,238,571","65,950",13,0,"3,487",44.2,34,11.80%,3.30%,$1.30 ,$0.98 - $1.63,B087LTC1XS,4.80%,1.60%,B01JIPH51Y,3.70%,0.30%,B087M3MJ1L,3.30%,1.40%,"B087LTC1XS,B07BPLHK9T,B01JIPH51Y,B0B6KQR5JP,B07NJPDSSX,B09PG3392C,B08NYKGWR2,B098NFCL3J,B072118MKS,B08B44SHQS","Shorts, NIKE"
mens athletic shorts,男式运动短裤,,0.83%,自然搜索词,"11,836",3,B0BWNFLHRP/B09CGWK6PR/B09PYR7WHV,"6,539","151,482","1,317",0.88%,"3,231,098","66,916",31,8,"40,213",3.8,167,8.70%,0.80%,$1.57 ,$1.29 - $2.03,B072JBQRLG,3.60%,0.20%,B0728KK8VK,2.70%,0.30%,B0C1365SJV,2.40%,0.30%,"B07H5QPL1R,B0C1365SJV,B00KUL0W1G,B085NF55WL,B01AK7Z1ZG,B09P2189MX,B072JBQRLG,B01AK7Z2AU,B07BPLHK9T,B000J9YQOS","Athletic, Shorts"
5 inch inseam shorts men,5寸下裆短裤男,,0.82%,自然搜索词,"11,672",2,B0C27G2172/B09PYR7WHV,"22,495","74,489",387,0.52%,"2,184,418","37,143",9,0,"1,894",39.3,29,16.20%,2.60%,$1.34 ,$1.00 - $1.67,B07R1J9J3J,9.00%,2.00%,B07F1521RT,3.70%,0.10%,B0CQ8RNN1C,3.60%,0.50%,"B07F1521RT,B09VBK13ZV,B082G6SCM1,B07R1J9J3J,B07DZV2Y5S,B0BTRKTLDZ,B07JMNMHZ9,B0BLYVSVTL,B0BLRWCWCB,B0BX7GCSXY","Shorts, Inseam"
men's athletic shorts,男式运动短裤,,0.81%,自然搜索词,"11,657",2,B09CGWK6PR/B09PYR7WHV,"21,995","72,805","12,653",17.38%,"2,149,579","34,985",287,11,"39,806",1.8,169,5.30%,0.90%,$1.97 ,$1.47 - $3.95,B072JBQRLG,2.70%,0.20%,B07H5QPL1R,1.40%,0.30%,B0728KK8VK,1.20%,0.40%,"B07H5QPL1R,B00KUL0W1G,B012JZ187M,B072JBQRLG,B07BPLHK9T,B0C1365SJV,B000J9YQOS,B085NF55WL,B077XLKW1K,B0BFDVJ414","Athletic, Shorts"
mens short shorts,男式短裤,,0.64%,自然搜索词/视频广告词,"9,159",3,B0C27G2172/B09PYR7WHV/B0BWNFLHRP,"71,235","27,242",84,0.31%,"785,281","10,530",3,0,"65,968",0.4,83,16.30%,1.90%,$1.12 ,$0.85 - $1.40,B09C8R78HW,7.40%,0.50%,B07F1521RT,5.30%,1.00%,B09J7Z6ZP1,3.70%,0.50%,"B07F1521RT,B094F825VS,B086C9PRJV,B07D8W1GNJ,B09J7Z6ZP1,B09G272YSB,B0BTT2DKXG,B077RV5TZ5,B082G9PZQ8,B07JMNMHZ9","Shorts, Short"
russell athletic shorts men,罗素运动短裤男士,,0.60%,自然搜索词/视频广告词,"8,655",1,B09PYR7WHV,"33,169","48,412",421,0.87%,"1,313,971","24,096",10,0,247,196,36,12.80%,2.10%,$1.62 ,$1.05 - $2.41,B000MND796,5.00%,0.70%,B00719ZPQM,4.20%,0.80%,B00719ZMUG,3.70%,0.60%,"B00719ZPQM,B00719Z68E,B000MNBX74,B072M9TMDG,B0B41WP274,B00BBS3OE4,B000MND796,B084PVJJD7,B001DB2WHO,B000MN8ODK","Athletic, Shorts, Russell Athletic, russell"
crz yoga mens shorts,crz 瑜伽男式短裤,Y,0.59%,自然搜索词/AC推荐词,"8,428",2,B09PYR7WHV/B09CGWK6PR,"80,062","25,768","4,120",16.00%,"550,946","12,320",94,0,,,,,,,,,,,,,,,,,,"Shorts, Yoga, crz yoga"
